id,name,countryId
62833fa5-e9ba-43b2-b951-40730a3e1353,Bouaké,3df7050d-5285-40b5-b552-75bc84d4216b
f3fc3ce4-b0fe-4cf9-868f-74beb0004bd6,Abidjan,3df7050d-5285-40b5-b552-75bc84d4216b
077fe9b5-228e-42b2-957a-2de6f352b5c8,Yamoussoukro,3df7050d-5285-40b5-b552-75bc84d4216b
c4b0f03e-00c4-4b14-a7e2-8d99ab7e4579,Ville principale,62355d19-3677-4dde-bbb5-e6e6693951fa
b0945e3e-896b-4b00-8391-e6a6ebff3f6d,Bamenda,08fcb8a2-c15b-454b-9aac-16c2cb468ab0
401e6c55-017f-4eec-ae00-e5806242f04d,Kousséri,08fcb8a2-c15b-454b-9aac-16c2cb468ab0
b8fe15ba-f469-46a2-821d-b69edfc96bcd,Kombissiri,62355d19-3677-4dde-bbb5-e6e6693951fa
7a7455bc-9169-49ca-9726-d5dba2d54cfe,Province du Loroum,62355d19-3677-4dde-bbb5-e6e6693951fa
fc162cf8-b767-4485-b0a3-e9504bc4f34f,Sakété,49db3e4f-c9a8-4cbc-97c6-ff89a026a62e
a496ac1d-4398-48d5-81ef-0c8f0995652a,Mbandjok,08fcb8a2-c15b-454b-9aac-16c2cb468ab0
9db4dba6-9168-4967-b9f3-85cf782356b5,Mefou-et-Akono,08fcb8a2-c15b-454b-9aac-16c2cb468ab0
53563039-b0a2-4f4d-a451-c8ddd9f124ec,Province de la Komandjoari,62355d19-3677-4dde-bbb5-e6e6693951fa
cc3c23cb-0522-4fc3-b606-d7be3403b8f7,Garoua,08fcb8a2-c15b-454b-9aac-16c2cb468ab0
ffd47020-fdb9-41d3-9f6d-7422e0c3139f,Mora,08fcb8a2-c15b-454b-9aac-16c2cb468ab0
1a941a45-3832-4f9d-b655-4e0761698988,Pobé,49db3e4f-c9a8-4cbc-97c6-ff89a026a62e
f77b5578-480c-40cb-a0aa-adf169d3984a,Commune of Agbangnizoun,49db3e4f-c9a8-4cbc-97c6-ff89a026a62e
0eb58cba-717e-4d03-9cd9-e59398349d38,Kaya,62355d19-3677-4dde-bbb5-e6e6693951fa
42b5969c-06d2-4957-88bb-a88793d97a5c,Muyuka,08fcb8a2-c15b-454b-9aac-16c2cb468ab0
327ff9fc-6111-40b9-afe3-291338c83a1a,Nouna,62355d19-3677-4dde-bbb5-e6e6693951fa
8d3a5d7a-2959-4273-900b-4d3720a80df9,Mme-Bafumen,08fcb8a2-c15b-454b-9aac-16c2cb468ab0
1337fbc6-e4df-4afc-91ac-0e65d4635cc1,Bertoua,08fcb8a2-c15b-454b-9aac-16c2cb468ab0
b1802a25-0556-47f6-83fd-55fe181665e5,Mayo-Louti,08fcb8a2-c15b-454b-9aac-16c2cb468ab0
b60d1570-8f10-46c4-bc21-a264c49353ef,Dizangué,08fcb8a2-c15b-454b-9aac-16c2cb468ab0
420f8da6-3769-47c4-835d-f5ef63d1a9b0,Boulsa,62355d19-3677-4dde-bbb5-e6e6693951fa
5571d3ce-c778-4490-9c1a-0a63ba6e5f0f,Dogbo,49db3e4f-c9a8-4cbc-97c6-ff89a026a62e
6562d531-17e5-4056-a7f6-8db34b2cb6dd,Hauts-Plateaux,08fcb8a2-c15b-454b-9aac-16c2cb468ab0
70a1831e-de6c-4e10-af1b-b36b1dd45e89,Essé,08fcb8a2-c15b-454b-9aac-16c2cb468ab0
c194b6fe-3b98-4b61-a7d6-bfdf011b2ad7,Hinvi,49db3e4f-c9a8-4cbc-97c6-ff89a026a62e
19634774-16bd-4ae2-9bdf-9eacccc0e3d4,Province du Yatenga,62355d19-3677-4dde-bbb5-e6e6693951fa
f7f76d9e-4d32-408c-8bef-17bf82d9e0ae,Cové,49db3e4f-c9a8-4cbc-97c6-ff89a026a62e
3bbd4f35-f153-45e9-80ce-c27451c642b9,Djakotomey,49db3e4f-c9a8-4cbc-97c6-ff89a026a62e
973354f5-8fee-4af3-aef2-b22cab288f4f,Léo,62355d19-3677-4dde-bbb5-e6e6693951fa
465e6c60-527a-437b-931b-cc02c5058165,Bali,08fcb8a2-c15b-454b-9aac-16c2cb468ab0
3abf674c-ea68-40ba-b48a-727edf04c40d,Province des Balé,62355d19-3677-4dde-bbb5-e6e6693951fa
738f1af4-3c55-4f04-a248-4e64b76d736f,Ngambé,08fcb8a2-c15b-454b-9aac-16c2cb468ab0
533233b5-aac9-489e-a57e-7e97cd3b276f,Kumba,08fcb8a2-c15b-454b-9aac-16c2cb468ab0
fbcfd407-db3e-461f-88b4-ea2c9bb34eae,Province du Tuy,62355d19-3677-4dde-bbb5-e6e6693951fa
6e29aa16-e1c7-4f98-b1ea-ec04469ca879,Kontcha,08fcb8a2-c15b-454b-9aac-16c2cb468ab0
dbaf81e3-372a-49d2-9ea5-22549ad576e8,Natitingou,49db3e4f-c9a8-4cbc-97c6-ff89a026a62e
921b92d1-0a90-48b1-930d-64ccaaa3499e,Banfora,62355d19-3677-4dde-bbb5-e6e6693951fa
a524db7e-c9bc-44ec-b631-f0504700075f,Parakou,49db3e4f-c9a8-4cbc-97c6-ff89a026a62e
bb17b0f2-2aa1-4ffb-b3ba-54b32bafd1e3,Mbankomo,08fcb8a2-c15b-454b-9aac-16c2cb468ab0
c8e9973f-f27e-476e-a53c-a07d717647d9,Diapaga,62355d19-3677-4dde-bbb5-e6e6693951fa
fde1a7eb-9110-4b8b-90da-41df49cdbc8c,Ngomedzap,08fcb8a2-c15b-454b-9aac-16c2cb468ab0
d328e009-18e5-433a-a69b-7acb86dc50b2,Kribi,08fcb8a2-c15b-454b-9aac-16c2cb468ab0
2baceaf8-fe83-4f04-a213-fa1ee2db7d1b,Province du Ioba,62355d19-3677-4dde-bbb5-e6e6693951fa
43ce5a1e-3bad-4f56-9d4f-be51e0f6bd14,Province de la Kompienga,62355d19-3677-4dde-bbb5-e6e6693951fa
0381001c-8d52-47bd-a73a-b8232430492f,Bétérou,49db3e4f-c9a8-4cbc-97c6-ff89a026a62e
7c5a334e-3c54-4abd-8b36-574b305ead42,Kandi,49db3e4f-c9a8-4cbc-97c6-ff89a026a62e
d643deb6-d9ad-4284-b77c-536b400cf7b8,Abomey,49db3e4f-c9a8-4cbc-97c6-ff89a026a62e
7f9f6c93-d700-4ea3-a2ff-72610097b5fb,Bétaré Oya,08fcb8a2-c15b-454b-9aac-16c2cb468ab0
fa0aea29-06d3-4946-9e96-3e14d47a29dd,Minta,08fcb8a2-c15b-454b-9aac-16c2cb468ab0
bb2c083b-1741-44f6-b693-6ccf086c61cc,Nanga Eboko,08fcb8a2-c15b-454b-9aac-16c2cb468ab0
500c9d15-2d0c-478b-82e0-de4cce34fdd2,Akonolinga,08fcb8a2-c15b-454b-9aac-16c2cb468ab0
23adff43-ebbe-48a6-9fb5-8ade911d2a8b,Bonabéri,08fcb8a2-c15b-454b-9aac-16c2cb468ab0
cc88e910-f096-42d8-9ab8-ff89d5cb16b2,Province du Koulpélogo,62355d19-3677-4dde-bbb5-e6e6693951fa
69f19c67-f0c4-45b3-8c52-f55f28d0ebe9,Province du Gourma,62355d19-3677-4dde-bbb5-e6e6693951fa
200beb53-8da4-449a-8d6e-af8be19cd5e8,Province du Ganzourgou,62355d19-3677-4dde-bbb5-e6e6693951fa
160182ec-29bc-456d-a8cc-d5da303ffbf2,Garoua Boulaï,08fcb8a2-c15b-454b-9aac-16c2cb468ab0
069b58e2-d13d-4135-b069-288467cfa368,Bandjoun,08fcb8a2-c15b-454b-9aac-16c2cb468ab0
dc803169-1ae4-4ae0-ae1e-5f850c121e6f,Province du Sanguié,62355d19-3677-4dde-bbb5-e6e6693951fa
5b4e38d3-9106-42b8-89ab-da216f681012,Bohicon,49db3e4f-c9a8-4cbc-97c6-ff89a026a62e
eda05423-7f43-475c-a914-651c6dd88db3,Dschang,08fcb8a2-c15b-454b-9aac-16c2cb468ab0
89639df8-6dbf-4583-aef0-cfe67e8d4c55,Kadiogo,62355d19-3677-4dde-bbb5-e6e6693951fa
48a8e42e-3561-452b-b7f6-31681efb5058,Fako Division,08fcb8a2-c15b-454b-9aac-16c2cb468ab0
1d00b67b-6eff-4ba0-83fe-084177c29668,Foumbot,08fcb8a2-c15b-454b-9aac-16c2cb468ab0
47abb973-3438-44fd-8473-e89a906a6198,Bamusso,08fcb8a2-c15b-454b-9aac-16c2cb468ab0
548fd192-e0e3-4d9f-8fe8-0371d2921b17,Mayo-Rey,08fcb8a2-c15b-454b-9aac-16c2cb468ab0
60069b52-fda0-4e8f-b9f7-24a53a1c4eaa,Babanki,08fcb8a2-c15b-454b-9aac-16c2cb468ab0
6460791c-83da-4232-9482-7506f0ab5d30,Ndelele,08fcb8a2-c15b-454b-9aac-16c2cb468ab0
3570f9e8-c972-45ff-a44b-17665d33143b,Abong Mbang,08fcb8a2-c15b-454b-9aac-16c2cb468ab0
70f1be44-a336-4e09-a88e-c74273323228,Barani,62355d19-3677-4dde-bbb5-e6e6693951fa
95f4317d-1b5d-4e65-bd94-3ff33f4a6e51,Mindif,08fcb8a2-c15b-454b-9aac-16c2cb468ab0
9c3b5d7a-09e0-4417-88db-637a8da9ae81,Province du Kénédougou,62355d19-3677-4dde-bbb5-e6e6693951fa
a8247638-f8f7-47bd-a85d-ab7844de99c8,Douala,08fcb8a2-c15b-454b-9aac-16c2cb468ab0
9ab1de08-c15f-408d-89d5-8e3af95ea62a,Mayo-Banyo,08fcb8a2-c15b-454b-9aac-16c2cb468ab0
1567d6d6-f9cd-407a-ad11-e91e557815dc,Nkongsamba,08fcb8a2-c15b-454b-9aac-16c2cb468ab0
13481dfe-c038-4527-bf16-323b83954397,Bana,08fcb8a2-c15b-454b-9aac-16c2cb468ab0
dbdb326c-5a76-4f8a-8f3f-1c40a64d2771,Province du Soum,62355d19-3677-4dde-bbb5-e6e6693951fa
c9c86d49-d231-431b-8e84-cff812785c45,Limbe,08fcb8a2-c15b-454b-9aac-16c2cb468ab0
11057227-abd1-4cce-90c2-e408dced6768,Province de l’Oudalan,62355d19-3677-4dde-bbb5-e6e6693951fa
ecbc5d88-d75c-4da6-9317-d3c28eaa1204,Nguti,08fcb8a2-c15b-454b-9aac-16c2cb468ab0
ff8b1850-641a-476a-aa75-b98b94667eb1,Mokolo,08fcb8a2-c15b-454b-9aac-16c2cb468ab0
5a81a344-abd3-4d1f-8c21-98eb68488a01,Boussé,62355d19-3677-4dde-bbb5-e6e6693951fa
c0715d3a-eba5-49fc-95b7-a49f3a3a0fa1,Njinikom,08fcb8a2-c15b-454b-9aac-16c2cb468ab0
b212a376-6323-4ebb-a63d-58df67818c6b,Bazou,08fcb8a2-c15b-454b-9aac-16c2cb468ab0
1d76af5e-8771-4b6c-b8b9-d4ed1767afb9,Bangangté,08fcb8a2-c15b-454b-9aac-16c2cb468ab0
bd26ae53-f4e2-4ad3-ba54-c77873cca5dd,Mundemba,08fcb8a2-c15b-454b-9aac-16c2cb468ab0
cbbeaece-fec0-4c6c-ac65-18f4a366f495,Batié,62355d19-3677-4dde-bbb5-e6e6693951fa
e3bbadc7-b436-416f-a773-42c5b34a836f,Pitoa,08fcb8a2-c15b-454b-9aac-16c2cb468ab0
0dbdbd60-4762-4a8a-8675-6db6e27d1955,Tougan,62355d19-3677-4dde-bbb5-e6e6693951fa
1217f0fa-b614-4022-ae85-048678f63b1a,Province du Sourou,62355d19-3677-4dde-bbb5-e6e6693951fa
9a0eb56f-00e3-4dcd-b7a7-364aae20eaa0,Jakiri,08fcb8a2-c15b-454b-9aac-16c2cb468ab0
30556e00-df75-4b03-a86f-875074df3daf,Province de la Kossi,62355d19-3677-4dde-bbb5-e6e6693951fa
aace0161-b9ee-474d-89ea-03f8cd782740,Mayo-Tsanaga,08fcb8a2-c15b-454b-9aac-16c2cb468ab0
f772eedc-b6b2-424c-bef1-fb814b67d707,Ngoro,08fcb8a2-c15b-454b-9aac-16c2cb468ab0
f874e788-93a5-4839-ab3b-fdff0bff2102,Ndikiniméki,08fcb8a2-c15b-454b-9aac-16c2cb468ab0
19c1a752-ff5b-4e3a-bb72-b53a82ad4069,Lebialem,08fcb8a2-c15b-454b-9aac-16c2cb468ab0
553b1dc5-0d08-4d9b-8b43-39aa66a73df8,Abomey-Calavi,49db3e4f-c9a8-4cbc-97c6-ff89a026a62e
c77ff1f1-58d5-4b2f-97a2-645bcffc6fc7,Commune of Djougou,49db3e4f-c9a8-4cbc-97c6-ff89a026a62e
bfdd79cd-262a-440a-ad82-4a68dc3100b0,Koupéla,62355d19-3677-4dde-bbb5-e6e6693951fa
ba37dfed-3557-4258-84fd-f315cb6ce3ae,Oubritenga,62355d19-3677-4dde-bbb5-e6e6693951fa
5d769a52-d90b-4111-a5a0-037c4509dca3,Province du Ziro,62355d19-3677-4dde-bbb5-e6e6693951fa
28e80413-a74f-426d-8959-98f8ba9193be,Sindou,62355d19-3677-4dde-bbb5-e6e6693951fa
11b63352-ab30-48f0-a069-49f5a6762a3e,Tchaourou,49db3e4f-c9a8-4cbc-97c6-ff89a026a62e
99a00b99-b48a-4644-a11f-3da560fcc509,Edéa,08fcb8a2-c15b-454b-9aac-16c2cb468ab0
74beeca7-26e4-4e39-957e-aa2e6378a9f5,Province du Poni,62355d19-3677-4dde-bbb5-e6e6693951fa
665f7dd9-048d-42ac-aa06-27700f3933ad,Province du Noumbièl,62355d19-3677-4dde-bbb5-e6e6693951fa
b2e5e236-d8a3-4711-8bbf-759fe8a0c1db,Bekondo,08fcb8a2-c15b-454b-9aac-16c2cb468ab0
d0ff3a8b-81ae-4e19-a016-44f182226fb5,Lagdo,08fcb8a2-c15b-454b-9aac-16c2cb468ab0
ac3e57e9-5d17-495b-ac2a-8cba5ebca9fb,Akom II,08fcb8a2-c15b-454b-9aac-16c2cb468ab0
319829dd-e7bc-4f6b-b9ca-91e4272987f1,Mouanko,08fcb8a2-c15b-454b-9aac-16c2cb468ab0
bc013134-5025-481d-a66f-4ddb923638b1,Yako,62355d19-3677-4dde-bbb5-e6e6693951fa
be356d82-6860-4fdd-9745-1980378e7320,Ébolowa,08fcb8a2-c15b-454b-9aac-16c2cb468ab0
f9f7a1ad-d1b5-47a9-b8e6-8921939bb384,Bembèrèkè,49db3e4f-c9a8-4cbc-97c6-ff89a026a62e
f59be93a-4543-4112-b150-d6afe3ae01e4,Melong,08fcb8a2-c15b-454b-9aac-16c2cb468ab0
42ebcfb5-2ad8-4b55-8626-6096e27457f4,Ouahigouya,62355d19-3677-4dde-bbb5-e6e6693951fa
336edef1-4037-4f08-95c5-5eab152426c7,Mbam-Et-Inoubou,08fcb8a2-c15b-454b-9aac-16c2cb468ab0
9aebc8b0-e1d7-4505-9cae-a3f9e7712878,Province du Bam,62355d19-3677-4dde-bbb5-e6e6693951fa
42f2e438-ca22-4570-91fa-02805d94338c,Province du Houet,62355d19-3677-4dde-bbb5-e6e6693951fa
dce3e93f-5f1d-4376-bff4-585da25e3563,Maroua,08fcb8a2-c15b-454b-9aac-16c2cb468ab0
8734bcc8-c5ad-4b61-abb3-2a2cd9fe350c,Bafia,08fcb8a2-c15b-454b-9aac-16c2cb468ab0
ec2a42b7-c325-403b-ae2b-4305fecaacbf,Djibo,62355d19-3677-4dde-bbb5-e6e6693951fa
3c07d61e-c663-42a6-aefb-d57900dbd0cb,Faro Department,08fcb8a2-c15b-454b-9aac-16c2cb468ab0
bdc2ca83-8116-4a73-8fc2-72e422872181,Okoa,08fcb8a2-c15b-454b-9aac-16c2cb468ab0
56249c0b-f403-4e38-b68a-6add9fc1ec69,Gorom-Gorom,62355d19-3677-4dde-bbb5-e6e6693951fa
54d48ecd-b96b-4dfa-86c9-858c6151e9a7,Zorgo,62355d19-3677-4dde-bbb5-e6e6693951fa
80893262-d038-44d1-b50d-b85760d36cca,Savalou,49db3e4f-c9a8-4cbc-97c6-ff89a026a62e
038b2092-5927-403e-8c67-ff6e442f54c3,Dori,62355d19-3677-4dde-bbb5-e6e6693951fa
20dbd9d4-8d0f-4745-a3e5-6f5655ab975b,Mbalmayo,08fcb8a2-c15b-454b-9aac-16c2cb468ab0
804a439c-6f8c-452d-ba51-75dd3c6fbb63,Province du Sanmatenga,62355d19-3677-4dde-bbb5-e6e6693951fa
998e4ce7-6057-40a4-842b-4edcbe6e1b9f,Ombésa,08fcb8a2-c15b-454b-9aac-16c2cb468ab0
10acbf1a-a732-4bd0-8d47-48af843553df,Nkoteng,08fcb8a2-c15b-454b-9aac-16c2cb468ab0
1e7bf804-e4ae-4266-b3ad-755c8850956b,Province de la Léraba,62355d19-3677-4dde-bbb5-e6e6693951fa
e062e68b-e8e3-42c8-bcb8-83a9f25fc04e,Malanville,49db3e4f-c9a8-4cbc-97c6-ff89a026a62e
360240f6-c073-4b2b-8bff-a4a632995765,Mfoundi,08fcb8a2-c15b-454b-9aac-16c2cb468ab0
699a3ff9-033f-4500-91e3-1af53135b477,Mbengwi,08fcb8a2-c15b-454b-9aac-16c2cb468ab0
47cb5349-e621-4c84-b9ef-487d47556344,Lolodorf,08fcb8a2-c15b-454b-9aac-16c2cb468ab0
48ec2eee-1413-4ace-9ecd-12a9175f47a6,Bélel,08fcb8a2-c15b-454b-9aac-16c2cb468ab0
4fe5b11d-9383-45c3-9716-93aac5bae182,Province du Namentenga,62355d19-3677-4dde-bbb5-e6e6693951fa
87297b96-ebb0-402d-b6b0-b6e5a1b1639b,Kokologo,62355d19-3677-4dde-bbb5-e6e6693951fa
34564844-407c-4f9e-8e42-5b4d6e5dc559,Boromo,62355d19-3677-4dde-bbb5-e6e6693951fa
88d88808-b5bf-4732-bd15-5892440d8451,Salanso,62355d19-3677-4dde-bbb5-e6e6693951fa
002f99c1-d7d8-4b12-aca8-56c84505e5f2,Évodoula,08fcb8a2-c15b-454b-9aac-16c2cb468ab0
f07f04f0-9a11-4658-a08f-dee92898b1a1,Makary,08fcb8a2-c15b-454b-9aac-16c2cb468ab0
4ad87394-31ed-4438-aba4-75a45a562dd8,Tenkodogo,62355d19-3677-4dde-bbb5-e6e6693951fa
ba9f94e1-1c47-4632-b1a5-f6393bd8ed4d,Belo,08fcb8a2-c15b-454b-9aac-16c2cb468ab0
82246b0c-a6b9-44e0-ad22-55919826e3a8,Manjo,08fcb8a2-c15b-454b-9aac-16c2cb468ab0
3025051a-be1c-4f4a-8956-4ecc2d10a8e2,Mbanga,08fcb8a2-c15b-454b-9aac-16c2cb468ab0
aaea8577-44aa-426a-8949-45d2dc80d394,Province du Boulgou,62355d19-3677-4dde-bbb5-e6e6693951fa
f099f00a-7dce-4316-a45c-d80287510a52,Dédougou,62355d19-3677-4dde-bbb5-e6e6693951fa
cfb7ffb2-f769-487d-b3e5-99e20c4c7aff,Buea,08fcb8a2-c15b-454b-9aac-16c2cb468ab0
8cc2d461-2bd5-4a73-9756-59a2a1af07b0,Batouri,08fcb8a2-c15b-454b-9aac-16c2cb468ab0
7eb7c6f7-53e9-46fa-908c-34626fe7d968,Cotonou,49db3e4f-c9a8-4cbc-97c6-ff89a026a62e
c7d1614d-ccc3-429a-802c-527c11a22775,Houndé,62355d19-3677-4dde-bbb5-e6e6693951fa
0be1b7c8-95c9-465b-9765-8533817ad451,Djohong,08fcb8a2-c15b-454b-9aac-16c2cb468ab0
7b3cc420-3bee-4547-b380-1675fe48bdbc,Kaélé,08fcb8a2-c15b-454b-9aac-16c2cb468ab0
46eebbe3-aacd-46e6-a0d7-b6cb89f9e6ef,Ouargaye,62355d19-3677-4dde-bbb5-e6e6693951fa
271c1eb9-bc37-44a9-b473-062c7bc8a584,Fada N'gourma,62355d19-3677-4dde-bbb5-e6e6693951fa
2629de88-3f17-41cc-a9d5-741a935e0e4c,Mamfe,08fcb8a2-c15b-454b-9aac-16c2cb468ab0
4716f1b3-4648-4c3e-8d76-e463407ca17e,Province de la Bougouriba,62355d19-3677-4dde-bbb5-e6e6693951fa
5c196cfd-bfec-4728-8841-f2cff1b8b1ad,Batibo,08fcb8a2-c15b-454b-9aac-16c2cb468ab0
5cb1bb76-e745-4cd8-858b-93593e22b996,Hévié,49db3e4f-c9a8-4cbc-97c6-ff89a026a62e
780ddffe-b3b7-4aac-b0a6-ac51ef0a4c9b,Province du Boulkiemdé,62355d19-3677-4dde-bbb5-e6e6693951fa
5e6a16cb-2800-40ae-8c71-06ba60270e41,Boyo,08fcb8a2-c15b-454b-9aac-16c2cb468ab0
51e81870-e370-4520-a5c9-08aac270d471,Pama,62355d19-3677-4dde-bbb5-e6e6693951fa
f3e80c4a-6314-432a-b51a-b3eff1350800,Dassa-Zoumé,49db3e4f-c9a8-4cbc-97c6-ff89a026a62e
eb96207b-de6e-47d4-bbad-c025d7de7183,Bobo-Dioulasso,62355d19-3677-4dde-bbb5-e6e6693951fa
7b72adf1-3856-4a73-a117-17b12f33734d,Mbang,08fcb8a2-c15b-454b-9aac-16c2cb468ab0
59e2eec4-2f67-44e7-af05-c349273387d6,Goulouré,62355d19-3677-4dde-bbb5-e6e6693951fa
5c384e0e-bdc1-4f41-9704-7f0638c6e53b,Bélabo,08fcb8a2-c15b-454b-9aac-16c2cb468ab0
28a828e3-2e4f-4359-bdd1-c790c4d41f36,Province du Zondoma,62355d19-3677-4dde-bbb5-e6e6693951fa
624ec884-ddda-4629-acc3-e96b6814cef1,Bogo,08fcb8a2-c15b-454b-9aac-16c2cb468ab0
c478bf0d-873c-441d-a654-50aa96429164,Gnagna,62355d19-3677-4dde-bbb5-e6e6693951fa
82236787-714c-4b2c-830b-bab6a2c9cebc,Guider,08fcb8a2-c15b-454b-9aac-16c2cb468ab0
a1835cea-d4ab-4bb5-aeba-f1120e461cbc,Koung-Khi,08fcb8a2-c15b-454b-9aac-16c2cb468ab0
48fb46c3-2ba0-4290-b8e7-f638ea3fa13c,Diang,08fcb8a2-c15b-454b-9aac-16c2cb468ab0
199014ec-61f2-4663-8229-8446b3b3ed2a,Penja,08fcb8a2-c15b-454b-9aac-16c2cb468ab0
8c673c4a-554d-4de2-b9f0-26786e630240,Fontem,08fcb8a2-c15b-454b-9aac-16c2cb468ab0
a81ba005-837c-499a-a201-82ecc3b04b74,Mvangué,08fcb8a2-c15b-454b-9aac-16c2cb468ab0
81e323ca-7b56-47f3-95b2-ae2aa4556898,Titao,62355d19-3677-4dde-bbb5-e6e6693951fa
0aafd6a0-acfa-46a6-8407-af22cc3296a6,Banyo,08fcb8a2-c15b-454b-9aac-16c2cb468ab0
52364bf0-1259-40bd-949e-4b77ad446b39,Province du Passoré,62355d19-3677-4dde-bbb5-e6e6693951fa
5d74bbef-45ec-4e43-ab57-479f58678a0b,Loum,08fcb8a2-c15b-454b-9aac-16c2cb468ab0
db5ae64a-0ac6-4ce7-82c9-84b1b22adf3a,Bankim,08fcb8a2-c15b-454b-9aac-16c2cb468ab0
9638f968-f812-4d52-8bfb-19d8f51fd978,Pô,62355d19-3677-4dde-bbb5-e6e6693951fa
9da0a3cf-8e41-4f9d-9419-6309a48b119b,Bazega,62355d19-3677-4dde-bbb5-e6e6693951fa
7aae5ff0-223e-482e-b6d0-3f1a191114b1,Réo,62355d19-3677-4dde-bbb5-e6e6693951fa
2065815b-98c2-4ab5-acc4-9df421f86ba4,Pitmoaga,62355d19-3677-4dde-bbb5-e6e6693951fa
884a1809-b1b0-4994-a09b-59bb5ddcda9a,Noun,08fcb8a2-c15b-454b-9aac-16c2cb468ab0
20af14f0-4302-4795-b0db-7f1af47f08e9,Bassila,49db3e4f-c9a8-4cbc-97c6-ff89a026a62e
c8aa5c63-3d2a-434d-ba81-f963ddb81208,Province du Kourwéogo,62355d19-3677-4dde-bbb5-e6e6693951fa
fe63e334-d91e-4e98-ac06-c268d11121ba,Ziniaré,62355d19-3677-4dde-bbb5-e6e6693951fa
d289d30d-2ccd-44b7-a24e-7cfe575e3d41,Ntui,08fcb8a2-c15b-454b-9aac-16c2cb468ab0
8b16bfbc-2e94-433a-8790-9e3261fc0f18,Allada,49db3e4f-c9a8-4cbc-97c6-ff89a026a62e
28b113c0-c556-493c-a3dd-e80b9029cb42,Kongoussi,62355d19-3677-4dde-bbb5-e6e6693951fa
e786dfc1-f32e-4351-adef-615a4c3dc7bd,Fundong,08fcb8a2-c15b-454b-9aac-16c2cb468ab0
0c4ac36f-7cdc-4f67-918a-cbfedc16d476,Nahouri,62355d19-3677-4dde-bbb5-e6e6693951fa
e7c35769-734b-4cec-86f5-ef8afd928f93,Doumé,08fcb8a2-c15b-454b-9aac-16c2cb468ab0
b4f71eb5-0873-4f65-a980-fb89ecde65f7,Djougou,49db3e4f-c9a8-4cbc-97c6-ff89a026a62e
9d2d9029-60de-4129-9fe1-b8a60fea503b,Ngou,08fcb8a2-c15b-454b-9aac-16c2cb468ab0
a7b1c044-1fc5-49ab-aaa4-95443b7e00ae,Meïganga,08fcb8a2-c15b-454b-9aac-16c2cb468ab0
16ffd021-8012-477a-ad3e-c26bd7e178ce,Dano,62355d19-3677-4dde-bbb5-e6e6693951fa
ef1cbb2c-7923-4c03-b3c6-cdf4a170b1f2,Garango,62355d19-3677-4dde-bbb5-e6e6693951fa
f394f77a-db4b-452c-9e4a-5f2936ab6c7c,Province de la Comoé,62355d19-3677-4dde-bbb5-e6e6693951fa
6c2bdd01-7277-4550-a03e-cc54da299f8f,Porto-Novo,49db3e4f-c9a8-4cbc-97c6-ff89a026a62e
2f0ec838-668a-4895-8cac-cb81c43d820a,Province du Yagha,62355d19-3677-4dde-bbb5-e6e6693951fa
a99f4a3f-9934-449e-aa5b-aeab24c557ee,Zoundweogo,62355d19-3677-4dde-bbb5-e6e6693951fa
8378363b-1860-4f5a-a4dd-6f22ac4c77c1,Toma,62355d19-3677-4dde-bbb5-e6e6693951fa
bf97b164-d831-440f-861f-4405e1e14861,Mvila,08fcb8a2-c15b-454b-9aac-16c2cb468ab0
8e5bc84c-8ce1-4dae-aa53-387d1b75e563,Dibombari,08fcb8a2-c15b-454b-9aac-16c2cb468ab0
3b29bd07-51a9-4a72-b438-36ec12c2fa99,Eséka,08fcb8a2-c15b-454b-9aac-16c2cb468ab0
6817e02a-1b85-4548-8a1f-50dc2b802011,Comé,49db3e4f-c9a8-4cbc-97c6-ff89a026a62e
c55cbbdd-2e3e-4b4a-9419-b85d85aa11df,Tanguieta,49db3e4f-c9a8-4cbc-97c6-ff89a026a62e
fd1fe075-5264-4b83-b9dd-9f7456052cc0,Kétou,49db3e4f-c9a8-4cbc-97c6-ff89a026a62e
bd80b058-e41b-41b4-8a7b-2846db018523,Banikoara,49db3e4f-c9a8-4cbc-97c6-ff89a026a62e
52d089a4-ca10-4619-9df9-5dce7859bff2,Bafang,08fcb8a2-c15b-454b-9aac-16c2cb468ab0
78c109ea-cf54-4610-bdf0-daa20f10f48f,Diébougou,62355d19-3677-4dde-bbb5-e6e6693951fa
8fcc2b8f-9916-4453-a3df-f6cbc80a9a5b,Savé,49db3e4f-c9a8-4cbc-97c6-ff89a026a62e
46f07a2a-6481-444a-a1b6-94052f3c1069,Bogandé,62355d19-3677-4dde-bbb5-e6e6693951fa
2b1c8a7a-de73-4752-b317-10211ab69f5e,Mayo-Sava,08fcb8a2-c15b-454b-9aac-16c2cb468ab0
88f940cf-3e48-4501-b8b4-54a3b4baa99a,Province de la Tapoa,62355d19-3677-4dde-bbb5-e6e6693951fa
53ac6693-d2ae-454a-9917-8f789c1117fc,Dunkwa,1221ca27-fa88-4fb8-85e1-30baa8d8b356
7f3a8f52-3226-42a8-8a9b-ba515837d080,Province de la Sissili,62355d19-3677-4dde-bbb5-e6e6693951fa
5d9fa663-c143-4db4-b4db-d39b35994f28,Ngaoundéré,08fcb8a2-c15b-454b-9aac-16c2cb468ab0
6e5b538b-cb32-4af7-ba1c-bcd4907f8fe9,Gayéri,62355d19-3677-4dde-bbb5-e6e6693951fa
f66eb612-45d0-4a60-b3a1-46a3ed21273a,Manga,62355d19-3677-4dde-bbb5-e6e6693951fa
6626185e-a41c-476e-9972-6ad9ca074496,Province du Mouhoun,62355d19-3677-4dde-bbb5-e6e6693951fa
d39879ff-bf31-4de1-adc8-56cd6307abe0,Koudougou,62355d19-3677-4dde-bbb5-e6e6693951fa
cadef27a-095c-401e-aa22-e88ced9f7a6e,Kumbo,08fcb8a2-c15b-454b-9aac-16c2cb468ab0
ba3f39fc-5adc-4600-b756-2f5c7fcf62ba,Province du Séno,62355d19-3677-4dde-bbb5-e6e6693951fa
80667c86-43ba-4628-872f-f36836345cbe,Ouagadougou,62355d19-3677-4dde-bbb5-e6e6693951fa
c25a137c-4f7c-4394-91c1-8fba9edaecef,Ambam,08fcb8a2-c15b-454b-9aac-16c2cb468ab0
e9ad948f-27d8-4d47-8b74-05acd36085af,Bamendjou,08fcb8a2-c15b-454b-9aac-16c2cb468ab0
9f822035-65af-4cea-ae5a-7dce5e41fc4d,Kouritenga,62355d19-3677-4dde-bbb5-e6e6693951fa
47354a4e-fe22-4ead-9a51-9296ddaac507,Nikki,49db3e4f-c9a8-4cbc-97c6-ff89a026a62e
5b42c101-3f48-4922-8516-0f95100c8341,Mbouda,08fcb8a2-c15b-454b-9aac-16c2cb468ab0
a19d9187-f1ef-4d20-bda1-afb3c375da21,Koza,08fcb8a2-c15b-454b-9aac-16c2cb468ab0
795e81c1-f5c0-4ca6-ad2b-4c5c908a0189,Gourcy,62355d19-3677-4dde-bbb5-e6e6693951fa
ef56a56f-a446-4138-805c-ff1c6077a45f,Ouidah,49db3e4f-c9a8-4cbc-97c6-ff89a026a62e
7a121e27-8804-40f2-925b-cfa080699316,Bansoa,08fcb8a2-c15b-454b-9aac-16c2cb468ab0
3e19c3c4-c31d-4879-afd7-91651b3eecf7,Foumban,08fcb8a2-c15b-454b-9aac-16c2cb468ab0
99819435-fcaf-43cc-bdde-0ce6ad4f313a,Bafoussam,08fcb8a2-c15b-454b-9aac-16c2cb468ab0
9087fd5f-6bd4-47ec-b43b-af4e5a84e380,Sapouy,62355d19-3677-4dde-bbb5-e6e6693951fa
6e97939a-fffb-45e6-841e-d822e02dfa37,Lokossa,49db3e4f-c9a8-4cbc-97c6-ff89a026a62e
927d44e4-2b57-4a6b-bbf1-548320650464,Mutengene,08fcb8a2-c15b-454b-9aac-16c2cb468ab0
3242eb3b-d292-492d-9022-dbd301bddead,Akono,08fcb8a2-c15b-454b-9aac-16c2cb468ab0
a6dcd340-55f8-489e-b748-82c14293ffdb,Okola,08fcb8a2-c15b-454b-9aac-16c2cb468ab0
a1c364db-f652-45a7-a9c4-136d0225fb59,Obala,08fcb8a2-c15b-454b-9aac-16c2cb468ab0
c3193e47-38e3-441b-84f1-9eab1ff8efcd,Guilmaro,49db3e4f-c9a8-4cbc-97c6-ff89a026a62e
e96b1047-10de-42c0-bf33-45260ddf4889,Ndom,08fcb8a2-c15b-454b-9aac-16c2cb468ab0
9ee5b311-8e84-4cc8-bb7a-915148c6dd23,Province du Nayala,62355d19-3677-4dde-bbb5-e6e6693951fa
63e88e17-6d28-436a-921b-8581081620a4,Dimako,08fcb8a2-c15b-454b-9aac-16c2cb468ab0
eaf53408-dcd2-4f92-9825-80af7cd4d6e7,Province des Banwa,62355d19-3677-4dde-bbb5-e6e6693951fa
6d158bba-e4e9-4c5b-8a32-c099e5815a37,Commune of Athieme,49db3e4f-c9a8-4cbc-97c6-ff89a026a62e
dc4ff59d-864e-49e1-be96-2d47e755655e,Apam,1221ca27-fa88-4fb8-85e1-30baa8d8b356
ccdc79fb-57f8-4160-9fb2-9b88562749a9,Tarkwa,1221ca27-fa88-4fb8-85e1-30baa8d8b356
4c6871ea-0ec9-45d7-a2d7-1216aa2e3911,Bondoukou,3df7050d-5285-40b5-b552-75bc84d4216b
059deab4-806a-410f-9354-69bfd0dbec3f,Sinématiali,3df7050d-5285-40b5-b552-75bc84d4216b
bed43d97-1b05-41cf-b210-c85d48673dc2,Agboville,3df7050d-5285-40b5-b552-75bc84d4216b
416bea69-c445-4bbb-85e8-b9e0257c98d0,Odienné,3df7050d-5285-40b5-b552-75bc84d4216b
646bcb02-8f62-4f88-9fcc-2169e464d2f5,Kpandu,1221ca27-fa88-4fb8-85e1-30baa8d8b356
ee3034ff-f04c-45ad-9722-a714340e840e,Somié,08fcb8a2-c15b-454b-9aac-16c2cb468ab0
18169d88-6a18-4962-aff8-c6fa7a7330b1,Séguéla,3df7050d-5285-40b5-b552-75bc84d4216b
8d42f63f-e8da-4476-8494-f3b765c7ad50,Kadjebi,1221ca27-fa88-4fb8-85e1-30baa8d8b356
4c0b80ca-6157-4852-8ecf-4e58f0978293,Wum,08fcb8a2-c15b-454b-9aac-16c2cb468ab0
eb831f2e-2893-4406-92c6-7dd65016631b,Aboisso,3df7050d-5285-40b5-b552-75bc84d4216b
df433775-0215-4ab9-a725-22d234a002df,Korhogo,3df7050d-5285-40b5-b552-75bc84d4216b
4820035f-5530-4835-847f-ffcc7d25a649,Dormaa East,1221ca27-fa88-4fb8-85e1-30baa8d8b356
d1c0ba69-86f2-497a-a52b-5999d4b665d3,Lakota,3df7050d-5285-40b5-b552-75bc84d4216b
14e25497-c422-445b-a8c2-98649b50353b,Daloa,3df7050d-5285-40b5-b552-75bc84d4216b
e3a679e7-1c63-43b3-a35e-84514f9d5fc3,Arrah,3df7050d-5285-40b5-b552-75bc84d4216b
3e9b8b39-d48e-4893-9b5f-5ecb4a8bb9c5,Kintampo South,1221ca27-fa88-4fb8-85e1-30baa8d8b356
ab08ada0-84c0-4431-8f1f-e5b50c27ad02,Aboso,1221ca27-fa88-4fb8-85e1-30baa8d8b356
8dd294e5-444a-4a5e-8035-2619d4bae02f,Grands-Ponts,3df7050d-5285-40b5-b552-75bc84d4216b
27e38348-6041-4de4-89a3-733f4bdd1859,Ejura,1221ca27-fa88-4fb8-85e1-30baa8d8b356
1c80865a-b78a-43e4-b392-bef9125828d5,Agnéby-Tiassa,3df7050d-5285-40b5-b552-75bc84d4216b
dd4c84e0-fa30-4884-806e-54f6a518e739,Nkoranza North,1221ca27-fa88-4fb8-85e1-30baa8d8b356
405c9bf3-e2ba-4e50-9142-b327d0427b8d,Pru West,1221ca27-fa88-4fb8-85e1-30baa8d8b356
740e0c74-c474-44dc-994b-7685365510a9,Bitam,279e3203-006c-487e-9b73-3af2ff1ea99b
e7f1cc17-a893-4d21-b5ba-0da5caf1ba37,Sekondi-Takoradi,1221ca27-fa88-4fb8-85e1-30baa8d8b356
ae95556f-537a-429c-a31a-995cb40eeb2d,Gontougo,3df7050d-5285-40b5-b552-75bc84d4216b
66f59f88-014e-4a15-aced-de1eb33c7b17,Tamale,1221ca27-fa88-4fb8-85e1-30baa8d8b356
2dd2a876-d2a1-4bdc-8849-7da8e75967b7,Mampong,1221ca27-fa88-4fb8-85e1-30baa8d8b356
c1628028-fb46-44c7-9a35-f5376544532c,Poro,3df7050d-5285-40b5-b552-75bc84d4216b
0f0cb5f1-4afc-4596-bd42-c3dce2a088b7,Begoro,1221ca27-fa88-4fb8-85e1-30baa8d8b356
4f17abaf-e359-4fe3-9e48-c546b397c0bc,Ndendé,279e3203-006c-487e-9b73-3af2ff1ea99b
34c80e06-d4fc-4724-a38e-4c6c2965d579,Tengrela,3df7050d-5285-40b5-b552-75bc84d4216b
7c1eb925-ce28-4f28-817e-fb3e4d554800,Cape Coast,1221ca27-fa88-4fb8-85e1-30baa8d8b356
0f9d5c87-afc7-4c44-8cba-5de0d0ba8ab5,Sawla-Tuna-Kalba,1221ca27-fa88-4fb8-85e1-30baa8d8b356
ac9d311f-11d2-489c-9f8b-024756d51b35,Kong,3df7050d-5285-40b5-b552-75bc84d4216b
6d340d0f-5d9f-431b-912f-99ff340079d7,Nawa,3df7050d-5285-40b5-b552-75bc84d4216b
19a191a8-ed5b-48d3-b3a2-9db1244246c7,Gbêkê,3df7050d-5285-40b5-b552-75bc84d4216b
ddf4c16e-1f82-4bd5-b5b5-4c1a1f4a27b6,Nungua,1221ca27-fa88-4fb8-85e1-30baa8d8b356
a22c1bbb-f99e-425f-800e-18653f0f5b5b,Dabou,3df7050d-5285-40b5-b552-75bc84d4216b
c99ab6b0-209d-462e-a4c7-fdb0b0b9a2be,Ho,1221ca27-fa88-4fb8-85e1-30baa8d8b356
59b206b0-7a87-4e3c-bf2b-d6b0f16b6783,Bibiani,1221ca27-fa88-4fb8-85e1-30baa8d8b356
815b8cf2-2502-4be4-8510-4bba39d365b3,Guiglo,3df7050d-5285-40b5-b552-75bc84d4216b
09ff3e77-0acf-41a8-b2c8-76a687ef4e51,Saltpond,1221ca27-fa88-4fb8-85e1-30baa8d8b356
d343efd9-dec1-470f-b399-ff15ae9fa103,Grand-Bassam,3df7050d-5285-40b5-b552-75bc84d4216b
f8268953-d4e2-460c-9eaa-1c16775b3c1e,Tanda,3df7050d-5285-40b5-b552-75bc84d4216b
7f583a1a-373e-4dc0-9735-cd28fa4a2528,Kabadougou,3df7050d-5285-40b5-b552-75bc84d4216b
201119b7-100d-4a06-92f4-9bff39b7d557,Foso,1221ca27-fa88-4fb8-85e1-30baa8d8b356
2c5a552c-3c26-481d-8f29-e35b90affd47,Omboué,279e3203-006c-487e-9b73-3af2ff1ea99b
a4d5d973-b0f4-4ce0-b36a-2b105f679918,Tignère,08fcb8a2-c15b-454b-9aac-16c2cb468ab0
3ebf1e3f-33d2-4d55-90f8-4fae293d45fe,Dabakala,3df7050d-5285-40b5-b552-75bc84d4216b
91de0dfe-b739-4f58-930b-5a3881f0558d,Axim,1221ca27-fa88-4fb8-85e1-30baa8d8b356
4b6eef31-2011-4077-b8c2-734a7419d578,Koulamoutou,279e3203-006c-487e-9b73-3af2ff1ea99b
000e35d1-a217-4843-b642-1539412f8b3f,Asamankese,1221ca27-fa88-4fb8-85e1-30baa8d8b356
6b5d21d6-0b91-4732-a481-8214368a26ac,Sakassou,3df7050d-5285-40b5-b552-75bc84d4216b
0c4d6a7a-e20f-4dd0-a84d-878a688cd8e3,Asutifi North,1221ca27-fa88-4fb8-85e1-30baa8d8b356
cc4fec06-8075-4cf1-a330-1e46cf20f1fd,Cavally,3df7050d-5285-40b5-b552-75bc84d4216b
a8271e5a-f8da-47aa-8f6e-c8352e92bd71,Bongouanou,3df7050d-5285-40b5-b552-75bc84d4216b
a987e2a3-499a-4553-ba93-2842eb8ac4dc,Bingerville,3df7050d-5285-40b5-b552-75bc84d4216b
552a240c-a1ad-401a-8234-85a6b53be5c5,Daoukro,3df7050d-5285-40b5-b552-75bc84d4216b
f94b1ea4-5e66-430d-a7ec-0c9847706132,Krachi West,1221ca27-fa88-4fb8-85e1-30baa8d8b356
a508f7e4-ce74-4bc2-ac6c-2e9d7ba57cfb,Lambaréné,279e3203-006c-487e-9b73-3af2ff1ea99b
84cabcd8-5315-4290-af2b-7c606607ea6b,Asutifi South,1221ca27-fa88-4fb8-85e1-30baa8d8b356
3556f2c0-8b24-42e3-811c-4c08445e2c87,Vina,08fcb8a2-c15b-454b-9aac-16c2cb468ab0
86a3c481-5e2a-4601-b0ba-54a59be6d97a,Béoumi,3df7050d-5285-40b5-b552-75bc84d4216b
ce1dde3f-bfda-4620-95ec-dcac8f455499,Sud-Comoé,3df7050d-5285-40b5-b552-75bc84d4216b
9fc9371a-74c4-4e68-9cdf-00069cadef7b,Toumodi,3df7050d-5285-40b5-b552-75bc84d4216b
5090e350-5c69-4e40-a626-84a048be01f2,Boundiali,3df7050d-5285-40b5-b552-75bc84d4216b
3ba4c927-c385-4a85-84cd-328087c077cf,Yabassi,08fcb8a2-c15b-454b-9aac-16c2cb468ab0
0eb61ca7-b2fb-45bf-b14e-333068a9a004,Mounana,279e3203-006c-487e-9b73-3af2ff1ea99b
cb0bdea4-0bc2-48df-bd8d-bc2b44582399,Zuénoula,3df7050d-5285-40b5-b552-75bc84d4216b
377ca5bb-1fd7-4417-9dd5-6b4d80a89179,Duekoué,3df7050d-5285-40b5-b552-75bc84d4216b
37e0f7b6-49fb-4ea6-b79d-b6af07654579,Biakoye,1221ca27-fa88-4fb8-85e1-30baa8d8b356
b138360b-cde6-47fb-a5d4-b05afccbeda0,N'Zi,3df7050d-5285-40b5-b552-75bc84d4216b
a01afe3c-bf93-4b15-a84c-9da462689b15,Port-Gentil,279e3203-006c-487e-9b73-3af2ff1ea99b
7d9397ed-7639-4ce6-89c8-ff1d8c663d38,Tiassalé,3df7050d-5285-40b5-b552-75bc84d4216b
35a138ef-7e26-4c1f-9b5c-af030688500f,Suaman,1221ca27-fa88-4fb8-85e1-30baa8d8b356
ea142730-9be6-468d-a9e1-b2f5436b0360,Bounkani,3df7050d-5285-40b5-b552-75bc84d4216b
881f6e37-c41c-43df-ad0b-c0b3bd82e594,Affery,3df7050d-5285-40b5-b552-75bc84d4216b
2314c3ca-25ba-43c7-bff4-8a82c354cdc2,Sangmélima,08fcb8a2-c15b-454b-9aac-16c2cb468ab0
69d482df-c2d9-46f3-ae9e-81bf80cf33f0,Sunyani,1221ca27-fa88-4fb8-85e1-30baa8d8b356
4b72e4f0-1140-4fe2-b1e4-3607500e67d7,Béré,3df7050d-5285-40b5-b552-75bc84d4216b
dcd1e4e7-ab3c-446b-a8c5-c00a641e5c8b,Bélier,3df7050d-5285-40b5-b552-75bc84d4216b
b468c806-0c1f-4231-abff-d6654537afd7,Man,3df7050d-5285-40b5-b552-75bc84d4216b
42643824-f20e-4e1d-acc0-1738d50e9b88,Katiola,3df7050d-5285-40b5-b552-75bc84d4216b
374c5ca3-d71d-4c51-9779-729ff3140f04,Atebubu-Amantin,1221ca27-fa88-4fb8-85e1-30baa8d8b356
1aca9999-2a50-4967-93e3-1768754620ea,Danané,3df7050d-5285-40b5-b552-75bc84d4216b
9c1fe100-7204-4c9b-a85f-e178c194608c,Nkoranza South,1221ca27-fa88-4fb8-85e1-30baa8d8b356
c7be4e2e-962b-4197-9c98-69f6bf021ccd,Toulépleu Gueré,3df7050d-5285-40b5-b552-75bc84d4216b
10a90121-8df3-42b2-a90c-94de6993a3c3,Abobo,3df7050d-5285-40b5-b552-75bc84d4216b
2c0a8582-ef16-4756-b644-bf2df5268daf,Botro,3df7050d-5285-40b5-b552-75bc84d4216b
b1700b5a-2fff-44a2-8a57-9599575cf959,Aowin,1221ca27-fa88-4fb8-85e1-30baa8d8b356
0be4a9c0-b150-4090-b0fa-8c8c92c502e2,Bouaflé,3df7050d-5285-40b5-b552-75bc84d4216b
da60594d-9f97-480b-81b3-289d67db6c1a,Indénié-Djuablin,3df7050d-5285-40b5-b552-75bc84d4216b
a296ce5f-dbd7-4210-ace2-438a6de672bc,Dimbokro,3df7050d-5285-40b5-b552-75bc84d4216b
05d99a35-95ee-425f-94ae-66aae8a87536,Chereponi,1221ca27-fa88-4fb8-85e1-30baa8d8b356
8b9e39e7-a35f-4309-a636-df43ea1616f9,Kibi,1221ca27-fa88-4fb8-85e1-30baa8d8b356
5f012673-c7b1-4a90-8e53-cfbe9009e4b1,Makokou,279e3203-006c-487e-9b73-3af2ff1ea99b
a6101725-783f-4778-adcd-163816dcd4c1,Ndjolé,279e3203-006c-487e-9b73-3af2ff1ea99b
52a0aa3c-217b-43d2-94ec-1199851458ea,Akim Oda,1221ca27-fa88-4fb8-85e1-30baa8d8b356
60f04c76-c760-4281-a279-461c4d9115f0,Iffou,3df7050d-5285-40b5-b552-75bc84d4216b
2e5f7d09-c790-48fa-9f7c-7cce3255a99a,Yagoua,08fcb8a2-c15b-454b-9aac-16c2cb468ab0
899505de-fe15-4afb-8a05-99105c6949d5,North Gonja,1221ca27-fa88-4fb8-85e1-30baa8d8b356
2aed6570-2b70-4996-81fa-b1799c04c19a,Tonkpi,3df7050d-5285-40b5-b552-75bc84d4216b
90b730e7-a1a4-4737-87cd-72a0c39c6fad,Tabou,3df7050d-5285-40b5-b552-75bc84d4216b
f7b3d281-76b3-42fa-bbd4-8fa1db86b3bb,Tchibanga,279e3203-006c-487e-9b73-3af2ff1ea99b
4edb3a95-bac8-4ed9-bf00-4c47e4a9afec,Jasikan,1221ca27-fa88-4fb8-85e1-30baa8d8b356
3c6f80db-adba-43d8-8d49-64cd65cdb4ec,Tafo,1221ca27-fa88-4fb8-85e1-30baa8d8b356
802dfad4-55c0-4f0a-83fe-27b55500efc9,Mankono,3df7050d-5285-40b5-b552-75bc84d4216b
470ba6ec-1966-49a1-a545-ea6105b32367,Divo,3df7050d-5285-40b5-b552-75bc84d4216b
bb2f46d8-129d-4d8e-8451-c012aecbed33,Bodi,1221ca27-fa88-4fb8-85e1-30baa8d8b356
0e274b78-8278-474f-a79e-a16c4c267174,Prestea,1221ca27-fa88-4fb8-85e1-30baa8d8b356
d819f879-3216-4b38-ab19-e3a8d924c791,Akwatia,1221ca27-fa88-4fb8-85e1-30baa8d8b356
5cdb1751-4333-4770-8cd0-8f59ec142743,Nkwanta North,1221ca27-fa88-4fb8-85e1-30baa8d8b356
45e8d4f3-1671-49fe-a7c4-fad689b5e0bc,Agnibilékrou,3df7050d-5285-40b5-b552-75bc84d4216b
7fb2366a-3a5b-4773-ad28-b3880a39dee5,Mimongo,279e3203-006c-487e-9b73-3af2ff1ea99b
e74018e3-22aa-47da-898a-0468f9949845,Gôh,3df7050d-5285-40b5-b552-75bc84d4216b
31853fd8-a04f-47ae-ac93-20ed0d8f3576,Guibéroua,3df7050d-5285-40b5-b552-75bc84d4216b
b30bdc9d-8158-420f-b9db-a93b04d7a1f7,Asunafo North,1221ca27-fa88-4fb8-85e1-30baa8d8b356
cfc524e4-7573-4428-b641-3da9e40b2e77,Tain,1221ca27-fa88-4fb8-85e1-30baa8d8b356
d54ca069-1e9a-418b-8c4c-e7dbff1ebd7c,Mamprugu-Moagduri,1221ca27-fa88-4fb8-85e1-30baa8d8b356
86cdbb91-ede9-45b3-95e2-b53ebddafa4a,Akoupé,3df7050d-5285-40b5-b552-75bc84d4216b
4f9248af-bcbf-499c-a63d-a013788789fa,Bocanda,3df7050d-5285-40b5-b552-75bc84d4216b
a5fb7e54-d15c-496b-8b62-9a29a17d02fe,Oyem,279e3203-006c-487e-9b73-3af2ff1ea99b
0fd14598-aeaf-4931-b323-6171923cd915,Obuase,1221ca27-fa88-4fb8-85e1-30baa8d8b356
34a03e90-ca38-4bb0-911c-0f92e9ca35e4,Bolgatanga,1221ca27-fa88-4fb8-85e1-30baa8d8b356
ef923ca6-33f1-415b-8fcb-0ed0aa784fc4,Kintampo North,1221ca27-fa88-4fb8-85e1-30baa8d8b356
b8fb5cb7-8927-4bc7-bbba-ad8434d2a737,East Mamprusi,1221ca27-fa88-4fb8-85e1-30baa8d8b356
7f085d08-03e0-4f08-8c6f-7333356a1b87,Franceville,279e3203-006c-487e-9b73-3af2ff1ea99b
b0179d5f-5f79-46f2-bf65-ec0ec34fd235,Sassandra,3df7050d-5285-40b5-b552-75bc84d4216b
2798447d-8755-47f4-9daa-4f5e722e3943,Cocobeach,279e3203-006c-487e-9b73-3af2ff1ea99b
443e17f2-1fb6-451c-8bf1-8d30dd3c7d7d,Gbôklé,3df7050d-5285-40b5-b552-75bc84d4216b
8b09e4b5-e41d-4163-81d7-eeb138458bc5,Mayumba,279e3203-006c-487e-9b73-3af2ff1ea99b
bf7eba49-dbd2-4a33-b7b5-fe98429ec0e9,Saa,08fcb8a2-c15b-454b-9aac-16c2cb468ab0
3b737ffb-89dd-4e27-807c-edc5a98d8993,Berekum West,1221ca27-fa88-4fb8-85e1-30baa8d8b356
55b244c0-f8ba-432b-b10c-4c2d6d0a48de,Bouna,3df7050d-5285-40b5-b552-75bc84d4216b
7d9ba91f-fb0c-44da-86b9-01d8e38df1f8,Konongo,1221ca27-fa88-4fb8-85e1-30baa8d8b356
18a3a6a4-931e-44bd-8e59-66ae8f925df2,Zadie,279e3203-006c-487e-9b73-3af2ff1ea99b
09da3d3b-1e6b-4b0f-9c98-568cf4cd4505,Shama Junction,1221ca27-fa88-4fb8-85e1-30baa8d8b356
523c8b2c-6f3d-4c84-be56-ec863fcdcfa7,Ferkéssédougou,3df7050d-5285-40b5-b552-75bc84d4216b
cee37b7d-7e1b-4306-b771-cd29189cf8ea,Aflao,1221ca27-fa88-4fb8-85e1-30baa8d8b356
e8e2bc6d-9c5b-49f0-abdd-3ad04415e442,Yoko,08fcb8a2-c15b-454b-9aac-16c2cb468ab0
eed29f69-db8b-43bf-944e-052e9a53e33a,Tiko,08fcb8a2-c15b-454b-9aac-16c2cb468ab0
6958ed1e-3907-464d-9535-b02ebae81c58,Kete Krachi,1221ca27-fa88-4fb8-85e1-30baa8d8b356
475c4824-79a6-4156-95cb-ba55cc545bd1,Hambol,3df7050d-5285-40b5-b552-75bc84d4216b
312932ce-36a3-4659-a9f5-28453ec383dd,Elmina,1221ca27-fa88-4fb8-85e1-30baa8d8b356
1794ca91-c6dd-4dc2-9e50-5c733b4e8c21,Marahoué,3df7050d-5285-40b5-b552-75bc84d4216b
5699940c-c0ad-4f0e-abff-fb4a4a9be520,Biankouma,3df7050d-5285-40b5-b552-75bc84d4216b
26561896-61ea-4c23-b062-c6b680676e67,Anyama,3df7050d-5285-40b5-b552-75bc84d4216b
b57cff78-0398-4e93-bdf3-639ffaa3840b,Rey Bouba,08fcb8a2-c15b-454b-9aac-16c2cb468ab0
c04b3a9a-ed58-403e-9ea2-bec38ddec446,Mumford,1221ca27-fa88-4fb8-85e1-30baa8d8b356
2aafcbf0-4c4f-4046-be91-2dd19078f12b,Jaman North,1221ca27-fa88-4fb8-85e1-30baa8d8b356
683bcfb0-ee54-4699-b4dd-188bd71424ef,Bunkpurugu-Nyakpanduri,1221ca27-fa88-4fb8-85e1-30baa8d8b356
cff45a63-23f0-4f3d-b452-8ab15c30089e,Nkwanta South,1221ca27-fa88-4fb8-85e1-30baa8d8b356
95b16412-81ac-4773-a249-3727ee27e566,Sene West,1221ca27-fa88-4fb8-85e1-30baa8d8b356
e406417b-c556-48fd-9720-c4754ef22c6e,Pru East,1221ca27-fa88-4fb8-85e1-30baa8d8b356
a1c29c99-c79d-4cf0-b1a8-7781b928e58d,Ouangolodougou,3df7050d-5285-40b5-b552-75bc84d4216b
03ceb33a-1c57-439c-9473-278bbe07b2c4,Sunyani West,1221ca27-fa88-4fb8-85e1-30baa8d8b356
8b632393-fc93-435f-92a4-ffcc36c023b4,Booué,279e3203-006c-487e-9b73-3af2ff1ea99b
8ba3f139-385e-429a-883d-98492a4a0f2b,Yaoundé,08fcb8a2-c15b-454b-9aac-16c2cb468ab0
f1e387e0-f91e-4568-9405-d775d3562641,Hohoe,1221ca27-fa88-4fb8-85e1-30baa8d8b356
4d210583-7ce3-430d-8b0a-24de89f51599,Vavoua,3df7050d-5285-40b5-b552-75bc84d4216b
313f8abb-93ed-4cee-a0f0-04c2d9f4d5bb,Bekwai,1221ca27-fa88-4fb8-85e1-30baa8d8b356
67e7c48a-4ec2-4dd6-9b0c-dddf06bb422e,Lôh-Djiboua,3df7050d-5285-40b5-b552-75bc84d4216b
6eb2f10e-34f5-4396-99fd-514c55d6ad58,Mouila,279e3203-006c-487e-9b73-3af2ff1ea99b
92ec3956-8aad-4330-868d-f08d4b422c04,Moronou,3df7050d-5285-40b5-b552-75bc84d4216b
17c65aba-e159-4a50-b734-c747ec7f83e9,Bole,1221ca27-fa88-4fb8-85e1-30baa8d8b356
60dbc13a-1f1b-42e4-9054-102d87af810c,Grand-Lahou,3df7050d-5285-40b5-b552-75bc84d4216b
95a7c97c-a0c7-4f1a-a7bf-e3e223a82385,Sefwi-Akontombra,1221ca27-fa88-4fb8-85e1-30baa8d8b356
b10cf38a-5970-4989-92fd-4910c8f900cc,Folon,3df7050d-5285-40b5-b552-75bc84d4216b
bfe21ac4-808c-4094-9118-a55780db3c0d,Takoradi,1221ca27-fa88-4fb8-85e1-30baa8d8b356
099c1919-8866-4125-b95c-280c1e1d8b06,North East Gonja,1221ca27-fa88-4fb8-85e1-30baa8d8b356
51d6573a-a607-40fb-9ce3-74f4972c48d5,Banda,1221ca27-fa88-4fb8-85e1-30baa8d8b356
60e2ae53-dda5-430c-9062-4daf6096b0bf,Anloga,1221ca27-fa88-4fb8-85e1-30baa8d8b356
ad72f402-79e2-475f-b7c5-111ef4e4baaf,Tano South,1221ca27-fa88-4fb8-85e1-30baa8d8b356
21331002-23a1-4da4-81dc-f071f0093461,Tchologo,3df7050d-5285-40b5-b552-75bc84d4216b
9a02de06-7460-4a96-abaa-7287cf2529d2,Gbawe,1221ca27-fa88-4fb8-85e1-30baa8d8b356
7fb442b9-1ecd-4f88-b8db-8fafdd35df48,San-Pédro,3df7050d-5285-40b5-b552-75bc84d4216b
ba0c4c99-50de-4613-bc98-8f9224538ac9,Worodougou,3df7050d-5285-40b5-b552-75bc84d4216b
26054cd7-d695-4823-a534-453d1e7f936d,Krachi Nchumuru,1221ca27-fa88-4fb8-85e1-30baa8d8b356
98175630-db78-4bdb-879a-74639e05409a,Atsiaman,1221ca27-fa88-4fb8-85e1-30baa8d8b356
7429809a-bb8a-4d77-b53f-f74a683addf9,Kumasi,1221ca27-fa88-4fb8-85e1-30baa8d8b356
0353cd69-d33b-4538-91b2-33b32f95ac91,Sefwi-Wiawso,1221ca27-fa88-4fb8-85e1-30baa8d8b356
c308a10a-3529-4d48-920f-ca4688c8ae6d,Accra,1221ca27-fa88-4fb8-85e1-30baa8d8b356
4ad871b8-dd34-4c7f-8b05-0bb06f488df7,Bawku,1221ca27-fa88-4fb8-85e1-30baa8d8b356
125f2665-8c39-43a2-96a0-0974b8fc4a68,Oumé,3df7050d-5285-40b5-b552-75bc84d4216b
52955145-b487-42f0-93ad-8350196411df,Bagoué,3df7050d-5285-40b5-b552-75bc84d4216b
28320d12-a9c7-4323-a54b-f07504b77f99,Swedru,1221ca27-fa88-4fb8-85e1-30baa8d8b356
951f1ba7-dc8c-40fb-989d-ca1c037deb8b,Gagnoa,3df7050d-5285-40b5-b552-75bc84d4216b
12ae3bb2-ff6a-4762-9a21-a5b6f9cafbb8,Bafing,3df7050d-5285-40b5-b552-75bc84d4216b
3dca99fc-0a8a-4e5c-8b00-e7af8c096038,Issia,3df7050d-5285-40b5-b552-75bc84d4216b
a762a906-eca5-454d-baed-975e748aa3ad,East Gonja,1221ca27-fa88-4fb8-85e1-30baa8d8b356
aa8a52c2-a032-453e-a249-842c346ee823,Agogo,1221ca27-fa88-4fb8-85e1-30baa8d8b356
8b08b787-a447-41c9-a52f-20d9a73d59e8,Juaboso,1221ca27-fa88-4fb8-85e1-30baa8d8b356
1b721372-76a7-4f76-84f5-cfbf54fd88a2,Bia West,1221ca27-fa88-4fb8-85e1-30baa8d8b356
955e34d1-9252-4643-8511-76d80e6a39a0,Moanda,279e3203-006c-487e-9b73-3af2ff1ea99b
2b4c8375-203c-4563-8b4b-1bd18c807f5c,Tibati,08fcb8a2-c15b-454b-9aac-16c2cb468ab0
d181daf7-8032-4c18-830e-f5267c592773,Okondja,279e3203-006c-487e-9b73-3af2ff1ea99b
1bf5c25a-a4ed-4464-b6ef-c29aac32f97a,Libreville,279e3203-006c-487e-9b73-3af2ff1ea99b
45ff0373-2bd6-4d75-bfa9-0c6e344d970c,Sinfra,3df7050d-5285-40b5-b552-75bc84d4216b
feeb5307-4924-4653-96ac-45ae8fd4a8e0,Gamba,279e3203-006c-487e-9b73-3af2ff1ea99b
d9118424-a5c3-40f5-9bfd-6ee14e411fdf,Suhum,1221ca27-fa88-4fb8-85e1-30baa8d8b356
22371e39-ba01-454c-90de-0d211f5d7e24,Mpraeso,1221ca27-fa88-4fb8-85e1-30baa8d8b356
69cc6b83-b3a9-4c52-8f34-22cf60ae406b,Kasoa,1221ca27-fa88-4fb8-85e1-30baa8d8b356
cca84725-9398-43fc-b2b2-9bf5fdb5c25f,Tonga,08fcb8a2-c15b-454b-9aac-16c2cb468ab0
6143d80b-4cff-4e3a-b927-313316fd9e93,Dome,1221ca27-fa88-4fb8-85e1-30baa8d8b356
97fe39d5-7396-4918-91a6-316a199e088c,Aburi,1221ca27-fa88-4fb8-85e1-30baa8d8b356
1eefe384-11a2-47ce-8370-9a7ff184156a,Kpandae,1221ca27-fa88-4fb8-85e1-30baa8d8b356
e4987a35-60bf-4ca8-ad42-4161dd496fea,Mbigou,279e3203-006c-487e-9b73-3af2ff1ea99b
fa1c8ab4-5f63-4fcc-b735-e706aaabcef2,Jaman South,1221ca27-fa88-4fb8-85e1-30baa8d8b356
f8302f63-dfea-4239-a49e-becb59b18d33,Abengourou,3df7050d-5285-40b5-b552-75bc84d4216b
35322062-298a-4d05-99ec-517693294064,Central Gonja,1221ca27-fa88-4fb8-85e1-30baa8d8b356
a9dafa57-129a-44ad-860d-0896d75586fd,Navrongo,1221ca27-fa88-4fb8-85e1-30baa8d8b356
7c375da4-df7a-494d-b7bf-a3432f7ac513,Akropong,1221ca27-fa88-4fb8-85e1-30baa8d8b356
673b834c-afb9-45a1-a07c-a6df9a54e07f,Haut-Sassandra,3df7050d-5285-40b5-b552-75bc84d4216b
403e0949-051e-414b-9913-284f3bd20c97,Bibiani-Anhwiaso-Bekwai,1221ca27-fa88-4fb8-85e1-30baa8d8b356
01c81dbc-87f0-4cf5-869e-6f88cdc77f6c,Berekum East,1221ca27-fa88-4fb8-85e1-30baa8d8b356
286b95d5-8c71-4f91-a40a-ba4a350718a7,Bangolo,3df7050d-5285-40b5-b552-75bc84d4216b
4f2437c9-dbc3-4326-b8c5-055744328ec4,Touba,3df7050d-5285-40b5-b552-75bc84d4216b
2d6ca2b6-363e-4445-b329-01f950e6bd37,Lastoursville,279e3203-006c-487e-9b73-3af2ff1ea99b
36446b65-df31-467a-857a-3a971a4fdd5e,Akim Swedru,1221ca27-fa88-4fb8-85e1-30baa8d8b356
186dd77b-b922-4ade-94e1-3f9ae816955e,Adiaké,3df7050d-5285-40b5-b552-75bc84d4216b
94e1a4a9-201a-45fe-b21d-f80c667b321b,Dormaa West,1221ca27-fa88-4fb8-85e1-30baa8d8b356
da6e2b3d-9c27-4ccd-bd79-fcbb1dc29f1f,Guémon,3df7050d-5285-40b5-b552-75bc84d4216b
122fdbec-753c-4fea-a7bf-660ccc1ef17d,Salaga,1221ca27-fa88-4fb8-85e1-30baa8d8b356
787710d4-717f-47f1-bdbf-d51cdd6c5368,Bia East,1221ca27-fa88-4fb8-85e1-30baa8d8b356
33722f18-6bb5-49d4-ac38-6172da3dc23a,Ayamé,3df7050d-5285-40b5-b552-75bc84d4216b
c860ba00-e724-44f0-a58e-e3b49e2700b1,Savelugu,1221ca27-fa88-4fb8-85e1-30baa8d8b356
a55e2612-f587-4b85-b15c-396e074478ba,Tano North,1221ca27-fa88-4fb8-85e1-30baa8d8b356
29fa250b-4395-4c40-adbe-fc7b4910cf52,Krachi East,1221ca27-fa88-4fb8-85e1-30baa8d8b356
a0ce8071-40d1-4723-a955-b00d466fa677,Dormaa Central,1221ca27-fa88-4fb8-85e1-30baa8d8b356
dcf751dc-9b9e-4393-b339-e27f3626bdfc,Asunafo South,1221ca27-fa88-4fb8-85e1-30baa8d8b356
332519fe-637b-4cba-94e7-4f0759d39267,Bonoua,3df7050d-5285-40b5-b552-75bc84d4216b
57e9f800-53b0-42ce-9747-4a758136b450,Koforidua,1221ca27-fa88-4fb8-85e1-30baa8d8b356
a0f58580-1751-4c8b-9d10-5609ecdbe354,Lékoni,279e3203-006c-487e-9b73-3af2ff1ea99b
e3bdbaf4-af59-4714-9c1c-2d033e2579ed,Tcholliré,08fcb8a2-c15b-454b-9aac-16c2cb468ab0
b0f01cc3-a742-4a07-877e-2234ea33bf4f,Poli,08fcb8a2-c15b-454b-9aac-16c2cb468ab0
a6ebc92c-29d5-40a7-82db-65d0be946a3e,Fougamou,279e3203-006c-487e-9b73-3af2ff1ea99b
815602bc-c17c-43be-be01-c66358b4d359,Adzopé,3df7050d-5285-40b5-b552-75bc84d4216b
75359aa8-263e-4a56-a65d-b45c435bed02,Ntoum,279e3203-006c-487e-9b73-3af2ff1ea99b
ea7162d5-cd79-4eff-8cbe-454cc6e927bc,Yokadouma,08fcb8a2-c15b-454b-9aac-16c2cb468ab0
806f5692-3774-4c73-b119-e2647c161ea5,Nsawam,1221ca27-fa88-4fb8-85e1-30baa8d8b356
5a767a78-d940-4ca0-8d67-9326aa18c497,Mitzic,279e3203-006c-487e-9b73-3af2ff1ea99b
8e831592-be84-40a0-aca9-fb98a3f90f54,Sene East,1221ca27-fa88-4fb8-85e1-30baa8d8b356
51402e2b-7983-400b-bc54-eed5f21f7282,Keta,1221ca27-fa88-4fb8-85e1-30baa8d8b356
cfebe1d1-b7e5-40d9-9e51-aedc0632823e,Medina Estates,1221ca27-fa88-4fb8-85e1-30baa8d8b356
c267668b-af94-4af3-9a29-4f6a81548748,Takaungu,35221a04-e65f-46db-9ff9-ccd07fa22922
13421b99-d7f1-442f-a064-d5291f77f79d,Kasungu,ed49d078-a856-4e5c-8f77-e9ed917bce7d
e2b0151a-66e3-4104-8fa7-624d83478161,Mali,75d480ee-fcf8-4a07-b3e0-02fb6e449775
ea3bcd5d-dc17-4c1f-985b-f62e89156f25,Kangundo,35221a04-e65f-46db-9ff9-ccd07fa22922
a1e8d9e1-2ee1-415b-8208-199dacd3f28d,Kasungu District,ed49d078-a856-4e5c-8f77-e9ed917bce7d
8da1d5d5-1cde-41a8-a4e1-6e047b186917,Kapcherop,35221a04-e65f-46db-9ff9-ccd07fa22922
e94a68a0-d953-4c6d-a627-3cd362c97f66,Préfecture de Dubréka,75d480ee-fcf8-4a07-b3e0-02fb6e449775
af9b7eee-f2aa-41d1-9aee-fb6661f23b93,Wesu,35221a04-e65f-46db-9ff9-ccd07fa22922
4472ae98-24b4-47e2-81fb-6c43386c8e2a,West Gonja,1221ca27-fa88-4fb8-85e1-30baa8d8b356
7fdb2db9-75e7-4fde-bcf9-f37bf4d196df,Liwonde,ed49d078-a856-4e5c-8f77-e9ed917bce7d
8d217c43-ecc1-493e-b3b6-8fcf2ab98ae0,Chesongoch,35221a04-e65f-46db-9ff9-ccd07fa22922
3f97e30e-b965-4547-a145-5f56ef6b2e3d,Majengo,35221a04-e65f-46db-9ff9-ccd07fa22922
be03515b-8e23-4668-ab91-47d5bc15cfbc,Nairobi,35221a04-e65f-46db-9ff9-ccd07fa22922
51058f20-92e1-448d-a082-1fe8497ff1f9,Kapyego,35221a04-e65f-46db-9ff9-ccd07fa22922
42a24dc4-e0c2-4a20-acd7-732c0ebc9b5c,Tambach,35221a04-e65f-46db-9ff9-ccd07fa22922
a4683d44-c62b-48f9-9a9d-b37190998db2,Techiman North,1221ca27-fa88-4fb8-85e1-30baa8d8b356
b6ba078f-a31a-4b53-9a54-5ff7e8aa2397,Télimélé,75d480ee-fcf8-4a07-b3e0-02fb6e449775
b1c458ab-39fe-44a9-8f14-ab6d3e03765f,Mali Prefecture,75d480ee-fcf8-4a07-b3e0-02fb6e449775
ed0e6fe7-4ae0-4d57-97eb-91c130d4bcd5,Chikwawa District,ed49d078-a856-4e5c-8f77-e9ed917bce7d
285e6e11-f578-4798-b174-222d3e907186,Nzérékoré,75d480ee-fcf8-4a07-b3e0-02fb6e449775
0f36e7d9-71ec-4b68-b22b-958fb90f69aa,Eldoret,35221a04-e65f-46db-9ff9-ccd07fa22922
b7985a39-0b86-4553-ab83-2b9051d9ef97,Chipoka,ed49d078-a856-4e5c-8f77-e9ed917bce7d
f75e6844-ff04-4aed-9d37-b06275778ccb,Chiradzulu District,ed49d078-a856-4e5c-8f77-e9ed917bce7d
31f6b042-54ca-404a-afa3-6ae1a93f4982,Limuru,35221a04-e65f-46db-9ff9-ccd07fa22922
8771e82e-6e97-4d9a-8f02-0593068d06ee,Sawa Sawa,35221a04-e65f-46db-9ff9-ccd07fa22922
8d5ee102-72d7-470c-9d69-866202902ace,Kerugoya,35221a04-e65f-46db-9ff9-ccd07fa22922
b3ac52fd-c831-450b-baea-de0ed8da0e56,Maktau,35221a04-e65f-46db-9ff9-ccd07fa22922
bc659fe8-4d85-43fb-85c0-82883e815fc9,Préfecture de Guékédou,75d480ee-fcf8-4a07-b3e0-02fb6e449775
39924d8b-130a-42ec-8d8b-a9b36f90b94a,Shimoni,35221a04-e65f-46db-9ff9-ccd07fa22922
e1a0a355-a775-4fe7-b5b1-8c35a6641e95,Buba,4d0bc7bb-cbcb-4dd8-91b2-3be6b989b73d
7a15c004-e728-426c-8e51-423cc8dc08d0,Kabarnet,35221a04-e65f-46db-9ff9-ccd07fa22922
c777bea9-5e24-4dff-a013-3a2a989f9d61,Wa,1221ca27-fa88-4fb8-85e1-30baa8d8b356
b72d9b73-2b41-472f-84f7-895c3b85474f,Tondon,75d480ee-fcf8-4a07-b3e0-02fb6e449775
d848c8a8-97bc-45f0-818c-217deb3c6331,Boke Prefecture,75d480ee-fcf8-4a07-b3e0-02fb6e449775
2c22a817-bddf-4bdf-bc79-ed5c6a793e52,Taveta,35221a04-e65f-46db-9ff9-ccd07fa22922
4ee3daeb-b268-468e-ac54-c0857a8a0d5d,Taveta,35221a04-e65f-46db-9ff9-ccd07fa22922
cce09b8f-74f0-4221-9075-c0343e788fde,Sotik,35221a04-e65f-46db-9ff9-ccd07fa22922
2223dad0-bff8-4f73-961c-e8b1064fd579,Pumwani,35221a04-e65f-46db-9ff9-ccd07fa22922
06657c46-5e17-410d-868c-f6c93e9f719d,Esabalu,35221a04-e65f-46db-9ff9-ccd07fa22922
677d1816-40a2-4e0a-9206-b9e8c0e0e6ae,Tema,1221ca27-fa88-4fb8-85e1-30baa8d8b356
7da30591-17df-4f79-b4cb-202b9549667a,Chebiemit,35221a04-e65f-46db-9ff9-ccd07fa22922
46ef02ec-f92c-4408-916b-ee762067ff09,Athi River,35221a04-e65f-46db-9ff9-ccd07fa22922
b55a1863-3ed2-4be0-853b-75c4153cae53,Macenta,75d480ee-fcf8-4a07-b3e0-02fb6e449775
e37e86ba-4fb5-4f3e-9894-bd95a7b9b2c7,Londiani,35221a04-e65f-46db-9ff9-ccd07fa22922
a0b15795-e6b0-4756-9928-be1c54b33184,Koundara Prefecture,75d480ee-fcf8-4a07-b3e0-02fb6e449775
dcf57c15-e6eb-426c-a430-e8687b34a62d,Techiman,1221ca27-fa88-4fb8-85e1-30baa8d8b356
e4e661ca-3e18-4ac9-8cf3-01323059e03e,Kwale,35221a04-e65f-46db-9ff9-ccd07fa22922
0d7a5446-4e9c-492f-8148-ccdcf1806383,Chesoi,35221a04-e65f-46db-9ff9-ccd07fa22922
c5b34cdb-ea40-4286-963d-f29607840edc,Wundanyi,35221a04-e65f-46db-9ff9-ccd07fa22922
0dd069ca-af7f-410b-b8c1-fe8e827ab57c,Wundanyi,35221a04-e65f-46db-9ff9-ccd07fa22922
824c1bc1-4666-4a58-976e-452138b92928,Kankan,75d480ee-fcf8-4a07-b3e0-02fb6e449775
b513c65f-b042-4555-92ab-6a2245fe03d7,Rachuonyo,35221a04-e65f-46db-9ff9-ccd07fa22922
557f7379-0c77-4566-a17e-effb3e3c682c,Mtito Andei,35221a04-e65f-46db-9ff9-ccd07fa22922
2ccbfa28-ec8a-493f-a109-c1ae79bfbe1f,Tougue Prefecture,75d480ee-fcf8-4a07-b3e0-02fb6e449775
07ae4bfe-1fe1-48f5-857e-1f2a2e4d3624,Bondo,35221a04-e65f-46db-9ff9-ccd07fa22922
d9a1711c-2f72-4b7e-bff9-545528b6a024,Tougué,75d480ee-fcf8-4a07-b3e0-02fb6e449775
9d17d069-f696-412b-871f-610e03d9903b,Kitui,35221a04-e65f-46db-9ff9-ccd07fa22922
2052159d-dd2e-4ede-a2d6-9d5e128c4dc3,Kipini,35221a04-e65f-46db-9ff9-ccd07fa22922
62c7cc47-22f0-4e0a-80d4-bdfc955930f2,Kisii,35221a04-e65f-46db-9ff9-ccd07fa22922
251addb2-7996-4e15-acfa-062a7febd1e0,Gambogi,35221a04-e65f-46db-9ff9-ccd07fa22922
fc7f9255-e1bf-419b-939d-489a60c60c28,Quebo,4d0bc7bb-cbcb-4dd8-91b2-3be6b989b73d
b379a48b-ba95-4acc-a282-562075b755b3,Mamou Prefecture,75d480ee-fcf8-4a07-b3e0-02fb6e449775
90cef4ce-bb11-4b23-b42f-8b1590163e18,Rongai,35221a04-e65f-46db-9ff9-ccd07fa22922
34ed7be7-c356-491e-8ba4-61c8162b3854,Kaptalamwa,35221a04-e65f-46db-9ff9-ccd07fa22922
55f45b27-dda1-4631-960d-550defc50c1a,Blantyre District,ed49d078-a856-4e5c-8f77-e9ed917bce7d
c6d8d1a1-d552-41f5-8f62-befa7ca089d7,Bissorã,4d0bc7bb-cbcb-4dd8-91b2-3be6b989b73d
d411752b-9876-4cbe-8911-2031372d3af6,Witu,35221a04-e65f-46db-9ff9-ccd07fa22922
dd7d5dcf-ae64-4ad8-ab45-fe41face7a5e,Konza,35221a04-e65f-46db-9ff9-ccd07fa22922
66e0a814-104b-4ab4-8bc3-fd79753d4bb4,Lilongwe,ed49d078-a856-4e5c-8f77-e9ed917bce7d
ea33f6eb-6439-4a85-bc17-2ed14916f8ed,Moyale,35221a04-e65f-46db-9ff9-ccd07fa22922
22bb63f7-f522-4550-a0de-6f8dc13c7931,Contuboel Sector,4d0bc7bb-cbcb-4dd8-91b2-3be6b989b73d
53fa9885-468b-429d-b281-8250db727d88,Labé,75d480ee-fcf8-4a07-b3e0-02fb6e449775
872b0e4d-7f00-4273-8846-1aa9eca36bd9,Lelouma Prefecture,75d480ee-fcf8-4a07-b3e0-02fb6e449775
9ef3b067-aee0-4514-ad24-f85c71e02a76,Muhoroni,35221a04-e65f-46db-9ff9-ccd07fa22922
fd6a6fc5-52de-432a-8d35-982842c73431,Yomou,75d480ee-fcf8-4a07-b3e0-02fb6e449775
b0026e58-d812-4159-a5ce-ddb0c7174706,Marsabit,35221a04-e65f-46db-9ff9-ccd07fa22922
fa56fad6-9979-4008-9341-29173eb2f614,Kapenguria,35221a04-e65f-46db-9ff9-ccd07fa22922
6959262e-a72a-4731-9459-f208d24c0085,Karonga District,ed49d078-a856-4e5c-8f77-e9ed917bce7d
a66642b2-0a75-4c21-a3ed-53bd47268009,Maragua,35221a04-e65f-46db-9ff9-ccd07fa22922
fd81c36f-0855-4f63-befb-09cd48065ec8,Maseno,35221a04-e65f-46db-9ff9-ccd07fa22922
d0f21ace-7186-4eed-b056-5805e3412277,Kerouane Prefecture,75d480ee-fcf8-4a07-b3e0-02fb6e449775
6b0947f6-928e-4e9b-86c6-014add343ee2,Kikuyu,35221a04-e65f-46db-9ff9-ccd07fa22922
a73297ce-9191-4a53-89e6-9ba239a16865,Chitipa,ed49d078-a856-4e5c-8f77-e9ed917bce7d
9ffafc6c-4078-4921-9016-ae336af32610,Nanyuki,35221a04-e65f-46db-9ff9-ccd07fa22922
9f6bf663-24e3-4010-a269-b19a4dc7bb95,Mudete,35221a04-e65f-46db-9ff9-ccd07fa22922
432ec3b5-6c5a-48ca-b58f-0ea952fb4097,Thika,35221a04-e65f-46db-9ff9-ccd07fa22922
09104467-16ce-452a-83b9-7e2d375dc34e,Siguiri,75d480ee-fcf8-4a07-b3e0-02fb6e449775
b0aac7a7-4606-44ff-999a-284f3e273840,Maua,35221a04-e65f-46db-9ff9-ccd07fa22922
d0ae9f8b-3d6d-4a84-a7d2-7a6705c554f9,Gueckedou,75d480ee-fcf8-4a07-b3e0-02fb6e449775
004e191c-dd04-484b-a177-2b1e6bd492c1,Luchenza,ed49d078-a856-4e5c-8f77-e9ed917bce7d
2ffd8a5e-17ab-409b-9dcb-47003b7f908e,Cacheu,4d0bc7bb-cbcb-4dd8-91b2-3be6b989b73d
f5764eb5-e41c-43b2-8bf1-9eed4aa78104,Kapsabet,35221a04-e65f-46db-9ff9-ccd07fa22922
7cd47e03-4f01-4cd9-af2d-ac2585cd6003,Boffa,75d480ee-fcf8-4a07-b3e0-02fb6e449775
96efdccc-efed-4ed5-b00f-4d6445ebcbc4,Lugulu,35221a04-e65f-46db-9ff9-ccd07fa22922
fcd31d4b-e7d2-4556-81fd-5b11234123d3,Kaptarakwa,35221a04-e65f-46db-9ff9-ccd07fa22922
b572c818-7d4f-4611-aae2-f8a5783f2e09,Mwatate,35221a04-e65f-46db-9ff9-ccd07fa22922
323ff6ee-1e7d-4d54-b255-c5c7890e68ab,Préfecture de Forécariah,75d480ee-fcf8-4a07-b3e0-02fb6e449775
7f672e82-0a3c-4a38-b388-0cd4de5890f9,Ol Kalou,35221a04-e65f-46db-9ff9-ccd07fa22922
b749f904-88e4-4e57-8838-4626a960f93f,Kankan Prefecture,75d480ee-fcf8-4a07-b3e0-02fb6e449775
94c35f10-ce08-4855-ae9d-1d26c0befd95,Forécariah,75d480ee-fcf8-4a07-b3e0-02fb6e449775
1bca8d1c-04b8-473a-9f10-a958fbd7c423,Wenchi,1221ca27-fa88-4fb8-85e1-30baa8d8b356
319462e5-20e9-4574-8a6e-b129f10ef566,Youkounkoun,75d480ee-fcf8-4a07-b3e0-02fb6e449775
42395e2c-cdb8-47d6-b596-d702362dda63,Naro Moru,35221a04-e65f-46db-9ff9-ccd07fa22922
cff096b9-e585-4c57-a4b7-44f427bf371f,Camayenne,75d480ee-fcf8-4a07-b3e0-02fb6e449775
7c338fc9-bf70-4c24-a800-5fe53ec1be24,Lamu,35221a04-e65f-46db-9ff9-ccd07fa22922
1ba6d43d-450b-43a7-b87d-f3a1f220ba42,Sotik Post,35221a04-e65f-46db-9ff9-ccd07fa22922
1fec72b4-c03d-418d-84b7-fac0ee310c8e,Machakos,35221a04-e65f-46db-9ff9-ccd07fa22922
e5c67fa2-6994-4172-8533-be95da2ecc43,Gabú,4d0bc7bb-cbcb-4dd8-91b2-3be6b989b73d
b3ac57ff-2898-420c-ba54-06c577311288,Rumuruti,35221a04-e65f-46db-9ff9-ccd07fa22922
00c211ca-26dd-4159-9f04-b4dff504c65b,Conakry,75d480ee-fcf8-4a07-b3e0-02fb6e449775
d2a2908b-a276-4429-a296-4ab5c07a7912,Kitale,35221a04-e65f-46db-9ff9-ccd07fa22922
e267710c-0ab5-4afb-8b90-09fff97aef89,Siaya,35221a04-e65f-46db-9ff9-ccd07fa22922
ca4aeda6-2381-4e26-afd9-1c705555fbbf,Nandi Hills,35221a04-e65f-46db-9ff9-ccd07fa22922
d37e14cf-5e49-41c4-9046-30df00a2838e,Chikwawa,ed49d078-a856-4e5c-8f77-e9ed917bce7d
14b65a30-216a-4f3d-ad7c-9f223c9eaa8c,Blantyre,ed49d078-a856-4e5c-8f77-e9ed917bce7d
fefe2097-19e8-4b36-bdf2-fffe198c2855,Mbale,35221a04-e65f-46db-9ff9-ccd07fa22922
fdf87245-b1a2-4981-bb5e-4ba14cdcbdd5,Mgange,35221a04-e65f-46db-9ff9-ccd07fa22922
6ca83fbc-d1e2-4c7a-b9c1-994d2c506f59,Kapsait,35221a04-e65f-46db-9ff9-ccd07fa22922
fef55ad5-990a-4d38-8a46-3b0d9eb94593,Luanda,35221a04-e65f-46db-9ff9-ccd07fa22922
fb12cae7-bc2f-431a-8238-b5e4e663998f,Luanda,35221a04-e65f-46db-9ff9-ccd07fa22922
fd4ccace-aff3-4be8-99f1-c5bbf6614e12,Mariakani,35221a04-e65f-46db-9ff9-ccd07fa22922
6c0eb0b2-7438-4a12-b905-089d944f8ba6,Beyla,75d480ee-fcf8-4a07-b3e0-02fb6e449775
fb4b8757-65b4-4323-a1d6-97da5fc8ed4c,Quinhámel,4d0bc7bb-cbcb-4dd8-91b2-3be6b989b73d
91b662e2-8fd8-449b-9aaf-4a0995873eb2,Mwanda,35221a04-e65f-46db-9ff9-ccd07fa22922
db649d79-9938-442d-a37b-23d2cf98ade9,Embu,35221a04-e65f-46db-9ff9-ccd07fa22922
d3dc15b8-dd73-46d0-b4d3-b3c68f9488be,Bissau,4d0bc7bb-cbcb-4dd8-91b2-3be6b989b73d
9c721262-c2c1-4243-b80d-aaccbed07941,Kiambu,35221a04-e65f-46db-9ff9-ccd07fa22922
5365682e-9ff8-43ab-9075-3fafec6dc17a,Wajir,35221a04-e65f-46db-9ff9-ccd07fa22922
6717770a-f73d-459a-83ea-4dd6720d90de,Beyla Prefecture,75d480ee-fcf8-4a07-b3e0-02fb6e449775
b8e5330b-2f2e-4448-b754-d4e4df599802,Malindi,35221a04-e65f-46db-9ff9-ccd07fa22922
b6f4854e-f4c7-4695-b72c-3279ab67080f,Butere,35221a04-e65f-46db-9ff9-ccd07fa22922
d16b1cb0-0b90-43c4-bdb0-9248df98edad,Dubréka,75d480ee-fcf8-4a07-b3e0-02fb6e449775
83cc3ffa-f289-412e-b342-121a87970dbd,Nzerekore Prefecture,75d480ee-fcf8-4a07-b3e0-02fb6e449775
952670ce-07c7-4701-9d6e-e67dc7076e0d,Kericho,35221a04-e65f-46db-9ff9-ccd07fa22922
1334fc30-006a-4bc1-9d7d-3d3fdf89c113,Bungoma,35221a04-e65f-46db-9ff9-ccd07fa22922
e2e2c006-2dd1-43e5-bba4-f86e042523d5,Dalaba,75d480ee-fcf8-4a07-b3e0-02fb6e449775
2f2bee6f-92de-447a-9b6c-5f9d01b51840,Gaoual,75d480ee-fcf8-4a07-b3e0-02fb6e449775
9547d8aa-665a-4dc9-8983-e2829ccf3ce2,Othaya,35221a04-e65f-46db-9ff9-ccd07fa22922
5bd676da-fde3-47d6-be31-9806d46b56c1,Chepkorio,35221a04-e65f-46db-9ff9-ccd07fa22922
8ba04ece-1123-428d-aa5f-b1999d883df7,Nakuru,35221a04-e65f-46db-9ff9-ccd07fa22922
53f109f4-bed8-4c34-abc1-13dfc490b06e,Coyah,75d480ee-fcf8-4a07-b3e0-02fb6e449775
2ea848ee-8117-4dc9-b5b1-5c86a70c0ef5,Fria,75d480ee-fcf8-4a07-b3e0-02fb6e449775
26ea41d8-0198-400e-ab4b-5016eea01d10,Gazi,35221a04-e65f-46db-9ff9-ccd07fa22922
bc8a0ee8-a9b2-4f37-a1ff-aa66acfca7a4,Nyahururu,35221a04-e65f-46db-9ff9-ccd07fa22922
2e26143c-2f7a-4b86-a38f-12b061888bc3,Murang’a,35221a04-e65f-46db-9ff9-ccd07fa22922
e7b9ba76-7628-44b3-b6f9-11bdf3683dfb,Karuri,35221a04-e65f-46db-9ff9-ccd07fa22922
d6854f9e-5ecc-4a80-9dce-eb2340fff791,Yala,35221a04-e65f-46db-9ff9-ccd07fa22922
55489f1f-2d02-432a-afc9-f43aad4786de,Nyamira,35221a04-e65f-46db-9ff9-ccd07fa22922
18290bb8-a5d5-4679-9c01-c030af15384e,Sanguéya,75d480ee-fcf8-4a07-b3e0-02fb6e449775
70067f40-b107-4cc1-8e56-688ceaf28dac,Koundara,75d480ee-fcf8-4a07-b3e0-02fb6e449775
55e0be9b-a530-4cb5-8b6d-d65a239b83f7,Mandiana Prefecture,75d480ee-fcf8-4a07-b3e0-02fb6e449775
99d044d8-7ef8-4f49-9199-df5f7aee9191,Kindia,75d480ee-fcf8-4a07-b3e0-02fb6e449775
6a7be665-22e6-46e5-b7b8-cbce8d8506e0,Yendi,1221ca27-fa88-4fb8-85e1-30baa8d8b356
e56f5ad9-7550-4f61-a395-e29531ba33f1,Yunyoo-Nasuan,1221ca27-fa88-4fb8-85e1-30baa8d8b356
eacacaba-a62a-4b0f-986b-da0fce016793,Kijabe,35221a04-e65f-46db-9ff9-ccd07fa22922
769f4f2c-3243-462b-9f48-1e5257ca622d,Livingstonia,ed49d078-a856-4e5c-8f77-e9ed917bce7d
ddad073b-5d24-40d6-9f86-5fc14329542d,Mombasa,35221a04-e65f-46db-9ff9-ccd07fa22922
70e3c84b-ade1-45a6-8885-eca5ccf2ce5f,Winneba,1221ca27-fa88-4fb8-85e1-30baa8d8b356
c8fe3dd1-4e60-45ac-8a00-18a594f20ae4,Boké,75d480ee-fcf8-4a07-b3e0-02fb6e449775
e7f52771-7261-457f-8b46-ca655fe1aed2,Meru,35221a04-e65f-46db-9ff9-ccd07fa22922
b1ec7373-bf0e-432d-93c3-9de9b8b9159d,Pita,75d480ee-fcf8-4a07-b3e0-02fb6e449775
020e10bb-0bb8-49c7-b49e-7909e03f11b0,Chuka,35221a04-e65f-46db-9ff9-ccd07fa22922
e5709e85-917b-4b95-ac43-f36c5cded923,Chepareria,35221a04-e65f-46db-9ff9-ccd07fa22922
940fb8e1-6621-4acc-83f8-0506e64e430e,Bolama,4d0bc7bb-cbcb-4dd8-91b2-3be6b989b73d
b2f8b519-cc81-489c-a555-9da719581ba3,Tokonou,75d480ee-fcf8-4a07-b3e0-02fb6e449775
9d998343-ef52-432d-b875-70ede0de29ff,Kihancha,35221a04-e65f-46db-9ff9-ccd07fa22922
8aa2102e-e9ea-4e32-a02e-820f33d0f5e3,Balaka District,ed49d078-a856-4e5c-8f77-e9ed917bce7d
aa71e124-015e-4cf2-b166-2a27b3c073da,Kilifi,35221a04-e65f-46db-9ff9-ccd07fa22922
80ca9a43-d716-48f0-a4ca-02f785a1c4c4,Lélouma,75d480ee-fcf8-4a07-b3e0-02fb6e449775
27812f78-2926-40b0-b5a2-7393cd05999a,Ogembo,35221a04-e65f-46db-9ff9-ccd07fa22922
16468532-6f83-4108-a43e-611cc8d69928,Canchungo,4d0bc7bb-cbcb-4dd8-91b2-3be6b989b73d
f6092e28-b243-4f42-8d7b-6669ed7b82d4,Kangema,35221a04-e65f-46db-9ff9-ccd07fa22922
32b3473b-b345-43c1-9ae0-d1246df0c574,Magadi,35221a04-e65f-46db-9ff9-ccd07fa22922
81d9c1be-8dd8-4208-bce3-dc365de94c32,Busia,35221a04-e65f-46db-9ff9-ccd07fa22922
f968d8c3-f749-419b-89d6-8175b310d1e3,Nyeri,35221a04-e65f-46db-9ff9-ccd07fa22922
7733cc88-de92-482b-8411-739561caaea3,Isiolo,35221a04-e65f-46db-9ff9-ccd07fa22922
85fea502-039c-47aa-acb8-faefccbafa42,Flax,35221a04-e65f-46db-9ff9-ccd07fa22922
de6cf915-495e-4b7a-8e6f-69400e02fd15,Teshi Old Town,1221ca27-fa88-4fb8-85e1-30baa8d8b356
52664576-3d3d-4c98-94cb-b5bec2109654,Bafatá,4d0bc7bb-cbcb-4dd8-91b2-3be6b989b73d
61937798-9cef-42b5-b5e9-64686d8bb077,Chavakali,35221a04-e65f-46db-9ff9-ccd07fa22922
c8a7a7d6-1cb2-4356-9f5f-4c21f9ae2aef,Chitipa District,ed49d078-a856-4e5c-8f77-e9ed917bce7d
5453357f-664e-4658-8f5c-483067d7efb4,Likoma,ed49d078-a856-4e5c-8f77-e9ed917bce7d
cc0023ec-3552-489e-8835-a1565e05b110,Malikisi,35221a04-e65f-46db-9ff9-ccd07fa22922
912b39d1-8f77-4ba6-a284-a2ece50a7ad0,Kapsowar,35221a04-e65f-46db-9ff9-ccd07fa22922
a278d95e-b183-4671-845f-742bf8141744,Kapsowar,35221a04-e65f-46db-9ff9-ccd07fa22922
63bb40ae-c88c-448e-9f21-fb33960a8435,Naivasha,35221a04-e65f-46db-9ff9-ccd07fa22922
dc191f37-7cd1-4ab0-9a9e-7965e6daea21,Litein,35221a04-e65f-46db-9ff9-ccd07fa22922
b9d80acf-e660-4f27-a0dc-50c38f6caa25,Maralal,35221a04-e65f-46db-9ff9-ccd07fa22922
9d891a29-180d-4e87-811f-f71040c0b2ec,Kocholwo,35221a04-e65f-46db-9ff9-ccd07fa22922
c5f53a55-b101-4d0c-98b3-e92d494c5d57,Serem,35221a04-e65f-46db-9ff9-ccd07fa22922
068a0de3-cedf-4c52-979c-1802824238a4,Bubaque,4d0bc7bb-cbcb-4dd8-91b2-3be6b989b73d
77975869-b7d5-4e68-93b8-ca893211d9bd,Lilongwe District,ed49d078-a856-4e5c-8f77-e9ed917bce7d
ecd15734-e3d9-4937-8cd8-4d31ab8c4590,Nambare,35221a04-e65f-46db-9ff9-ccd07fa22922
b8cb8fb5-93a4-4b6d-8cbf-af031c70b059,Iten,35221a04-e65f-46db-9ff9-ccd07fa22922
6e04a3c6-3045-493b-99ae-54d9c7e0a156,Iten,35221a04-e65f-46db-9ff9-ccd07fa22922
bf735bd0-91af-4748-84f6-1a97244d8e82,Catió,4d0bc7bb-cbcb-4dd8-91b2-3be6b989b73d
40b50340-dbab-4bf6-9d65-0b5d742c0293,Karonga,ed49d078-a856-4e5c-8f77-e9ed917bce7d
46341e7a-8678-472b-bef9-a6416739fae1,Dedza District,ed49d078-a856-4e5c-8f77-e9ed917bce7d
5b64cf4c-b0e5-4829-a461-6efe4323539a,Kipkelion,35221a04-e65f-46db-9ff9-ccd07fa22922
7b22e829-78f6-42bd-97c4-84c52151c58c,Kilingili,35221a04-e65f-46db-9ff9-ccd07fa22922
718f2583-3b12-4107-bb59-d0f7457a7c13,Bura,35221a04-e65f-46db-9ff9-ccd07fa22922
7cb22cbd-d3a4-4bee-a91a-b90a2ea2f971,Dowa,ed49d078-a856-4e5c-8f77-e9ed917bce7d
bc09d083-3d8f-4a30-9612-e26d9f8fcddd,Narok,35221a04-e65f-46db-9ff9-ccd07fa22922
fd1fccec-bbfd-4fe9-95d6-3fc3ae6a3575,Labe Prefecture,75d480ee-fcf8-4a07-b3e0-02fb6e449775
bafe0fea-b7f2-49ef-8583-56df2de0607d,Eldama Ravine,35221a04-e65f-46db-9ff9-ccd07fa22922
4dffa14a-a904-4450-a8a6-8a22d375331c,Kouroussa,75d480ee-fcf8-4a07-b3e0-02fb6e449775
205462e3-553f-46bf-8ac0-dca15c20aae0,Oyugis,35221a04-e65f-46db-9ff9-ccd07fa22922
39b6fd18-ef3b-4566-8711-73cb9926bd84,Homa Bay,35221a04-e65f-46db-9ff9-ccd07fa22922
11b56ac9-a959-41d0-b2e3-f668bbe481c7,Baringo,35221a04-e65f-46db-9ff9-ccd07fa22922
efb199dc-7993-4bda-8509-388f69db5f85,Mansôa,4d0bc7bb-cbcb-4dd8-91b2-3be6b989b73d
18b184a0-31eb-42a0-ae11-47f744f5c4f4,Ahero,35221a04-e65f-46db-9ff9-ccd07fa22922
a73d102b-5556-4edb-a4ad-4dc68abf17cc,Chala,35221a04-e65f-46db-9ff9-ccd07fa22922
abbbb875-9b41-4b70-b41f-9fe056b92053,Koubia,75d480ee-fcf8-4a07-b3e0-02fb6e449775
feca915c-0c2e-490a-902c-b49744e39e2f,Migori,35221a04-e65f-46db-9ff9-ccd07fa22922
2281d838-eabc-4cb2-9d1d-d2fd76d450d9,Wote,35221a04-e65f-46db-9ff9-ccd07fa22922
1c5cac96-c0c2-4c86-8504-25112f4aab4f,Siguiri Prefecture,75d480ee-fcf8-4a07-b3e0-02fb6e449775
f9b712b9-f2d7-4cb7-831a-803b41e118da,Malaba,35221a04-e65f-46db-9ff9-ccd07fa22922
c8e3b27c-30ee-4f4c-bb97-e71f207a1683,Keroka,35221a04-e65f-46db-9ff9-ccd07fa22922
25bfc2a2-7a76-492c-9da6-993057d1bacc,Lola,75d480ee-fcf8-4a07-b3e0-02fb6e449775
0b5daba7-2597-4311-94f3-210fcf25e055,Dowa District,ed49d078-a856-4e5c-8f77-e9ed917bce7d
143a0392-8720-41c0-81dc-699d145b67f0,Makueni Boma,35221a04-e65f-46db-9ff9-ccd07fa22922
d3c22e2c-f1f1-4a04-9891-8f39c6298c07,Ngong,35221a04-e65f-46db-9ff9-ccd07fa22922
ebfb175c-bc7e-461b-a9fe-757559c2a111,Kajiado,35221a04-e65f-46db-9ff9-ccd07fa22922
38511e58-0d26-47bf-b03d-4b5a202124cd,Mandera,35221a04-e65f-46db-9ff9-ccd07fa22922
76d75676-65a5-4357-bd73-77f2ec07dc6e,Dedza,ed49d078-a856-4e5c-8f77-e9ed917bce7d
b0cf1dc9-d227-47f1-883c-2e7c6803f3a3,Kinango,35221a04-e65f-46db-9ff9-ccd07fa22922
3e32b5e9-a35b-4232-b616-846a03c30db1,Port Victoria,35221a04-e65f-46db-9ff9-ccd07fa22922
8bb3eab6-f6a6-4873-894e-accb02b064d8,Lodwar,35221a04-e65f-46db-9ff9-ccd07fa22922
711a30d8-4cc7-4802-97d8-97a24ee1d0e5,Kimbo,75d480ee-fcf8-4a07-b3e0-02fb6e449775
98362970-3a60-479c-a4bd-2c89c27780d6,Mumias,35221a04-e65f-46db-9ff9-ccd07fa22922
58f603a8-81fb-48c2-9b1c-6b8dee8ef513,Sagana,35221a04-e65f-46db-9ff9-ccd07fa22922
6979e0e3-128d-418a-9442-853f8936bddf,Mandiana,75d480ee-fcf8-4a07-b3e0-02fb6e449775
80f6bd0c-e0a0-4fc9-8392-b1471c9c0b8f,Chiradzulu,ed49d078-a856-4e5c-8f77-e9ed917bce7d
18faa01b-896c-403a-a3ec-9719c6c5ff2f,Voi,35221a04-e65f-46db-9ff9-ccd07fa22922
c321f485-8b53-4196-9cd6-5148afa952fd,Voi,35221a04-e65f-46db-9ff9-ccd07fa22922
a25ac3cb-e738-4885-87e0-5f88c8e2d267,Hola,35221a04-e65f-46db-9ff9-ccd07fa22922
dc41b82e-01a2-4509-a761-57c978498b0a,Farim,4d0bc7bb-cbcb-4dd8-91b2-3be6b989b73d
ea5247b9-a4c7-4879-90c9-a6da7be15f88,Mwingi,35221a04-e65f-46db-9ff9-ccd07fa22922
bf7640d0-51f2-4cf4-b43e-a53d51d13eee,Garissa,35221a04-e65f-46db-9ff9-ccd07fa22922
e3aaccb9-0c8f-4249-9821-9e6ba9e19918,Webuye,35221a04-e65f-46db-9ff9-ccd07fa22922
7d34df48-e1a0-4dfe-89c8-a79e000965ad,Molo,35221a04-e65f-46db-9ff9-ccd07fa22922
8723f36a-baf5-402e-8cca-d6a319463576,Mamou,75d480ee-fcf8-4a07-b3e0-02fb6e449775
0a5a4caa-1677-4c01-89ba-1f8e7fdfe7c8,Telimele Prefecture,75d480ee-fcf8-4a07-b3e0-02fb6e449775
f255bb5b-5cad-43ba-9a80-f167d1e1773a,Kisumu,35221a04-e65f-46db-9ff9-ccd07fa22922
e2a9a2ea-8c7d-4cf6-a61f-2da8e4aa8244,Kérouané,75d480ee-fcf8-4a07-b3e0-02fb6e449775
3a4a204e-4371-4cfc-838e-92c2c016b90a,West Mamprusi,1221ca27-fa88-4fb8-85e1-30baa8d8b356
da0e3f26-b07c-438f-a320-983c6216f4ac,Balaka,ed49d078-a856-4e5c-8f77-e9ed917bce7d
da5d22e1-e088-4fa3-bf96-0c49c7df1cca,Kakamega,35221a04-e65f-46db-9ff9-ccd07fa22922
821a6698-f58d-4afe-aa4c-7400e1329639,Kipmwarer,35221a04-e65f-46db-9ff9-ccd07fa22922
f071f9ec-1cc2-47a6-9130-60b3346fabaf,Gaoual Prefecture,75d480ee-fcf8-4a07-b3e0-02fb6e449775
bc9bd727-c049-4f61-8811-4852418b92e5,Nkhata Bay,ed49d078-a856-4e5c-8f77-e9ed917bce7d
1986ce79-ab2f-4eab-a1c6-d28e75f3066d,Monkey Bay,ed49d078-a856-4e5c-8f77-e9ed917bce7d
a04ff8f2-cd30-41c4-94e5-af3da30ab7d9,Apomu,d8790626-4fcf-492d-8c36-1d0618491be2
6290a051-1829-460c-a381-f021779b0319,Bagudo,d8790626-4fcf-492d-8c36-1d0618491be2
13376ee7-3789-406b-b18c-d48cc3788005,Illéla,bfbd2b49-c557-4df4-9880-76563478ee86
a9af7814-6f2a-4001-b95e-f52f645e73ba,Chibuto,618336b2-9f30-49b9-b3d7-8672ffcbde20
53f7045b-b807-4414-8261-6488c941729e,Marracuene,618336b2-9f30-49b9-b3d7-8672ffcbde20
b0818939-d628-47ec-b6dc-d871487be064,Auna,d8790626-4fcf-492d-8c36-1d0618491be2
d2003655-8484-48c1-8510-66cd64fe04d5,Département de Mayahi,bfbd2b49-c557-4df4-9880-76563478ee86
0c96cd5a-d165-458a-803c-2a5d3adac4fa,Anka,d8790626-4fcf-492d-8c36-1d0618491be2
92701c03-e817-4b23-9fab-f1f5817de96c,Abuja,d8790626-4fcf-492d-8c36-1d0618491be2
3e51d1df-4895-4a09-902d-65541f999339,Département de Ouallam,bfbd2b49-c557-4df4-9880-76563478ee86
ccb4ecca-7db3-4774-9b28-70eaa532c8ce,Awgu,d8790626-4fcf-492d-8c36-1d0618491be2
6998e401-2de9-4f81-b7e0-4f2366ed6eee,Asaba,d8790626-4fcf-492d-8c36-1d0618491be2
ebf3af0e-8c9c-40d3-84bb-068406a101f8,Zinder,bfbd2b49-c557-4df4-9880-76563478ee86
8f7790bc-976d-466e-b5fb-af7c2dfdfc64,Département de Birni Nkonni,bfbd2b49-c557-4df4-9880-76563478ee86
5b3638dc-d7dd-4c9b-83ce-d73d9778a570,Département de Tchin-Tabaraden,bfbd2b49-c557-4df4-9880-76563478ee86
908ee710-e2da-4b34-a47a-8066025bbe23,Aguié,bfbd2b49-c557-4df4-9880-76563478ee86
9066593c-d3de-4654-82a1-e9955706f4f0,Cercle de Goundam,d49a2a89-f2b6-4d75-9d8c-ddbb7371a771
d79ab9af-53c7-469e-b914-1fd482dd0f19,Ké-Macina,d49a2a89-f2b6-4d75-9d8c-ddbb7371a771
8943cc45-bff5-4e7b-89d0-ee6cf8cd09da,Gao Cercle,d49a2a89-f2b6-4d75-9d8c-ddbb7371a771
4afc6001-64d0-4f08-ae56-85c93ab34afb,Kayes,d49a2a89-f2b6-4d75-9d8c-ddbb7371a771
7b9626c5-ef05-46c9-bf62-9637cde386d3,Maradi,bfbd2b49-c557-4df4-9880-76563478ee86
9c527807-c8a5-4902-914d-bbf9e4a21033,Apapa,d8790626-4fcf-492d-8c36-1d0618491be2
763d08e7-7eb2-48af-a40d-19c9f1b6037e,Say,bfbd2b49-c557-4df4-9880-76563478ee86
e49d0744-c737-422b-99d3-069c6f8262bc,Aku,d8790626-4fcf-492d-8c36-1d0618491be2
4b292488-e06a-4c2f-be7e-39a063cd67c9,Tillaberi Department,bfbd2b49-c557-4df4-9880-76563478ee86
5bc76390-520f-4d46-8684-88577d39ec17,Ntcheu,ed49d078-a856-4e5c-8f77-e9ed917bce7d
29460024-0151-4d1d-84c7-8caef667855b,Bamako,d49a2a89-f2b6-4d75-9d8c-ddbb7371a771
27f129cc-1c24-4cbb-9d99-374ebf0dee36,Nkhotakota District,ed49d078-a856-4e5c-8f77-e9ed917bce7d
ef592113-ee5a-4a20-af5f-b049943b660c,Babana,d8790626-4fcf-492d-8c36-1d0618491be2
8b773cb4-f989-4d73-894f-6c5c906f6cdf,Akure,d8790626-4fcf-492d-8c36-1d0618491be2
97d72941-3724-454e-b3e6-3ea6ef8245c7,Moamba,618336b2-9f30-49b9-b3d7-8672ffcbde20
e3e987b3-76b9-4b69-99b2-f0ec9d100528,Abeokuta,d8790626-4fcf-492d-8c36-1d0618491be2
4a3e2726-dc76-4d1e-af3d-6d4b89278ecb,Guidan Roumdji Department,bfbd2b49-c557-4df4-9880-76563478ee86
3b459c68-29bd-4df2-bc6e-bc9725915364,Agadez,bfbd2b49-c557-4df4-9880-76563478ee86
31653b23-f8bb-4954-8c56-0f349de8dc64,Araouane,d49a2a89-f2b6-4d75-9d8c-ddbb7371a771
bd3053ce-1716-46b5-9f69-bd138b898d7f,Concelho de Matola,618336b2-9f30-49b9-b3d7-8672ffcbde20
878e47ce-4a61-4491-896b-492f33ab5e5d,Madaoua,bfbd2b49-c557-4df4-9880-76563478ee86
9a1cb472-6a61-4dc9-a488-66fdd1aef86b,Ntossoni,d49a2a89-f2b6-4d75-9d8c-ddbb7371a771
825442f3-f7f5-48e7-bff3-656777f26254,Douentza,d49a2a89-f2b6-4d75-9d8c-ddbb7371a771
4def2164-75b0-4af5-89f8-dfef02c5c67f,Salima District,ed49d078-a856-4e5c-8f77-e9ed917bce7d
a774ebee-7648-497e-9994-1c4c4c9c9776,Phalombe District,ed49d078-a856-4e5c-8f77-e9ed917bce7d
006e65bf-2c0d-406a-9a10-5d4970c03cde,Tibiri,bfbd2b49-c557-4df4-9880-76563478ee86
2f24d3b1-d069-4e95-b5e6-76fd2a228dd7,Dire,d49a2a89-f2b6-4d75-9d8c-ddbb7371a771
cbce2061-7d83-4531-82e6-99d92d51e23d,Gaya,bfbd2b49-c557-4df4-9880-76563478ee86
6f6597c8-800a-4421-8941-7bc427add119,Chinde,618336b2-9f30-49b9-b3d7-8672ffcbde20
46db6c96-c457-4553-aa9b-2dfadd322ef6,Mwanza District,ed49d078-a856-4e5c-8f77-e9ed917bce7d
22c701e8-7610-4317-b98a-709dd3f8d57a,Ahoada,d8790626-4fcf-492d-8c36-1d0618491be2
56022d4c-8571-4f3e-b8cd-5453e39d2495,Matutiune,618336b2-9f30-49b9-b3d7-8672ffcbde20
60a59976-0544-4f37-9fcc-6b5d5ac23181,Agbor,d8790626-4fcf-492d-8c36-1d0618491be2
c72059a6-1a7b-4737-a8c1-d8458989bb58,Mulanje,ed49d078-a856-4e5c-8f77-e9ed917bce7d
0a7d3d5c-5198-431d-9b3a-abe0554b228c,Aba,d8790626-4fcf-492d-8c36-1d0618491be2
7bdf2574-a601-46cb-8866-097518fdf68e,Abalama,d8790626-4fcf-492d-8c36-1d0618491be2
5d546ec7-6596-4c03-9a3f-ac69b0c05424,Afikpo,d8790626-4fcf-492d-8c36-1d0618491be2
a22c405f-1284-4263-82a7-6f3470ca7f80,Ayorou,bfbd2b49-c557-4df4-9880-76563478ee86
1b4484ab-29be-449f-8f74-5489952446db,Bougouni,d49a2a89-f2b6-4d75-9d8c-ddbb7371a771
7cca8d76-b357-48bc-a6d9-cda0f85c086e,Awka,d8790626-4fcf-492d-8c36-1d0618491be2
299dcbe8-c268-404a-8325-3224634ce875,Abonnema,d8790626-4fcf-492d-8c36-1d0618491be2
f6cb99a2-7a15-4873-a542-e61b6b8b2fa9,Nsanje,ed49d078-a856-4e5c-8f77-e9ed917bce7d
0f7c3213-65e3-4ea8-8355-dc5cdbaddbbd,Goundam,d49a2a89-f2b6-4d75-9d8c-ddbb7371a771
a1c6a972-e134-412c-9449-0bf1c734a2a2,Ankpa,d8790626-4fcf-492d-8c36-1d0618491be2
19ed87bf-b0dd-4920-8568-baeb0dbd9359,Bouza,bfbd2b49-c557-4df4-9880-76563478ee86
681ce431-483e-4f6e-a3d0-e310bf86d830,Sokolo,d49a2a89-f2b6-4d75-9d8c-ddbb7371a771
45ea5605-be56-4d56-804b-6f515ef58708,Ado-Ekiti,d8790626-4fcf-492d-8c36-1d0618491be2
ecbffaa8-6801-44c5-bbf0-33482dbb3733,Département de Bouza,bfbd2b49-c557-4df4-9880-76563478ee86
895a8f21-af93-44f6-8b4a-c4d4c3e16e05,Abraka,d8790626-4fcf-492d-8c36-1d0618491be2
26ced07a-7864-4c78-9ae3-76ab183b9bef,Chokwé,618336b2-9f30-49b9-b3d7-8672ffcbde20
969e73c7-22c9-409f-a63c-d0dce5cde87f,Koulikoro,d49a2a89-f2b6-4d75-9d8c-ddbb7371a771
d350e797-ac87-4227-9b31-f97889458cf3,Kollo,bfbd2b49-c557-4df4-9880-76563478ee86
df7b3470-0771-4a7e-bba1-dabc2f6cfbf5,Kita,d49a2a89-f2b6-4d75-9d8c-ddbb7371a771
22dec96c-d2a2-4d31-9541-c35d2486c750,Kolokani,d49a2a89-f2b6-4d75-9d8c-ddbb7371a771
d54b7b15-4701-49a3-8e68-c3f436a0a1aa,Zomba,ed49d078-a856-4e5c-8f77-e9ed917bce7d
88bd70f9-25c4-48a8-b383-5c940fd4c57a,Boane,618336b2-9f30-49b9-b3d7-8672ffcbde20
6f113a85-4cf7-4b61-9503-8c581dd0760a,Téra,bfbd2b49-c557-4df4-9880-76563478ee86
6b6241c0-04a7-4ebf-b3cc-57a219497734,Ansongo,d49a2a89-f2b6-4d75-9d8c-ddbb7371a771
7ed419b1-78a5-4c09-a20f-f229079e9bb6,Adoru,d8790626-4fcf-492d-8c36-1d0618491be2
b9268573-44b7-443d-859c-cb5ff35f9964,Cercle d’Abeïbara,d49a2a89-f2b6-4d75-9d8c-ddbb7371a771
bd10ece2-f909-4e03-887a-1b66b80a85a8,Atani,d8790626-4fcf-492d-8c36-1d0618491be2
2fe4285d-21c3-4388-9abf-f36ee81b1b7d,Arochukwu,d8790626-4fcf-492d-8c36-1d0618491be2
6e968eb2-56c4-4ad7-8546-e91b41af27fd,Madarounfa,bfbd2b49-c557-4df4-9880-76563478ee86
d5171dfd-2b63-46f0-9016-425baf541153,Bandiagara,d49a2a89-f2b6-4d75-9d8c-ddbb7371a771
929faffd-206d-4e73-a594-e90347c872e8,Département de Loga,bfbd2b49-c557-4df4-9880-76563478ee86
f156370d-ef77-479f-a7c2-9052045bf87e,Mchinji,ed49d078-a856-4e5c-8f77-e9ed917bce7d
8a192fdb-d9b2-4a20-b31f-690dc605aaaf,Abakaliki,d8790626-4fcf-492d-8c36-1d0618491be2
bd143a84-b567-48a0-8e8b-e8a9aecf0c21,Nsanje District,ed49d078-a856-4e5c-8f77-e9ed917bce7d
fb44d1de-c36b-4700-94d5-0bf0c0b3c029,Mchinji District,ed49d078-a856-4e5c-8f77-e9ed917bce7d
c1b1d064-36f7-439c-a605-47d57376bb10,Kokofata,d49a2a89-f2b6-4d75-9d8c-ddbb7371a771
d3e8e759-2c0f-4b8c-827b-6fb9b75dbf9f,Amper,d8790626-4fcf-492d-8c36-1d0618491be2
8bc740e1-672d-4009-aea2-0886a1560d85,Matamey,bfbd2b49-c557-4df4-9880-76563478ee86
cf39e98f-794e-4a94-b624-c622943f2592,Mutuáli,618336b2-9f30-49b9-b3d7-8672ffcbde20
47b9dd74-e2e0-4ea7-bce6-a06e00ff287b,Nhamatanda,618336b2-9f30-49b9-b3d7-8672ffcbde20
377f6e81-fa14-41f2-a3e7-de4fc764d81f,Amassoma,d8790626-4fcf-492d-8c36-1d0618491be2
807c58b9-e141-43de-8390-65ce143c26eb,Mzuzu,ed49d078-a856-4e5c-8f77-e9ed917bce7d
6e102487-db46-417a-aece-a533a8981897,Machinga District,ed49d078-a856-4e5c-8f77-e9ed917bce7d
64bd12e4-69fa-4b24-82da-850bca90cacb,Mandimba,618336b2-9f30-49b9-b3d7-8672ffcbde20
dfdebdaf-c173-4765-9924-59d8d8d3d7b3,Gouré,bfbd2b49-c557-4df4-9880-76563478ee86
1804e08f-0136-493e-8ea1-62281a23ceaa,Chimoio,618336b2-9f30-49b9-b3d7-8672ffcbde20
e16c11a7-b38d-4d24-9262-ae44a342e2be,Ntchisi,ed49d078-a856-4e5c-8f77-e9ed917bce7d
1b7d7d02-c245-4568-ba35-4c90b8a017be,António Enes,618336b2-9f30-49b9-b3d7-8672ffcbde20
574cfd69-e47d-42c2-9271-5c246a825d1b,Thyolo District,ed49d078-a856-4e5c-8f77-e9ed917bce7d
a57641f5-2bb8-41d1-9e59-a4b27b4f047a,Cuamba,618336b2-9f30-49b9-b3d7-8672ffcbde20
75b3fdd5-7914-4b5f-a190-1e754d090e12,Balleyara,bfbd2b49-c557-4df4-9880-76563478ee86
cfebe553-f913-4893-a32f-f9e28d860064,Maputo,618336b2-9f30-49b9-b3d7-8672ffcbde20
b8e45b06-ca40-4aef-a334-3fd8dc6f3ca8,Koutiala Cercle,d49a2a89-f2b6-4d75-9d8c-ddbb7371a771
b98492ec-32e9-4741-9601-3c95213df4e3,Magude,618336b2-9f30-49b9-b3d7-8672ffcbde20
a7ebcb69-4f7c-4d56-9f2b-ef83e1ce98e6,Alaghsas,bfbd2b49-c557-4df4-9880-76563478ee86
deabdc96-f204-4015-88f6-d72cc4c6b49a,Abocho,d8790626-4fcf-492d-8c36-1d0618491be2
6abb2317-8632-4672-a4e1-01c7235d1c56,Département de Dogondoutchi,bfbd2b49-c557-4df4-9880-76563478ee86
253edc7e-e7a9-47a7-8a72-e215e3532305,Mzimba District,ed49d078-a856-4e5c-8f77-e9ed917bce7d
a9942fd1-2bb7-4a60-80ab-fe6d9181ecd6,Amuwo-Odofin,d8790626-4fcf-492d-8c36-1d0618491be2
e8b8465b-8452-4368-9353-51f4c7b384f8,Aramoko-Ekiti,d8790626-4fcf-492d-8c36-1d0618491be2
e3be35d0-9da1-4623-8add-d6f94481e94b,Département de Nguigmi,bfbd2b49-c557-4df4-9880-76563478ee86
81d963f4-907f-423e-a86b-1bd384915166,Abule Egba,d8790626-4fcf-492d-8c36-1d0618491be2
e336aaf1-0843-40a1-95f7-8a702526d981,Argungu,d8790626-4fcf-492d-8c36-1d0618491be2
b5ca7fcc-501e-429b-8e43-428827eb7201,Alapa,d8790626-4fcf-492d-8c36-1d0618491be2
87ead90d-d563-4f18-b496-fcee491390d2,Gao,d49a2a89-f2b6-4d75-9d8c-ddbb7371a771
c950be3e-2e73-412b-93c1-233914db57f4,Xai-Xai,618336b2-9f30-49b9-b3d7-8672ffcbde20
17ea2f18-dde1-4243-9676-30b83bafc4ec,Rumphi,ed49d078-a856-4e5c-8f77-e9ed917bce7d
f9a67d83-e269-4f02-9c65-46fce866235c,Cercle de Bourem,d49a2a89-f2b6-4d75-9d8c-ddbb7371a771
3d5bd93b-9aa5-4fd7-af22-8ca5221178b8,Magaria,bfbd2b49-c557-4df4-9880-76563478ee86
dd1c8ab5-d5af-44d4-85af-12e40aae677b,Ségou,d49a2a89-f2b6-4d75-9d8c-ddbb7371a771
36b2d5c5-e2c5-43c7-a873-e58e8f82c532,Inékar,d49a2a89-f2b6-4d75-9d8c-ddbb7371a771
b5cfed37-a721-44c7-9964-cdb7073a988b,Montepuez,618336b2-9f30-49b9-b3d7-8672ffcbde20
f595fabc-9faf-4f7f-9727-7f2be81786bb,Lichinga,618336b2-9f30-49b9-b3d7-8672ffcbde20
84369b59-12cc-4062-bba9-25a6a7ae7d20,Ago Are,d8790626-4fcf-492d-8c36-1d0618491be2
e6dbce1c-df8b-4a5d-b5da-c4f2dd14cd3a,Département de Keïta,bfbd2b49-c557-4df4-9880-76563478ee86
ac552d9d-9505-468b-a9f2-5791fdd362ea,Boboye Department,bfbd2b49-c557-4df4-9880-76563478ee86
0c38a654-fa2e-4cee-8232-83da5e3bc5f5,Ake-Eze,d8790626-4fcf-492d-8c36-1d0618491be2
b5fd600e-5616-415e-bc24-f60c21091a96,Département de Maïné-Soroa,bfbd2b49-c557-4df4-9880-76563478ee86
b5156b2c-e289-46b2-9d20-84ce52a943a3,Agege,d8790626-4fcf-492d-8c36-1d0618491be2
ab067834-63c2-4ca1-9534-1a7cae79fac2,Matola,618336b2-9f30-49b9-b3d7-8672ffcbde20
9e5fd7b7-c662-4be0-ae51-4a4d56cb9a3c,San,d49a2a89-f2b6-4d75-9d8c-ddbb7371a771
0a3adad6-9367-4309-9b1c-0fcf8cf54de7,Dosso,bfbd2b49-c557-4df4-9880-76563478ee86
17122704-61a3-4bd4-8ab9-bf7d953fde11,Tchintabaraden,bfbd2b49-c557-4df4-9880-76563478ee86
560a66c9-d90d-498a-a98c-18a23dab11bb,Alto Molócuè,618336b2-9f30-49b9-b3d7-8672ffcbde20
f72cb929-ed0b-405e-a0a6-6a7049dc98a6,Babura,d8790626-4fcf-492d-8c36-1d0618491be2
977f5d45-bce4-4fbd-8bb6-6bfd537592ac,Niamey,bfbd2b49-c557-4df4-9880-76563478ee86
b324f70e-bbf5-450a-8cc1-287fdf4b1025,Namaacha,618336b2-9f30-49b9-b3d7-8672ffcbde20
ee618e80-9fed-4fb4-ac1c-564bca46b1e6,Tanout,bfbd2b49-c557-4df4-9880-76563478ee86
b4ed5aee-7609-4629-9662-8cd0efb850d0,Tessaoua,bfbd2b49-c557-4df4-9880-76563478ee86
16cd3695-6897-4f6b-8dc4-0a78c3cd263b,Ressano Garcia,618336b2-9f30-49b9-b3d7-8672ffcbde20
7f31e35f-ad2f-4aac-ad18-41c5beeef5b8,Timbuktu,d49a2a89-f2b6-4d75-9d8c-ddbb7371a771
07cc2c69-b229-46ab-80e5-0c9a567a6866,Agenebode,d8790626-4fcf-492d-8c36-1d0618491be2
f67d0efc-d88c-4b96-9b00-05b6bd920e40,Ajasse Ipo,d8790626-4fcf-492d-8c36-1d0618491be2
b1ec2fb3-9eef-411e-b3fc-2fceb0970fc3,Maïné Soroa,bfbd2b49-c557-4df4-9880-76563478ee86
f05ad5d9-2d09-40cb-90c1-90155a19eb03,Kinmparana,d49a2a89-f2b6-4d75-9d8c-ddbb7371a771
597637a6-206d-465e-aef9-a1702059fd35,Ntcheu District,ed49d078-a856-4e5c-8f77-e9ed917bce7d
6619b77c-1300-4471-bcd2-4de098f625fc,Niafunké,d49a2a89-f2b6-4d75-9d8c-ddbb7371a771
e36c57e3-422b-4200-8e23-74c0959313f5,Agbabu,d8790626-4fcf-492d-8c36-1d0618491be2
c9fc6156-5476-47c6-b7a4-8e06ca663646,Kollo Department,bfbd2b49-c557-4df4-9880-76563478ee86
c24b0091-3d0f-4f07-8992-12622fe607d9,Mocímboa,618336b2-9f30-49b9-b3d7-8672ffcbde20
0b7bad20-4c03-416e-9f77-981a47e81c09,Amagunze,d8790626-4fcf-492d-8c36-1d0618491be2
d4a4dfab-5efd-4adb-889f-57e24dad212c,Département de Dosso,bfbd2b49-c557-4df4-9880-76563478ee86
20c0a1f8-939a-4b50-9f5b-b03fdf1e8957,Amaigbo,d8790626-4fcf-492d-8c36-1d0618491be2
78f31022-dcc1-4254-80c0-c4996d6857e9,Cercle de San,d49a2a89-f2b6-4d75-9d8c-ddbb7371a771
1bb611d2-821b-4c26-8d99-67fd9bf2cc06,Diffa,bfbd2b49-c557-4df4-9880-76563478ee86
bc3de8a2-05e5-47bb-bfa5-13b2902167cc,Département d’Aguié,bfbd2b49-c557-4df4-9880-76563478ee86
3147127c-c94e-4eaa-9538-cd9c731af56a,Dakoro,bfbd2b49-c557-4df4-9880-76563478ee86
9e205779-86e6-48f8-b0cf-0106d7fd3dc6,Kidal,d49a2a89-f2b6-4d75-9d8c-ddbb7371a771
5ce03c12-504f-4e0b-a3aa-2a6a89d2321c,Mangochi,ed49d078-a856-4e5c-8f77-e9ed917bce7d
fa87dd10-7b4a-4826-81c8-4ea26e325898,Mzimba,ed49d078-a856-4e5c-8f77-e9ed917bce7d
5d7257f5-62f3-47eb-bcf3-7b2de286b7cc,Mulanje District,ed49d078-a856-4e5c-8f77-e9ed917bce7d
4bf762b3-958c-4366-ab03-35491f201576,Machinga,ed49d078-a856-4e5c-8f77-e9ed917bce7d
4f06e5c9-8d0e-4209-98a3-50b548afd876,Manhica,618336b2-9f30-49b9-b3d7-8672ffcbde20
4a9a98bb-26e1-40ed-8383-250bb21f285d,Mangochi District,ed49d078-a856-4e5c-8f77-e9ed917bce7d
4705ff38-edb9-4982-ae19-dab850c6eeaf,Gourma-Rharous Cercle,d49a2a89-f2b6-4d75-9d8c-ddbb7371a771
cb575f2a-4c0c-4ce9-bec8-5aa471d2d839,Arlit,bfbd2b49-c557-4df4-9880-76563478ee86
68d528e0-3334-4f8b-b3f2-bcf9d4dfca11,Mirriah,bfbd2b49-c557-4df4-9880-76563478ee86
a3a24f9c-de27-4e2d-aa76-2a0c1e30250b,KaTembe,618336b2-9f30-49b9-b3d7-8672ffcbde20
ddde0bb2-84b9-455b-9510-c67f10482c45,Nkhotakota,ed49d078-a856-4e5c-8f77-e9ed917bce7d
a877ac6c-9113-47eb-ba1f-2f63f4775e25,Mwanza,ed49d078-a856-4e5c-8f77-e9ed917bce7d
9fbf79d9-0a71-4e4d-8c39-52dccbb82465,Nguigmi,bfbd2b49-c557-4df4-9880-76563478ee86
9e7bdb75-2cc5-457e-b9aa-e30de6aa6124,Abalak,bfbd2b49-c557-4df4-9880-76563478ee86
30640aa3-5ee9-4aa4-a617-96f5ada8507a,Badeggi,d8790626-4fcf-492d-8c36-1d0618491be2
c5faf21a-edbd-42cf-91b3-10337d03f915,Abeïbara,d49a2a89-f2b6-4d75-9d8c-ddbb7371a771
7746a01c-a99e-417e-92c2-42df1305a356,Rumphi District,ed49d078-a856-4e5c-8f77-e9ed917bce7d
54f3e62d-c861-4b21-9914-d92e3e0d29c6,Tillabéri,bfbd2b49-c557-4df4-9880-76563478ee86
07d1a014-783f-4cd5-b3ae-fa7212727728,Abak,d8790626-4fcf-492d-8c36-1d0618491be2
62171e16-bef5-48e0-98fb-45cedbff8639,Akankpa,d8790626-4fcf-492d-8c36-1d0618491be2
fe7d7855-f350-4da1-aa1e-adf4934bcf53,Département d' Illéla,bfbd2b49-c557-4df4-9880-76563478ee86
d8c31a74-cfad-4d55-9fba-9180316bbf0c,Inhambane,618336b2-9f30-49b9-b3d7-8672ffcbde20
bca01249-4224-4de8-90ba-73d8e940076c,Département de Tchirozérine,bfbd2b49-c557-4df4-9880-76563478ee86
c8d35fc4-a2b4-4be3-aae7-65a2b92dc6ad,Birni N Konni,bfbd2b49-c557-4df4-9880-76563478ee86
e055c540-48fb-4367-b076-6fccb84626ac,Nkhata Bay District,ed49d078-a856-4e5c-8f77-e9ed917bce7d
48c408ef-e8a9-4237-a14d-aa694c9df47f,Pemba,618336b2-9f30-49b9-b3d7-8672ffcbde20
15e11f4b-bf3c-4c7e-ac5d-ccf6827d9d95,Macia,618336b2-9f30-49b9-b3d7-8672ffcbde20
cb6c839d-eef4-4e90-9603-8e293af8ec99,Koutiala,d49a2a89-f2b6-4d75-9d8c-ddbb7371a771
a496fb17-a6be-448e-a093-f3045039e6e7,Dondo,618336b2-9f30-49b9-b3d7-8672ffcbde20
336a5a9e-f4c4-4d6d-850d-cb871d882406,Agulu,d8790626-4fcf-492d-8c36-1d0618491be2
28e6e3f4-d6d1-4cf8-b774-ac0b184ae72e,Département de Tânout,bfbd2b49-c557-4df4-9880-76563478ee86
6a62b6b4-68bd-4403-acb8-562f19ab0cae,Alimosho,d8790626-4fcf-492d-8c36-1d0618491be2
e86bc9b5-282e-466d-a770-aae2fa3ff64d,Kolondiéba,d49a2a89-f2b6-4d75-9d8c-ddbb7371a771
b7776578-5a6d-4203-b4f8-2e97b9706723,Beira,618336b2-9f30-49b9-b3d7-8672ffcbde20
026f42cd-3372-4dfc-ba10-de4b9fbfa795,Département de Diffa,bfbd2b49-c557-4df4-9880-76563478ee86
3ab8d157-7b48-4459-b20a-139bd0766990,Bafoulabé,d49a2a89-f2b6-4d75-9d8c-ddbb7371a771
2000294b-3c71-4963-90d1-b7fed881ef66,Asokoro,d8790626-4fcf-492d-8c36-1d0618491be2
7fb1f44f-aa98-4608-8e97-c013aabf2487,Neno,ed49d078-a856-4e5c-8f77-e9ed917bce7d
d1d58aca-5c3b-4a43-96bf-b4a1dce657e6,Département de Madaoua,bfbd2b49-c557-4df4-9880-76563478ee86
893ece85-3ce1-4aad-8266-62ff3fa699ad,Azare,d8790626-4fcf-492d-8c36-1d0618491be2
ce81a3ff-bb72-4692-bd60-06f69507a4f9,Douentza Cercle,d49a2a89-f2b6-4d75-9d8c-ddbb7371a771
696c0b0f-d2b2-4f1e-b9ef-e4735da2494b,Département de Say,bfbd2b49-c557-4df4-9880-76563478ee86
8434b365-8fd7-4677-adbf-f3f6e7708d75,Kati,d49a2a89-f2b6-4d75-9d8c-ddbb7371a771
01e7d7ce-1f0d-4e22-bac9-659b36001971,Badagry,d8790626-4fcf-492d-8c36-1d0618491be2
c518901d-a395-4ed4-92fb-42b6f21c8ee4,Anchau,d8790626-4fcf-492d-8c36-1d0618491be2
c41ed98e-ff88-4a30-bf18-55748a4d2823,Nampula,618336b2-9f30-49b9-b3d7-8672ffcbde20
1679819c-8180-42d4-a98c-05581586ce77,Mayahi,bfbd2b49-c557-4df4-9880-76563478ee86
7eff58ef-8459-482e-8922-cc8091544828,Département de Kantché,bfbd2b49-c557-4df4-9880-76563478ee86
8868121f-74de-4a4e-a47d-7adf4bb29816,Keïta,bfbd2b49-c557-4df4-9880-76563478ee86
27739328-7dd2-49f8-a852-4d2120b0d55f,Département de Tahoua,bfbd2b49-c557-4df4-9880-76563478ee86
afed0d13-877c-41fb-a9ec-9e703a8f570d,Tete,618336b2-9f30-49b9-b3d7-8672ffcbde20
c504f96c-1b18-43e1-bcc7-dbcf0e0745d4,Yorosso,d49a2a89-f2b6-4d75-9d8c-ddbb7371a771
fa0a7401-d504-4091-981e-bb1c5f9e91e4,Nacala,618336b2-9f30-49b9-b3d7-8672ffcbde20
96b8b2f0-dd10-431f-b495-99e74c9f0a42,Ntchisi District,ed49d078-a856-4e5c-8f77-e9ed917bce7d
fc7afdfe-d999-48a5-9580-7abfc9f7e2e8,Phalombe,ed49d078-a856-4e5c-8f77-e9ed917bce7d
e266ab33-b327-4092-861e-7ada7fc9356c,Département de Tessaoua,bfbd2b49-c557-4df4-9880-76563478ee86
70d2ae24-e893-4b2f-9993-b3c68ef812ab,Sikasso,d49a2a89-f2b6-4d75-9d8c-ddbb7371a771
dc87f67f-59c9-48c5-aed9-9431f08dc00e,Salima,ed49d078-a856-4e5c-8f77-e9ed917bce7d
8d4b6a8f-dd6f-4f60-8a39-b376fdb19798,Mponela,ed49d078-a856-4e5c-8f77-e9ed917bce7d
50349ad3-a456-43f0-baf1-34abf169cd85,Département de Bilma,bfbd2b49-c557-4df4-9880-76563478ee86
869d5995-8436-41a0-aa65-31ff27d41cd1,Aliade,d8790626-4fcf-492d-8c36-1d0618491be2
06427176-22b6-41c4-b023-c7b129ad4c22,Thyolo,ed49d078-a856-4e5c-8f77-e9ed917bce7d
35294820-4d2d-42dd-b7ba-f965dc8c8377,Filingué,bfbd2b49-c557-4df4-9880-76563478ee86
c91b9db8-4911-48ad-b1b6-2b8d2c8bc3af,Département de Gouré,bfbd2b49-c557-4df4-9880-76563478ee86
f71c5c0f-d7cb-4d54-aac5-034162fb0a9f,Tahoua,bfbd2b49-c557-4df4-9880-76563478ee86
e2a23e31-fe6d-441a-913a-eecb07f4848e,Akko,d8790626-4fcf-492d-8c36-1d0618491be2
82be4747-105a-45c6-b11e-b1df01d1a791,Quelimane,618336b2-9f30-49b9-b3d7-8672ffcbde20
b208357a-a73d-4ae0-89e0-39ff777d418b,Zomba District,ed49d078-a856-4e5c-8f77-e9ed917bce7d
63dd8191-6e5f-436d-a25a-247c7caa3a29,Baroueli,d49a2a89-f2b6-4d75-9d8c-ddbb7371a771
98675265-37d6-45f2-8a5c-ae03bf109238,Djénné,d49a2a89-f2b6-4d75-9d8c-ddbb7371a771
3cabd1e8-b652-4536-a33f-fb694d68aad5,Maxixe,618336b2-9f30-49b9-b3d7-8672ffcbde20
15f3b331-4656-4e55-ab84-a14548e5ac90,Banamba,d49a2a89-f2b6-4d75-9d8c-ddbb7371a771
bd103ab5-232c-48cf-a577-b4fef87e205c,Ilha de Moçambique,618336b2-9f30-49b9-b3d7-8672ffcbde20
e011ecb6-d0b4-4aa7-b4a6-261a999e5b17,Kangaba,d49a2a89-f2b6-4d75-9d8c-ddbb7371a771
418c83f9-6ee1-4c3a-9851-c55ff2ccc8ad,Ado Odo,d8790626-4fcf-492d-8c36-1d0618491be2
30a08e81-e2af-45ab-835a-8be3d76791c1,Auchi,d8790626-4fcf-492d-8c36-1d0618491be2
50936ad6-e444-4761-badc-d1da22ab06ad,Mopti,d49a2a89-f2b6-4d75-9d8c-ddbb7371a771
fe0fb438-f362-4e09-a0b0-8ee6eaa3ea8e,Bilma,bfbd2b49-c557-4df4-9880-76563478ee86
764c63fa-99ab-4bb6-9dc3-b2d13ec589f2,Chiure,618336b2-9f30-49b9-b3d7-8672ffcbde20
46136ce5-69dd-4f0c-a345-42eaf58bb52e,Markala,d49a2a89-f2b6-4d75-9d8c-ddbb7371a771
13a00e16-f3e8-4462-8dcd-f82e166dee6a,Sagalo,d49a2a89-f2b6-4d75-9d8c-ddbb7371a771
434f55bd-0077-4c03-9171-0c88f23913d9,Département de Dakoro,bfbd2b49-c557-4df4-9880-76563478ee86
67e873ca-450c-499d-bb24-81d2faef2e91,Tera Department,bfbd2b49-c557-4df4-9880-76563478ee86
38be5abc-7387-4aa2-a8fb-c0b8f32865b3,Département de Gaya,bfbd2b49-c557-4df4-9880-76563478ee86
a0fb8629-ba5e-4cf3-8e5b-f9553b3965f6,Département de Filingué,bfbd2b49-c557-4df4-9880-76563478ee86
d112dafd-0bbe-4d08-86b1-7d5664762073,Adani,d8790626-4fcf-492d-8c36-1d0618491be2
f5234db8-f1e8-4aab-a64a-ab60cd46b188,Dogondoutchi,bfbd2b49-c557-4df4-9880-76563478ee86
a083036f-edfb-432c-8b6b-24aff68efca3,Ténenkou,d49a2a89-f2b6-4d75-9d8c-ddbb7371a771
fce6c453-b30f-4b18-82cb-9a99b3abd713,Baissa,d8790626-4fcf-492d-8c36-1d0618491be2
542cb438-18bd-47d2-be50-254962ea388d,Ouallam,bfbd2b49-c557-4df4-9880-76563478ee86
69bd6500-8f42-4d2b-be95-24b8ce17f302,Ifako-Ijaiye,d8790626-4fcf-492d-8c36-1d0618491be2
21511b3d-e851-4451-92db-4b85c3962297,Kontagora,d8790626-4fcf-492d-8c36-1d0618491be2
921914a1-97a1-45af-894f-ffc50c0a08fb,Epe,d8790626-4fcf-492d-8c36-1d0618491be2
54328a13-fb77-4788-b7ea-ee9a0268d2dc,Ikem,d8790626-4fcf-492d-8c36-1d0618491be2
16b74cc2-2db0-4d9f-8cda-83357b317005,Ibeto,d8790626-4fcf-492d-8c36-1d0618491be2
1ca4e9f8-23fb-4e03-9ded-d364cacdab5f,Konkwesso,d8790626-4fcf-492d-8c36-1d0618491be2
f368a1dc-7ec7-486b-8806-ad4682f4f7ef,Dengi,d8790626-4fcf-492d-8c36-1d0618491be2
e7b9b7d0-c5bb-4e31-ae3c-d1b1037b41f0,Koton-Karfe,d8790626-4fcf-492d-8c36-1d0618491be2
82b869fe-e48d-45c2-b341-a0018493de14,Garko,d8790626-4fcf-492d-8c36-1d0618491be2
5d2018fe-a875-40a9-bfe7-1b12cd48b6fc,Daura,d8790626-4fcf-492d-8c36-1d0618491be2
90698138-9ece-44fc-ba5f-bda5c2c06866,Bauchi,d8790626-4fcf-492d-8c36-1d0618491be2
a7d13036-9f3c-4b64-bab0-1b14360602c8,Eastern Obolo,d8790626-4fcf-492d-8c36-1d0618491be2
b7a9f28e-42f9-45c9-8a49-9c58fa2d360c,Ikono,d8790626-4fcf-492d-8c36-1d0618491be2
98f44548-3703-48e4-b0c1-afd7ab17f74f,Idah,d8790626-4fcf-492d-8c36-1d0618491be2
87ad7d03-c1ff-4de4-bb74-be8ba4f079ef,Ilaro,d8790626-4fcf-492d-8c36-1d0618491be2
1603d210-6071-4c9a-9883-fde6368c5030,Iwo,d8790626-4fcf-492d-8c36-1d0618491be2
57866833-0e7a-4574-829b-cd6c2b57efdf,Geidam,d8790626-4fcf-492d-8c36-1d0618491be2
e0b483c0-ea6b-425f-b58c-166cb178e5b1,Ikire,d8790626-4fcf-492d-8c36-1d0618491be2
ae40c04f-9cce-4683-864c-d17fdf0f1a4f,Ijebu-Ode,d8790626-4fcf-492d-8c36-1d0618491be2
f6c36799-aafe-46b0-9177-dd3e0c515bd7,Ise-Ekiti,d8790626-4fcf-492d-8c36-1d0618491be2
2dd08d9e-f671-47cb-b678-c0e9fdbd5ccc,Igarra,d8790626-4fcf-492d-8c36-1d0618491be2
1fe64f93-f3ff-4c0e-8e6e-eee276be3d66,Katsina,d8790626-4fcf-492d-8c36-1d0618491be2
07402d79-cfbd-4753-8da1-cbc0171b442e,Icheu,d8790626-4fcf-492d-8c36-1d0618491be2
edac3438-2fd9-4d27-9bd9-29f3dd428603,Gwagwalada,d8790626-4fcf-492d-8c36-1d0618491be2
4220b466-dca5-4db0-a787-bcbafc95b174,Darazo,d8790626-4fcf-492d-8c36-1d0618491be2
2eefbe5b-4367-4ccb-b74d-febedf14689f,Illushi,d8790626-4fcf-492d-8c36-1d0618491be2
1ffe6f7f-aeba-410d-9f17-accc0ed7d476,Dan Gora,d8790626-4fcf-492d-8c36-1d0618491be2
a106ecfd-f1b1-407f-8dc4-7ff2c3927a2e,Gummi,d8790626-4fcf-492d-8c36-1d0618491be2
1a2bccce-c2ab-4e54-b624-8e0a0aae3c63,Jos,d8790626-4fcf-492d-8c36-1d0618491be2
2d6edee3-647c-4e20-81d4-4eca89649a39,Idanre,d8790626-4fcf-492d-8c36-1d0618491be2
5d8bda4a-0ea6-4fe5-a9b5-97e966200843,Etinan,d8790626-4fcf-492d-8c36-1d0618491be2
96039d8f-e950-4a58-bc80-d078dd413cb1,Bomadi,d8790626-4fcf-492d-8c36-1d0618491be2
9f95f370-fd34-4a8c-83dc-5b66e043216c,Ijora,d8790626-4fcf-492d-8c36-1d0618491be2
aaf9a067-4141-4c53-b95b-4423c9fe7857,Dakingari,d8790626-4fcf-492d-8c36-1d0618491be2
6a9d0977-f2be-46c2-91a3-4fd4bf853bcf,Dange,d8790626-4fcf-492d-8c36-1d0618491be2
1a8e2ea8-589f-4f88-a13a-8804ad01dfec,Gagarawa,d8790626-4fcf-492d-8c36-1d0618491be2
2aee6280-6da4-4fce-89cf-8963851b2731,Igbeti,d8790626-4fcf-492d-8c36-1d0618491be2
d2410201-a259-4035-8da5-871e0b80293b,Benin City,d8790626-4fcf-492d-8c36-1d0618491be2
363cf05d-cdf5-402a-af06-26f295c39ecc,Emure-Ekiti,d8790626-4fcf-492d-8c36-1d0618491be2
3319c7db-f1e2-4ff9-a483-dc2c98f1c954,Damasak,d8790626-4fcf-492d-8c36-1d0618491be2
c25d16e3-7713-45eb-925f-1b8363d1d974,Gandi,d8790626-4fcf-492d-8c36-1d0618491be2
09a7b923-ffa3-4b16-8d11-2e84c65deef6,Kafanchan,d8790626-4fcf-492d-8c36-1d0618491be2
ec0ae1d3-985e-4b07-9951-d7e0c0098edf,Kurunduma,d8790626-4fcf-492d-8c36-1d0618491be2
a6f84ca4-0d39-4e70-b496-d87855bb8397,Isheri-Olofin,d8790626-4fcf-492d-8c36-1d0618491be2
442b95ce-25e4-4c77-8d73-c0cd065f10c2,Hunkuyi,d8790626-4fcf-492d-8c36-1d0618491be2
9ca8abb3-4fbe-4f82-99b1-240494bd5559,Kubwa,d8790626-4fcf-492d-8c36-1d0618491be2
710c4df9-1275-42db-9cba-3df9817f2dbf,Ifo,d8790626-4fcf-492d-8c36-1d0618491be2
0296d305-bcae-423f-960e-bc06ec90657e,Gboko,d8790626-4fcf-492d-8c36-1d0618491be2
80b29887-5c0d-4b9e-a850-ffd4df3c62a1,Jimeta,d8790626-4fcf-492d-8c36-1d0618491be2
d7b80e31-e804-4f91-8133-e17d7f3afc63,Bin Yauri,d8790626-4fcf-492d-8c36-1d0618491be2
06e0172f-87d5-4264-8aab-56680a7338a4,Dankalwa,d8790626-4fcf-492d-8c36-1d0618491be2
dbf80afb-4b5f-4c20-bbd1-514dbdfddb65,Dapchi,d8790626-4fcf-492d-8c36-1d0618491be2
3e93d3ed-35ba-4e8e-901b-262c32f4318d,Ijero-Ekiti,d8790626-4fcf-492d-8c36-1d0618491be2
08f7770a-1303-4202-9277-db6cb2a48a99,Ebute Metta,d8790626-4fcf-492d-8c36-1d0618491be2
7d0ac95c-203a-4f9a-a581-0ac509b27277,Jikwoyi,d8790626-4fcf-492d-8c36-1d0618491be2
1a04949b-9548-419c-98c3-4c323af808e2,Ipoti,d8790626-4fcf-492d-8c36-1d0618491be2
6b931fdb-6a94-4b8f-b288-2749c462b414,Lajere,d8790626-4fcf-492d-8c36-1d0618491be2
951f66d2-0eb0-464e-a613-938f96d6f286,Kusheriki,d8790626-4fcf-492d-8c36-1d0618491be2
e8be2f09-bbb9-4f75-9160-08e894d9ed10,Gombi,d8790626-4fcf-492d-8c36-1d0618491be2
34f47d1f-4ca0-4e81-b5f7-b822a9de4989,Kano,d8790626-4fcf-492d-8c36-1d0618491be2
0b0e7b06-1482-4cc8-ad67-268dc4b34096,Effium,d8790626-4fcf-492d-8c36-1d0618491be2
0e98bc05-9908-4b47-98cb-89a8f597b65e,Kumo,d8790626-4fcf-492d-8c36-1d0618491be2
c72216e4-e6c5-437b-86d6-814cfeb2919a,Kaura Namoda,d8790626-4fcf-492d-8c36-1d0618491be2
82546bd9-4514-4581-82a4-84a6bd6fa72a,Binji,d8790626-4fcf-492d-8c36-1d0618491be2
1cda39c3-d0ac-4c7b-af02-74d2d141140c,Igbo-Ora,d8790626-4fcf-492d-8c36-1d0618491be2
bb7df943-e9df-4fdb-b171-b6da6c7d815c,Gamboru,d8790626-4fcf-492d-8c36-1d0618491be2
d522f700-22df-46a4-87bf-a6ad38f4ca77,Kabba,d8790626-4fcf-492d-8c36-1d0618491be2
96201a03-2b37-446a-94c7-0be0021a5788,Ikeja,d8790626-4fcf-492d-8c36-1d0618491be2
54374206-bfe7-43e0-b05c-5f50e7ba4be4,Ejigbo,d8790626-4fcf-492d-8c36-1d0618491be2
a620a0b6-5753-4c50-adfb-f06990884f83,Goronyo,d8790626-4fcf-492d-8c36-1d0618491be2
4e1a0c44-73d8-4dc1-a344-b4ba59e24d27,Duku,d8790626-4fcf-492d-8c36-1d0618491be2
acf3b342-26df-48d0-b679-bab6c42290a8,Elele,d8790626-4fcf-492d-8c36-1d0618491be2
ca309667-3d24-4c26-be7c-6ec3c745c83e,Ipaja,d8790626-4fcf-492d-8c36-1d0618491be2
52d23f2f-54b8-4ef5-a94c-4980fa2bc8f1,Chokocho,d8790626-4fcf-492d-8c36-1d0618491be2
7103ce20-87e3-437b-80f4-209f9df96dbb,Kaltungo,d8790626-4fcf-492d-8c36-1d0618491be2
8b0ed82a-dcf8-4d26-b112-63e8f6fd20d7,Doma,d8790626-4fcf-492d-8c36-1d0618491be2
e49550cf-8368-4293-8b62-ec5b0adb9f4c,Ilare,d8790626-4fcf-492d-8c36-1d0618491be2
77cb8b77-a828-453b-8241-9d5526dcc9b2,Esuk Oron,d8790626-4fcf-492d-8c36-1d0618491be2
9842a360-96d5-4c7a-913a-8acd947addbc,Dikwa,d8790626-4fcf-492d-8c36-1d0618491be2
148b56b4-6c02-40a2-a5a8-69239661cd30,Igboho,d8790626-4fcf-492d-8c36-1d0618491be2
8a00b2a3-6933-4bd6-9ae5-0dde12c30c23,Efon-Alaaye,d8790626-4fcf-492d-8c36-1d0618491be2
4618efcb-eeba-4338-88e9-23233b068a40,Buguma,d8790626-4fcf-492d-8c36-1d0618491be2
58c01b72-1411-4902-be40-0befcfa0051b,Kafin Hausa,d8790626-4fcf-492d-8c36-1d0618491be2
b57df2c4-4420-4715-9a74-8d219930bbcc,Ikere-Ekiti,d8790626-4fcf-492d-8c36-1d0618491be2
cae6d4d1-218d-4527-a17b-951a9d845c49,Dekina,d8790626-4fcf-492d-8c36-1d0618491be2
e8a56ed5-22ea-4dbc-9f11-1f13f27fc282,Lalupon,d8790626-4fcf-492d-8c36-1d0618491be2
b75df2fb-b7a0-450c-a7d6-47addffef9b3,Hinna,d8790626-4fcf-492d-8c36-1d0618491be2
3dd58ed8-5c09-4b66-98d8-dc6441fb6242,Ilobu,d8790626-4fcf-492d-8c36-1d0618491be2
5557f161-ab54-43b9-a436-b593fa974d77,Kari,d8790626-4fcf-492d-8c36-1d0618491be2
a8126e50-c778-4707-9635-8dda9b08e0e8,Burutu,d8790626-4fcf-492d-8c36-1d0618491be2
5c2b7a92-947c-4357-80ea-80ec1f7afa75,Ejirin,d8790626-4fcf-492d-8c36-1d0618491be2
5cb471d6-84ca-49e9-b207-705886e9daee,Kwolla,d8790626-4fcf-492d-8c36-1d0618491be2
b2419299-d1c1-4795-9ade-4d4ba1f82731,Ile-Ife,d8790626-4fcf-492d-8c36-1d0618491be2
c69f549d-bdb8-4591-ac01-6bfc9b259ba3,Kuta,d8790626-4fcf-492d-8c36-1d0618491be2
85fdff4e-b2c2-4fc5-bc63-ec2af860dee7,Ikang,d8790626-4fcf-492d-8c36-1d0618491be2
9126c235-6b01-4b6d-9773-855f0f3dd2cb,Ijebu-Ife,d8790626-4fcf-492d-8c36-1d0618491be2
97222159-2e26-4037-8505-606b80d447e5,Gombe,d8790626-4fcf-492d-8c36-1d0618491be2
ababeef0-1334-4108-bea3-39d706ebb60c,Kujama,d8790626-4fcf-492d-8c36-1d0618491be2
0d25eeee-e59e-4a0c-82ec-75b1f6901171,Ika,d8790626-4fcf-492d-8c36-1d0618491be2
1897ff1a-b485-406d-a424-eead85f12376,Bende,d8790626-4fcf-492d-8c36-1d0618491be2
e2f9efc7-aa5a-4ca8-ac72-fe8c5d486443,Kiyawa,d8790626-4fcf-492d-8c36-1d0618491be2
2660670d-7f7e-43ac-b497-3de1714e3bcf,Lagos Island,d8790626-4fcf-492d-8c36-1d0618491be2
42ee712f-766e-451b-a999-7d33d478dede,Esit Eket,d8790626-4fcf-492d-8c36-1d0618491be2
7b9b3bf8-47fe-4ceb-946f-c200392116fc,Kangiwa,d8790626-4fcf-492d-8c36-1d0618491be2
5cef6555-b8c9-4be3-827e-dbc362807b3f,Ibadan,d8790626-4fcf-492d-8c36-1d0618491be2
0270658d-146c-4444-903a-64aa307ce44a,Bokani,d8790626-4fcf-492d-8c36-1d0618491be2
1c5f7b11-2fc5-463d-8581-a0e9200f9a5d,Dindima,d8790626-4fcf-492d-8c36-1d0618491be2
aec3497f-6bd1-4ae1-9311-79cf308997ff,Ganye,d8790626-4fcf-492d-8c36-1d0618491be2
0102d317-06a6-422b-92aa-26a682623bc4,Dass,d8790626-4fcf-492d-8c36-1d0618491be2
2fb5aeae-168a-4d64-9197-85ea79a5b805,Ijebu-Jesa,d8790626-4fcf-492d-8c36-1d0618491be2
52e29cb8-21c4-424e-a989-6136b7f73fc1,Beli,d8790626-4fcf-492d-8c36-1d0618491be2
1e165e21-84d6-47ed-9d83-122b3c8d08d6,Igede-Ekiti,d8790626-4fcf-492d-8c36-1d0618491be2
3c608a5d-f039-472a-a668-719f5418efc7,Enugu-Ukwu,d8790626-4fcf-492d-8c36-1d0618491be2
20f4f49b-68ba-4a24-8cea-e21e3e9d57d5,Gwaram,d8790626-4fcf-492d-8c36-1d0618491be2
6a013973-28ef-46f3-9151-d162d3d8c596,Kafarati,d8790626-4fcf-492d-8c36-1d0618491be2
3c248de3-33e4-4119-9255-1218024ca5d6,Isanlu-Itedoijowa,d8790626-4fcf-492d-8c36-1d0618491be2
db273a61-04dc-4bad-b497-7f566cd8d197,Dadiya,d8790626-4fcf-492d-8c36-1d0618491be2
20e0611e-3719-4462-a2c3-9fe6f092db58,Kwatarkwashi,d8790626-4fcf-492d-8c36-1d0618491be2
88f4a8e6-00aa-4483-90d3-3a5d8cb6fa6a,Bode Saadu,d8790626-4fcf-492d-8c36-1d0618491be2
7ba02823-e051-492f-ae45-03e11716d064,Isieke,d8790626-4fcf-492d-8c36-1d0618491be2
34f50268-d37b-4d94-8cca-3d58a63148db,Ini,d8790626-4fcf-492d-8c36-1d0618491be2
fd899571-8f84-47ee-886e-b27789fb40a5,Lafia,d8790626-4fcf-492d-8c36-1d0618491be2
1d51764c-dc03-4149-9426-cd1f027c2331,Ekpoma,d8790626-4fcf-492d-8c36-1d0618491be2
05acfae1-7366-4551-91de-7adff6d979aa,Dukku,d8790626-4fcf-492d-8c36-1d0618491be2
1beaa12e-8e01-43ac-9ea5-064af9c33653,Garki,d8790626-4fcf-492d-8c36-1d0618491be2
471737b4-b4e2-49b8-88aa-d3fc6441d74d,Kankara,d8790626-4fcf-492d-8c36-1d0618491be2
23e7405e-9ee6-4be6-ae4b-fdeedfa7fa46,Jebba,d8790626-4fcf-492d-8c36-1d0618491be2
d74c66b5-41ba-47f3-be5a-610f2c60f7ce,Ijebu-Igbo,d8790626-4fcf-492d-8c36-1d0618491be2
7b1d6d71-99d0-4092-8963-ad9bda0ce168,Bugana,d8790626-4fcf-492d-8c36-1d0618491be2
1cde14ce-e226-4e3b-8794-9680e1a8b379,Ibi,d8790626-4fcf-492d-8c36-1d0618491be2
07757a7c-305c-49a0-b1ce-80a41c1c672f,Gembu,d8790626-4fcf-492d-8c36-1d0618491be2
c4332895-33cd-4290-9e21-a73f5c64cc49,Kende,d8790626-4fcf-492d-8c36-1d0618491be2
deedfd9b-9e11-48fb-bb8e-2a581187c599,Iperu,d8790626-4fcf-492d-8c36-1d0618491be2
ddb6f72b-8ec9-4204-a4b2-f8c11394e932,Eti-Osa,d8790626-4fcf-492d-8c36-1d0618491be2
7444d990-e1f6-4305-bcd4-c4183a93f2a6,Igando,d8790626-4fcf-492d-8c36-1d0618491be2
358aeb77-979c-402c-85d6-f9819e081b8f,Ila Orangun,d8790626-4fcf-492d-8c36-1d0618491be2
6658e324-9777-4218-b5eb-a49e66c45a9c,Bornu Yassu,d8790626-4fcf-492d-8c36-1d0618491be2
00fccabd-1fdd-42be-880e-ae7616e6a252,Boi,d8790626-4fcf-492d-8c36-1d0618491be2
f88ba5db-344b-44c1-87ef-086282a7e80b,Imeko,d8790626-4fcf-492d-8c36-1d0618491be2
e283de7c-8dd5-49f0-8535-be31864d960f,Ikorodu,d8790626-4fcf-492d-8c36-1d0618491be2
55875c4c-cc1a-4238-bd56-997e79395e3f,Kachia,d8790626-4fcf-492d-8c36-1d0618491be2
2054e789-5d92-47cc-b26c-9f3ff9e569a7,Bara,d8790626-4fcf-492d-8c36-1d0618491be2
86f15491-2aca-4243-9532-c5e8cad9458a,Gwasero,d8790626-4fcf-492d-8c36-1d0618491be2
380594e6-a45f-426f-8a74-f42ea13c2c5c,Kumagunnam,d8790626-4fcf-492d-8c36-1d0618491be2
087967c5-3fbe-460a-864d-7e62232a78c0,Ifaki,d8790626-4fcf-492d-8c36-1d0618491be2
b9720ae9-d54a-4acb-ba38-c20f60e82ad7,Igbor,d8790626-4fcf-492d-8c36-1d0618491be2
838f312f-31d0-429b-9825-3aaaf3260569,Gulma,d8790626-4fcf-492d-8c36-1d0618491be2
53ad48bb-c76c-4598-98b9-c61034734aca,Itu,d8790626-4fcf-492d-8c36-1d0618491be2
f5ee1ab0-ffb7-4427-adfa-65208ef2df37,Enugu-Ezike,d8790626-4fcf-492d-8c36-1d0618491be2
32024464-5812-4298-b1e5-a922c30d45bf,Dankama,d8790626-4fcf-492d-8c36-1d0618491be2
5872a786-9994-4ae2-bbd3-08305c582817,Ikot Ekpene,d8790626-4fcf-492d-8c36-1d0618491be2
7319a7bb-f3ba-4adf-aa10-266d0462d126,Jega,d8790626-4fcf-492d-8c36-1d0618491be2
0956193d-b3a9-4019-ae27-09e0a2507339,Gumel,d8790626-4fcf-492d-8c36-1d0618491be2
65934145-d3fe-4ee0-bac4-93f20a183633,Benisheikh,d8790626-4fcf-492d-8c36-1d0618491be2
53003a91-f340-4f86-a19c-73df1b86c8a3,Bariga,d8790626-4fcf-492d-8c36-1d0618491be2
f04d06cf-ca8b-4004-a755-4112b328e7be,Billiri,d8790626-4fcf-492d-8c36-1d0618491be2
97a61540-75fa-43aa-b95f-8b5fd42ceab8,Igbara-Odo,d8790626-4fcf-492d-8c36-1d0618491be2
3de62637-d92b-425e-898a-651e7739ad41,Ibeno,d8790626-4fcf-492d-8c36-1d0618491be2
3656fa98-ae60-47d7-a457-4c0b9e6dcbac,Boju,d8790626-4fcf-492d-8c36-1d0618491be2
ad30e22f-7bd0-4d05-91f3-2b10fb72d78d,Funtua,d8790626-4fcf-492d-8c36-1d0618491be2
ddf7e674-d595-498c-b683-d9c0f75394e9,Karu,d8790626-4fcf-492d-8c36-1d0618491be2
b2336d2e-a0ef-44a5-8342-07ae1e8c0002,Birnin Kebbi,d8790626-4fcf-492d-8c36-1d0618491be2
25005fef-5503-4bd3-b09d-c4e52c7674d3,Ete,d8790626-4fcf-492d-8c36-1d0618491be2
65e07dcc-83d9-4e3a-8e47-dfd2261bd202,Ifon,d8790626-4fcf-492d-8c36-1d0618491be2
cfd93ced-8e10-4ad4-95e4-400b0159e81d,Bori,d8790626-4fcf-492d-8c36-1d0618491be2
f199b581-08a2-4ffe-9ae3-879683425972,Dutsen Wai,d8790626-4fcf-492d-8c36-1d0618491be2
056ac4b9-9e02-4ecd-bd51-c1e44a4c4c06,Ilorin,d8790626-4fcf-492d-8c36-1d0618491be2
a8d151a6-3b94-4d89-b85c-4c05c31e9066,Baro,d8790626-4fcf-492d-8c36-1d0618491be2
517e68e6-2c7b-4a9a-8a0b-ac59678e05fe,Illela,d8790626-4fcf-492d-8c36-1d0618491be2
2790bb7a-bebd-48a0-b1b3-a29ed9385c87,Biu,d8790626-4fcf-492d-8c36-1d0618491be2
afdd067f-af62-4561-8e31-027449b99948,Gujba,d8790626-4fcf-492d-8c36-1d0618491be2
38b2565a-66e3-4243-9135-f90cdd9dee7d,Lagos,d8790626-4fcf-492d-8c36-1d0618491be2
8cfb6480-b368-450c-87a4-6f27f8e2ce35,Gbongan,d8790626-4fcf-492d-8c36-1d0618491be2
82b8a5b2-aa1e-470e-9a70-783118f4e6ad,Kaduna,d8790626-4fcf-492d-8c36-1d0618491be2
8fd968d6-6341-4ce1-8437-a48e122829bf,Inisa,d8790626-4fcf-492d-8c36-1d0618491be2
402c48f2-2b40-43fa-be2d-6c74ce352b8e,Goniri,d8790626-4fcf-492d-8c36-1d0618491be2
0b451539-83a1-41dc-bd75-a4089aee3c68,Enugu,d8790626-4fcf-492d-8c36-1d0618491be2
f7131ae3-205b-4455-820c-9c63012856b2,Kamba,d8790626-4fcf-492d-8c36-1d0618491be2
41d27c43-12eb-43c8-a869-a51500c9e5a0,Festac,d8790626-4fcf-492d-8c36-1d0618491be2
7f7a28c7-19ef-4358-9675-e9f7c7df375f,Etim Ekpo,d8790626-4fcf-492d-8c36-1d0618491be2
6227d267-0c4a-484a-932c-da1d77bb90a2,Ilawe-Ekiti,d8790626-4fcf-492d-8c36-1d0618491be2
0f6ebc7d-a2cc-4771-bb4c-210735dc74ee,Fiditi,d8790626-4fcf-492d-8c36-1d0618491be2
68858ff9-8cb4-4f77-91c4-ff4289560ad2,Fika,d8790626-4fcf-492d-8c36-1d0618491be2
19c2adef-345e-4dd4-916d-19b0f12effcf,Kwali,d8790626-4fcf-492d-8c36-1d0618491be2
cb89ee04-1a60-4d98-b23a-7b13ff8e051b,Kajuru,d8790626-4fcf-492d-8c36-1d0618491be2
dd572085-55ac-480e-8968-5563cac7ad25,Bununu,d8790626-4fcf-492d-8c36-1d0618491be2
53de0511-63f0-46e7-8e2a-57bada65dc02,Gashua,d8790626-4fcf-492d-8c36-1d0618491be2
83390569-dfdc-4f05-ba5d-7df5b68d8028,Gwandu,d8790626-4fcf-492d-8c36-1d0618491be2
84d8e136-7eda-4278-b2eb-a1ef243210fb,Disina,d8790626-4fcf-492d-8c36-1d0618491be2
ac3aca38-2d5f-4966-b2d2-0079a9bcf7bb,Ezza-Ohu,d8790626-4fcf-492d-8c36-1d0618491be2
5677c0e6-8022-4bc5-9803-2a59a68d2dc3,Gwoza,d8790626-4fcf-492d-8c36-1d0618491be2
81674e0e-e2ef-4d02-88c1-913f2dee9b34,Kisi,d8790626-4fcf-492d-8c36-1d0618491be2
7bfece0e-625d-44b6-a71e-3657c6c49092,Dan Sadau,d8790626-4fcf-492d-8c36-1d0618491be2
c233c095-9cf4-4768-ad71-771b74e025a1,Dutse,d8790626-4fcf-492d-8c36-1d0618491be2
83d9ed29-5f36-4bc9-b3f6-0d3871ddc9db,Idi Iroko,d8790626-4fcf-492d-8c36-1d0618491be2
556a7631-90f5-40d1-964f-a1d7056b76bb,Gusau,d8790626-4fcf-492d-8c36-1d0618491be2
6baee285-5182-4b89-b3f9-52a70d063a74,Gorgoram,d8790626-4fcf-492d-8c36-1d0618491be2
9f816449-40d4-499d-a1c5-97aaa79d08a4,Kuje,d8790626-4fcf-492d-8c36-1d0618491be2
c49ed726-a925-47bf-94a8-5f23c5313c3a,Danja,d8790626-4fcf-492d-8c36-1d0618491be2
d9e9c26a-20c7-44a0-bd54-37410b99ea8b,Gwio Kura,d8790626-4fcf-492d-8c36-1d0618491be2
ffcc7f27-289b-4e2b-bf19-df9df554d3e9,Eket,d8790626-4fcf-492d-8c36-1d0618491be2
7c3f5955-ef2e-47a4-ba32-3b492be4bff0,Ikirun,d8790626-4fcf-492d-8c36-1d0618491be2
ba273038-fd6b-49e1-87d2-abe5bfaf88a6,Ebute Ikorodu,d8790626-4fcf-492d-8c36-1d0618491be2
78bb0879-53c7-4a13-addc-66f75d67e7dc,Gwadabawa,d8790626-4fcf-492d-8c36-1d0618491be2
be18a388-78c8-4047-8dad-adbeecb81c22,Lafiagi,d8790626-4fcf-492d-8c36-1d0618491be2
fa16031c-d16c-49bf-adc0-51eb15e26c51,Kwale,d8790626-4fcf-492d-8c36-1d0618491be2
78155251-d5b6-4a68-9116-8fc269a9e63f,Iho,d8790626-4fcf-492d-8c36-1d0618491be2
3f1ee02e-9d33-4c2f-a862-b9098d1b26f2,Jalingo,d8790626-4fcf-492d-8c36-1d0618491be2
20312eae-047c-4107-9602-7fbe0b866a5a,Dutsin-Ma,d8790626-4fcf-492d-8c36-1d0618491be2
fa36e0e4-5043-4985-983d-dc1684ed0bc7,Bama,d8790626-4fcf-492d-8c36-1d0618491be2
d8f2401d-c246-4e0c-8dba-5d9fe9202d59,Dabai,d8790626-4fcf-492d-8c36-1d0618491be2
7089d5c5-42a8-443b-82e1-47dac59d4fd0,Egbe,d8790626-4fcf-492d-8c36-1d0618491be2
7fa6d073-a374-4b3d-b573-ac129ef00697,Hadejia,d8790626-4fcf-492d-8c36-1d0618491be2
d13da516-f0db-4e4a-810f-966aa1fa043b,Calabar,d8790626-4fcf-492d-8c36-1d0618491be2
6b3a0635-82e6-43a4-87a4-7fc2c720d19c,Gassol,d8790626-4fcf-492d-8c36-1d0618491be2
dd4300eb-db19-4ac7-8439-7b914a96e3ac,Birniwa,d8790626-4fcf-492d-8c36-1d0618491be2
29b44b8a-4c13-4f07-9e75-b6373e16acdf,Gora,d8790626-4fcf-492d-8c36-1d0618491be2
695acaa6-d1a9-40cd-a03b-3bfb5cbc0e93,Jikamshi,d8790626-4fcf-492d-8c36-1d0618491be2
60797589-9007-4d2f-9902-db386bed652f,Bwari,d8790626-4fcf-492d-8c36-1d0618491be2
f585049f-04e0-4550-8c2d-e795ca769196,Eha Amufu,d8790626-4fcf-492d-8c36-1d0618491be2
2a3812bc-cbac-436a-84c9-abcf5630a4b9,Kagoro,d8790626-4fcf-492d-8c36-1d0618491be2
203562a9-b5ac-489e-8769-8c2bcec479b2,Bamburu,d8790626-4fcf-492d-8c36-1d0618491be2
1c3d3da6-c90a-4e71-9f23-082f9735ff69,Burumburum,d8790626-4fcf-492d-8c36-1d0618491be2
55e3a04e-2ef6-403d-bc09-194df67cbffd,Gabarin,d8790626-4fcf-492d-8c36-1d0618491be2
73ccbe5f-451c-4526-b678-e1987c469db4,Kaiama,d8790626-4fcf-492d-8c36-1d0618491be2
1369f0cd-8986-4797-8978-db841dadc590,Isara,d8790626-4fcf-492d-8c36-1d0618491be2
7a58767b-9365-454c-a2b4-6f46594aeb4f,Damaturu,d8790626-4fcf-492d-8c36-1d0618491be2
64555d88-2577-4b2d-a37a-656a7b392927,Essien Udim,d8790626-4fcf-492d-8c36-1d0618491be2
c0618148-b523-4d1d-8d55-067c8d8413cb,Ilesa,d8790626-4fcf-492d-8c36-1d0618491be2
dfcd2957-2960-42e8-a8a6-5895737984e8,Ibesikpo Asutan,d8790626-4fcf-492d-8c36-1d0618491be2
48056406-a16a-438c-b565-2175be7f73fa,Igbo-Ukwu,d8790626-4fcf-492d-8c36-1d0618491be2
5151993c-777c-4137-a9ce-65f8e9899a22,Jibia,d8790626-4fcf-492d-8c36-1d0618491be2
0341eddf-86db-486e-8bef-6071ef5ac3a7,Ibiono-Ibom,d8790626-4fcf-492d-8c36-1d0618491be2
0b1756c0-3530-4e10-9a2c-5d3a3c344f8e,Bukuru,d8790626-4fcf-492d-8c36-1d0618491be2
8b9169d9-827f-4eb7-9fc4-056498dc9b62,Kukawa,d8790626-4fcf-492d-8c36-1d0618491be2
02951552-b7d2-4987-ba86-75706173a6a6,Ikot Abasi,d8790626-4fcf-492d-8c36-1d0618491be2
34a7cd6b-230e-41f6-8afc-8f40452d4b31,Kazaure,d8790626-4fcf-492d-8c36-1d0618491be2
d6c613f8-60d9-4a03-92b9-e59794b0ee41,Holma,d8790626-4fcf-492d-8c36-1d0618491be2
ae71534f-c990-40e6-84e9-2e2b155221e4,Damboa,d8790626-4fcf-492d-8c36-1d0618491be2
e0d7ecf1-161e-4a64-93f7-0414c8a0d26e,Deba,d8790626-4fcf-492d-8c36-1d0618491be2
660f81d8-226b-4586-ad91-4dbcb4239833,Birnin Kudu,d8790626-4fcf-492d-8c36-1d0618491be2
0836f975-9c63-4f6d-a66c-1c384fb7787f,Buga,d8790626-4fcf-492d-8c36-1d0618491be2
c177b41f-308f-4b67-a2fd-2ec60de765ac,Ibeju-Lekki,d8790626-4fcf-492d-8c36-1d0618491be2
0b33779a-3f91-47d5-9e2b-0c27803fbaf5,Keffi,d8790626-4fcf-492d-8c36-1d0618491be2
ef590b8f-8f28-4868-8657-c6371721b61f,Ihiala,d8790626-4fcf-492d-8c36-1d0618491be2
80abbd08-c814-42a5-b602-4653a43465c8,Gwarinpa,d8790626-4fcf-492d-8c36-1d0618491be2
ae555651-a707-49db-a2aa-2882dc3074c2,Gakem,d8790626-4fcf-492d-8c36-1d0618491be2
bce8a31c-8d7d-4021-9de2-4a76821ef0d4,Gaya,d8790626-4fcf-492d-8c36-1d0618491be2
42226b7b-ded1-4ef2-87fd-c5704ae61973,Bena,d8790626-4fcf-492d-8c36-1d0618491be2
8137d771-f0eb-4876-a817-378a253e5b7e,Idimu,d8790626-4fcf-492d-8c36-1d0618491be2
2ef1a9dd-ca3a-4034-b184-de08ca560de9,Shomolu,d8790626-4fcf-492d-8c36-1d0618491be2
50cb362c-5c20-4722-88d7-306303e250b3,Oshodi-Isolo,d8790626-4fcf-492d-8c36-1d0618491be2
7a63a63d-0e0a-46e0-87c4-55bbfcf7b923,Kabale,87b698fa-b767-4ed9-afbc-4e68da4c2269
d11e6133-9199-4d31-85a0-2c3dbc3dc40a,Lere,d8790626-4fcf-492d-8c36-1d0618491be2
32727b66-e836-4ce4-b869-3466f983c291,Twon-Brass,d8790626-4fcf-492d-8c36-1d0618491be2
5a099847-d01a-4e4d-856e-bdd0a8d1b696,Olupona,d8790626-4fcf-492d-8c36-1d0618491be2
1c33d60e-3679-488c-b72d-cebc11767b06,Ukata,d8790626-4fcf-492d-8c36-1d0618491be2
4d662f2f-3ec9-4798-8315-4d6dde3946ce,Ojota,d8790626-4fcf-492d-8c36-1d0618491be2
aaf98224-2fd2-4707-b602-be448851bd4a,Adjumani,87b698fa-b767-4ed9-afbc-4e68da4c2269
70625ce6-26b2-43d3-8dea-4988057c0b8b,Ogbomoso,d8790626-4fcf-492d-8c36-1d0618491be2
2300c7c6-fd84-46df-a88e-a22147b404ad,Ogba,d8790626-4fcf-492d-8c36-1d0618491be2
b09e369b-37f5-4d06-9f5e-6fede5734081,Oyo,d8790626-4fcf-492d-8c36-1d0618491be2
dc8571df-8ff4-49f2-ab16-2c9739f56ef3,Tokombere,d8790626-4fcf-492d-8c36-1d0618491be2
730c55b2-2d37-4824-b13b-eab84ca15ef1,Lyantonde,87b698fa-b767-4ed9-afbc-4e68da4c2269
9d911ed1-3164-42a9-b79e-f779d3099682,Ibanda District,87b698fa-b767-4ed9-afbc-4e68da4c2269
f687d6df-dc8b-4b57-9780-df6826dd7a28,Uga,d8790626-4fcf-492d-8c36-1d0618491be2
f5ee559e-c473-4e80-aac9-c717ba796806,Sokoto,d8790626-4fcf-492d-8c36-1d0618491be2
a29e5409-ea71-41ed-bf59-e4e4526e1618,Gomba,87b698fa-b767-4ed9-afbc-4e68da4c2269
31eba34c-5a75-4d72-8d2b-16838f25264e,Ore,d8790626-4fcf-492d-8c36-1d0618491be2
3241293c-7a1e-4fec-8f86-b1d17b8d0ec5,Obolo-Eke (1),d8790626-4fcf-492d-8c36-1d0618491be2
fd04cf36-4dc3-4428-9b3e-6bf2d7047c4f,Nsit-Ibom,d8790626-4fcf-492d-8c36-1d0618491be2
afb9a2c8-fdac-4d9d-a6e2-f8a1859189d1,Ngala,d8790626-4fcf-492d-8c36-1d0618491be2
634290f5-d885-4465-bc6d-dbbac2b1aa72,Gulu,87b698fa-b767-4ed9-afbc-4e68da4c2269
4a0c36cd-a5ec-4d4e-80cd-eda3293101c1,Nasarawa,d8790626-4fcf-492d-8c36-1d0618491be2
9001337b-a49f-46e1-bf1d-784314476b17,Tegina,d8790626-4fcf-492d-8c36-1d0618491be2
9bb79111-861c-44d9-996c-cf9746a3ebb2,Okuta,d8790626-4fcf-492d-8c36-1d0618491be2
f7199aec-73e1-42f2-885b-2bc19d984677,Wagini,d8790626-4fcf-492d-8c36-1d0618491be2
47c46480-2beb-4a63-ba4d-41b056633494,Wurno,d8790626-4fcf-492d-8c36-1d0618491be2
b551fd5a-751c-4db9-a444-dad8c2345160,Zaria,d8790626-4fcf-492d-8c36-1d0618491be2
442fdcb3-2319-42ce-ac6b-f399bafb9f45,Patigi,d8790626-4fcf-492d-8c36-1d0618491be2
4405e938-21bb-4187-8fc2-90bc0bde351c,Kasese,87b698fa-b767-4ed9-afbc-4e68da4c2269
8de75c52-568e-471a-b567-d8eba708d5f0,Saminaka,d8790626-4fcf-492d-8c36-1d0618491be2
1e7993c7-475a-4cc0-ace7-0bb2c89b1c3a,Lokoja,d8790626-4fcf-492d-8c36-1d0618491be2
2bfe488f-9075-48a6-8d6c-3ca3af7aff22,Wuse,d8790626-4fcf-492d-8c36-1d0618491be2
42f193f4-cfdd-48c0-b38a-34fa7c5c8436,Yanda Bayo,d8790626-4fcf-492d-8c36-1d0618491be2
df3eff25-b723-4a45-baf3-ae9eda0943c6,Langtang,d8790626-4fcf-492d-8c36-1d0618491be2
b5ee9163-bfaf-4c67-9aed-9304885174d0,Buwenge,87b698fa-b767-4ed9-afbc-4e68da4c2269
68e295cc-2de7-482b-8d9e-c1d52af5d745,Ugep,d8790626-4fcf-492d-8c36-1d0618491be2
bee8372e-ead2-4cf3-9919-b3ba2c4569c6,Kireka,87b698fa-b767-4ed9-afbc-4e68da4c2269
484b265e-5939-45e5-ab31-25cf81338c06,Kajansi,87b698fa-b767-4ed9-afbc-4e68da4c2269
2d92e859-ecb6-49d0-aaa0-534d92b1a08f,Ngurore,d8790626-4fcf-492d-8c36-1d0618491be2
e34dcb7a-be1c-40a1-a765-d4b8e94129e4,Ugbokpo,d8790626-4fcf-492d-8c36-1d0618491be2
679d36a6-6900-4ce7-b0fc-e318a19731ba,Iganga,87b698fa-b767-4ed9-afbc-4e68da4c2269
7176fda1-77da-4143-bd3d-cde4ed5814ae,Masaka,87b698fa-b767-4ed9-afbc-4e68da4c2269
fd068f37-7c3e-4122-b376-5343cbbcb8d3,Kiboga,87b698fa-b767-4ed9-afbc-4e68da4c2269
ba27e59b-168d-4f7c-a920-2f6c8eef0312,Makurdi,d8790626-4fcf-492d-8c36-1d0618491be2
8050a400-e685-4740-b1d2-63bf2b9aaa56,Ubiaja,d8790626-4fcf-492d-8c36-1d0618491be2
dd274435-710f-4a81-93d4-aaaf7c4cc296,Margherita,87b698fa-b767-4ed9-afbc-4e68da4c2269
081cd512-cac7-4483-884c-3613b93e739d,Nkpor,d8790626-4fcf-492d-8c36-1d0618491be2
a56369f3-fbb4-4e09-be66-70f2cd58d982,Maiduguri,d8790626-4fcf-492d-8c36-1d0618491be2
9ff2bd5f-68fb-4685-9d5a-feff17918102,Madala,d8790626-4fcf-492d-8c36-1d0618491be2
4729436d-f893-47e8-bf0a-bcc89f18601c,Orlu,d8790626-4fcf-492d-8c36-1d0618491be2
882432e4-9f01-4adb-8c20-72120f64fa28,Mando,d8790626-4fcf-492d-8c36-1d0618491be2
5f62f764-0143-4946-bc07-f39e9797a507,Mubi,d8790626-4fcf-492d-8c36-1d0618491be2
c1d33722-8259-4eb0-83ed-7552989e0972,Kitgum,87b698fa-b767-4ed9-afbc-4e68da4c2269
1b35df9b-ec42-4a4b-bb57-f81312412771,Sauri,d8790626-4fcf-492d-8c36-1d0618491be2
27f029ab-161f-4563-8c42-ee831d4a8ffd,Kanungu,87b698fa-b767-4ed9-afbc-4e68da4c2269
0da9ca97-66c6-4904-96dd-49a0cdd8378a,Riti,d8790626-4fcf-492d-8c36-1d0618491be2
6bf336f6-a6a2-4805-abde-8e708b85e9b1,Zungeru,d8790626-4fcf-492d-8c36-1d0618491be2
621afa74-d036-4705-a186-745843666b22,Opi,d8790626-4fcf-492d-8c36-1d0618491be2
4c671352-db1a-4006-9927-c2716f73afdc,Zalanga,d8790626-4fcf-492d-8c36-1d0618491be2
85c0743f-8bf6-42d4-8842-1882ce216a83,Kampala District,87b698fa-b767-4ed9-afbc-4e68da4c2269
9b9dbfaa-57ae-49ab-9f5a-c639411194b4,Ukanafun,d8790626-4fcf-492d-8c36-1d0618491be2
6da94ea2-16f4-4707-a3ff-1325962dbc6b,Umunede,d8790626-4fcf-492d-8c36-1d0618491be2
915bbad5-26c2-49ec-bdf9-c693eaf33d7d,Soba,d8790626-4fcf-492d-8c36-1d0618491be2
e3922b13-88fd-4922-857c-012157cc9f04,Moyo,87b698fa-b767-4ed9-afbc-4e68da4c2269
afd75ba5-a082-4740-ac97-28c685b64748,Kagadi,87b698fa-b767-4ed9-afbc-4e68da4c2269
23a4ebfb-73a2-4b27-a48a-b452960eb0e3,Offa,d8790626-4fcf-492d-8c36-1d0618491be2
da9e985c-1a78-43d8-acf0-81a8e685fb3b,Mashi,d8790626-4fcf-492d-8c36-1d0618491be2
cded81fb-2ff3-4f5f-91fb-13b0f089d887,Owo,d8790626-4fcf-492d-8c36-1d0618491be2
eb319aac-5d34-4975-9f4c-5abc5a9f4c0c,Ibanda,87b698fa-b767-4ed9-afbc-4e68da4c2269
5c85fe16-eeb9-4992-b01a-b3cd853f4925,Mayuge,87b698fa-b767-4ed9-afbc-4e68da4c2269
f3ed5888-b191-4ac7-bf9d-6f2772d30613,Ochobo,d8790626-4fcf-492d-8c36-1d0618491be2
823db5ad-b28f-4f6c-89ad-e26f60595615,Nsit-Atai,d8790626-4fcf-492d-8c36-1d0618491be2
26ea5fc0-f847-4e23-8763-e33ac4a01d61,Samamiya,d8790626-4fcf-492d-8c36-1d0618491be2
dc49e048-2eac-4732-a834-952ba6832996,Uruan,d8790626-4fcf-492d-8c36-1d0618491be2
7b2e567b-d56f-43fc-ab3f-876a9a0abab3,Mahuta,d8790626-4fcf-492d-8c36-1d0618491be2
24b1f3f6-2395-4f5f-b28d-3ee1a26c5ddc,Lapai,d8790626-4fcf-492d-8c36-1d0618491be2
cc8e1e8e-89ce-4c57-be12-c6f05b2caa31,Ojo,d8790626-4fcf-492d-8c36-1d0618491be2
49310724-6369-4d24-81c7-bcb63bee7efe,Yola,d8790626-4fcf-492d-8c36-1d0618491be2
02167672-9490-4044-b111-053e8a62d718,Orerokpe,d8790626-4fcf-492d-8c36-1d0618491be2
5b677fd6-52ec-467a-bb4e-ecb40cb53823,Zaki Biam,d8790626-4fcf-492d-8c36-1d0618491be2
bf08762a-e0a2-4f53-91e3-40a63f763066,Mushin,d8790626-4fcf-492d-8c36-1d0618491be2
41d50157-fbf9-4834-a4e8-579100790e5f,Kanoni,87b698fa-b767-4ed9-afbc-4e68da4c2269
a4e79601-b5c2-4c7e-917e-80e98a538ee3,Miringa,d8790626-4fcf-492d-8c36-1d0618491be2
834bc301-6bb1-469c-9958-a91a84b2ae4f,Masindi Port,87b698fa-b767-4ed9-afbc-4e68da4c2269
30c848b6-2782-4305-b974-25c82bdcf2c5,Buvuma,87b698fa-b767-4ed9-afbc-4e68da4c2269
f0f0862c-70bb-4bac-b75a-4d361bd2f8d1,Kyenjojo,87b698fa-b767-4ed9-afbc-4e68da4c2269
2931af16-1d4e-4f3f-937e-fb6e9059a340,New Shagunnu,d8790626-4fcf-492d-8c36-1d0618491be2
773bd3e6-fe71-4f5d-b17c-a22ab08b334d,Marte,d8790626-4fcf-492d-8c36-1d0618491be2
893f7402-0b3e-4005-98ab-8200403097c7,Wamba,d8790626-4fcf-492d-8c36-1d0618491be2
1ec502a8-2b28-4e99-9f52-016e49455d56,Yandev,d8790626-4fcf-492d-8c36-1d0618491be2
df8697a0-5037-4149-a252-784422a98e3d,Zuba,d8790626-4fcf-492d-8c36-1d0618491be2
25ee68b2-5ce2-4904-bd8b-422c62650d38,Warri,d8790626-4fcf-492d-8c36-1d0618491be2
70425000-914a-476e-8ee5-617db7b278e8,Osogbo,d8790626-4fcf-492d-8c36-1d0618491be2
87703443-8915-4232-93dc-675c3b572480,Nafada,d8790626-4fcf-492d-8c36-1d0618491be2
e2fe20dd-0f67-4f94-adc5-ef8f6173a77f,Wawa,d8790626-4fcf-492d-8c36-1d0618491be2
0a50886e-4487-46c0-8845-69751d600ced,Saki,d8790626-4fcf-492d-8c36-1d0618491be2
13733b12-c146-42cb-b7e9-ce1ce3c0c70b,Omuo-Ekiti,d8790626-4fcf-492d-8c36-1d0618491be2
465fe852-950e-4b0c-833c-5501c17ca084,Oye-Ekiti,d8790626-4fcf-492d-8c36-1d0618491be2
801151d7-3405-4cca-8486-1e6056cd3a5b,Ogaminana,d8790626-4fcf-492d-8c36-1d0618491be2
7f21ca83-0882-4953-b4f7-a2fc1fa20589,Yaba,d8790626-4fcf-492d-8c36-1d0618491be2
fd51a6f5-aaed-4305-89d1-f4654189e351,Yamrat,d8790626-4fcf-492d-8c36-1d0618491be2
8a0f77e0-7d32-4063-adcf-55d0ce71e0d3,Obonoma,d8790626-4fcf-492d-8c36-1d0618491be2
1a4d2762-f756-4a2f-b007-7dd3f7a29520,Busia,87b698fa-b767-4ed9-afbc-4e68da4c2269
1f5b1686-f57d-41b6-8e98-dadbde409e69,Mubende,87b698fa-b767-4ed9-afbc-4e68da4c2269
1f6f98cd-b972-45c4-a358-bf2f256ac5e2,Panyam,d8790626-4fcf-492d-8c36-1d0618491be2
40f2afb7-a894-4bc0-b2cc-721b8d529acd,Uromi,d8790626-4fcf-492d-8c36-1d0618491be2
da17b1cb-2e7d-4033-a579-d317b62b9fa3,Vom,d8790626-4fcf-492d-8c36-1d0618491be2
16404d73-c55f-4208-afc1-70918d6642f5,Bweyogerere,87b698fa-b767-4ed9-afbc-4e68da4c2269
c5e10ef4-0db6-4340-b8f7-e8367a359943,Makoko,d8790626-4fcf-492d-8c36-1d0618491be2
26936e20-f38e-4a6d-8fcf-791600b20ba1,Moroto,87b698fa-b767-4ed9-afbc-4e68da4c2269
43f5807d-2d74-4c69-a343-44347f4323ce,Kyotera,87b698fa-b767-4ed9-afbc-4e68da4c2269
e7f276d4-0e9e-40ec-9bb7-1a9855d17575,Nsit-Ubium,d8790626-4fcf-492d-8c36-1d0618491be2
5b7d7731-daf8-43a0-aa9d-faceaf4891e0,Lugazi,87b698fa-b767-4ed9-afbc-4e68da4c2269
5b6aa69e-4fc1-4977-ae2b-3b3e0b0863a4,Kiruhura,87b698fa-b767-4ed9-afbc-4e68da4c2269
9f250d07-8fbb-4272-b150-98f8c7ee2be0,Siluko,d8790626-4fcf-492d-8c36-1d0618491be2
8d231385-58d8-47e0-aa42-52e88419dcc8,Kampala,87b698fa-b767-4ed9-afbc-4e68da4c2269
89e864b4-b127-48c4-8aa5-b5470def9ae0,Ode,d8790626-4fcf-492d-8c36-1d0618491be2
8219cceb-d516-4801-8c22-d8ad01fbfdc0,Apac,87b698fa-b767-4ed9-afbc-4e68da4c2269
928cbe01-c72b-4f52-8704-d366b969f473,Suleja,d8790626-4fcf-492d-8c36-1d0618491be2
8b616fd9-6df1-4ca7-8e8c-ae2338757688,Takum,d8790626-4fcf-492d-8c36-1d0618491be2
d5e5585a-b6a3-408f-82ff-1f6d587b58f9,Bulambuli,87b698fa-b767-4ed9-afbc-4e68da4c2269
0ffa37f1-3d2c-4e00-b8fc-77b360bebad0,Wasagu,d8790626-4fcf-492d-8c36-1d0618491be2
868c8a1a-3301-4472-a3aa-babab37c3f29,Mkpat-Enin,d8790626-4fcf-492d-8c36-1d0618491be2
9bd81c34-498f-445c-b56a-6009814ba2ae,Uyo,d8790626-4fcf-492d-8c36-1d0618491be2
01364f3f-7f41-41c4-ab6d-ef9e2621a778,Magumeri,d8790626-4fcf-492d-8c36-1d0618491be2
f3a52450-26fe-499c-b988-1d95112a41b9,Bugembe,87b698fa-b767-4ed9-afbc-4e68da4c2269
04ef3109-69ac-4e2f-b35c-9c74f0521803,Yelwa,d8790626-4fcf-492d-8c36-1d0618491be2
9554e945-959c-48d2-99da-22d5c7a2226d,Potiskum,d8790626-4fcf-492d-8c36-1d0618491be2
5fabf6fe-5bde-4dd2-9b49-637c792c3bec,Oron,d8790626-4fcf-492d-8c36-1d0618491be2
7ecad0f6-29e7-431f-ad6f-0797b2f158c3,Byakabanda,87b698fa-b767-4ed9-afbc-4e68da4c2269
862f649f-e9b5-4b94-8bf5-c70af7f1f0ed,Oguta,d8790626-4fcf-492d-8c36-1d0618491be2
e6245fc8-e604-4957-ba1b-adb45696e66e,Shani,d8790626-4fcf-492d-8c36-1d0618491be2
62668ed8-f4d0-4dc4-bdef-c63ea959f3ca,Numan,d8790626-4fcf-492d-8c36-1d0618491be2
18c002ef-b9a7-4ef5-90a8-23a79ce85fd6,Umuahia,d8790626-4fcf-492d-8c36-1d0618491be2
3ea0c2e2-8d28-4566-ba9d-82bb779ae708,Kisoro,87b698fa-b767-4ed9-afbc-4e68da4c2269
7c7d4189-2a81-4474-8bb2-502316646095,Mbarara,87b698fa-b767-4ed9-afbc-4e68da4c2269
dfac2664-6e0f-4821-954f-59b3884766d0,Kamwenge,87b698fa-b767-4ed9-afbc-4e68da4c2269
cc6daa07-2b35-4742-8b08-a1605f04641b,Bundibugyo,87b698fa-b767-4ed9-afbc-4e68da4c2269
cedaae08-4635-44c2-a310-1bbff6a76b70,Kilembe,87b698fa-b767-4ed9-afbc-4e68da4c2269
482a0c15-cfc9-4cfe-ad51-c9e22c732ea6,Sapele,d8790626-4fcf-492d-8c36-1d0618491be2
0f00ca22-9b4d-4acd-afa7-276f0d6c870b,Monguno,d8790626-4fcf-492d-8c36-1d0618491be2
c9d56ee8-b97b-49b4-839f-6406e4ce77bc,Omu-Aran,d8790626-4fcf-492d-8c36-1d0618491be2
3ffceee8-99ea-4fcc-b25a-6ac6aeb9da9e,Lau,d8790626-4fcf-492d-8c36-1d0618491be2
a487ddd1-aaac-4c5b-bcd6-858a2d33bc5e,Amudat,87b698fa-b767-4ed9-afbc-4e68da4c2269
61a5ce4f-3615-4487-9e80-ecdbb7e55ad3,Oruk Anam,d8790626-4fcf-492d-8c36-1d0618491be2
0be894a6-9a1d-4729-b38c-db34a0e952cf,Moriki,d8790626-4fcf-492d-8c36-1d0618491be2
af65bf86-9114-4734-abe3-dcd8156de7d1,Maru,d8790626-4fcf-492d-8c36-1d0618491be2
9f769122-db04-40eb-8209-620a236a716a,Jinja,87b698fa-b767-4ed9-afbc-4e68da4c2269
459611b9-aa00-4a83-a156-92b74a53d18d,Minna,d8790626-4fcf-492d-8c36-1d0618491be2
4e3158c5-8455-4c91-9c0f-cd0b95ba8435,Kotido,87b698fa-b767-4ed9-afbc-4e68da4c2269
51501d4d-d751-48eb-913e-7ab500f98c18,Otukpa,d8790626-4fcf-492d-8c36-1d0618491be2
bcc10e11-7b4f-4d98-b5f8-ede79377b062,Oyan,d8790626-4fcf-492d-8c36-1d0618491be2
413f920d-ab05-4ab8-8b87-c4ab1bdf8ed4,Onne,d8790626-4fcf-492d-8c36-1d0618491be2
afc48c56-de03-4cd1-ad84-c385190939d4,Okeho,d8790626-4fcf-492d-8c36-1d0618491be2
cbed8064-1755-458b-a44d-f553bb7f6a01,Opobo,d8790626-4fcf-492d-8c36-1d0618491be2
058cde71-427b-42f1-8a46-e62cd761af5d,Owerri,d8790626-4fcf-492d-8c36-1d0618491be2
514e945f-44ba-4903-aaf4-dddc6a108de5,Kibale,87b698fa-b767-4ed9-afbc-4e68da4c2269
1d17f804-2145-4d7d-9c6e-4e8d39109c09,Patani,d8790626-4fcf-492d-8c36-1d0618491be2
8b09ead3-0cf5-4ad2-9706-d81e96a862b4,Hoima,87b698fa-b767-4ed9-afbc-4e68da4c2269
59154000-c81f-476a-8d51-1672b115a8de,Kigorobya,87b698fa-b767-4ed9-afbc-4e68da4c2269
22337574-1847-4eac-9014-058fc5b23243,Ruma,d8790626-4fcf-492d-8c36-1d0618491be2
6e759523-a583-4ad3-a16c-90c355e68efb,Ozubulu,d8790626-4fcf-492d-8c36-1d0618491be2
39c095d0-e791-4c7c-88e5-e25ef18469a7,Tambuwal,d8790626-4fcf-492d-8c36-1d0618491be2
2b9c976d-1b9b-4a13-9d07-8052c7b229f5,Maiyama,d8790626-4fcf-492d-8c36-1d0618491be2
f53fb58e-e279-4545-be5f-742f6a3d61c4,Toungo,d8790626-4fcf-492d-8c36-1d0618491be2
4d48fe5d-eca3-4766-ae2e-76efc020efe6,Nnewi,d8790626-4fcf-492d-8c36-1d0618491be2
202a1b45-11d4-4ffb-8e11-379438597348,Yashikera,d8790626-4fcf-492d-8c36-1d0618491be2
e06c51e4-657e-4241-915a-0dcbe0ad231f,Ughelli,d8790626-4fcf-492d-8c36-1d0618491be2
c5da01df-32c9-41c7-9050-1d56dab5eebd,Oke Mesi,d8790626-4fcf-492d-8c36-1d0618491be2
01da3675-5be7-457a-9584-f26018f9fb13,Lekki,d8790626-4fcf-492d-8c36-1d0618491be2
610828a5-d375-4738-a4b6-51789734b82d,Ogurugu,d8790626-4fcf-492d-8c36-1d0618491be2
408f2265-18cc-472b-93e2-0ce87cab471c,Nguru,d8790626-4fcf-492d-8c36-1d0618491be2
63a6400e-84bd-4e8a-8c35-3f25c8035740,Victoria Island,d8790626-4fcf-492d-8c36-1d0618491be2
636fb07e-ad56-4497-bffb-672d93b72992,Ringim,d8790626-4fcf-492d-8c36-1d0618491be2
e3528b35-57c7-46f7-9dae-f51d6178d6db,Sade,d8790626-4fcf-492d-8c36-1d0618491be2
60a4cabc-709d-4b20-98b1-bdd7732d773d,Obiaruku,d8790626-4fcf-492d-8c36-1d0618491be2
bc9842d2-cde7-4ba9-92ed-fdc1bbcc9769,Mayo-Belwa,d8790626-4fcf-492d-8c36-1d0618491be2
e555a796-7f0d-401d-bb3e-2e63e2cb216d,Uruobo-Okija,d8790626-4fcf-492d-8c36-1d0618491be2
db570bff-e5a3-44d9-99a6-80d956d6917f,Modakeke,d8790626-4fcf-492d-8c36-1d0618491be2
0be2665e-0242-4d2c-aa8e-7ded2726e4ef,Mbale,87b698fa-b767-4ed9-afbc-4e68da4c2269
5aa0ed23-059a-4c5c-81b3-623212d19c51,Entebbe,87b698fa-b767-4ed9-afbc-4e68da4c2269
7e65a024-75f8-45fe-a161-faef5f192a83,Ogwashi-Uku,d8790626-4fcf-492d-8c36-1d0618491be2
54ea3d27-d7d6-45d5-9e57-76fb9848c6da,Bugiri,87b698fa-b767-4ed9-afbc-4e68da4c2269
c96888aa-d4b4-4fda-9156-4a0fa84fd93f,Sofo-Birnin-Gwari,d8790626-4fcf-492d-8c36-1d0618491be2
abb555b9-380f-4c05-b125-1455f9b761a8,Ondo,d8790626-4fcf-492d-8c36-1d0618491be2
c89a2709-ac6e-484e-b71d-1912e116dd13,Nsukka,d8790626-4fcf-492d-8c36-1d0618491be2
73ae177d-09cf-48c2-88a2-936000d476bc,Rabah,d8790626-4fcf-492d-8c36-1d0618491be2
85816b0b-d42a-4fce-914e-fae85baedcdf,Omoku,d8790626-4fcf-492d-8c36-1d0618491be2
4c008ef7-4d33-49ab-95c8-92b34befe093,Bukomansimbi,87b698fa-b767-4ed9-afbc-4e68da4c2269
54ca8835-2e5b-4680-9fdd-107098bb0520,Zadawa,d8790626-4fcf-492d-8c36-1d0618491be2
09550697-15c7-4d72-b77d-af5e7accc0e9,Wuyo,d8790626-4fcf-492d-8c36-1d0618491be2
efd418eb-0f38-4f1c-a23e-816ed57bdf48,Udung-Uko,d8790626-4fcf-492d-8c36-1d0618491be2
e58b6517-7f3d-45ba-8afc-3ae8315c4e3a,Runka,d8790626-4fcf-492d-8c36-1d0618491be2
a22874ae-3965-4118-abf2-b16fdd81ee92,Yuli,d8790626-4fcf-492d-8c36-1d0618491be2
78869420-bd0b-4f1c-ad2c-a8ac0da5fc47,Madagali,d8790626-4fcf-492d-8c36-1d0618491be2
61f336fd-4b38-4cc7-b296-24017153a790,Suya,d8790626-4fcf-492d-8c36-1d0618491be2
ee10d4b7-cbcd-4a89-847c-34a9f06e3840,Udi,d8790626-4fcf-492d-8c36-1d0618491be2
1e3adc63-ee7f-4501-83cc-70fa12eceb00,Urue-Offong/Oruko,d8790626-4fcf-492d-8c36-1d0618491be2
56617894-8bb0-4cea-b01a-db68c9ba7636,Owode,d8790626-4fcf-492d-8c36-1d0618491be2
8072de58-3616-4705-bf7d-bf6f7cb3fb11,Bwizibwera,87b698fa-b767-4ed9-afbc-4e68da4c2269
38040a83-4f4b-4e20-8196-cfdfcdc40f90,Mpigi,87b698fa-b767-4ed9-afbc-4e68da4c2269
cd5bdaff-b744-4137-bdc9-79c5ec22bef8,Fort Portal,87b698fa-b767-4ed9-afbc-4e68da4c2269
3272ce13-0a30-46fb-9bb1-77f5dd5b0190,Busembatia,87b698fa-b767-4ed9-afbc-4e68da4c2269
29bba4b2-478b-4a5f-b985-3f1a198acb1d,Orodo,d8790626-4fcf-492d-8c36-1d0618491be2
a09e5348-23de-4020-a109-2a36f0ba99cb,Mallammaduri,d8790626-4fcf-492d-8c36-1d0618491be2
ba278f27-2adf-494a-9232-c932238901a8,Kapchorwa,87b698fa-b767-4ed9-afbc-4e68da4c2269
3f62b023-ee25-44a8-87f8-08b725e15676,Mityana,87b698fa-b767-4ed9-afbc-4e68da4c2269
7c3002cb-b0fc-462f-8f80-121631f4ff67,Zuru,d8790626-4fcf-492d-8c36-1d0618491be2
2ec5d236-fb34-4f65-90bd-21f442b64aa7,Otan Ayegbaju,d8790626-4fcf-492d-8c36-1d0618491be2
ed4ead71-fa9a-43e6-9864-5596c0221a25,Machina,d8790626-4fcf-492d-8c36-1d0618491be2
562d3796-1226-4bdd-8c1c-286294e69458,Mutum Biyu,d8790626-4fcf-492d-8c36-1d0618491be2
bf4764f2-7113-4969-a170-4daecc24d481,Ohafia-Ifigh,d8790626-4fcf-492d-8c36-1d0618491be2
cf7399ec-17ef-4ffb-813f-c9c7864f485d,Port Harcourt,d8790626-4fcf-492d-8c36-1d0618491be2
5148f218-5ac0-4b1d-967e-f7c74555c1bf,Yenagoa,d8790626-4fcf-492d-8c36-1d0618491be2
afd48632-09d3-42d9-9bdb-e83cc649b025,Pindiga,d8790626-4fcf-492d-8c36-1d0618491be2
56e50653-ddf8-437a-8a31-29a93d35694e,Arua,87b698fa-b767-4ed9-afbc-4e68da4c2269
69e13593-df79-4b8e-ab36-7c8c56082196,Wukari,d8790626-4fcf-492d-8c36-1d0618491be2
9ee82b89-89e8-4b7a-8fc8-78c791c1e34d,Mbo,d8790626-4fcf-492d-8c36-1d0618491be2
d99154fa-f5bf-4241-bec7-7d16d19edb65,Pankshin,d8790626-4fcf-492d-8c36-1d0618491be2
7ecb4e3e-81a3-4b53-bf79-5a4d0e65b19f,Onitsha,d8790626-4fcf-492d-8c36-1d0618491be2
58d301f1-910a-4c84-9cce-28a1d0f08bf3,Kumi,87b698fa-b767-4ed9-afbc-4e68da4c2269
9dad7c0b-e284-48d0-b29b-3dad4daf9dfb,Tsafe,d8790626-4fcf-492d-8c36-1d0618491be2
7e71efcf-beef-499d-b299-fe6cc3075a80,Okigwe,d8790626-4fcf-492d-8c36-1d0618491be2
b8d25c15-48e2-4a1e-8699-9e3e1d8e1472,Kamuli,87b698fa-b767-4ed9-afbc-4e68da4c2269
c79aeace-7741-4b4c-95a0-ed1c5bbd9f59,Surulere,d8790626-4fcf-492d-8c36-1d0618491be2
c54449bb-37fe-417d-9e76-1e0e4883e27a,Obot Akara,d8790626-4fcf-492d-8c36-1d0618491be2
5a356c08-3286-4251-9081-9cd727d494f7,Ojodu Berger,d8790626-4fcf-492d-8c36-1d0618491be2
9b8ae247-ecc0-4da2-b6f1-81775ddad572,Shanga,d8790626-4fcf-492d-8c36-1d0618491be2
e64a23cf-bc45-4b6f-97e5-e1d9b6c8f738,Orita Eruwa,d8790626-4fcf-492d-8c36-1d0618491be2
5569cd17-8024-4233-95f8-0b949c5c2368,Onna,d8790626-4fcf-492d-8c36-1d0618491be2
c9666f3b-b63b-4e86-a163-494a5a9ceed6,Luwero,87b698fa-b767-4ed9-afbc-4e68da4c2269
6728606f-b7a6-483f-9641-4ab0d250fc0b,Oke Ila,d8790626-4fcf-492d-8c36-1d0618491be2
55850b0d-527b-4b04-a862-f09cf92ac240,Lira,87b698fa-b767-4ed9-afbc-4e68da4c2269
c6774695-a7b7-4421-8792-33588ddbc327,Uba,d8790626-4fcf-492d-8c36-1d0618491be2
8eaaa493-c1bb-41e0-b3e9-2da5feb2d6af,Shaffa,d8790626-4fcf-492d-8c36-1d0618491be2
e8075909-b1c8-48a0-9c0a-65d177d3b191,Yajiwa,d8790626-4fcf-492d-8c36-1d0618491be2
fe58e690-4215-4170-b956-697533880f1f,Okene,d8790626-4fcf-492d-8c36-1d0618491be2
c4b617ee-ab9c-48c5-9ab9-ba6d5675fcb7,Maitama,d8790626-4fcf-492d-8c36-1d0618491be2
135cd79b-bb68-4274-8cff-462c6e5c462a,Bukwa,87b698fa-b767-4ed9-afbc-4e68da4c2269
b5d7aaeb-f9e9-4205-a9dc-826bc9cf5312,Kayunga,87b698fa-b767-4ed9-afbc-4e68da4c2269
289dcf4a-739b-450b-bec0-6489d1d506cb,Masindi,87b698fa-b767-4ed9-afbc-4e68da4c2269
3c900157-17d8-43df-bae3-b9788bc85bb8,Lame,d8790626-4fcf-492d-8c36-1d0618491be2
3a0e5fb6-fb37-419b-aece-385b7709ad52,Rumuokoro,d8790626-4fcf-492d-8c36-1d0618491be2
a2a891ba-b1ce-4ae4-a601-6f1c23353d21,Kibuku,87b698fa-b767-4ed9-afbc-4e68da4c2269
795c413c-f0be-4dc1-be4d-eb38234246ff,Misau,d8790626-4fcf-492d-8c36-1d0618491be2
129de5d4-5053-4672-adac-e6824ee2b2ad,Madara,d8790626-4fcf-492d-8c36-1d0618491be2
bb8fde36-30a2-4d81-8797-38b09a0be35c,Okobo,d8790626-4fcf-492d-8c36-1d0618491be2
e7c08a69-1696-4e16-8f77-83ae26201055,Mberubu,d8790626-4fcf-492d-8c36-1d0618491be2
784b35bc-3150-427d-b3e0-8feeb768e34a,Bomi,476b0bcb-1374-4d24-8ff5-31871c8e09f5
ad7c9d68-5403-47aa-a030-f210ec057f76,Passi,90b979fb-ac22-477f-9f60-444b2fe82bae
f791f861-3422-4500-b291-237761f7de59,Hangha,476b0bcb-1374-4d24-8ff5-31871c8e09f5
e8e16caf-7eeb-4629-ac66-b8408806b2da,Goma,f1ec4558-c291-4570-8ee5-3d3ba5cbe33c
4d336bb8-9e33-4ea4-8d6e-d742b340d7bc,Tshela,f1ec4558-c291-4570-8ee5-3d3ba5cbe33c
0e6e1a3e-66bf-48d8-96eb-fc7aa6f04c71,Mékhé,90b979fb-ac22-477f-9f60-444b2fe82bae
64c7d12b-9767-4e83-aed2-01297dbaca81,Paidha,87b698fa-b767-4ed9-afbc-4e68da4c2269
6b3ec9da-8783-4bde-9ab0-d927085f54a0,Gberia Fotombu,476b0bcb-1374-4d24-8ff5-31871c8e09f5
cd41df09-439d-4eb6-85fa-0e99aacb3704,Lusambo,f1ec4558-c291-4570-8ee5-3d3ba5cbe33c
bc52ec53-1530-4dee-a78a-72ee63e1327f,Lubao,f1ec4558-c291-4570-8ee5-3d3ba5cbe33c
f9b6d81d-ef3e-497b-aba9-dcac37c2e60f,Koinadugu,476b0bcb-1374-4d24-8ff5-31871c8e09f5
227180aa-8b60-4b89-a20c-093a96e5ae6a,Kasongo,f1ec4558-c291-4570-8ee5-3d3ba5cbe33c
92a4b0f2-1215-4a91-9b29-c8e44ab5c5fd,Louga,90b979fb-ac22-477f-9f60-444b2fe82bae
577be6aa-db8f-4d76-9777-a5b0942356ef,Rukungiri,87b698fa-b767-4ed9-afbc-4e68da4c2269
93d9ca98-aa05-46a9-b332-d6d5bb67c635,Madingou,1d54fd83-1a89-4614-9899-3a905fb5e024
5c836ab8-9643-47dd-999f-902793cff351,Beni,f1ec4558-c291-4570-8ee5-3d3ba5cbe33c
148926f7-1dc3-4811-8ac6-58f254efc0ac,Dara,90b979fb-ac22-477f-9f60-444b2fe82bae
7ab4bd69-50d0-4d5d-a7ae-0380df0fbafc,Hastings,476b0bcb-1374-4d24-8ff5-31871c8e09f5
d3ab203c-b54d-4355-9b35-aa61b8088dd9,Guéoul,90b979fb-ac22-477f-9f60-444b2fe82bae
b7594f79-341b-48fd-aed5-e2ac9424db58,Guédiawaye Department,90b979fb-ac22-477f-9f60-444b2fe82bae
180b094e-6aa9-435f-a80f-effd3c07a454,Kailahun,476b0bcb-1374-4d24-8ff5-31871c8e09f5
ce645889-68f8-418f-86d9-7a7c9271f142,Tiébo,90b979fb-ac22-477f-9f60-444b2fe82bae
0fab005a-689b-406c-b0f9-6c2522e73d86,Alikalia,476b0bcb-1374-4d24-8ff5-31871c8e09f5
8ebbdcdb-9e98-4963-8c06-fc5fb527d202,Nguékhokh,90b979fb-ac22-477f-9f60-444b2fe82bae
7ff18571-e31f-4e47-98b5-5712a6af9494,Kédougou,90b979fb-ac22-477f-9f60-444b2fe82bae
b5e1feda-9aaa-4ce1-9ed4-d12e3851f46f,Bulungu,f1ec4558-c291-4570-8ee5-3d3ba5cbe33c
453c2662-5c0d-4444-b404-e20f0b538057,Kayima,476b0bcb-1374-4d24-8ff5-31871c8e09f5
ea67f627-abd3-4eec-aac5-e33c05591992,Boajibu,476b0bcb-1374-4d24-8ff5-31871c8e09f5
cbe77ca5-1a42-4553-aad0-912411dc1cd4,Bosobolo,f1ec4558-c291-4570-8ee5-3d3ba5cbe33c
627ce161-ba29-46b2-801e-c8df78eaaca1,Vélingara,90b979fb-ac22-477f-9f60-444b2fe82bae
0ba92050-7d44-455f-b5a3-eea4ff09b661,Kenema,476b0bcb-1374-4d24-8ff5-31871c8e09f5
649617b6-02d7-42cc-993e-7a6ad0becead,Sake,f1ec4558-c291-4570-8ee5-3d3ba5cbe33c
1668db8f-6c40-40a9-9a58-465d17f79f51,Tiadiaye,90b979fb-ac22-477f-9f60-444b2fe82bae
51c1d623-7a3b-4b69-80de-e476e21a5a63,Kayes,1d54fd83-1a89-4614-9899-3a905fb5e024
e766c5c8-8583-4f69-b149-16190758958a,Likasi,f1ec4558-c291-4570-8ee5-3d3ba5cbe33c
6490a677-74bd-40be-be33-4fdba1d1672d,Gbadolite,f1ec4558-c291-4570-8ee5-3d3ba5cbe33c
13622093-ea76-4a7c-9fed-85e26e8388b3,Jojoima,476b0bcb-1374-4d24-8ff5-31871c8e09f5
7071c599-5257-4b65-ad35-87ca0182fdbf,Kampene,f1ec4558-c291-4570-8ee5-3d3ba5cbe33c
732fdcda-2ac1-42ad-8b34-3ec63881d757,Bonthe,476b0bcb-1374-4d24-8ff5-31871c8e09f5
9d38c14f-e675-454e-a1f7-e8f5ca95d840,Djambala,1d54fd83-1a89-4614-9899-3a905fb5e024
827e178f-4ad5-4ab4-ac7b-000a642f06ea,Matam Department,90b979fb-ac22-477f-9f60-444b2fe82bae
5bdef205-5e48-486d-bace-db7ae6d2f553,Lodja,f1ec4558-c291-4570-8ee5-3d3ba5cbe33c
39200636-20d4-454e-931d-299351050991,Lunsar,476b0bcb-1374-4d24-8ff5-31871c8e09f5
f65f5e10-6c0d-4119-bd7c-a0e357f0aa81,Ndibène Dahra,90b979fb-ac22-477f-9f60-444b2fe82bae
a8b013a2-008d-4fb2-b72a-c20e5a393ad1,Kukuna,476b0bcb-1374-4d24-8ff5-31871c8e09f5
a9a54497-6392-4258-8daf-240c3aadabb5,Bonthe District,476b0bcb-1374-4d24-8ff5-31871c8e09f5
56c7493e-c7d3-464b-bc9c-71a7b00fdd3b,Ranérou,90b979fb-ac22-477f-9f60-444b2fe82bae
aa9993a3-acbd-4f71-8a11-7d64a74b52c4,Kabala,476b0bcb-1374-4d24-8ff5-31871c8e09f5
6d886198-1222-4edb-950d-49795e3f0511,Buta,f1ec4558-c291-4570-8ee5-3d3ba5cbe33c
b9726411-a435-4a06-bba2-07778e127b63,Kigali,b973ffef-77ac-49c4-ad4c-daa0cab0ef2b
ce779f01-f58f-4025-ba52-b0090614524b,Wakiso,87b698fa-b767-4ed9-afbc-4e68da4c2269
e22c47d4-10ac-470b-93d0-6168431d465c,Mermoz Boabab,90b979fb-ac22-477f-9f60-444b2fe82bae
24b4dadb-da89-4eeb-9b51-d0eebbaa29d7,Kasongo-Lunda,f1ec4558-c291-4570-8ee5-3d3ba5cbe33c
af81fc52-0025-4c6b-9122-1ac04ad8b166,Mbaké,90b979fb-ac22-477f-9f60-444b2fe82bae
7747b29e-e770-4047-a728-3d2d0fe06e28,Nakasongola,87b698fa-b767-4ed9-afbc-4e68da4c2269
8ef48cb9-c631-4317-9879-8391b6c8a1c3,Richard-Toll,90b979fb-ac22-477f-9f60-444b2fe82bae
227da92d-e71f-40e7-9138-b2e3dd522a58,Nioro du Rip,90b979fb-ac22-477f-9f60-444b2fe82bae
1311211a-0d4e-4d2b-8484-eca906587965,Fatick Department,90b979fb-ac22-477f-9f60-444b2fe82bae
18ecd1ab-66d0-429d-a8b9-2302f944f382,Freetown,476b0bcb-1374-4d24-8ff5-31871c8e09f5
39259ab3-1944-46ab-bcc6-a77dfac9b0aa,Owando,1d54fd83-1a89-4614-9899-3a905fb5e024
034abe11-c1a1-43d0-a725-9efdb04ea2dc,Bindi,476b0bcb-1374-4d24-8ff5-31871c8e09f5
2d1de319-d7cf-4a0a-8775-a1a0ad06d481,Inongo,f1ec4558-c291-4570-8ee5-3d3ba5cbe33c
9996a053-4147-4b09-b812-84fae311cd5e,Kasaji,f1ec4558-c291-4570-8ee5-3d3ba5cbe33c
8d169fda-a151-43ed-b614-6822833cfe67,Rwamagana,b973ffef-77ac-49c4-ad4c-daa0cab0ef2b
a11e1959-2ac6-44a3-8c16-499f670c2ad7,Binkolo,476b0bcb-1374-4d24-8ff5-31871c8e09f5
67396ac3-8c2f-41b6-8a8f-58632553a90b,Pout,90b979fb-ac22-477f-9f60-444b2fe82bae
e211abf4-7324-4212-acb4-1bdee63798d4,Luebo,f1ec4558-c291-4570-8ee5-3d3ba5cbe33c
fd8a387e-ec02-4ef8-b4b8-6b803b34cb36,Mwene-Ditu,f1ec4558-c291-4570-8ee5-3d3ba5cbe33c
6e87cbdc-8add-4f21-96ff-0ea1389e556e,Njeru,87b698fa-b767-4ed9-afbc-4e68da4c2269
d0abfb61-09dd-405d-9c37-0f2c6dd26a89,Bumpe,476b0bcb-1374-4d24-8ff5-31871c8e09f5
2391d81e-2b8f-4df8-bec1-8b047798b1ba,Makeni,476b0bcb-1374-4d24-8ff5-31871c8e09f5
9dd94e07-0f59-4df1-bee5-057f2ab685ea,Lukolela,f1ec4558-c291-4570-8ee5-3d3ba5cbe33c
143d0dba-3949-4832-a84b-98b233521591,Mushie,f1ec4558-c291-4570-8ee5-3d3ba5cbe33c
d181aaad-c18c-4f28-a3bc-ec2177950655,Isiro,f1ec4558-c291-4570-8ee5-3d3ba5cbe33c
8ccf6c32-95ed-4486-b20c-fbd7e653c4c5,Matam,90b979fb-ac22-477f-9f60-444b2fe82bae
fd11f299-91c7-409f-9bf6-096e6c09b667,Linguere Department,90b979fb-ac22-477f-9f60-444b2fe82bae
2f313dbc-d6c3-4235-a0fa-9d27a2c0a510,Goléré,90b979fb-ac22-477f-9f60-444b2fe82bae
676c24fa-39a1-4526-ad4d-9bfb69f86946,Otuke,87b698fa-b767-4ed9-afbc-4e68da4c2269
60d01925-8691-4439-8984-243e487a7e41,Oyam,87b698fa-b767-4ed9-afbc-4e68da4c2269
f98073d7-0068-4041-85fe-770b7ae42b14,Bandundu,f1ec4558-c291-4570-8ee5-3d3ba5cbe33c
61b72352-ba81-4696-b2e2-60be8d3c1132,Kamakwie,476b0bcb-1374-4d24-8ff5-31871c8e09f5
86466c8a-4a2d-4cb6-8fda-ad7c3f507e40,Tambacounda,90b979fb-ac22-477f-9f60-444b2fe82bae
48409633-5ab4-4aa4-96c8-f7e863fc0a24,Foindu,476b0bcb-1374-4d24-8ff5-31871c8e09f5
fbbab687-9ee4-4644-a323-480d85a7a0ed,Kédougou Department,90b979fb-ac22-477f-9f60-444b2fe82bae
3a28db67-8e9d-4551-997e-6e9c88f3312a,Kaffrine,90b979fb-ac22-477f-9f60-444b2fe82bae
11996d48-c345-45c8-9963-36ed93dfea4f,Oussouye,90b979fb-ac22-477f-9f60-444b2fe82bae
bc2942bc-16be-4879-9c47-ce4e0c2f5cb1,Kolda,90b979fb-ac22-477f-9f60-444b2fe82bae
b1d78a84-ea7c-40d6-83f3-72c270a4eaf6,Bumba,f1ec4558-c291-4570-8ee5-3d3ba5cbe33c
04124088-4d8f-4baf-821b-0654c183a2c0,Mbacké,90b979fb-ac22-477f-9f60-444b2fe82bae
d6f849d7-4857-4454-a962-1f0914ee90a9,Wakiso District,87b698fa-b767-4ed9-afbc-4e68da4c2269
00f58f57-2ca4-41eb-8777-2d77b5bab7ed,Boma,f1ec4558-c291-4570-8ee5-3d3ba5cbe33c
9eaa3a89-ac1f-4d80-9621-a12ed56764a4,Blama,476b0bcb-1374-4d24-8ff5-31871c8e09f5
d9ae5ce9-5fbd-4e8c-834b-82ed9460bd58,Koribundu,476b0bcb-1374-4d24-8ff5-31871c8e09f5
0cab961c-4f64-4e57-bb3e-cb96063a6c41,Kasangulu,f1ec4558-c291-4570-8ee5-3d3ba5cbe33c
0ea93491-bc3f-4eb9-b98e-80ee0aad45e9,Thiès Nones,90b979fb-ac22-477f-9f60-444b2fe82bae
499e3f9e-4877-4ed3-954b-699ce05f2bba,Bunumbu,476b0bcb-1374-4d24-8ff5-31871c8e09f5
0fbc8f5f-32ee-4fc1-8770-79e9aef8ca23,Bondo,f1ec4558-c291-4570-8ee5-3d3ba5cbe33c
12f64274-e330-4f04-b61f-bcb814f7e26a,Bukama,f1ec4558-c291-4570-8ee5-3d3ba5cbe33c
129a0455-eeb9-4ec4-b821-c2a2f42668e9,Bo,476b0bcb-1374-4d24-8ff5-31871c8e09f5
96e340d3-2e2d-4908-8f0a-f224302b4bc1,Kinshasa,f1ec4558-c291-4570-8ee5-3d3ba5cbe33c
b14fbf5f-744b-4e69-955c-9aaefb79866a,Foundiougne,90b979fb-ac22-477f-9f60-444b2fe82bae
c4ba4e49-0fe1-4bb1-8430-a1891f79adf1,Byumba,b973ffef-77ac-49c4-ad4c-daa0cab0ef2b
16ed57ec-c52c-4688-864c-131f2dc24343,Kent,476b0bcb-1374-4d24-8ff5-31871c8e09f5
ba347fe7-c437-4739-9523-af35a6b4431f,Kabare,f1ec4558-c291-4570-8ee5-3d3ba5cbe33c
7e1fdb7f-4138-4335-8503-c73f0f6adc4b,Wobulenzi,87b698fa-b767-4ed9-afbc-4e68da4c2269
e985fce9-3826-485d-9ec4-2df1664ac4d0,Marsassoum,90b979fb-ac22-477f-9f60-444b2fe82bae
038c63a5-562f-4ace-8604-2f806b9302da,Kinkala,1d54fd83-1a89-4614-9899-3a905fb5e024
050985b0-6140-4b93-a3a0-fbb85552592b,Département de Salémata,90b979fb-ac22-477f-9f60-444b2fe82bae
e29d0add-0d5c-4c67-b121-4bc3368a0041,Moanda,f1ec4558-c291-4570-8ee5-3d3ba5cbe33c
c262a0a7-e05f-4257-b5aa-7e50e019c793,Mossendjo,1d54fd83-1a89-4614-9899-3a905fb5e024
dc78c5f5-cb0b-456d-8181-00efe6f19c11,Bombali,476b0bcb-1374-4d24-8ff5-31871c8e09f5
78d4514f-2bb6-4608-b90f-a48e52f70d3e,Masaka,476b0bcb-1374-4d24-8ff5-31871c8e09f5
39ab357a-33f4-4e11-b935-b613e145a981,Kamina,f1ec4558-c291-4570-8ee5-3d3ba5cbe33c
0654400d-75e4-46c7-9e72-1446e670d6d5,Mangai,f1ec4558-c291-4570-8ee5-3d3ba5cbe33c
254d3097-093d-4ce6-9317-0a281a5c8c57,Kindu,f1ec4558-c291-4570-8ee5-3d3ba5cbe33c
eefe447a-b59f-4d52-a07d-9f30ff562f2f,Rufisque Department,90b979fb-ac22-477f-9f60-444b2fe82bae
ee7a32fd-c8a9-454e-a95b-1eaa47cac96c,Musanze,b973ffef-77ac-49c4-ad4c-daa0cab0ef2b
ecc3ff30-76c8-4d73-aa73-d34d6613f4f8,Kenema District,476b0bcb-1374-4d24-8ff5-31871c8e09f5
40fb8d99-2047-45bb-8a63-c6d3ad24c937,Namasuba,87b698fa-b767-4ed9-afbc-4e68da4c2269
73a1e815-e0f7-4879-ab88-df4549b69737,Koyima,476b0bcb-1374-4d24-8ff5-31871c8e09f5
dccefe66-1d7b-4e66-b292-1b9a4ecd8684,Guinguinéo,90b979fb-ac22-477f-9f60-444b2fe82bae
b69ae724-40a6-461f-9006-64b835d231fa,Makoua,1d54fd83-1a89-4614-9899-3a905fb5e024
0a56c8c4-e092-42ed-a6f2-ba4d0bd6b578,Mbour,90b979fb-ac22-477f-9f60-444b2fe82bae
7d67d5db-5ba1-4a4c-83cc-de5cb25e58d7,Ouro Sogui,90b979fb-ac22-477f-9f60-444b2fe82bae
1cd269ce-c155-4c5d-8ccd-865c94b9f7ed,Manowa,476b0bcb-1374-4d24-8ff5-31871c8e09f5
4cb680e4-6b6b-4f43-b97a-14a307e7b0dc,Watsa,f1ec4558-c291-4570-8ee5-3d3ba5cbe33c
5bb7bc7d-1ab6-4c42-aaf2-7f12417adb7f,Waoundé,90b979fb-ac22-477f-9f60-444b2fe82bae
a993230e-dffc-401a-bc75-0e7dd9794f74,Pallisa,87b698fa-b767-4ed9-afbc-4e68da4c2269
f0bb71d3-1bf7-414b-b400-b8dd2187f9c2,Bolobo,f1ec4558-c291-4570-8ee5-3d3ba5cbe33c
1c1d88b6-fc71-4e98-b072-a45b0c831221,Sembabule,87b698fa-b767-4ed9-afbc-4e68da4c2269
13eb0a48-e0cf-4992-a2d2-6e1d75c03552,Thiès,90b979fb-ac22-477f-9f60-444b2fe82bae
9a60d034-36d7-4219-aa58-4c5c3aa7f886,Gandiaye,90b979fb-ac22-477f-9f60-444b2fe82bae
06d5a2a0-286d-41b8-a855-87d4fc9d4154,Cyangugu,b973ffef-77ac-49c4-ad4c-daa0cab0ef2b
83f61445-fcb5-4e7b-8063-a21968102e1f,Khombole,90b979fb-ac22-477f-9f60-444b2fe82bae
4d4cc9b8-9e3f-4bfb-9d51-c2a007ffedb1,Ziguinchor,90b979fb-ac22-477f-9f60-444b2fe82bae
fa2694f4-ad79-4c5c-a73d-3596660f5dee,Daru,476b0bcb-1374-4d24-8ff5-31871c8e09f5
3c92c4dc-b8d6-400a-9a7d-96e5e7657283,Loma,476b0bcb-1374-4d24-8ff5-31871c8e09f5
5807374d-5646-46d4-a6c0-b3c4f4f5ae37,Goudomp Department,90b979fb-ac22-477f-9f60-444b2fe82bae
ec94a436-5d4d-44e8-86f6-5c69ed55dd65,Kikwit,f1ec4558-c291-4570-8ee5-3d3ba5cbe33c
939987d0-7aa7-4163-bd06-953c2a8efd42,Pikine Department,90b979fb-ac22-477f-9f60-444b2fe82bae
97198353-77b1-42c1-b8e7-09ae2c490e17,N’diareme limamoulaye,90b979fb-ac22-477f-9f60-444b2fe82bae
5e2646a5-e678-413a-9a0e-7d0c045f02fd,Adéane,90b979fb-ac22-477f-9f60-444b2fe82bae
2c2cf93c-5038-432e-a0f1-2c6659693634,Mbuji-Mayi,f1ec4558-c291-4570-8ee5-3d3ba5cbe33c
66f25b01-c9be-4757-8552-c8f03e82a74b,Kassiri,476b0bcb-1374-4d24-8ff5-31871c8e09f5
3aa4fdc1-6eb2-4697-aa2f-9aef2debbf23,Eglise Catholique Centrale GIKO,b973ffef-77ac-49c4-ad4c-daa0cab0ef2b
3bea9128-4ab5-4645-88d2-0def734cb083,Mbandaka,f1ec4558-c291-4570-8ee5-3d3ba5cbe33c
d88431b4-6836-4683-82ad-b9c9ba3f458f,Ouésso,1d54fd83-1a89-4614-9899-3a905fb5e024
f7022f36-cc04-4ea7-a5e0-b3a2da0306a8,Muhororo,87b698fa-b767-4ed9-afbc-4e68da4c2269
e6cd0c00-d42f-4b53-a901-e4d08d43a80e,Kono,476b0bcb-1374-4d24-8ff5-31871c8e09f5
c109324e-65ad-485f-af65-1d4432fc8a5f,Dakar,90b979fb-ac22-477f-9f60-444b2fe82bae
dd458f7c-f103-4f59-af4c-3a9d95169320,Sédhiou,90b979fb-ac22-477f-9f60-444b2fe82bae
3776d6a2-4d7f-4474-9f48-56e02082a099,Polel Diaoubé,90b979fb-ac22-477f-9f60-444b2fe82bae
fa484f78-7a53-4564-bd1c-96d930c0c354,Kailahun District,476b0bcb-1374-4d24-8ff5-31871c8e09f5
7750effc-f3a1-4ecc-a094-c90892a94b2e,Kabalo,f1ec4558-c291-4570-8ee5-3d3ba5cbe33c
9f662210-0a9e-473d-9c1c-b395870247dd,Ewo,1d54fd83-1a89-4614-9899-3a905fb5e024
f08add7a-3bfb-4850-99ae-070f9b8d49b6,Rosso,90b979fb-ac22-477f-9f60-444b2fe82bae
77140390-c9b2-46d5-b24b-7e3a54bc2c9b,Pourham,90b979fb-ac22-477f-9f60-444b2fe82bae
6db4e687-c715-4926-9bd8-a60de2bf96b0,Butembo,f1ec4558-c291-4570-8ee5-3d3ba5cbe33c
1699d4ae-bd53-4941-9198-3f1eaf861f85,Tivaouane,90b979fb-ac22-477f-9f60-444b2fe82bae
2d275956-9246-473b-ba06-46a7a86f939e,Tororo,87b698fa-b767-4ed9-afbc-4e68da4c2269
e7a49208-b6f4-41d9-842b-48d5abdb3f4c,Touba,90b979fb-ac22-477f-9f60-444b2fe82bae
2065540f-a2ea-4531-b58b-f8743fdc2fd1,Lubumbashi,f1ec4558-c291-4570-8ee5-3d3ba5cbe33c
1c195784-a581-4bfe-976b-0411819b1513,Pikine,90b979fb-ac22-477f-9f60-444b2fe82bae
8222e98d-5343-4f52-becc-3bc4ef29721a,Sibiti,1d54fd83-1a89-4614-9899-3a905fb5e024
d0a6d628-499d-431c-b643-142fa27c3514,Kibungo,b973ffef-77ac-49c4-ad4c-daa0cab0ef2b
dbe827c9-feab-4659-b9a8-aa0049fa17ea,Largo,476b0bcb-1374-4d24-8ff5-31871c8e09f5
5c313aca-7e8c-4f2c-9fa3-6f94ca9e15e0,Bo District,476b0bcb-1374-4d24-8ff5-31871c8e09f5
f2a6047d-21b4-4846-9f58-56a1e2ddf850,Giehun,476b0bcb-1374-4d24-8ff5-31871c8e09f5
95bb94da-9226-407e-9920-3c1f472798ca,Ntungamo,87b698fa-b767-4ed9-afbc-4e68da4c2269
6c1ca7b4-2af1-47ed-b5ae-52a6d71ce4e8,Impfondo,1d54fd83-1a89-4614-9899-3a905fb5e024
b5cfe2eb-35b1-4666-be20-b89567549f43,Kambia,476b0bcb-1374-4d24-8ff5-31871c8e09f5
9fbf8201-bf2e-4873-aa76-bb790301fe9f,Basoko,f1ec4558-c291-4570-8ee5-3d3ba5cbe33c
ba30a02d-b486-46e3-aa37-7f9dbd724c65,Konakridee,476b0bcb-1374-4d24-8ff5-31871c8e09f5
ac4298ec-e49b-4c03-abca-0f35db8bf927,Saraya,90b979fb-ac22-477f-9f60-444b2fe82bae
5c1cb9c4-c8c5-4b91-9f11-07dab8be6557,Butare,b973ffef-77ac-49c4-ad4c-daa0cab0ef2b
02d4057f-e4ee-43ee-a96b-79a3153ca75f,Tambacounda Department,90b979fb-ac22-477f-9f60-444b2fe82bae
e68d1388-af64-47c8-adfc-898588321198,Soroti,87b698fa-b767-4ed9-afbc-4e68da4c2269
be633cc5-e30c-4b12-9db0-f02ab3fb5140,Pader Palwo,87b698fa-b767-4ed9-afbc-4e68da4c2269
15a0257b-38ad-4d35-b1af-06420aaab84c,Ndioum,90b979fb-ac22-477f-9f60-444b2fe82bae
9c7bb9c3-af3f-49c5-ac23-f9ec0c645808,Kongolo,f1ec4558-c291-4570-8ee5-3d3ba5cbe33c
a121a19c-e31e-4217-a9e5-230341062bd0,Gisenyi,b973ffef-77ac-49c4-ad4c-daa0cab0ef2b
fc1e9612-5836-45e7-809a-03bafcb5a4f2,Aketi,f1ec4558-c291-4570-8ee5-3d3ba5cbe33c
72b41dff-b7fd-4938-9bbc-d9d07ea33edc,Nebbi,87b698fa-b767-4ed9-afbc-4e68da4c2269
5898c5a2-b50f-4a7e-a31c-45d8419369c6,Sironko,87b698fa-b767-4ed9-afbc-4e68da4c2269
e6a5914e-6dbf-4a7f-ad08-f94cf059b0b3,Diofior,90b979fb-ac22-477f-9f60-444b2fe82bae
faa42501-47fb-46ea-a4c1-93c84cdf1c73,Kolda Department,90b979fb-ac22-477f-9f60-444b2fe82bae
8024e1e6-e335-4f6c-b5f4-b2cdda48cdc2,Sémé,90b979fb-ac22-477f-9f60-444b2fe82bae
207ca768-d06f-4097-9af5-35df184ccd19,Mweka,f1ec4558-c291-4570-8ee5-3d3ba5cbe33c
1337ba35-2e6e-49b5-b73e-0df6d68059f3,Magburaka,476b0bcb-1374-4d24-8ff5-31871c8e09f5
8a9fcc1d-8682-45ef-8b70-9d4a29f3a6fa,Bunia,f1ec4558-c291-4570-8ee5-3d3ba5cbe33c
59d40a44-340b-4d2a-8f0a-4b343519ca05,Boende,f1ec4558-c291-4570-8ee5-3d3ba5cbe33c
0cbb3318-0dbc-4926-8b35-7d3684bc09a2,Libenge,f1ec4558-c291-4570-8ee5-3d3ba5cbe33c
7a091bbb-e2a7-4b82-8750-fc40beca7d5a,Kabinda,f1ec4558-c291-4570-8ee5-3d3ba5cbe33c
54ec38ae-1fd0-40d2-99a4-2b6246a4b5e0,Mubende District,87b698fa-b767-4ed9-afbc-4e68da4c2269
a6bc9910-92c9-4e00-a3ea-3112612b9688,Pader,87b698fa-b767-4ed9-afbc-4e68da4c2269
655649fb-5ac6-48eb-b604-983186dbf01c,Tshikapa,f1ec4558-c291-4570-8ee5-3d3ba5cbe33c
b78c873b-8826-44d3-83c2-cd4887077bdf,Baiima,476b0bcb-1374-4d24-8ff5-31871c8e09f5
57527e9b-e34c-4c16-b8fb-36fa396f183e,Kanel,90b979fb-ac22-477f-9f60-444b2fe82bae
1c9dad3e-d2bd-4c19-9abc-08ab3a83d21e,Mbanza-Ngungu,f1ec4558-c291-4570-8ee5-3d3ba5cbe33c
e83c8ec9-b324-4f8f-b924-d99f565bcdbf,Ndofane,90b979fb-ac22-477f-9f60-444b2fe82bae
6af793c3-b534-40f9-af6f-ad237f137fa7,Mambolo,476b0bcb-1374-4d24-8ff5-31871c8e09f5
b4803234-a583-490b-a66a-e07ab39a070f,Makali,476b0bcb-1374-4d24-8ff5-31871c8e09f5
0408a71f-8ee1-4d2d-8652-86902f461d6b,Loandjili,1d54fd83-1a89-4614-9899-3a905fb5e024
d460da1d-72ba-4970-8355-ae074d9bccde,Nzega,b973ffef-77ac-49c4-ad4c-daa0cab0ef2b
c346c080-a4d8-46a3-b363-f34074d3a0d1,Brazzaville,1d54fd83-1a89-4614-9899-3a905fb5e024
d4c98564-8949-4b7e-bf61-2d9849f63ea5,Gbewebu,476b0bcb-1374-4d24-8ff5-31871c8e09f5
2079c9e3-dd14-4480-8747-30b82bab844e,Gemena,f1ec4558-c291-4570-8ee5-3d3ba5cbe33c
97a200e4-30d4-4cee-b004-3df3a23ad3a9,Sémbé,1d54fd83-1a89-4614-9899-3a905fb5e024
2a36dce3-d735-49db-9822-89c68c71a274,Barma,476b0bcb-1374-4d24-8ff5-31871c8e09f5
1b97e3fa-92ab-40a9-bd2a-b810799000ae,Lisala,f1ec4558-c291-4570-8ee5-3d3ba5cbe33c
83180c19-7922-4dd1-aea2-5afd9084105c,Mukono,87b698fa-b767-4ed9-afbc-4e68da4c2269
c8f461ae-ee8a-4ea4-83db-020b153f48a0,Koidu,476b0bcb-1374-4d24-8ff5-31871c8e09f5
c4443066-e18c-4ceb-bb08-91402c58cd60,Dakar Department,90b979fb-ac22-477f-9f60-444b2fe82bae
b1af5ee9-6850-4da9-969e-8b36d7464165,Yumbe,87b698fa-b767-4ed9-afbc-4e68da4c2269
415ecdd5-f780-4114-964d-4b13cfe033d8,Gandorhun,476b0bcb-1374-4d24-8ff5-31871c8e09f5
3bf57ff6-6f89-4276-bccf-7d97224b8a0a,Gamboma,1d54fd83-1a89-4614-9899-3a905fb5e024
df2d100d-c98b-4d20-adf7-f15865aff011,Koungheul,90b979fb-ac22-477f-9f60-444b2fe82bae
6ef8917d-b03e-425d-822e-df7fc7307ac5,Bignona,90b979fb-ac22-477f-9f60-444b2fe82bae
073ef650-dcda-4029-8e1a-b4a4ff5c5619,Pointe-Noire,1d54fd83-1a89-4614-9899-3a905fb5e024
b7958dcd-cca8-4179-a861-0ceb6a7f2096,Yangambi,f1ec4558-c291-4570-8ee5-3d3ba5cbe33c
48c8ea32-c816-4c7b-a6f4-369ce02190de,Bongandanga,f1ec4558-c291-4570-8ee5-3d3ba5cbe33c
f7f84f8c-a17c-4ddb-a0e8-18dd17f9f23e,Kolwezi,f1ec4558-c291-4570-8ee5-3d3ba5cbe33c
c54b2ece-1076-4e69-ac80-c44faad655f8,Bumbuna,476b0bcb-1374-4d24-8ff5-31871c8e09f5
92ff89ba-65cd-413b-acd6-e58e96187bca,Kisangani,f1ec4558-c291-4570-8ee5-3d3ba5cbe33c
8967590b-2cd4-452e-a6c6-a67cd6660f09,Kalemie,f1ec4558-c291-4570-8ee5-3d3ba5cbe33c
80482a55-2dfd-4dc7-865f-1c3e2c092e1c,Joal-Fadiout,90b979fb-ac22-477f-9f60-444b2fe82bae
03652185-d006-45de-b5d2-742b8a6b79ee,Buedu,476b0bcb-1374-4d24-8ff5-31871c8e09f5
941db415-da93-4c1a-87b1-d1c32a8416af,Dolisie,1d54fd83-1a89-4614-9899-3a905fb5e024
4696fd89-38d2-447a-a7b5-50baf1465c19,Mamboma,476b0bcb-1374-4d24-8ff5-31871c8e09f5
056492b8-2350-4180-a3b6-b84b146df92f,Sokone,90b979fb-ac22-477f-9f60-444b2fe82bae
9aca24bd-a177-4702-ac97-359b4c60e107,Gandajika,f1ec4558-c291-4570-8ee5-3d3ba5cbe33c
36ac8330-73c1-402f-a1f4-049744fd833f,Ilebo,f1ec4558-c291-4570-8ee5-3d3ba5cbe33c
b133ddb9-8899-4f65-b677-a1d504fd38df,Diawara,90b979fb-ac22-477f-9f60-444b2fe82bae
be238b2b-dd13-475b-927c-e8f963d837bf,Bukavu,f1ec4558-c291-4570-8ee5-3d3ba5cbe33c
1c439f4b-0735-4054-979e-92028b2df63b,Gorahun,476b0bcb-1374-4d24-8ff5-31871c8e09f5
3734bf1c-dada-40d3-8097-5381729a0a33,Tionk Essil,90b979fb-ac22-477f-9f60-444b2fe82bae
41a7731e-756c-4c05-a47c-8e77d0d546a8,Saint-Louis,90b979fb-ac22-477f-9f60-444b2fe82bae
b3ae4c30-624e-44eb-9131-b2c8ec83aa8c,Warang,90b979fb-ac22-477f-9f60-444b2fe82bae
7536bd0c-b1dd-48d9-a698-cf283a58c698,Baoma,476b0bcb-1374-4d24-8ff5-31871c8e09f5
6292d343-c9cd-413f-89e9-101ae562eda2,Kayar,90b979fb-ac22-477f-9f60-444b2fe82bae
50d2c0c6-dcde-4935-8a69-fd418a2e036b,Kaolack,90b979fb-ac22-477f-9f60-444b2fe82bae
663732a1-1c6b-494b-916e-b4d3f92ff3c5,Wamba,f1ec4558-c291-4570-8ee5-3d3ba5cbe33c
35753564-cebf-4616-ad7a-568c01651fd0,Mange,476b0bcb-1374-4d24-8ff5-31871c8e09f5
08c5258d-8203-4363-a63a-ce8914dce640,Businga,f1ec4558-c291-4570-8ee5-3d3ba5cbe33c
1e2d74d9-8884-46ef-aecb-5ea1d10c2b7b,Matadi,f1ec4558-c291-4570-8ee5-3d3ba5cbe33c
ce3e5c18-e860-4650-afaf-309b02b85243,Nyachera,87b698fa-b767-4ed9-afbc-4e68da4c2269
09056a74-e58c-4ede-b080-18d6ac797724,Kibuye,b973ffef-77ac-49c4-ad4c-daa0cab0ef2b
995f37e0-18f0-4cf5-8bf9-db96fdc1a168,Gitarama,b973ffef-77ac-49c4-ad4c-daa0cab0ef2b
6883a298-6354-4305-96c0-c238eda78203,Nioki,f1ec4558-c291-4570-8ee5-3d3ba5cbe33c
d7b6a2ee-4faf-4587-b686-891ae5cbdbdf,Uvira,f1ec4558-c291-4570-8ee5-3d3ba5cbe33c
96eb1814-7a0d-4a5b-8a3a-46da92bb22b7,Ifakara,e61f26df-8daf-4c0e-83d4-a204016e9302
07624083-c7cd-4d3f-8bb1-913f5df29d93,Katerero,e61f26df-8daf-4c0e-83d4-a204016e9302
f545bbce-ef69-4752-aa46-725d96d21e51,Iringa,e61f26df-8daf-4c0e-83d4-a204016e9302
c3ae93f7-e327-45b4-8b21-facf47437171,Mbamba Bay,e61f26df-8daf-4c0e-83d4-a204016e9302
d566d627-af3a-4f9d-a7c5-b928c4ffb772,Kilindoni,e61f26df-8daf-4c0e-83d4-a204016e9302
894da3d1-4c00-4c30-9309-b9f84c415a74,Bugarama,e61f26df-8daf-4c0e-83d4-a204016e9302
259cc6ee-e789-4981-bf42-99f8f527af40,Kabanga,e61f26df-8daf-4c0e-83d4-a204016e9302
6161cc7b-e9e3-4f38-a61d-857c08f7301b,Igurubi,e61f26df-8daf-4c0e-83d4-a204016e9302
833a2690-d6c3-49e2-a36f-7e6b5d7248d6,Tongole,476b0bcb-1374-4d24-8ff5-31871c8e09f5
4631d389-c8a6-4fa7-818d-7c6b54130230,Mvomero,e61f26df-8daf-4c0e-83d4-a204016e9302
e316db28-9c1c-4382-b4d0-52d7fd72d622,Mogbwemo,476b0bcb-1374-4d24-8ff5-31871c8e09f5
490fb18e-296e-4376-a3cf-924ca7b558e4,Moshi,e61f26df-8daf-4c0e-83d4-a204016e9302
a1c38bae-708e-4976-9209-20f1504fe366,Moshi,e61f26df-8daf-4c0e-83d4-a204016e9302
47745fda-e1be-4f83-9cf9-cf572037827a,Motema,476b0bcb-1374-4d24-8ff5-31871c8e09f5
6d51fd64-3436-4bf8-af8e-eb44a384d661,Ikama,e61f26df-8daf-4c0e-83d4-a204016e9302
deb05adb-442b-4305-bfa7-c222a81e765a,Rokupr,476b0bcb-1374-4d24-8ff5-31871c8e09f5
5938e2d3-f2e1-4910-b957-8862d5dd0d2a,Panguma,476b0bcb-1374-4d24-8ff5-31871c8e09f5
b35f74cf-a45a-4b0c-b608-dc94789be26a,Chimala,e61f26df-8daf-4c0e-83d4-a204016e9302
a1a6a7c9-1e5f-4c96-9058-add007d5480e,Kisiwani,e61f26df-8daf-4c0e-83d4-a204016e9302
4e6d43c8-1f14-4916-80b1-e437940da13f,Serabu,476b0bcb-1374-4d24-8ff5-31871c8e09f5
5f1523f1-30a8-4175-8126-a251c563ea09,Ilula,e61f26df-8daf-4c0e-83d4-a204016e9302
398fda67-000b-4da8-8244-63816dc7e481,Meru,e61f26df-8daf-4c0e-83d4-a204016e9302
5abdc9fb-21c2-4254-95f7-c4efe4b8290f,Pujehun District,476b0bcb-1374-4d24-8ff5-31871c8e09f5
06ee3394-4da4-4da8-be08-78d92aeed61e,Morogoro,e61f26df-8daf-4c0e-83d4-a204016e9302
9f31ed37-e47a-49d6-bafd-b37a59f8b372,Matai,e61f26df-8daf-4c0e-83d4-a204016e9302
47880582-da1f-4c20-812b-16194221b66c,Lembeni,e61f26df-8daf-4c0e-83d4-a204016e9302
4270e634-0129-4f4e-b9d6-c2559edebf86,Mlowo,e61f26df-8daf-4c0e-83d4-a204016e9302
b9acc242-4569-4923-9597-3e03fb2a93ee,Mlowo,e61f26df-8daf-4c0e-83d4-a204016e9302
f6120e76-8e93-4e43-9c04-2a85b1175ac1,Kigonsera,e61f26df-8daf-4c0e-83d4-a204016e9302
066c2a07-92ef-4cd2-8185-391cbdb23348,Mpanda,e61f26df-8daf-4c0e-83d4-a204016e9302
ed9732c8-8e81-46b3-b982-dc3c6e0410d7,Katumba,e61f26df-8daf-4c0e-83d4-a204016e9302
5ea9cd2f-edc6-4132-830b-b546be6198e0,Kishapu,e61f26df-8daf-4c0e-83d4-a204016e9302
e3fb031c-a33d-4415-bcf3-0fb25742dc71,Wima,476b0bcb-1374-4d24-8ff5-31871c8e09f5
4e69c072-272c-42a7-8e0c-436591f6a8d1,Mbozi,e61f26df-8daf-4c0e-83d4-a204016e9302
de33b73e-3c42-4434-9527-607c43c80a8a,Dongobesh,e61f26df-8daf-4c0e-83d4-a204016e9302
0c70be75-19f2-48cc-85fd-90626aadc9ff,Kilosa,e61f26df-8daf-4c0e-83d4-a204016e9302
b87891c7-c697-493f-bdf1-78f57b064998,Mugumu,e61f26df-8daf-4c0e-83d4-a204016e9302
00db4993-ce30-4a31-90c1-f9de445643de,Kiomboi,e61f26df-8daf-4c0e-83d4-a204016e9302
77ea17f6-9115-4e3a-a433-1fd345d4f5c9,Karema,e61f26df-8daf-4c0e-83d4-a204016e9302
0331892e-db6e-4894-85bf-30b631dbddfc,Bashanet,e61f26df-8daf-4c0e-83d4-a204016e9302
70734adc-d1bd-4d52-8d3f-68c62bb0fee7,Ipinda,e61f26df-8daf-4c0e-83d4-a204016e9302
f54f11f3-174f-4f2b-a281-430c051087f3,Micheweni,e61f26df-8daf-4c0e-83d4-a204016e9302
982e4c51-3951-4e62-9059-68051093bd38,Palima,476b0bcb-1374-4d24-8ff5-31871c8e09f5
66f6e085-cefc-40f6-98f1-8dd20d860559,Mahonda,e61f26df-8daf-4c0e-83d4-a204016e9302
bd711273-96a0-46e9-b245-f0f2f4c54d65,Marangu,e61f26df-8daf-4c0e-83d4-a204016e9302
c3961f1d-2d4c-46ed-932f-24287d96ea24,Marangu,e61f26df-8daf-4c0e-83d4-a204016e9302
d7fef219-fce0-47b7-aefc-db60d5809c86,Koani,e61f26df-8daf-4c0e-83d4-a204016e9302
c722feff-5858-4a56-b244-a38a837186bc,Kirando,e61f26df-8daf-4c0e-83d4-a204016e9302
c50272e7-a453-4120-bb7c-8e235985f9ba,Maramba,e61f26df-8daf-4c0e-83d4-a204016e9302
fa03ecf4-5560-4b3d-8ba8-b386aea5d49a,Galappo,e61f26df-8daf-4c0e-83d4-a204016e9302
f3082049-5a04-424a-9075-8c705a29935f,Maswa,e61f26df-8daf-4c0e-83d4-a204016e9302
0ab2d2ab-9dcd-4433-92ac-22fbd7b45327,Lupiro,e61f26df-8daf-4c0e-83d4-a204016e9302
693014fc-c1ce-415b-86f6-36e4afb224a2,Mbulu,e61f26df-8daf-4c0e-83d4-a204016e9302
e9512f29-bd37-429b-914f-8983d060da5d,Kidodi,e61f26df-8daf-4c0e-83d4-a204016e9302
e36c57ab-28e7-4e12-b3f8-c556b85185f9,Mahuta,e61f26df-8daf-4c0e-83d4-a204016e9302
01a11239-1dc2-4faf-9a6c-2b9db89dd00b,Merelani,e61f26df-8daf-4c0e-83d4-a204016e9302
f273578b-7db8-41e5-a645-4f138100f240,Mkuranga,e61f26df-8daf-4c0e-83d4-a204016e9302
eb357be4-f44f-4ed1-8a2d-adb27f3ee250,Kibondo,e61f26df-8daf-4c0e-83d4-a204016e9302
1aa14a0a-b8f5-491f-a96e-157ccc775fa5,Malya,e61f26df-8daf-4c0e-83d4-a204016e9302
e2e7cf2c-5935-4a48-be10-9a6537523630,Ilembo,e61f26df-8daf-4c0e-83d4-a204016e9302
86914cdd-411a-4a9b-9534-a5d5e8d9801c,Hedaru,e61f26df-8daf-4c0e-83d4-a204016e9302
7693a9d6-bc64-4293-b121-a2abe9b7a76f,Makuyuni,e61f26df-8daf-4c0e-83d4-a204016e9302
330dcd32-5244-4ee2-b510-5e6c5e04e631,Tefeya,476b0bcb-1374-4d24-8ff5-31871c8e09f5
d2ec03a8-342d-470c-9d6b-dba96ea38908,Chato,e61f26df-8daf-4c0e-83d4-a204016e9302
087ba802-2c9c-4220-9edf-c3214e3934a4,Kitama,e61f26df-8daf-4c0e-83d4-a204016e9302
9213b1af-0e7b-43e4-915e-ed5b8b12c8d7,Bugene,e61f26df-8daf-4c0e-83d4-a204016e9302
45453382-535c-4787-af3c-dba4ea1d91a5,Kijini,e61f26df-8daf-4c0e-83d4-a204016e9302
513c16b6-1cdd-44f4-b8fe-28c2729b44d4,Mikumi,e61f26df-8daf-4c0e-83d4-a204016e9302
c6e501b9-5f69-4f9a-b4a7-b5c88df7728b,Muheza,e61f26df-8daf-4c0e-83d4-a204016e9302
bbe89c60-1825-4780-846a-0c91980bbfa0,Lugoba,e61f26df-8daf-4c0e-83d4-a204016e9302
5bd639cf-1ebf-4f01-8696-2ceb225398d5,Ikungi,e61f26df-8daf-4c0e-83d4-a204016e9302
065dbf43-7098-4308-af16-04a8926c31f1,Itigi,e61f26df-8daf-4c0e-83d4-a204016e9302
32507dad-868b-45f6-9489-9af31d265f0f,Mugango,e61f26df-8daf-4c0e-83d4-a204016e9302
281dfbdc-bff6-43ad-ae5c-3169c5841449,Bungu,e61f26df-8daf-4c0e-83d4-a204016e9302
b7ae7979-9544-404d-a3a6-93a86be0f74a,Manda,e61f26df-8daf-4c0e-83d4-a204016e9302
d17fa194-9bdb-420a-894b-58985fcde0f4,Chala,e61f26df-8daf-4c0e-83d4-a204016e9302
c59a5570-4066-4838-9937-ad66c11303aa,Mtambile,e61f26df-8daf-4c0e-83d4-a204016e9302
3c1f2053-b650-4e53-abe4-fda4b587d1d0,Pendembu,476b0bcb-1374-4d24-8ff5-31871c8e09f5
ea90507d-f5bf-433f-881f-ef9c6b830a01,Kakonko,e61f26df-8daf-4c0e-83d4-a204016e9302
c3ef6941-701b-42fa-a09a-6e207814d01d,Tombodu,476b0bcb-1374-4d24-8ff5-31871c8e09f5
35355873-7608-4083-a86b-6ef269bca99c,Muriti,e61f26df-8daf-4c0e-83d4-a204016e9302
581a1761-3adb-45ad-9bc1-d32daa327b1b,Mabama,e61f26df-8daf-4c0e-83d4-a204016e9302
8eacf556-0d56-4c12-8d2a-ea6049890938,Kondoa,e61f26df-8daf-4c0e-83d4-a204016e9302
f90532ee-dbb0-4576-84e9-eef4d9b3e929,Potoru,476b0bcb-1374-4d24-8ff5-31871c8e09f5
dde0f43d-bda5-49ba-a2cb-e14f1fc67036,Kaliua,e61f26df-8daf-4c0e-83d4-a204016e9302
08010554-0327-4929-a494-9efdd15f45e9,Chanika,e61f26df-8daf-4c0e-83d4-a204016e9302
0467b3a3-85e6-4780-9a39-fd61e7617cbb,Mlalo,e61f26df-8daf-4c0e-83d4-a204016e9302
52823fb4-3725-4c65-b0de-d998261cf88c,Mlimba,e61f26df-8daf-4c0e-83d4-a204016e9302
da59e8b6-e9eb-4ba9-827d-1d610e6aac0f,Katoro,e61f26df-8daf-4c0e-83d4-a204016e9302
eb7869d4-ac80-4eb2-85f0-8998777077b9,Katoro,e61f26df-8daf-4c0e-83d4-a204016e9302
a7104330-fd51-4491-a51c-7bdc659138c8,Mbinga,e61f26df-8daf-4c0e-83d4-a204016e9302
93e8cf2a-488a-48ae-b48a-3e937327a211,Matiri,e61f26df-8daf-4c0e-83d4-a204016e9302
eb4f4654-2d71-422a-a80a-b3dd978fbaf6,Mahenge,e61f26df-8daf-4c0e-83d4-a204016e9302
34114aa7-07b5-4e64-93b6-4794507a555e,Dareda,e61f26df-8daf-4c0e-83d4-a204016e9302
9a003144-f2f4-41db-a8fb-b98de0e3f133,Mhango,e61f26df-8daf-4c0e-83d4-a204016e9302
973c1ddb-6b9a-4ab4-aedc-4367d301623a,Kihangara,e61f26df-8daf-4c0e-83d4-a204016e9302
2897e314-cd3f-4c4b-9a14-2cff041623df,Masasi,e61f26df-8daf-4c0e-83d4-a204016e9302
2d9ad66c-7c1e-4005-b4ba-c2598464d01e,Port Loko,476b0bcb-1374-4d24-8ff5-31871c8e09f5
9cb9b387-db77-4058-84b8-48600ab2714b,Msanga,e61f26df-8daf-4c0e-83d4-a204016e9302
74e01253-a79f-4f76-8573-164dc7ec9ebd,Masuguru,e61f26df-8daf-4c0e-83d4-a204016e9302
81098b21-f5ba-4eed-bdb7-6c6486b502b5,Masoyila,476b0bcb-1374-4d24-8ff5-31871c8e09f5
9241a36a-40f5-497f-a07b-2c60f6db96ab,Babati,e61f26df-8daf-4c0e-83d4-a204016e9302
df9fb248-3aef-4323-a93f-bce257ce8c98,Segbwema,476b0bcb-1374-4d24-8ff5-31871c8e09f5
9cb64070-ade1-4dcf-a04b-520791c176c9,Kahe Tanzania,e61f26df-8daf-4c0e-83d4-a204016e9302
a94a6a34-d52e-4d12-9e0d-8a0716923dee,Endasak,e61f26df-8daf-4c0e-83d4-a204016e9302
59cf19ea-efe1-4613-a63d-b015058aff96,Lalago,e61f26df-8daf-4c0e-83d4-a204016e9302
45a325e8-4e22-413f-9577-ad0add52c264,Kigoma,e61f26df-8daf-4c0e-83d4-a204016e9302
aa7b7201-e7fa-4040-87a2-718d1d47365d,Izazi,e61f26df-8daf-4c0e-83d4-a204016e9302
5477e7a3-daab-4258-8196-a612b5919764,Mbekenyera,e61f26df-8daf-4c0e-83d4-a204016e9302
71b6a836-cf08-4cfb-ae76-48fafd8d8f98,Bukoba,e61f26df-8daf-4c0e-83d4-a204016e9302
ad036fc1-5b38-42a2-a5b3-534561256444,Kiwengwa,e61f26df-8daf-4c0e-83d4-a204016e9302
c83907d2-f964-499c-b594-53c47c8145a6,Magole,e61f26df-8daf-4c0e-83d4-a204016e9302
948f6846-8865-47a9-aee4-932e1907c8f3,Dodoma,e61f26df-8daf-4c0e-83d4-a204016e9302
4f9e01b1-49b3-42b1-979e-f7f939d5ea71,Tintafor,476b0bcb-1374-4d24-8ff5-31871c8e09f5
777a02c5-cf16-4437-8587-1dbd24ba6018,Mungaa,e61f26df-8daf-4c0e-83d4-a204016e9302
3bdf029a-9cd0-40ef-818a-a9c715402ebb,Kibaya,e61f26df-8daf-4c0e-83d4-a204016e9302
ea17a033-7e2c-4703-9551-9618cb10a169,Mlandizi,e61f26df-8daf-4c0e-83d4-a204016e9302
cf432dc1-7c32-4ad5-9cc1-ed95f37bb8de,Lushoto,e61f26df-8daf-4c0e-83d4-a204016e9302
45a81a53-e5b4-4cf4-a91b-fc74075eb3d4,Longido,e61f26df-8daf-4c0e-83d4-a204016e9302
d5adb7f5-6be3-41e1-9277-8adada43078e,Makanya,e61f26df-8daf-4c0e-83d4-a204016e9302
8e370fcf-9fe7-4ff8-91db-bff549c00216,Mazinde,e61f26df-8daf-4c0e-83d4-a204016e9302
ac25abf2-e03d-4a5e-bfc5-b53c5ff5de75,Luchingu,e61f26df-8daf-4c0e-83d4-a204016e9302
110dc572-9ce5-441c-8c9b-bac0f4d6c684,Matonga,e61f26df-8daf-4c0e-83d4-a204016e9302
bfeef50d-1763-4df9-890d-df4ebd8d85c2,Ikinga,e61f26df-8daf-4c0e-83d4-a204016e9302
4a72c10d-b675-44d9-b0d5-a4fdb5b663e0,Mingoyo,e61f26df-8daf-4c0e-83d4-a204016e9302
b35c9cd6-0c93-462d-8330-5c5924c24fe3,Kwakoa,e61f26df-8daf-4c0e-83d4-a204016e9302
5e95e982-169f-47a4-b279-33773541464b,Mbuguni,e61f26df-8daf-4c0e-83d4-a204016e9302
132f6331-b485-454c-8ac9-8b4914d776f4,Pepel,476b0bcb-1374-4d24-8ff5-31871c8e09f5
71944a23-e005-463c-a7e6-e92b9917a5ef,Kimamba,e61f26df-8daf-4c0e-83d4-a204016e9302
28155b5c-7148-4da3-8e66-01940d4dc3ed,Biharamulo,e61f26df-8daf-4c0e-83d4-a204016e9302
707c2ac9-afff-4f1f-841f-0cdc41e0dc48,Mgandu,e61f26df-8daf-4c0e-83d4-a204016e9302
aa8011a4-2fce-4400-9e01-45b998f28fab,Masingbi,476b0bcb-1374-4d24-8ff5-31871c8e09f5
dbd45276-7210-4afe-9d30-1e6f0188ce89,Madimba,e61f26df-8daf-4c0e-83d4-a204016e9302
0b0c29b8-8c44-47e2-b192-56e349f741e9,Simbakoro,476b0bcb-1374-4d24-8ff5-31871c8e09f5
99ba71bd-eae9-469b-b078-7a05db8049f2,Geita,e61f26df-8daf-4c0e-83d4-a204016e9302
21534371-5cd4-40a3-93e7-78b8ff536ff5,Majengo,e61f26df-8daf-4c0e-83d4-a204016e9302
8aa38353-84aa-4e0a-96fd-c1da310ecf91,Chake Chake,e61f26df-8daf-4c0e-83d4-a204016e9302
d591d20f-7526-42dc-85c8-5565397bdc7f,Kibara,e61f26df-8daf-4c0e-83d4-a204016e9302
01699993-dc6a-4adf-9254-061e12594e26,Pujehun,476b0bcb-1374-4d24-8ff5-31871c8e09f5
d01dcf43-35c1-4018-846a-fe293c28e3bc,Bukene,e61f26df-8daf-4c0e-83d4-a204016e9302
d6c27dba-8723-472e-beb1-144170148f39,Seidu,476b0bcb-1374-4d24-8ff5-31871c8e09f5
554bcf3c-8acf-4070-bf80-701601e345d3,Moyamba District,476b0bcb-1374-4d24-8ff5-31871c8e09f5
473bd9cb-30ea-494d-ba50-dd3d76973b8d,Mafinga,e61f26df-8daf-4c0e-83d4-a204016e9302
0054ca24-d7d9-4722-a04b-ce9a153c160b,Magomeni,e61f26df-8daf-4c0e-83d4-a204016e9302
b33a2102-4bdb-49f0-8a40-5c00d22de02c,Magomeni,e61f26df-8daf-4c0e-83d4-a204016e9302
e4956236-03ca-4ee2-9d44-c0b660055590,Lindi,e61f26df-8daf-4c0e-83d4-a204016e9302
e0b095f3-9737-405f-8537-005d1a05c250,Ikwiriri,e61f26df-8daf-4c0e-83d4-a204016e9302
d9cd4440-9748-431d-bc4d-540c00c060f6,Chalinze,e61f26df-8daf-4c0e-83d4-a204016e9302
30cf222d-71d2-4424-82a2-ae06c929bd1c,Mahanje,e61f26df-8daf-4c0e-83d4-a204016e9302
eed49166-c234-47bb-b9d7-e68c7969883e,Bariadi,e61f26df-8daf-4c0e-83d4-a204016e9302
d085c7e5-00bc-4665-9419-d680ea3622f8,Musoma,e61f26df-8daf-4c0e-83d4-a204016e9302
2a94a2c7-993e-4b1d-a8d6-79a5e573b80b,Ikolo,e61f26df-8daf-4c0e-83d4-a204016e9302
ff604a5e-10cf-47aa-9af6-4d0a20293c8e,Kasamwa,e61f26df-8daf-4c0e-83d4-a204016e9302
3a4bfc81-8112-4195-b298-db875ebd5fe6,Kigamboni,e61f26df-8daf-4c0e-83d4-a204016e9302
af8f5245-8633-463d-99c2-62950cc229ea,Kahama,e61f26df-8daf-4c0e-83d4-a204016e9302
8df1c9cc-685b-40e3-b13e-cf612f3960c3,Misungwi,e61f26df-8daf-4c0e-83d4-a204016e9302
b1675b98-a204-4d1e-900d-8380e4be83b8,Misasi,e61f26df-8daf-4c0e-83d4-a204016e9302
196d760c-a9a8-458a-8dfb-0668af54f775,Ikuti,e61f26df-8daf-4c0e-83d4-a204016e9302
6a015bf5-bcb4-4b24-80a0-554ff49a8ecc,Msowero,e61f26df-8daf-4c0e-83d4-a204016e9302
201b9eeb-f767-4262-8fc7-6a4d4552109b,Ilongero,e61f26df-8daf-4c0e-83d4-a204016e9302
0184d098-9f9a-4c64-905d-373e37f84537,Kiwira,e61f26df-8daf-4c0e-83d4-a204016e9302
de7ebde7-84d4-4c56-abd0-e475fda31753,Kibaha,e61f26df-8daf-4c0e-83d4-a204016e9302
badcf27c-eb00-4ace-92bf-08cf5bb8219a,Mtama,e61f26df-8daf-4c0e-83d4-a204016e9302
92846d1a-9607-45e3-850c-4b4d75047a30,Mtwango,e61f26df-8daf-4c0e-83d4-a204016e9302
61e1d87d-b9c5-4e27-ae44-fb93a7883bb8,Mobai,476b0bcb-1374-4d24-8ff5-31871c8e09f5
011169ff-1792-41e0-a8b2-886b6d884187,Yengema,476b0bcb-1374-4d24-8ff5-31871c8e09f5
af9f1813-5720-4ee1-8b53-634b3d82a5b4,Kamachumu,e61f26df-8daf-4c0e-83d4-a204016e9302
96697515-a75f-466e-aa7d-92a990d3227f,Issenye,e61f26df-8daf-4c0e-83d4-a204016e9302
e0d758dc-34d5-41c4-8143-5096cc546f4c,Dar es Salaam,e61f26df-8daf-4c0e-83d4-a204016e9302
93ad90ff-0475-4d27-944b-5fb8408b77a3,Lusungo,e61f26df-8daf-4c0e-83d4-a204016e9302
cd314a05-feda-4ea1-8e24-ce0d8c1be4b3,Malangali,e61f26df-8daf-4c0e-83d4-a204016e9302
88b9d670-84cd-4c35-9e17-950aa10abb60,Malinyi,e61f26df-8daf-4c0e-83d4-a204016e9302
2b0aa04f-60b4-485c-a7ce-2381976036df,Inyonga,e61f26df-8daf-4c0e-83d4-a204016e9302
6aa5daf9-a7fd-485e-be4c-5c4e8fc2aa3c,Basotu,e61f26df-8daf-4c0e-83d4-a204016e9302
4369dd2e-4232-4363-8b10-5bd2c29dea79,Kisesa,e61f26df-8daf-4c0e-83d4-a204016e9302
621ca523-937f-4cd4-b235-5d1d7a568e78,Sawkta,476b0bcb-1374-4d24-8ff5-31871c8e09f5
ffc50f96-df95-4927-a5f2-e4982ead30e7,Kiratu,e61f26df-8daf-4c0e-83d4-a204016e9302
6eda7729-4535-4d93-8306-0de5ac3c59f2,Masumbwe,e61f26df-8daf-4c0e-83d4-a204016e9302
995c33c8-8e79-470e-b969-7147ee11abea,Waterloo,476b0bcb-1374-4d24-8ff5-31871c8e09f5
d85a7580-0232-43ea-a3fe-86f667ae1f99,Arusha,e61f26df-8daf-4c0e-83d4-a204016e9302
c8ec231d-efd6-4e77-ac3a-1a3fd89a655a,Kintinku,e61f26df-8daf-4c0e-83d4-a204016e9302
10635e11-72c7-4039-bff8-512c81a031db,Kingori,e61f26df-8daf-4c0e-83d4-a204016e9302
62d722ac-9df5-4ba3-a750-063b3edd50c3,Matui,e61f26df-8daf-4c0e-83d4-a204016e9302
cb7151ce-9cd9-450b-af19-9c00905b2ea2,Mbeya,e61f26df-8daf-4c0e-83d4-a204016e9302
668be473-37af-486f-8e2b-91779f048acb,Lupata,e61f26df-8daf-4c0e-83d4-a204016e9302
04f8dda8-318f-40c3-902d-45abbba283c4,Kisarawe,e61f26df-8daf-4c0e-83d4-a204016e9302
a51b693c-7d4c-4f00-a1f7-221c6e95555f,Ilemela,e61f26df-8daf-4c0e-83d4-a204016e9302
d9484349-7c22-4261-bc2f-6d51fa64f237,Kidatu,e61f26df-8daf-4c0e-83d4-a204016e9302
8fb69f97-9f35-4de5-a415-119d991c0108,Mkwajuni,e61f26df-8daf-4c0e-83d4-a204016e9302
b8d66430-eab1-4f45-a9db-fc3ecc25d6b2,Kihurio,e61f26df-8daf-4c0e-83d4-a204016e9302
2f0c8369-9d42-4a5f-9e9d-3e29323d60e6,Kisanga,e61f26df-8daf-4c0e-83d4-a204016e9302
cf28169c-47ff-40e1-a493-0677c891fa6d,Mto wa Mbu,e61f26df-8daf-4c0e-83d4-a204016e9302
2677e550-bb19-4e42-a8ca-6457b643c4d1,Kibiti,e61f26df-8daf-4c0e-83d4-a204016e9302
e0973352-37df-4731-8543-b0b09160a22b,Gamba,e61f26df-8daf-4c0e-83d4-a204016e9302
fa0d8929-c37e-4223-9987-b11a9493934a,Igugunu,e61f26df-8daf-4c0e-83d4-a204016e9302
d1041b08-6669-4202-8990-f1340e15133f,Masukulu,e61f26df-8daf-4c0e-83d4-a204016e9302
09270d00-3def-4053-98a5-52cace67002a,Lukuledi,e61f26df-8daf-4c0e-83d4-a204016e9302
eacd07f1-7498-4947-9b1a-0ecf93d85d3d,Kibakwe,e61f26df-8daf-4c0e-83d4-a204016e9302
dbca9aef-d5df-4aca-a626-5cb09b92439d,Chiungutwa,e61f26df-8daf-4c0e-83d4-a204016e9302
778f11f9-a316-4f7b-a611-a61c47aa9a25,Maposeni,e61f26df-8daf-4c0e-83d4-a204016e9302
58bfd04d-1789-43fc-8f5f-33a06bf69189,Monduli,e61f26df-8daf-4c0e-83d4-a204016e9302
60c68d82-50bf-4acf-b524-616d7839fc69,Mlangali,e61f26df-8daf-4c0e-83d4-a204016e9302
c5823ff4-d691-4669-88a7-52e7037c7dce,Mtwara,e61f26df-8daf-4c0e-83d4-a204016e9302
2f6dbca1-f9da-447d-b1a7-e75e9f43a93c,Rotifunk,476b0bcb-1374-4d24-8ff5-31871c8e09f5
53adc9e0-17fc-42d2-b22e-ccca831ddbd4,Tonkolili,476b0bcb-1374-4d24-8ff5-31871c8e09f5
3fa0771b-7f7b-43c6-885a-b1898e84c361,Kirya,e61f26df-8daf-4c0e-83d4-a204016e9302
d3c932ad-1d6a-48bc-84da-94cc566d9a86,Kasulu,e61f26df-8daf-4c0e-83d4-a204016e9302
d299dce9-3773-4355-9ec2-76e0a965c657,Yonibana,476b0bcb-1374-4d24-8ff5-31871c8e09f5
0fa8c6cf-27f2-40f8-adcd-599ea949bdf6,Bagamoyo,e61f26df-8daf-4c0e-83d4-a204016e9302
b88d5de3-f08b-4ff4-ba5b-52a9cf5c250f,Malampaka,e61f26df-8daf-4c0e-83d4-a204016e9302
b2b823c9-2d03-4ccc-89e9-7ee1d37bf9e8,Isaka,e61f26df-8daf-4c0e-83d4-a204016e9302
31807513-72fc-4422-b607-26de41ef0743,Katesh,e61f26df-8daf-4c0e-83d4-a204016e9302
4c1f2556-ca7c-4372-95b4-84c0eb5de56f,Ileje,e61f26df-8daf-4c0e-83d4-a204016e9302
0236e2bd-e7f3-49e6-9a43-ae613d47f452,Kandete,e61f26df-8daf-4c0e-83d4-a204016e9302
e54836f0-562e-4339-84a4-69f002ec6636,Mkokotoni,e61f26df-8daf-4c0e-83d4-a204016e9302
108e7258-1a95-4709-b6ca-88cab2674c4b,Butiama,e61f26df-8daf-4c0e-83d4-a204016e9302
2434193d-c3c7-4f23-afd4-bd1e8c1a7cce,Mpuguso,e61f26df-8daf-4c0e-83d4-a204016e9302
2bd4be84-4518-4602-864c-e518e2db5390,Ibaba,e61f26df-8daf-4c0e-83d4-a204016e9302
6084754e-3978-404b-abea-16310d80922c,Mtinko,e61f26df-8daf-4c0e-83d4-a204016e9302
2f75f3b8-26da-47f5-a4c9-bb8b2a4c7b65,Kabula,e61f26df-8daf-4c0e-83d4-a204016e9302
55d117d9-39b7-4c53-b286-d05f0f8a42ac,Laela,e61f26df-8daf-4c0e-83d4-a204016e9302
586c758c-9a70-427b-a3ae-7abaf33bd38d,Kinondoni,e61f26df-8daf-4c0e-83d4-a204016e9302
5f26e27f-3697-4887-bc97-1d24388c39b1,Makumbako,e61f26df-8daf-4c0e-83d4-a204016e9302
c000b075-2eef-4241-86b0-a3803c8ba45e,Kitangari,e61f26df-8daf-4c0e-83d4-a204016e9302
39c68b63-ed5a-4f98-ac3a-ea0c7777c373,Geiro,e61f26df-8daf-4c0e-83d4-a204016e9302
bd5dc463-5bd7-4a93-b050-aaa6eedbd7b7,Kongwa,e61f26df-8daf-4c0e-83d4-a204016e9302
2e94b464-200e-422e-b5cc-bca0c4531f7f,Lulindi,e61f26df-8daf-4c0e-83d4-a204016e9302
b5a88a97-a8e3-473a-a66d-ce01c037705a,Magugu,e61f26df-8daf-4c0e-83d4-a204016e9302
26076541-44b6-4e01-9b24-2960ba6dded3,Machame,e61f26df-8daf-4c0e-83d4-a204016e9302
dce2cc34-5fe1-47b2-875f-754292a12da5,Machame,e61f26df-8daf-4c0e-83d4-a204016e9302
e432e02f-14b3-48c7-8dfe-930cc95f7bf2,Kyaka,e61f26df-8daf-4c0e-83d4-a204016e9302
d5dc5888-6966-4dcd-8f76-a742bd6b9101,Matamba,e61f26df-8daf-4c0e-83d4-a204016e9302
5aea94e1-fc09-4749-9a14-33f47b4979f8,Makungu,e61f26df-8daf-4c0e-83d4-a204016e9302
62065c9c-5a65-4844-856d-b396965e92cb,Kilimatinde,e61f26df-8daf-4c0e-83d4-a204016e9302
60011336-58a3-4fb0-8e64-1844173b499f,Sumbuya,476b0bcb-1374-4d24-8ff5-31871c8e09f5
3e9c7f62-5eee-49c1-bb9a-90745fb6b2f8,Konde,e61f26df-8daf-4c0e-83d4-a204016e9302
d33e7c37-f566-4603-8d96-ae3bf3f61151,Ilala,e61f26df-8daf-4c0e-83d4-a204016e9302
a828fa5f-d813-48cc-9ccb-274a0bcaf833,Mtimbira,e61f26df-8daf-4c0e-83d4-a204016e9302
2e3f1602-0d52-47b7-a144-e0ab5ac246be,Mpwapwa,e61f26df-8daf-4c0e-83d4-a204016e9302
89a8ca70-494f-4747-b8b4-36b67c520ea6,Mabamba,e61f26df-8daf-4c0e-83d4-a204016e9302
df2b56c6-6f25-4bc3-a3ad-bc77c211d910,Liuli,e61f26df-8daf-4c0e-83d4-a204016e9302
ae0d6bcc-63b3-4220-aaf7-39a5b84712ff,Buseresere,e61f26df-8daf-4c0e-83d4-a204016e9302
a605808f-61cb-47f3-9f5e-b8a3284b1eff,Bukonyo,e61f26df-8daf-4c0e-83d4-a204016e9302
8e7dd6f0-33ac-4fce-9dd8-1df993bdfccd,Zimmi,476b0bcb-1374-4d24-8ff5-31871c8e09f5
f9d5f89f-82f9-4213-8b5d-e26aec3eddf3,Kisasa,e61f26df-8daf-4c0e-83d4-a204016e9302
e9ecfefb-3b89-4f94-8124-2ac3fe34328a,Mbumi,e61f26df-8daf-4c0e-83d4-a204016e9302
f291d999-e9a7-454c-8bd3-c31b3c4d80e4,Maneromango,e61f26df-8daf-4c0e-83d4-a204016e9302
2a111f95-fad8-4c29-b017-0a18a783dc30,Moyamba,476b0bcb-1374-4d24-8ff5-31871c8e09f5
4207a37d-5bf3-412b-ba50-a2524bf7f629,Ilembula,e61f26df-8daf-4c0e-83d4-a204016e9302
d0e11e0d-1543-43d2-9fb7-87a388a93d7b,Tombu,476b0bcb-1374-4d24-8ff5-31871c8e09f5
338c66a0-7db5-4ecd-bbc4-b7576594d0f3,Wete,e61f26df-8daf-4c0e-83d4-a204016e9302
8dc6414b-07e1-4d93-9c8a-369703148101,Nyangao,e61f26df-8daf-4c0e-83d4-a204016e9302
9b52e074-3272-420f-b7e6-c4365058a28c,Shelui,e61f26df-8daf-4c0e-83d4-a204016e9302
1db26b2b-aec5-4a21-9783-f47363b0a527,Mumbwa,741ea75a-2666-4cad-9ed2-99542ae48eb9
974f8094-1e0d-46e4-8343-e016cb602bb5,Chililabombwe,741ea75a-2666-4cad-9ed2-99542ae48eb9
2bc09bf5-4810-4cca-b0d6-72c01b15909e,Luangwa,741ea75a-2666-4cad-9ed2-99542ae48eb9
75817817-4e45-4d7c-bcb5-b10cf120e682,Ngerengere,e61f26df-8daf-4c0e-83d4-a204016e9302
55e5f429-21e3-4eda-ad6f-efec6cdc9610,Nachingwea,e61f26df-8daf-4c0e-83d4-a204016e9302
d3d34153-8b6a-464a-82f1-1c5a6ca96d03,Monze,741ea75a-2666-4cad-9ed2-99542ae48eb9
6ef29374-b9fe-41d4-9a7c-626d0bcbab2c,Kandé,a284aca1-573a-4370-9397-deadb55c1610
abf56ee7-6bbb-4eef-a7a0-6dda0f9fde1d,Sesheke,741ea75a-2666-4cad-9ed2-99542ae48eb9
96da8404-cbd3-42f3-82ec-81d724c3641d,Kafue,741ea75a-2666-4cad-9ed2-99542ae48eb9
65818e03-6bc2-4adc-9c9b-86b4cbef89a2,Vogan,a284aca1-573a-4370-9397-deadb55c1610
2dbbd6e6-1122-468e-b50b-87f5c360273e,Tumbi,e61f26df-8daf-4c0e-83d4-a204016e9302
677a190f-fb6e-4a92-832b-6505623878d6,Vikindu,e61f26df-8daf-4c0e-83d4-a204016e9302
7d020b78-5dfa-4b87-8d0c-c739e9300dc7,Nyamuswa,e61f26df-8daf-4c0e-83d4-a204016e9302
0fb91e18-2735-4d56-ae66-6e7e681fae21,Chibombo District,741ea75a-2666-4cad-9ed2-99542ae48eb9
1dd42663-eee3-4894-aaf8-d62959266973,Utete,e61f26df-8daf-4c0e-83d4-a204016e9302
65702687-7967-4a87-8b6e-975a559dfa8d,Tchamba,a284aca1-573a-4370-9397-deadb55c1610
545154b1-c5ed-4a10-b560-e42526232530,Préfecture de Bassar,a284aca1-573a-4370-9397-deadb55c1610
908c95a6-b2df-44a2-abdc-a0b9c9870b1f,Nyakabindi,e61f26df-8daf-4c0e-83d4-a204016e9302
d46115ec-37c8-4ee1-9caf-477fe60e7e30,Sirari,e61f26df-8daf-4c0e-83d4-a204016e9302
3c8407b0-0958-4cd0-b567-4f5c28e1ffb1,Nchelenge,741ea75a-2666-4cad-9ed2-99542ae48eb9
85f713cc-238a-46c8-b106-ac36507fa667,Singida,e61f26df-8daf-4c0e-83d4-a204016e9302
189cc2b7-eb5d-48b1-8f00-3ded408fb611,Nguruka,e61f26df-8daf-4c0e-83d4-a204016e9302
24936ac0-c112-4439-981b-777606c6b133,Siavonga,741ea75a-2666-4cad-9ed2-99542ae48eb9
7438fc2c-e634-4ca0-a5d5-de65b754095d,Kapiri Mposhi,741ea75a-2666-4cad-9ed2-99542ae48eb9
4c918625-45c8-48ac-8603-b7a2fa9e16ca,Tandahimba,e61f26df-8daf-4c0e-83d4-a204016e9302
2f6e1666-68fe-492c-a248-9c924b0f66a5,Tabora,e61f26df-8daf-4c0e-83d4-a204016e9302
12e34159-3fbb-4bd1-b65a-2263e59c5cb0,Luwingu,741ea75a-2666-4cad-9ed2-99542ae48eb9
61e7b118-15a9-4422-b897-f68f168ea096,Vwawa,e61f26df-8daf-4c0e-83d4-a204016e9302
af009b92-7665-4ede-8967-ab95e5af8a35,Mongu,741ea75a-2666-4cad-9ed2-99542ae48eb9
213494d2-4ab7-4f14-a44e-f0361215601d,Ngudu,e61f26df-8daf-4c0e-83d4-a204016e9302
7fd3c715-8ec0-42a3-a44b-31416faed283,Nakonde,741ea75a-2666-4cad-9ed2-99542ae48eb9
e20c5d99-3a4a-4313-a419-cd4be3bcdea4,Tingi,e61f26df-8daf-4c0e-83d4-a204016e9302
24e40dc1-d939-463a-bcf2-e777566e32b0,Poli,e61f26df-8daf-4c0e-83d4-a204016e9302
ed0a8989-a7d9-4a08-aa4a-8296d23f75a1,Mpulungu,741ea75a-2666-4cad-9ed2-99542ae48eb9
bac755d9-5d1e-4d70-ae49-b6838c04df03,Nyalikungu,e61f26df-8daf-4c0e-83d4-a204016e9302
a09c9bf1-a48e-4e01-81d5-95dc5369dcc0,Lundazi,741ea75a-2666-4cad-9ed2-99542ae48eb9
57098c03-85cc-43f5-8b3e-e579653845ef,Gwembe,741ea75a-2666-4cad-9ed2-99542ae48eb9
ce7de124-eb11-4542-a48f-681851ef9d0b,Mwansanga,e61f26df-8daf-4c0e-83d4-a204016e9302
62ea2e16-9688-4d86-98d6-c266e030cf04,Sepuka,e61f26df-8daf-4c0e-83d4-a204016e9302
d0c66b9f-cadf-4b80-991a-68d547b0d391,Kitwe,741ea75a-2666-4cad-9ed2-99542ae48eb9
afbfe2cf-fa08-4655-a819-f44c508a6234,Maamba,741ea75a-2666-4cad-9ed2-99542ae48eb9
da2a366a-ac20-4138-8e2e-19d9142346b6,Atakpamé,a284aca1-573a-4370-9397-deadb55c1610
06e09ccd-04c2-427b-9e94-a4bc88ac50cc,Rulenge,e61f26df-8daf-4c0e-83d4-a204016e9302
18b12e54-61c3-441a-9d43-8f128c7f52ff,Pagouda,a284aca1-573a-4370-9397-deadb55c1610
566776a7-dec7-49d5-8b23-1f2d9591007d,Njombe,e61f26df-8daf-4c0e-83d4-a204016e9302
9afe699a-888f-4977-bda1-8902749752de,Mwinilunga,741ea75a-2666-4cad-9ed2-99542ae48eb9
3e5b6a74-7f5b-487f-985c-f57dc14bfe01,Tanga,e61f26df-8daf-4c0e-83d4-a204016e9302
ff3643b4-13b5-48b2-affd-4a0a632087d2,Nakambala,741ea75a-2666-4cad-9ed2-99542ae48eb9
f9aa9ad2-2018-41ad-9644-7fbf9891d248,Nangwa,e61f26df-8daf-4c0e-83d4-a204016e9302
af4bb9a7-69a5-4901-8bce-82efb993b86f,Amlamé,a284aca1-573a-4370-9397-deadb55c1610
f01b6a57-ca92-4751-816d-4cd4eaa0d1c7,Chongwe,741ea75a-2666-4cad-9ed2-99542ae48eb9
35568c28-a09a-4d26-ba5a-cf04c6788e9f,Chibombo,741ea75a-2666-4cad-9ed2-99542ae48eb9
e095ada7-582b-4067-b617-ada143e40fcc,Serenje,741ea75a-2666-4cad-9ed2-99542ae48eb9
666a84b8-5256-401e-abff-410cb618276b,Usevia,e61f26df-8daf-4c0e-83d4-a204016e9302
e99602ca-e883-4271-8637-abc65aaded70,Sikonge,e61f26df-8daf-4c0e-83d4-a204016e9302
bd554adf-86a1-4d03-b263-901bddfb8afc,Mwandiga,e61f26df-8daf-4c0e-83d4-a204016e9302
db510e8d-4386-464e-83b9-8eb0f9e85caa,Mwense,741ea75a-2666-4cad-9ed2-99542ae48eb9
b9f517dc-f4a1-4271-afba-cf4c336b854d,Nangomba,e61f26df-8daf-4c0e-83d4-a204016e9302
95e20223-6b7f-4376-9305-6d424ca59815,Mwembe,e61f26df-8daf-4c0e-83d4-a204016e9302
8e88ca17-172a-40a8-9520-fe8a4636cc10,Kpalimé,a284aca1-573a-4370-9397-deadb55c1610
ae095600-8785-469b-9fa1-6469a3620884,Kalengwa,741ea75a-2666-4cad-9ed2-99542ae48eb9
2b7a7a96-cf35-4a2f-8a08-76bda37b0489,Newala Kisimani,e61f26df-8daf-4c0e-83d4-a204016e9302
2522f7bb-58f7-42a2-bfd9-050455f7e3dc,Kabompo,741ea75a-2666-4cad-9ed2-99542ae48eb9
96e7616c-ce59-4450-9287-fa5dc982f2d2,Sotouboua,a284aca1-573a-4370-9397-deadb55c1610
ccccb96c-111c-4ed8-9ded-f525f6a5bdb9,Sumbawanga,e61f26df-8daf-4c0e-83d4-a204016e9302
ae8779f8-231b-4581-945f-6b9a326947a3,Songwa,e61f26df-8daf-4c0e-83d4-a204016e9302
30f5ef1d-8903-48e9-86c4-72ac93d4ccfe,Ulanga,e61f26df-8daf-4c0e-83d4-a204016e9302
d924d06b-cb81-4574-abdb-606fb95356ad,Mufulira,741ea75a-2666-4cad-9ed2-99542ae48eb9
b5659dbd-3792-45ac-add7-73a90cab3edd,Nkove,e61f26df-8daf-4c0e-83d4-a204016e9302
91862a93-0ed8-446e-9d7c-ccd405b8fcd4,Siavonga District,741ea75a-2666-4cad-9ed2-99542ae48eb9
08ad5d76-e72d-4978-b077-a97dc776dfe2,Sokodé,a284aca1-573a-4370-9397-deadb55c1610
c87644c2-5cef-46cf-88c0-8c1847539d6e,Kaputa,741ea75a-2666-4cad-9ed2-99542ae48eb9
12d7900a-1fd4-4aff-a6ff-8f030b786615,Namalenga,e61f26df-8daf-4c0e-83d4-a204016e9302
bde1061a-048a-4dff-b7c4-9e57b49e267d,Nyanguge,e61f26df-8daf-4c0e-83d4-a204016e9302
fa76efe9-15eb-45cf-a861-b40b459cb96a,Mkushi,741ea75a-2666-4cad-9ed2-99542ae48eb9
ecb870c3-6905-42f0-b571-8fcd0a3fcd28,Usagara,e61f26df-8daf-4c0e-83d4-a204016e9302
8b4cce12-f943-481f-870a-dded091e8802,Niamtougou,a284aca1-573a-4370-9397-deadb55c1610
8cc916d4-0419-4804-89b0-6a44a83c0c0d,Namanyere,e61f26df-8daf-4c0e-83d4-a204016e9302
ab190147-0c9f-40ec-993f-fd8aad427df3,Bassar,a284aca1-573a-4370-9397-deadb55c1610
9f5490b1-4290-4010-a6af-eaba238b4208,Mpika,741ea75a-2666-4cad-9ed2-99542ae48eb9
a69ccc89-e692-47a4-97a7-aba1968182cd,Kabwe,741ea75a-2666-4cad-9ed2-99542ae48eb9
e25deb38-0cde-40a7-85ab-3c6aed1e49b8,Nyimba,741ea75a-2666-4cad-9ed2-99542ae48eb9
74da9099-e542-407c-b275-7ef27edb7846,Kara,a284aca1-573a-4370-9397-deadb55c1610
f5424205-adce-4b2a-b673-0f70e723b839,Tabligbo,a284aca1-573a-4370-9397-deadb55c1610
f0e26728-d810-407f-a875-4364eb57c816,Puma,e61f26df-8daf-4c0e-83d4-a204016e9302
088cddc4-b791-41f7-a7ed-090749023c7b,Nganane,e61f26df-8daf-4c0e-83d4-a204016e9302
fe8033fd-d534-4155-b7f0-40272a976d24,Tukuyu,e61f26df-8daf-4c0e-83d4-a204016e9302
89489cd4-daa9-440e-8876-ee89303ad507,Mwanza,e61f26df-8daf-4c0e-83d4-a204016e9302
ff967d77-7222-492c-8ce3-c3cab8e9382b,Kalabo,741ea75a-2666-4cad-9ed2-99542ae48eb9
0b6ad26d-e706-4b40-b2d8-b83d35d21b98,Bafilo,a284aca1-573a-4370-9397-deadb55c1610
56b39d62-c1ab-4674-84e4-0532dbd0f6cb,Chama,741ea75a-2666-4cad-9ed2-99542ae48eb9
aaad8fe4-7872-4c7c-9089-4bcb07ecbba8,Samfya,741ea75a-2666-4cad-9ed2-99542ae48eb9
d39a91ee-fd3c-4550-81a3-89b234cbeab4,Nungwi,e61f26df-8daf-4c0e-83d4-a204016e9302
3943daf0-a994-40f7-a114-9c7331f2ca24,Tunduma,e61f26df-8daf-4c0e-83d4-a204016e9302
1e3bc0f7-e65b-4f0d-943c-9d64df82eb61,Tunduma,e61f26df-8daf-4c0e-83d4-a204016e9302
c5d102e6-86bd-4202-bc1c-957d46215cf8,Mwanga,e61f26df-8daf-4c0e-83d4-a204016e9302
7fe13c8d-efdf-4b09-854f-04e630dbbd38,Nakatunguru,e61f26df-8daf-4c0e-83d4-a204016e9302
f2893c94-bcbd-4384-8f1d-cca4fb0a4a3c,Same,e61f26df-8daf-4c0e-83d4-a204016e9302
9bd23fa2-57ae-4b7b-b989-8562d9ab83ee,Same,e61f26df-8daf-4c0e-83d4-a204016e9302
0e7720c8-a4ee-4813-9a4e-eeeafe5f75b5,Limulunga,741ea75a-2666-4cad-9ed2-99542ae48eb9
d1680e51-86f1-4ab6-9a42-f549f38b8e05,Mungwi,741ea75a-2666-4cad-9ed2-99542ae48eb9
f2dcee5a-6b62-4c1b-bfcc-a592ee6bbd3a,Nansio,e61f26df-8daf-4c0e-83d4-a204016e9302
60575af0-ab90-431a-82bc-384985d218aa,Namikupa,e61f26df-8daf-4c0e-83d4-a204016e9302
56250857-0a2e-415e-80a8-49a364403261,Kansanshi,741ea75a-2666-4cad-9ed2-99542ae48eb9
44d06dad-6f86-4100-a57e-ff522d91470e,Nshamba,e61f26df-8daf-4c0e-83d4-a204016e9302
e9964bc1-647f-4862-be65-55b5816fd5ce,Itezhi-Tezhi,741ea75a-2666-4cad-9ed2-99542ae48eb9
a9488057-c87d-4cca-814f-459437b5f586,Usa River,e61f26df-8daf-4c0e-83d4-a204016e9302
80f7e8cb-dce5-4de7-bfc2-c079d822ee78,Aného,a284aca1-573a-4370-9397-deadb55c1610
f02da7ec-c8f1-409b-8105-c7537c2926cd,Mporokoso,741ea75a-2666-4cad-9ed2-99542ae48eb9
37798ddc-70cc-4fc6-b414-966ecf50b15c,Kasempa,741ea75a-2666-4cad-9ed2-99542ae48eb9
228257bf-ca44-4835-8f8a-fc545c6834ce,Soni,e61f26df-8daf-4c0e-83d4-a204016e9302
60b179f4-c595-45b0-b43a-240e151f48f0,Ubungo,e61f26df-8daf-4c0e-83d4-a204016e9302
022d061e-cbbc-4227-9ad3-7a219b4f3d97,Ngara,e61f26df-8daf-4c0e-83d4-a204016e9302
ebde55a4-0f44-4bd3-9603-f4cbe58d4180,Ruangwa,e61f26df-8daf-4c0e-83d4-a204016e9302
f1012748-811e-4a0a-8cde-5f9d5ce14849,Kasama,741ea75a-2666-4cad-9ed2-99542ae48eb9
3fc446b1-6663-49de-9f11-67d54637a5f2,Chingola,741ea75a-2666-4cad-9ed2-99542ae48eb9
390a3938-0549-42bc-9f47-b358cf082e01,Pangani,e61f26df-8daf-4c0e-83d4-a204016e9302
8a9ed0bf-0ded-4966-8ada-b5af0bd684c2,Shinyanga,e61f26df-8daf-4c0e-83d4-a204016e9302
bfcf1927-a9c9-4ff8-a9f3-6dc143a41c6d,Somanda,e61f26df-8daf-4c0e-83d4-a204016e9302
1d700755-0fa7-49c5-9bab-b3db93cb3d62,Old Shinyanga,e61f26df-8daf-4c0e-83d4-a204016e9302
d43b3d0b-d692-4ea6-b9d3-ed72b31c3bd9,Ndago,e61f26df-8daf-4c0e-83d4-a204016e9302
e0afba61-2f2c-4e8d-8d3c-45cf2750c4a0,Notsé,a284aca1-573a-4370-9397-deadb55c1610
3af03323-e865-42c2-8573-131198d08011,Chinsali,741ea75a-2666-4cad-9ed2-99542ae48eb9
55dd61fe-8acc-44d5-8532-49e11c04efd6,Lusaka,741ea75a-2666-4cad-9ed2-99542ae48eb9
1070e4cb-afdd-481e-b06a-faf225abc0b0,Chipata,741ea75a-2666-4cad-9ed2-99542ae48eb9
c6c14a42-36c8-4b8f-9db7-b5a6d3bf5b3d,Naberera,e61f26df-8daf-4c0e-83d4-a204016e9302
125a5027-662b-47d9-bad3-ef47e78a7c6f,Lomé,a284aca1-573a-4370-9397-deadb55c1610
af26f186-6068-47b3-8ab7-7981c355ebb2,Chadiza,741ea75a-2666-4cad-9ed2-99542ae48eb9
c32511ce-54e2-49e4-9db3-258a4d8ad1d9,Ugweno,e61f26df-8daf-4c0e-83d4-a204016e9302
44092f18-49c7-4e2a-8d17-d2a1fcf7dd3d,Temeke,e61f26df-8daf-4c0e-83d4-a204016e9302
2e14790a-2770-494b-9d9e-90a8fb29c97e,Usoke,e61f26df-8daf-4c0e-83d4-a204016e9302
fedf486b-4eb3-493e-9666-63ac90964825,Choma,741ea75a-2666-4cad-9ed2-99542ae48eb9
2b6ef096-6b4e-4428-aab2-5f8a198dc499,Mwadui,e61f26df-8daf-4c0e-83d4-a204016e9302
65c525d2-732d-4233-92a5-516f2d624f05,Solwezi,741ea75a-2666-4cad-9ed2-99542ae48eb9
73733188-c006-4b52-a56c-69331d4577c6,Chingola District,741ea75a-2666-4cad-9ed2-99542ae48eb9
7ad2c35a-7f84-4b58-9127-5284de4d14c8,Sokoni,e61f26df-8daf-4c0e-83d4-a204016e9302
5832a07f-5701-4b60-a22b-a3e16d623e7e,Livingstone,741ea75a-2666-4cad-9ed2-99542ae48eb9
031dedc4-d9b2-4d09-818d-65a1126adf4f,Dapaong,a284aca1-573a-4370-9397-deadb55c1610
c13dd6c0-bb3f-4c4c-808d-762d6b160035,Isoka,741ea75a-2666-4cad-9ed2-99542ae48eb9
a5fe643e-6225-41b6-8f7b-ec5ffd90bbc7,Senanga,741ea75a-2666-4cad-9ed2-99542ae48eb9
5a2043a7-b1d5-4b9f-9bbe-b8e65b488eee,Sansanné-Mango,a284aca1-573a-4370-9397-deadb55c1610
12b34541-5d6c-4ede-a5f8-4c9998488e53,Luanshya,741ea75a-2666-4cad-9ed2-99542ae48eb9
767427ae-16e2-4a1c-876a-9812a3f6233e,Sinazongwe,741ea75a-2666-4cad-9ed2-99542ae48eb9
9168c5c9-d8dd-4b71-bc99-d1ffcf296020,Kawambwa,741ea75a-2666-4cad-9ed2-99542ae48eb9
0941c676-960e-41e1-8d66-65f678851d8d,Kalulushi,741ea75a-2666-4cad-9ed2-99542ae48eb9
2bf5153f-f407-4033-90bc-cc1c3cb5fda9,Mazabuka,741ea75a-2666-4cad-9ed2-99542ae48eb9
bcb1f4d8-c32d-418a-827f-af855bd53c32,Nanhyanga,e61f26df-8daf-4c0e-83d4-a204016e9302
1c2dfac2-a98e-4aac-93e7-b7f17eb0f9cb,Songea,e61f26df-8daf-4c0e-83d4-a204016e9302
76635986-73cd-491b-81cd-26340c5a1dba,Mpongwe,741ea75a-2666-4cad-9ed2-99542ae48eb9
0999a14a-643a-4929-a888-99bf4c25ccd3,Mufumbwe,741ea75a-2666-4cad-9ed2-99542ae48eb9
1624a4a1-e8f0-4fb7-86c0-fc7dd615bd02,Ndola,741ea75a-2666-4cad-9ed2-99542ae48eb9
48663a81-d207-4749-90fc-58bbf1854001,Ngorongoro,e61f26df-8daf-4c0e-83d4-a204016e9302
904a15fc-0e9f-42f0-9475-3a7216edf3bb,Badou,a284aca1-573a-4370-9397-deadb55c1610
5abaf42a-2d0c-4de7-8a4d-fa441b2850a8,Uwelini,e61f26df-8daf-4c0e-83d4-a204016e9302
ada8faf3-5909-4642-a649-b7c0f7f8bcdb,Mansa,741ea75a-2666-4cad-9ed2-99542ae48eb9
1140b6e9-0f0e-4684-9da4-56a7559f6c00,Nsunga,e61f26df-8daf-4c0e-83d4-a204016e9302
eba341b1-e56a-46e0-96d8-c07321a9a9bd,Namanga,e61f26df-8daf-4c0e-83d4-a204016e9302
a93e9fe3-b57f-495e-98e5-aa837fbb0b43,Kataba,741ea75a-2666-4cad-9ed2-99542ae48eb9
2b65160c-6cdf-401d-a7d6-97bd304c1c72,Nanyamba,e61f26df-8daf-4c0e-83d4-a204016e9302
8df07741-410d-4889-91ba-d86312c66a33,Nkoaranga,e61f26df-8daf-4c0e-83d4-a204016e9302
e8ddaf6b-fbfd-4f22-8fd6-cbcd20d349f6,Uyovu,e61f26df-8daf-4c0e-83d4-a204016e9302
9fcefcf9-a1f6-4a19-ac80-545cd683a0f3,Zanzibar,e61f26df-8daf-4c0e-83d4-a204016e9302
758c9dd7-269a-44a5-abac-1e1a34257d5a,Lukulu,741ea75a-2666-4cad-9ed2-99542ae48eb9
67ce86c4-b470-47f0-9817-f206062bef0c,Petauke,741ea75a-2666-4cad-9ed2-99542ae48eb9
7f0c1faa-e181-4eb7-a506-b5d03ad6eb24,Nanganga,e61f26df-8daf-4c0e-83d4-a204016e9302
93931eeb-205e-4b44-bb17-d313376f9ff0,Uvinza,e61f26df-8daf-4c0e-83d4-a204016e9302
f00216c5-8dbc-4c61-98bd-e5b0c6487e6b,Mbala,741ea75a-2666-4cad-9ed2-99542ae48eb9
0a27a47b-314d-4f82-be1e-5b2986685c08,Namwala,741ea75a-2666-4cad-9ed2-99542ae48eb9
338c9fb3-d89e-405a-9e52-3f47fd1452ee,Chambishi,741ea75a-2666-4cad-9ed2-99542ae48eb9
5df8e97d-c164-425f-91bc-1b57f236d058,Kaoma,741ea75a-2666-4cad-9ed2-99542ae48eb9
d3bab394-538f-457a-ba5f-f570cc21f13c,Tsévié,a284aca1-573a-4370-9397-deadb55c1610
665373a3-a7e8-4d71-878a-a3098ac9f37d,Ushirombo,e61f26df-8daf-4c0e-83d4-a204016e9302
e329eef4-abb9-477f-b781-068d8b58666c,Tinde,e61f26df-8daf-4c0e-83d4-a204016e9302
bec09bea-4a55-4f26-83b2-f863527e9723,Zambezi,741ea75a-2666-4cad-9ed2-99542ae48eb9
931e1fbb-f356-4bcf-9e70-2227b81d8d34,Nyakahanga,e61f26df-8daf-4c0e-83d4-a204016e9302
d9ef2faa-a714-4045-821d-aa894f0720e3,Mwaya,e61f26df-8daf-4c0e-83d4-a204016e9302
b8dd6921-3925-42f4-ae70-451618cc1cd2,soubré,3df7050d-5285-40b5-b552-75bc84d4216b
e1f46ca2-de76-4684-bf0d-530aa98aac7c,DIEGONOFLA,3df7050d-5285-40b5-b552-75bc84d4216b
f17ccf10-37a0-45e8-b61d-a414b96b800a,Sikensi,3df7050d-5285-40b5-b552-75bc84d4216b
