id,colis_id,nature_id
a77c4576-d995-493e-a907-e24a96605fce,05022857-f958-42a8-ae92-91cd15d49b6b,821f14d9-7bc0-4e9b-94af-b8fcb6e5280a
6abf4005-d32e-4b31-b68c-3ad6317a7586,1d603433-24a1-4f25-b37e-c54b8749275d,702c5cb0-a610-4240-9bed-879c69cdb9e7
d09ced5b-02b4-43f7-a41b-3b6e62059195,ac1aaa7f-a0c6-41ff-a47a-0fb1acf74afa,702c5cb0-a610-4240-9bed-879c69cdb9e7
ecf43b3c-bdb8-470c-89f1-e5f3e0ee28d1,ff61720b-88c3-4207-a63e-3df567f575de,702c5cb0-a610-4240-9bed-879c69cdb9e7
9f3454a3-4aee-47a8-9e27-4902023a93ed,05cd91d4-3ac8-4231-877f-5b8939ea4cab,702c5cb0-a610-4240-9bed-879c69cdb9e7
e33867fa-e798-4a9e-bdd2-ce1921b70fbd,248fec3b-3150-49d8-8e1b-2b1220083379,702c5cb0-a610-4240-9bed-879c69cdb9e7
e3d73d53-5e53-4d80-ab40-dc6079ba9bc4,f671d87b-a5df-48ff-9abf-8fe74e926ded,702c5cb0-a610-4240-9bed-879c69cdb9e7
d1c5bdc9-e03e-466e-99e2-8503c01ad1d0,019b75b6-28bd-42e7-882f-a09c8d7a6247,702c5cb0-a610-4240-9bed-879c69cdb9e7
9d09e2f5-e577-4adc-9993-8f4cb3fc4db9,b5d51ec2-f75f-4e86-ba35-7be863f29f33,821f14d9-7bc0-4e9b-94af-b8fcb6e5280a
e25bfb4a-6d95-442f-b552-96d3483c8377,c1d6493f-e831-4c17-bad1-92f872ad4b66,821f14d9-7bc0-4e9b-94af-b8fcb6e5280a
846d2568-9d2a-445f-b709-2b3924d00f65,4364bbba-50a0-43d6-8491-1a24ee417e9a,821f14d9-7bc0-4e9b-94af-b8fcb6e5280a
7071c0aa-f3fd-4b91-8d30-66b5e39f3b3e,9c0a2716-f5b5-4305-86f0-40ab9f35c78b,48c288d0-2281-41a8-9a95-836f5df70996
77300060-7970-47a1-a1b1-41e0f6242a6d,857cb913-c8e9-4b61-a290-64b9a61cbeb6,702c5cb0-a610-4240-9bed-879c69cdb9e7
2a2055d2-7a12-444d-b66d-24c22963a4d3,6a63ae42-e428-4457-a8f9-c6567536e876,702c5cb0-a610-4240-9bed-879c69cdb9e7
5bb8fefa-99ef-46c4-a8be-e969245a5ccd,0fafbdc1-ec4a-4470-864f-1f7cf7411b01,702c5cb0-a610-4240-9bed-879c69cdb9e7
051c0c5f-acb9-4498-8b81-c55875d80ec3,ee5537ba-c5ec-4d28-90a6-ee6f6a73e600,702c5cb0-a610-4240-9bed-879c69cdb9e7
6fac479a-b107-4d14-baed-532725b87c40,a833eb32-c294-4744-a78f-943c70888240,702c5cb0-a610-4240-9bed-879c69cdb9e7
a6186994-54c7-4bcb-a926-6920328fd17e,981db5f9-f2e9-451f-bcf3-2a2bf6514fd3,702c5cb0-a610-4240-9bed-879c69cdb9e7
a46c4ae5-609c-4b8b-ad00-d4c76236ff1c,0d1b9b12-3289-4613-899f-db0e28365ae4,702c5cb0-a610-4240-9bed-879c69cdb9e7
55bbdcb9-3518-4288-b972-c60a599f7936,e655b013-c125-48ff-95ef-792b0c8df9b3,702c5cb0-a610-4240-9bed-879c69cdb9e7
de395c2c-c075-45c0-a696-b7906a9d7d7e,3a951481-8b53-444a-baea-c3da9fb05415,702c5cb0-a610-4240-9bed-879c69cdb9e7
1e41ec7b-440e-42fd-8ea3-c7374f26e259,c93ef64e-e8ca-4c1b-aad9-c40eb94a1ba1,702c5cb0-a610-4240-9bed-879c69cdb9e7
4ed3b2d8-5f37-47a3-bfcf-cda22f74160c,1819a342-6db2-45a7-bd2b-f6b43524544d,702c5cb0-a610-4240-9bed-879c69cdb9e7
19682ff9-796e-487e-82f7-8c86e8853035,bc718f8e-0458-46f4-8206-d44bfc1c73a5,821f14d9-7bc0-4e9b-94af-b8fcb6e5280a
f19b2398-8ee9-42e1-897d-32ca68db2ca0,1e71e757-ac7d-4351-a5d3-62b803cd1493,821f14d9-7bc0-4e9b-94af-b8fcb6e5280a
e689e887-cd47-4d7d-972c-53297d2a5ffa,0165c132-eb3f-4170-a352-04abbfe30f2c,821f14d9-7bc0-4e9b-94af-b8fcb6e5280a
5667b09a-dba1-4f2b-9329-06c0afac9186,6d3513e6-8713-4154-b5cb-486bed7adfd6,821f14d9-7bc0-4e9b-94af-b8fcb6e5280a
c2979bd8-2a18-4b10-9157-213e2a5655af,405d73de-fbbd-46a0-bc26-02baadc43163,702c5cb0-a610-4240-9bed-879c69cdb9e7
c0bab042-eb9d-458f-aeba-776356574a2d,fdc29c3e-6b3b-4aec-81cd-21a5cac4ac75,702c5cb0-a610-4240-9bed-879c69cdb9e7
598eca93-af97-413f-82d5-0c86cf472e1b,0f28a4ef-e1df-4684-a510-181f46853df4,702c5cb0-a610-4240-9bed-879c69cdb9e7
581c64f5-3be0-4713-af81-06fe49d13dd0,432ef4bd-d6c4-4b85-8d49-cf6de99b1bd9,821f14d9-7bc0-4e9b-94af-b8fcb6e5280a
41d84bd7-8db1-403c-9080-371c5845087d,7cb85234-9d1d-4b0b-9178-faa1373adb99,702c5cb0-a610-4240-9bed-879c69cdb9e7
a6fcb056-12fe-4888-8a1a-947d97ca543b,5c8d443e-6de9-4e70-97a6-23089e957ca1,702c5cb0-a610-4240-9bed-879c69cdb9e7
c29409cd-3a39-49f7-abc7-4c26435624a4,48f99cb8-e20c-4a43-8818-44ae3beb5559,821f14d9-7bc0-4e9b-94af-b8fcb6e5280a
8123f2b6-7a02-4b52-8faa-fb5e4a560ae1,1ec62d54-eef6-4b1f-9a3f-f9dc99cdc403,702c5cb0-a610-4240-9bed-879c69cdb9e7
2cbcc91d-8868-4e18-9f72-213387bea42e,d6ade7ac-d048-4e44-8f67-efa07422ec8f,702c5cb0-a610-4240-9bed-879c69cdb9e7
3e12fdb3-1004-4620-99fc-7a8bffc65ece,3fbfcf3b-c267-436e-b949-2fa232563f78,702c5cb0-a610-4240-9bed-879c69cdb9e7
d76682fd-7133-48ff-9b8e-16e006169c21,c797e94f-c1f9-40df-9862-65e11c56a696,702c5cb0-a610-4240-9bed-879c69cdb9e7
a994c1ed-d444-4865-96f2-f3297edb35e2,f3e4719f-4fa8-4b8a-9b6b-64432bd59722,821f14d9-7bc0-4e9b-94af-b8fcb6e5280a
c1518404-79d1-4680-82e6-a709a70a54f1,0458f39b-3ae8-4574-9d52-7b676224050a,702c5cb0-a610-4240-9bed-879c69cdb9e7
f88ed3f5-fb74-4799-8071-bc47d912780f,00fcc2fd-b289-4fd7-8923-9bb587828f78,702c5cb0-a610-4240-9bed-879c69cdb9e7
2e0a4931-c85a-4da4-bdf6-66b3ee3d545c,ea80fa1a-e7de-4f4e-9d75-30c72caf582d,702c5cb0-a610-4240-9bed-879c69cdb9e7
8a4a48ae-fa10-40b6-80a2-a8731865e484,c20eac2b-9979-4ac8-b49d-e0adcf96694a,702c5cb0-a610-4240-9bed-879c69cdb9e7
867cada7-a849-4cbd-9f64-9e727dc56c6d,aceb1cc9-b6f9-4580-bd01-7fb15c6f7bfe,702c5cb0-a610-4240-9bed-879c69cdb9e7
0a2356dd-42ff-4e7a-a364-e665ba594f1a,8bc2fd9d-7a41-4c8b-883b-4f5ff8a1415d,702c5cb0-a610-4240-9bed-879c69cdb9e7
923cafc8-df8d-4531-9f3d-de7e85f75fe9,b581d022-e5a8-4a74-9370-c56b6a4b8b1a,702c5cb0-a610-4240-9bed-879c69cdb9e7
01f4ef3d-3d25-47ce-b1c0-f2638b4e6390,8c157a88-0480-496c-8e5d-c2c17d689439,702c5cb0-a610-4240-9bed-879c69cdb9e7
a3e8b4ee-1a1e-4287-86ee-4c858c488fa3,3d7f3dfd-2b26-4835-950c-cc14f1f5ba54,821f14d9-7bc0-4e9b-94af-b8fcb6e5280a
b9202312-3660-4a73-a01b-b18cdb227ddc,175c6e7f-83cd-482c-b9d2-505e6b4b4187,702c5cb0-a610-4240-9bed-879c69cdb9e7
6feb57e7-9fee-41ba-a09f-1c0226c3e833,53148474-2a04-42cd-92c3-1f1657fd99eb,702c5cb0-a610-4240-9bed-879c69cdb9e7
eeaed915-c80a-4c53-a8c1-7d0b507a7b43,5f4681a5-70c1-4859-b18f-6cceeb64878c,702c5cb0-a610-4240-9bed-879c69cdb9e7
74ec1ac5-405e-4641-9982-fbce75db4b6c,d55c5821-c3eb-4bf8-a583-435124a1db3d,702c5cb0-a610-4240-9bed-879c69cdb9e7
14ec1aa9-ae63-496d-94a9-0f7bcbc49797,c6ff93db-bdf4-406c-96b7-3e4df4550e61,702c5cb0-a610-4240-9bed-879c69cdb9e7
c9e3abde-937e-48ed-9d9e-50660f8e4b1c,83b8026d-0ab5-4146-9867-da27fcf1b7fd,702c5cb0-a610-4240-9bed-879c69cdb9e7
d7dc1182-1795-48ff-987a-3a32cf1aaea7,d1ef003e-fd29-4ce6-8375-7853eb1a94b6,702c5cb0-a610-4240-9bed-879c69cdb9e7
05215ffa-63e6-4a59-90c6-dbf6cde2a378,ebbb9127-63a0-459c-9b74-ce7ac6152b21,702c5cb0-a610-4240-9bed-879c69cdb9e7
e6fa9f97-7d33-4f4e-8ae3-77d044ed5bf6,7953e887-f28d-42ab-884b-36d42b804821,702c5cb0-a610-4240-9bed-879c69cdb9e7
39ea3ad7-cd64-47db-a3c6-57af4390c0d8,398ce178-d364-4703-a762-a51cd36849dc,702c5cb0-a610-4240-9bed-879c69cdb9e7
e6db4e29-d4b7-480b-883f-d3ac1178996c,23f2eb01-5730-40b7-8617-2fee093672f7,702c5cb0-a610-4240-9bed-879c69cdb9e7
5fff158f-baad-4e67-86ed-3a38a75c5b9f,1dcefec3-9105-4c99-aaa0-f507b44e2ca3,821f14d9-7bc0-4e9b-94af-b8fcb6e5280a
9f472607-38d2-466d-ab24-ae4ebd5f6902,40c80eb7-a51d-48b2-9f68-eac1ed4a163b,702c5cb0-a610-4240-9bed-879c69cdb9e7
35d27042-edf4-47e7-acbb-9f3c30740b1f,a5f3bde0-7edc-467d-b41a-6eb25a5482bc,821f14d9-7bc0-4e9b-94af-b8fcb6e5280a
93e84e9f-a326-42fb-b3f4-0a60708b99f7,bf840b44-7ecb-4ee6-afe9-288e1ff700de,821f14d9-7bc0-4e9b-94af-b8fcb6e5280a
09af59f2-99b6-4c69-a79d-b377159b22d1,c6535425-9be5-407e-87eb-4a956d9d5ef3,702c5cb0-a610-4240-9bed-879c69cdb9e7
bbecc167-3b28-478e-8fe7-dfd69587b4d6,c0451d3d-9d0b-4b2b-9602-40b431f84b71,821f14d9-7bc0-4e9b-94af-b8fcb6e5280a
27894732-ad50-499d-8911-b1b5532ac7ff,bc141873-3b8a-4766-86d2-75f916fc009f,702c5cb0-a610-4240-9bed-879c69cdb9e7
65976825-751c-456e-8dc9-9b2da38aab3c,0cc703f7-80d3-4870-8b83-cf179d8c226f,702c5cb0-a610-4240-9bed-879c69cdb9e7
da344135-6667-4525-a8eb-0b98f9ca2eab,57146db6-2d10-405c-8e53-ea2e5fa677ff,702c5cb0-a610-4240-9bed-879c69cdb9e7
c6f2f1f8-a0f6-4794-a6d7-2a9dc549789b,ec8f3e49-bcd8-490e-b677-8a718aaef616,821f14d9-7bc0-4e9b-94af-b8fcb6e5280a
cf8784df-7f27-41b2-b647-312be4701072,5b205bf0-77f1-4d97-bf85-c5eb0b79ec5f,821f14d9-7bc0-4e9b-94af-b8fcb6e5280a
7842b526-babc-4f05-9732-b5b6fff12ae6,c9cf0a1f-c3f4-453c-960f-fc6e8c052051,702c5cb0-a610-4240-9bed-879c69cdb9e7
89afe5a3-0777-4619-aa0d-f5869dc7b738,726db59f-d76f-41ad-a656-92fbae2696bb,702c5cb0-a610-4240-9bed-879c69cdb9e7
52cd30c6-4b76-4ff3-b23a-dfd57447f2bf,0c811163-a0de-494e-ab70-4c8576080167,821f14d9-7bc0-4e9b-94af-b8fcb6e5280a
81dc43dd-2259-4fd8-85fd-7f2e0d667a60,539bd320-cfeb-4d9f-bba7-87698e4d17e6,702c5cb0-a610-4240-9bed-879c69cdb9e7
33ac2340-7a7e-4cef-b05b-28cc546c1cf1,983132f2-b0eb-42ed-8733-7f8bf0a93a99,821f14d9-7bc0-4e9b-94af-b8fcb6e5280a
668b5168-467d-453f-9b71-c07f502b08f9,f4a6f037-86fe-4c8c-a7b8-31a140f2ce9f,702c5cb0-a610-4240-9bed-879c69cdb9e7
40ed11bf-07e6-41b0-a7a7-2a0d315429b9,afb85cf1-1ac4-4a4f-b859-a17a072d1c94,821f14d9-7bc0-4e9b-94af-b8fcb6e5280a
c1feaa77-51e2-4fba-b6c4-e68ad2c4dfd0,98b9d4f7-5619-4b9f-a6cc-dcef72271f70,702c5cb0-a610-4240-9bed-879c69cdb9e7
fb77b4eb-1306-4753-896a-53889ee9810c,d7fbc88e-8b15-43b1-999e-b53c0ca42c48,702c5cb0-a610-4240-9bed-879c69cdb9e7
187eab98-9cdd-4e51-9125-9edd6b52855c,041f47ae-8715-46d9-b2ce-5346e9010d93,821f14d9-7bc0-4e9b-94af-b8fcb6e5280a
e4058f7b-6b42-481a-872b-4a981b424636,471a7283-f4ff-4ead-b235-0a31fc7a14d9,702c5cb0-a610-4240-9bed-879c69cdb9e7
c985b20f-b16a-4420-b232-74b2815042a2,b46ea0a2-3bd4-4b1e-8951-f5217466418d,702c5cb0-a610-4240-9bed-879c69cdb9e7
ba81b61b-987e-4497-8a10-471edc9ab53f,38fb9bda-e1f0-4cc6-9d22-8040dbacd0eb,702c5cb0-a610-4240-9bed-879c69cdb9e7
561e51f1-34ad-47c3-99db-572fcce48d19,ca701ec1-60d3-4c74-a06c-0a98730f420e,702c5cb0-a610-4240-9bed-879c69cdb9e7
e0e86050-33bc-450c-bdf9-53faa54f6e2b,905a4fed-cfff-4806-a9be-7302c8183a98,702c5cb0-a610-4240-9bed-879c69cdb9e7
4304cd24-24ae-47ad-98d8-fa9c2a156bd0,16bd37ad-612c-4b82-895a-f9b2ccb6bc51,48c288d0-2281-41a8-9a95-836f5df70996
5ceaf6d9-e295-4189-9822-986480d96790,d57349e1-b72c-4e4f-bd17-9c3b244e8f5f,821f14d9-7bc0-4e9b-94af-b8fcb6e5280a
4f900b38-ec6e-409c-9ba2-2c7e06808af8,f6041e9c-21af-475b-bb8d-ecfcb12762f8,821f14d9-7bc0-4e9b-94af-b8fcb6e5280a
0f793612-c360-47ae-aaaa-59f924579751,fb7b5e74-e31c-4114-9b0f-9344f73fbb94,702c5cb0-a610-4240-9bed-879c69cdb9e7
b4d67338-b249-4b04-9fd7-b8d2932a6da3,af0d61ce-e6da-4846-90c3-7dfc1c6b9919,702c5cb0-a610-4240-9bed-879c69cdb9e7
2692f453-1fb6-4207-8db4-11c58e965cf0,91c2e8c0-2e73-4320-9999-0070177f7b2f,821f14d9-7bc0-4e9b-94af-b8fcb6e5280a
6513f4d9-f16b-4788-b90c-2fe20c4bff0d,e8c27965-3ecc-4d9e-9cc5-e0b24f39df6c,821f14d9-7bc0-4e9b-94af-b8fcb6e5280a
77fd6832-da2e-4d36-877c-3d6883ab49ef,7d880814-a3ce-404b-a3fb-8bc8883869b8,702c5cb0-a610-4240-9bed-879c69cdb9e7
fa39345a-db5c-403a-b982-969af014ba2d,f2b4000f-0622-4401-8a41-f7a46cc64ee1,702c5cb0-a610-4240-9bed-879c69cdb9e7
3cc8c62b-0621-45da-8536-4bac54d080db,cb62e100-192a-4ef7-8d12-1c6c5f4f98bb,702c5cb0-a610-4240-9bed-879c69cdb9e7
0026653b-8100-47ac-b01f-4d3431d9e33a,70bdea83-3054-4b7c-ba97-e9767cb18fd2,821f14d9-7bc0-4e9b-94af-b8fcb6e5280a
7dfad8b7-b557-4c1c-a40e-09ce96282989,bb46b1ae-c9be-40e3-89e7-73fabb58c2cf,702c5cb0-a610-4240-9bed-879c69cdb9e7
bb4d3f71-0d80-4260-8380-4963fd27d6e1,b18ec43f-9c52-4e28-b3a1-945514f81c14,702c5cb0-a610-4240-9bed-879c69cdb9e7
9196d455-7881-4391-8cde-1eff9ce4def9,60495d40-fa37-4fb6-b1ec-48f807fcc7cf,702c5cb0-a610-4240-9bed-879c69cdb9e7
8a7f5ebc-8243-475a-acf7-0127935cbc7e,d131b11d-89b6-4492-91a5-f6fbe15e8db1,702c5cb0-a610-4240-9bed-879c69cdb9e7
a48e1bc4-d490-4e63-9bfe-821dc0108c01,429b28bd-e7ad-410c-8b3a-c066f9d9e967,702c5cb0-a610-4240-9bed-879c69cdb9e7
bb17a7e2-2fb7-4ca9-87d3-c0aa7bb2d329,1a0e7a42-24fb-4ce5-af0b-c408b36fb5c4,702c5cb0-a610-4240-9bed-879c69cdb9e7
935a31c2-5403-4d39-b759-b23738bf937c,df9fb475-4e06-4e77-b1e5-345cd3209f75,702c5cb0-a610-4240-9bed-879c69cdb9e7
15c61823-bd35-4d7e-ac8b-b264ae7c2fed,805b9f96-1f99-4a4f-8465-0b4c31c58c56,702c5cb0-a610-4240-9bed-879c69cdb9e7
752c4aaf-57c1-408c-9bd2-e487a1867f5e,16e05150-a30e-4032-8a23-57106e31242b,702c5cb0-a610-4240-9bed-879c69cdb9e7
27c47aeb-3268-4969-bca4-3b9b89f6d769,8342e99d-c0c2-4764-8f77-e3c346e308d9,702c5cb0-a610-4240-9bed-879c69cdb9e7
b3eb9c49-dc6f-44ac-a10a-51fe42bdb447,0e1212ec-8a6f-4fef-935a-cb446512654e,702c5cb0-a610-4240-9bed-879c69cdb9e7
a121a46a-f0da-41ed-8c67-0f1c41f48abc,d8eff93d-5d28-4214-85de-437812a31317,4934dc25-aa95-4f0b-80f6-da9704d700d3
8f75065e-e49b-49af-aa5a-db217cecd193,ab0e5ca7-5d9f-4842-867f-1bf8f5eeccd1,702c5cb0-a610-4240-9bed-879c69cdb9e7
944fcae5-b11d-4dea-94b5-11f700e09c3c,976f9056-46be-4d44-ab43-7bff02539626,702c5cb0-a610-4240-9bed-879c69cdb9e7
4d0e4232-f9de-48c5-8d87-8e59b274ae2c,c6c9e9ab-679f-40d4-a152-da353e1dd759,702c5cb0-a610-4240-9bed-879c69cdb9e7
fa6252f5-6488-41f2-b646-639f4e05daee,06c936d8-7539-4668-be3d-0604e6735d9c,702c5cb0-a610-4240-9bed-879c69cdb9e7
bb109d41-7aae-4730-9a1c-c034a7218e36,94207366-dd65-4c76-a744-204b6ef3932f,821f14d9-7bc0-4e9b-94af-b8fcb6e5280a
194ecf9e-23a3-48ad-842a-72950be74224,ef5640be-b17b-4f7e-b27c-4c0c7e438d9d,821f14d9-7bc0-4e9b-94af-b8fcb6e5280a
8ceca67c-b3df-4cc5-9e90-ab4fb0142c33,860698a9-741b-443b-a445-cdfd42ce3fcb,702c5cb0-a610-4240-9bed-879c69cdb9e7
fc498fad-fc46-44b6-af8b-4b83cf7748a9,28efa0fd-02b0-4825-9cbd-3df41e1188f6,702c5cb0-a610-4240-9bed-879c69cdb9e7
410e366a-460f-4ee1-b4d7-3887047639d0,b7d23601-7ffe-411c-a1ce-8178c0961e17,702c5cb0-a610-4240-9bed-879c69cdb9e7
a95c5196-989a-4b0e-8c64-b2fcfe9cf816,9ca71526-cb66-4b9d-8b7c-8bc09f0bb093,702c5cb0-a610-4240-9bed-879c69cdb9e7
8fd207c4-dee2-4d7d-bb09-8450a22cb6cf,33c6b72c-c0f2-49c1-9f5e-5bfb549bd358,821f14d9-7bc0-4e9b-94af-b8fcb6e5280a
08675655-58e4-420b-91a5-3074caf04eba,8a1dfaec-446d-4bac-9f27-c13053bd047f,702c5cb0-a610-4240-9bed-879c69cdb9e7
092f697c-9a61-4339-8a8f-a572a1b6a336,f085b9a0-15e7-4053-8dc3-e44daefe1177,702c5cb0-a610-4240-9bed-879c69cdb9e7
129db7e1-b47d-42ef-b364-732cc2c98edf,c8148726-8a31-4fad-81f2-18ea071c87be,702c5cb0-a610-4240-9bed-879c69cdb9e7
c1cce295-aa09-4ba5-bb52-64e341691b81,5b5d0745-58b1-4a09-adf1-58c8272e52b6,702c5cb0-a610-4240-9bed-879c69cdb9e7
bdfef0ff-652a-4eb4-87a8-2c41629d1cb1,5149b392-08d7-4628-8124-07d70dec8af4,702c5cb0-a610-4240-9bed-879c69cdb9e7
bd558a21-e8c3-432a-ae68-50ba3bf83ff5,415905fb-467c-457e-a4e4-67069bee6780,702c5cb0-a610-4240-9bed-879c69cdb9e7
9cf311a7-37e3-4035-8897-69e9a8685fbe,6ed10d0a-6df4-45d0-8be2-19668df225e2,702c5cb0-a610-4240-9bed-879c69cdb9e7
a0e0b79c-5add-47ac-9bd1-9fa1e08f4bc3,e041794a-fc39-41fc-bc9a-9454fe3f4b4b,821f14d9-7bc0-4e9b-94af-b8fcb6e5280a
3cb06d4c-2180-49fe-bfad-1013fd2a39e8,c6657179-009d-4a07-8c4e-f6e4d7ee1476,702c5cb0-a610-4240-9bed-879c69cdb9e7
325cb566-0c9e-4a46-99cb-b059597c11a4,a6a54f39-59d3-496c-93f1-86d7e5142e24,702c5cb0-a610-4240-9bed-879c69cdb9e7
abd337b4-d0a4-471c-8bda-438cdcea3ed1,81bed934-108a-438d-87b4-8b308a416906,702c5cb0-a610-4240-9bed-879c69cdb9e7
121055f2-c0ce-4968-a5f4-36ccd846e6d5,12adf64e-8300-4b98-a3ea-d30ee76a6ece,821f14d9-7bc0-4e9b-94af-b8fcb6e5280a
b9bbef5e-5fb9-4325-ba0a-6e6c0908348e,72526de3-14a8-4d71-b4d5-098511875056,821f14d9-7bc0-4e9b-94af-b8fcb6e5280a
5172b932-aa37-4780-86d0-d897921969f1,0278fb11-886a-428b-8dd1-f740b7c22e56,702c5cb0-a610-4240-9bed-879c69cdb9e7
fbd6cba0-2d4f-44a3-bdb1-ff1bc5b7c185,392bbb86-e1c5-4704-ad66-630c4e2b0cf8,702c5cb0-a610-4240-9bed-879c69cdb9e7
e0c72b82-b8bd-4b7c-ae44-064bc779d484,531ffe8e-77f9-448d-bd77-52108fe2c26b,702c5cb0-a610-4240-9bed-879c69cdb9e7
3fac20eb-2283-41e6-9c3f-e5ad460b8d52,8aaf5d9b-e4ec-4e3a-bc49-753b61555f7f,702c5cb0-a610-4240-9bed-879c69cdb9e7
e7185de0-d89f-483b-9d80-d47fc42c8e22,4b7c408b-afd8-4b3d-9ff0-072710e776c6,821f14d9-7bc0-4e9b-94af-b8fcb6e5280a
603f5b93-9a3f-4dc1-9171-884ead7f0fc8,7e31a122-a256-47a7-99bb-2165fb187c28,821f14d9-7bc0-4e9b-94af-b8fcb6e5280a
ad5beb69-c394-4c61-ac82-2d0b3a988940,3ffbeb09-d8ad-4180-a4ae-3ea9652e855d,821f14d9-7bc0-4e9b-94af-b8fcb6e5280a
11a5a9bf-0d2a-4c04-b82d-eb84a7e7e99e,6182326b-bc25-4c70-a6e2-3f8a951a7bb0,702c5cb0-a610-4240-9bed-879c69cdb9e7
f4be6a50-4b76-4d49-8982-d66cbf2e83af,5d831df8-532d-4479-9c58-ed7b6648058c,702c5cb0-a610-4240-9bed-879c69cdb9e7
8045bd63-132c-4606-a154-18904b8895fa,c6729900-b890-4081-89ac-ef7c20f11b2c,702c5cb0-a610-4240-9bed-879c69cdb9e7
e239b9c9-eb91-4505-a894-85d699b66925,47450123-81ed-4505-aafa-127bcfc6bf30,702c5cb0-a610-4240-9bed-879c69cdb9e7
0b3ca12c-7786-416c-be8d-6811038a30b0,2dbe2168-ad96-4f08-b6e5-333c1f431ebe,702c5cb0-a610-4240-9bed-879c69cdb9e7
bc57f659-cb29-4e66-923e-99849643a324,ad5c2997-fc9b-49c0-8887-fe23dcc8a4ad,821f14d9-7bc0-4e9b-94af-b8fcb6e5280a
07f44b4f-1eff-42af-a046-2ca90a6bc6f1,9fb0aec2-d3cb-4f6c-9ff5-1acd9cf63523,702c5cb0-a610-4240-9bed-879c69cdb9e7
027b0442-d8dd-419a-b7c5-2c2b08ae004d,6026d330-ef21-4c49-8223-dbc2fa85498a,702c5cb0-a610-4240-9bed-879c69cdb9e7
548979de-0f29-4850-889a-bbd925b495ee,0039029e-5da6-4e79-beb9-913f0f579785,821f14d9-7bc0-4e9b-94af-b8fcb6e5280a
09a9fed7-5cd9-464c-b4d3-4c95a0c46877,bb69e023-b7c1-466d-a636-7c5e7c54dad2,702c5cb0-a610-4240-9bed-879c69cdb9e7
1797a936-60a6-484e-b588-3ad144489d6c,bf033764-146b-467d-b7a6-d0c2631096ec,702c5cb0-a610-4240-9bed-879c69cdb9e7
ce3ebd9f-8aed-4238-9f03-7bd0ecabe5e4,bf439fcc-c531-415f-ab98-dd16791ea03e,821f14d9-7bc0-4e9b-94af-b8fcb6e5280a
43e1ee3b-2aea-4808-835e-c95f568c46fe,d1039a62-8430-40e7-80b3-4bafafdc2b23,702c5cb0-a610-4240-9bed-879c69cdb9e7
af81a26b-baf5-4735-9741-5dc19b53f49a,dca50ee9-7dfc-43d0-a9d4-e96a4617ce00,821f14d9-7bc0-4e9b-94af-b8fcb6e5280a
d104e14f-f2cd-450e-81cc-cf536a754031,1d489bec-b711-43f4-8e98-5eef1c9419a6,821f14d9-7bc0-4e9b-94af-b8fcb6e5280a
b3bc5fa3-2a80-4572-9f34-668c9f5fa2e8,8da17ea8-5f06-4772-8000-ab8b096ec16d,702c5cb0-a610-4240-9bed-879c69cdb9e7
b4b698e5-2015-4d6f-9c47-72893aa87d56,b7fb4602-8c8c-4abe-8e74-f664a839e75f,821f14d9-7bc0-4e9b-94af-b8fcb6e5280a
550cf015-ea0e-4e1a-a7ee-fe05b0760837,014a98a9-e53e-4853-8c45-a50b9cfbb1ae,821f14d9-7bc0-4e9b-94af-b8fcb6e5280a
efc4c771-eeae-4782-b134-6b08b5d26e9b,2ee740dc-3cd2-4779-a6bd-a0d2d2c81244,821f14d9-7bc0-4e9b-94af-b8fcb6e5280a
d23d2ba3-b433-4b0a-9ef5-58ebcf13527f,37dbb7d5-4a4b-47e4-bfdb-2932bf5899d6,702c5cb0-a610-4240-9bed-879c69cdb9e7
d2a2853d-6713-45de-bac0-a4147261028a,27a0cfdc-95f8-4688-a2b6-b49958588518,702c5cb0-a610-4240-9bed-879c69cdb9e7
83508eae-5372-4ce0-bfb4-32399e68d347,f8e55b0c-1334-4aa1-8de7-dd70ad87421a,702c5cb0-a610-4240-9bed-879c69cdb9e7
0cfb582b-ec92-4c4f-ba33-287d5ee18eac,6dac9dac-789c-42ac-ab7c-e2c3b460416d,702c5cb0-a610-4240-9bed-879c69cdb9e7
d4049424-66a5-4e6c-901c-7ee6b2f89b43,ff594204-f650-4eaf-a835-f4d1e1cd8bf5,821f14d9-7bc0-4e9b-94af-b8fcb6e5280a
dd2f188c-f28b-4561-98ab-813bb9e7efe8,604e3c21-9b65-4e96-91ab-8fdde428b196,821f14d9-7bc0-4e9b-94af-b8fcb6e5280a
65739b58-3492-44a9-8141-2fb15e4efb62,bb92d023-3463-44bb-83cf-ab6f0dcdaf58,821f14d9-7bc0-4e9b-94af-b8fcb6e5280a
fe6aa040-5a8f-49bd-87a9-c3ed101b88c3,4d7b4cfc-feb7-41af-af49-22049a677b6f,821f14d9-7bc0-4e9b-94af-b8fcb6e5280a
dbad7504-c669-40f9-8829-a988efbb5d69,82d6ecdf-6718-4f7b-b3da-6fa074cfb9fb,702c5cb0-a610-4240-9bed-879c69cdb9e7
b1e5560e-6184-4911-b470-e086d8e78c26,1a2205a7-ec3b-4e6b-a1c3-253fcf69f31f,702c5cb0-a610-4240-9bed-879c69cdb9e7
0d1b0960-8089-483c-b226-e53150dac8b0,071f637c-4452-48e1-a3f8-791aefc52f14,821f14d9-7bc0-4e9b-94af-b8fcb6e5280a
95622115-aed8-4a40-91a1-3276ee8bc518,2c130e16-2b26-4107-8101-882768df069c,821f14d9-7bc0-4e9b-94af-b8fcb6e5280a
f901ab99-53c8-4e1c-96b1-783d6ee32850,ac6c646b-be08-42cb-9c09-1a9ed6dd6d12,702c5cb0-a610-4240-9bed-879c69cdb9e7
ebbd36cd-0374-40bd-8822-8e7ccd124ebe,a5d11b7d-aea1-4723-8525-1e627a16f477,702c5cb0-a610-4240-9bed-879c69cdb9e7
33a9bede-1c57-442c-a064-2cd5f72c3d42,f5a508ed-626e-42c3-a82e-87fd6fb7d417,702c5cb0-a610-4240-9bed-879c69cdb9e7
73fbfd1f-ae97-4c4c-b266-e274510279c1,3af64f84-a569-4def-8441-0c433d88ebdf,821f14d9-7bc0-4e9b-94af-b8fcb6e5280a
3153eb6c-e9f7-4606-b39e-c111a7390421,8373785b-5fc3-4b23-977b-7719d2304b3a,702c5cb0-a610-4240-9bed-879c69cdb9e7
678fe0ef-2ede-4d43-a095-2a7d6c6696d5,708ece07-9cad-4433-b7f0-f9279ade84d8,702c5cb0-a610-4240-9bed-879c69cdb9e7
8a0cf0cc-aa5a-49fb-a04e-4b706fcf54d1,c998f153-94f4-478f-916d-a9dbc1357be6,702c5cb0-a610-4240-9bed-879c69cdb9e7
79c1fceb-b91f-419e-a008-f099b1350b19,aa5e58ae-06e9-4e12-a16d-56285ee5b99a,821f14d9-7bc0-4e9b-94af-b8fcb6e5280a
98d0356f-2d59-4f43-bbb1-113f95894639,0c3b3541-736b-4cd7-bd56-efaa489a3146,702c5cb0-a610-4240-9bed-879c69cdb9e7
a3c29b18-4a75-4aaa-925b-17f39580fbc0,a2cd75e3-3b42-40cc-9528-da62617c81b6,702c5cb0-a610-4240-9bed-879c69cdb9e7
f72bddca-92d9-460d-a79d-c633b92a3e30,0fdeb964-3731-48ae-8e66-bc1a6f12b2c2,702c5cb0-a610-4240-9bed-879c69cdb9e7
ff19557b-4fa0-4f84-84c4-9c1e98d78b51,401bbeb2-58a1-4792-ac2c-4813a6e9f1d9,4ef94708-9c27-402e-9600-3eb5525b0ca9
140a04dd-1ef6-4fe8-90f6-39020532b3e0,0d95c30f-8f77-4a51-96b0-dc0e14f702c7,821f14d9-7bc0-4e9b-94af-b8fcb6e5280a
527dbed1-69d8-4d9e-8260-f3f4ea540026,74d02101-42db-4105-9ed6-3e4ccf0e919f,702c5cb0-a610-4240-9bed-879c69cdb9e7
f9e41727-1634-48b0-857a-8c4a4cf34e87,6309770c-1253-47ef-bd5b-4a68d9a9afaf,4ef94708-9c27-402e-9600-3eb5525b0ca9
0c4f06e5-45b2-4bab-98c2-22878700061b,17a3c7a5-9a4b-428f-bad3-4cddc4eb2921,702c5cb0-a610-4240-9bed-879c69cdb9e7
28f75449-eeff-451d-9b99-205a7a72fadb,3135f4f3-ee41-4b70-801d-6f2827d67505,702c5cb0-a610-4240-9bed-879c69cdb9e7
59708d3e-ed1d-481a-9f5c-fd90eec99568,562018b6-d354-46ba-bbb7-573b273bd8b9,702c5cb0-a610-4240-9bed-879c69cdb9e7
5c9a7d8b-6ecc-4210-91be-e1e1561f04a7,9b0cc076-358f-4971-a0c8-67fa70aa5bb4,702c5cb0-a610-4240-9bed-879c69cdb9e7
e288746c-7c21-43ae-83b1-7f0d7c8661be,39fdd9e0-da9b-4057-b7f2-d68f721b20a8,702c5cb0-a610-4240-9bed-879c69cdb9e7
6b7972bd-3ce2-4c78-9393-d3d57b3da87a,dfc63388-65cb-4cef-beb1-84968061afba,702c5cb0-a610-4240-9bed-879c69cdb9e7
0df35801-e01d-46b2-8e40-c82a4d13e199,59241cba-b2e8-4b21-acab-34c14be2661f,702c5cb0-a610-4240-9bed-879c69cdb9e7
95eadf1b-5b63-4a02-8cbb-4a98dea6cbfa,7599d790-8a03-4381-934b-bc86eb12d711,702c5cb0-a610-4240-9bed-879c69cdb9e7
5f677274-b482-4a58-9820-8c93f463ad3f,671b8d9e-8d92-4c3c-bb26-ca0b3ed93f8a,821f14d9-7bc0-4e9b-94af-b8fcb6e5280a
afe5ae18-a5bb-403d-9ff5-62c2ca511c10,8f669705-594e-40a0-a1bb-012c05ad9830,702c5cb0-a610-4240-9bed-879c69cdb9e7
06f56819-de64-4157-ba5c-8327e610232c,18b78415-1527-40cb-aa8b-f589ea3dfb32,702c5cb0-a610-4240-9bed-879c69cdb9e7
64f80f42-1790-4d29-913c-c33e7312a93c,8b850577-ed29-48fb-b262-23dee951ea3f,702c5cb0-a610-4240-9bed-879c69cdb9e7
1f532bdd-fd9d-44ec-8d1c-cbc4ea62986f,989abf4f-9fb5-40d9-a9e4-8025aabc1361,702c5cb0-a610-4240-9bed-879c69cdb9e7
28f2a802-2b22-4151-baeb-c9a902caf616,24fda8d3-91d6-4a97-9809-fbd75d6084ee,702c5cb0-a610-4240-9bed-879c69cdb9e7
6080fc86-95fd-4dbe-892b-476cc63b6b8c,c415f199-8aef-426e-97b9-9aa99035f94f,702c5cb0-a610-4240-9bed-879c69cdb9e7
a5e42fc5-c328-4cbc-af06-9b4de5c0a271,f82f982d-7b28-4836-816f-d5309a780f59,702c5cb0-a610-4240-9bed-879c69cdb9e7
1306f1ad-68e9-4d46-a349-8f79a6d6c7d5,518e1619-0544-49ce-b182-cb90441ad907,702c5cb0-a610-4240-9bed-879c69cdb9e7
7331af5f-fec1-4437-97e2-7ae8397bf53c,23beaa3c-a8db-413d-9049-2968836ff951,702c5cb0-a610-4240-9bed-879c69cdb9e7
b83ada19-cdf2-47f6-9f23-d0a5f68d48be,86c4d6a6-3796-42b6-8501-03f4d3cdee91,702c5cb0-a610-4240-9bed-879c69cdb9e7
6cc8fee5-dfe4-4705-ba3e-8a9b0e666d05,b4c893c7-2e7e-4003-9329-94cbad8a8ece,702c5cb0-a610-4240-9bed-879c69cdb9e7
9a937c30-f13b-47e5-bed0-c4c927170670,dd947c51-829d-4970-ae65-76278e5aac8a,702c5cb0-a610-4240-9bed-879c69cdb9e7
21bf4223-98d7-4684-9666-876e6665b6b6,523a6c9b-dc90-4f40-9e0a-d09c3858df4e,702c5cb0-a610-4240-9bed-879c69cdb9e7
2b6f8776-4516-4535-9234-7c8d8cd4bfd5,99235d9b-7f8f-4a25-bf87-977963e99cac,702c5cb0-a610-4240-9bed-879c69cdb9e7
9af242dd-3227-4de7-98bb-0791bf4be342,69b28baf-93ba-47ed-b831-6e7eb6faeac3,702c5cb0-a610-4240-9bed-879c69cdb9e7
23c18736-f266-43fd-9a00-71b2743f7abb,0395235e-70f5-4e6f-9e62-5363f1c84756,821f14d9-7bc0-4e9b-94af-b8fcb6e5280a
9c7fe2f4-9a78-4942-851b-4d5b2e3badec,6c6d282a-db04-4a5a-8679-03e69c78f331,702c5cb0-a610-4240-9bed-879c69cdb9e7
489a2f7e-33e2-46b2-b116-14c7f3ae416e,8052efbf-d696-4472-8cfe-cc4c3c4ac4ca,821f14d9-7bc0-4e9b-94af-b8fcb6e5280a
93219f91-fbdd-4356-b345-6ea038f993a0,cd7739c1-898a-432e-bfae-71c1912f6058,821f14d9-7bc0-4e9b-94af-b8fcb6e5280a
cec3c46f-d845-419b-bf97-b5ab7fb8f7d6,7aaa3f5d-4cbd-4742-8c0e-ed3d7e74b0e3,702c5cb0-a610-4240-9bed-879c69cdb9e7
8b69b216-5b23-4395-9141-b07c0a013378,06a5ec6f-3c0e-4b71-ba57-d6c2bea258ce,702c5cb0-a610-4240-9bed-879c69cdb9e7
b959e310-361a-4e65-998f-156638ccb60a,57ddedd5-f8e6-4e84-a77b-f1be43cf9998,821f14d9-7bc0-4e9b-94af-b8fcb6e5280a
003fb897-285d-40ae-8b16-d67342a95e69,aa2118a6-131f-4002-8927-60d6f3bb70d3,702c5cb0-a610-4240-9bed-879c69cdb9e7
23771f5f-eca9-4fe0-867f-11048cd60e0b,0137eab3-6158-45a9-9839-d9f8ec4d38f3,702c5cb0-a610-4240-9bed-879c69cdb9e7
d945a6c4-6005-4366-a13f-2379e87ab94d,8c588af7-529a-498e-bf87-a7da9e279d81,4934dc25-aa95-4f0b-80f6-da9704d700d3
5aa8a8e1-39b3-4f21-a99f-905e284a2348,510c432f-a438-4215-9520-ee981d653bb4,702c5cb0-a610-4240-9bed-879c69cdb9e7
5009489f-d9a3-4e3b-afb9-93f0b87b101f,a35125cf-bd93-44da-a30b-2577ee0f897b,702c5cb0-a610-4240-9bed-879c69cdb9e7
f14f40a3-8926-42a3-a584-a3aa577dd79d,afe296e0-3c72-41f9-8dc8-0b32d3ce631c,702c5cb0-a610-4240-9bed-879c69cdb9e7
9d99d8b3-4259-4b7a-9b7c-e3d1de8f7576,da372a36-be86-477d-9d76-a8c13594c89c,702c5cb0-a610-4240-9bed-879c69cdb9e7
abd2058c-4e17-4ee3-be3f-d08e6b5173a6,2df30ef5-ef86-4c02-83bc-89099142b782,702c5cb0-a610-4240-9bed-879c69cdb9e7
84246321-3e7a-48bf-924b-6246b74c13d0,0d0468e7-a148-46b7-bf0b-a30d39020456,702c5cb0-a610-4240-9bed-879c69cdb9e7
f2f4adcc-ccad-46dc-a4f2-12dbcfbb7c9b,ae9ca354-1ad4-41c0-9754-9129dc000b93,702c5cb0-a610-4240-9bed-879c69cdb9e7
d9e36f26-49dc-4b3a-a9c3-8bcd55229c94,e3a3f8e9-b3ac-45df-af01-91f52605169e,821f14d9-7bc0-4e9b-94af-b8fcb6e5280a
71daf9bb-6172-48e8-bc90-e9c2ac21ddb8,fdba671f-d435-45ca-a2ff-83f059c4c588,4934dc25-aa95-4f0b-80f6-da9704d700d3
36834749-ed6b-4d38-9f30-37c515c2feea,49fcd1b6-de01-4f2b-b273-ef0e77a67130,821f14d9-7bc0-4e9b-94af-b8fcb6e5280a
95976a93-7e07-40c6-bd12-f714a2e08d14,bc1d94b2-9891-4f3e-968b-3abb47d1f4b1,821f14d9-7bc0-4e9b-94af-b8fcb6e5280a
786f31e7-f25d-4fca-90f8-f72f16e99944,c166fb92-30f1-473b-bba5-d2d986daa48d,821f14d9-7bc0-4e9b-94af-b8fcb6e5280a
b8c0ca81-9f65-485e-860b-0d8f36152873,a33c60a1-69ec-4c5d-b398-8c9251bc5f27,4934dc25-aa95-4f0b-80f6-da9704d700d3
5a5054b7-af6e-4237-9034-cae1322c68da,da2120e7-4517-4a92-85f6-6772f5a766b0,702c5cb0-a610-4240-9bed-879c69cdb9e7
abead78c-0aba-44bf-9a8f-65c980c8d7cd,fd2156a8-ab11-4d66-a1d6-fd516bf69845,702c5cb0-a610-4240-9bed-879c69cdb9e7
1002f180-6920-4780-ae74-59e251b3fab6,9c64addd-6146-4414-bbd6-692c685209e2,821f14d9-7bc0-4e9b-94af-b8fcb6e5280a
887fc52e-d02e-4ecc-9bad-df103ae19b3e,e47d7064-c369-4434-ab95-809a3e04458c,702c5cb0-a610-4240-9bed-879c69cdb9e7
2359ce10-80ba-45ec-8593-5a519f3d6687,e06a1290-9d05-4fc0-8a37-4b582a02c1d4,4934dc25-aa95-4f0b-80f6-da9704d700d3
24c01387-5a3b-42b6-bcf4-d29445ffbe61,4ebf5bc3-9c11-4d76-93be-6713820d789e,702c5cb0-a610-4240-9bed-879c69cdb9e7
87b5366b-ce4b-453f-a757-3a62fcb8afe7,d737b968-b807-4447-8ba9-1783d5e2ad8f,702c5cb0-a610-4240-9bed-879c69cdb9e7
488b6d1f-8c2f-4bc4-a291-9aa8fff2aa45,536081bf-945f-477c-89ad-46d3a1cb5a6f,702c5cb0-a610-4240-9bed-879c69cdb9e7
446528ac-4188-46ce-ad84-ea70ca5f03a3,8cce26a7-2e27-454a-8326-4c6d8de9ecdf,702c5cb0-a610-4240-9bed-879c69cdb9e7
6231c74e-6c70-4ce3-b14f-203fcf71b0c0,612f790e-e521-425b-882e-04197f65d38b,702c5cb0-a610-4240-9bed-879c69cdb9e7
276fc03e-e810-4deb-9a86-8b447fe9980c,a083817c-da3c-4660-a570-ecf6d76b6d0b,821f14d9-7bc0-4e9b-94af-b8fcb6e5280a
d5ad905e-1d9c-4e49-96b4-10b7203fe8bb,20c955fb-fd4b-4dd8-8acf-fad465fc84d6,702c5cb0-a610-4240-9bed-879c69cdb9e7
99a9b8af-f17b-4d0b-9a6d-3683e07773b4,871ed8b7-2ddc-4acf-8f3a-d253020d44e1,702c5cb0-a610-4240-9bed-879c69cdb9e7
3da4b1d3-9e6b-4c59-9455-aa82ef9184d8,e02b4fa0-e52d-4bad-a6f6-040e38a95980,702c5cb0-a610-4240-9bed-879c69cdb9e7
eaf82755-e104-495a-8f84-bce8cec506e8,41cbb2cb-8d6e-4c99-ad55-315255937549,821f14d9-7bc0-4e9b-94af-b8fcb6e5280a
e911bc40-e3a3-478f-9630-51f2d7a19937,80d4b9fd-e19a-4989-99a5-2cf7a171cc01,702c5cb0-a610-4240-9bed-879c69cdb9e7
ba4a40ed-b7f9-416e-a8fb-0b92f3269c01,fc9d22b8-3a74-49d0-9d4d-0918caf7381a,702c5cb0-a610-4240-9bed-879c69cdb9e7
1a422733-5a4b-499b-a1a7-11f06e8d25ab,0b79d50c-5f1e-4230-b334-ae720070e8f9,821f14d9-7bc0-4e9b-94af-b8fcb6e5280a
b13022b6-24a3-4904-b6bc-bcfa6bbfaddc,e991bd05-4d59-4173-9bcd-e15c1f10bd2f,702c5cb0-a610-4240-9bed-879c69cdb9e7
500e0c5a-156c-4ec4-b326-f19cfebb459c,d19af8ba-d57b-43a7-86e2-e8f8e6250ffa,702c5cb0-a610-4240-9bed-879c69cdb9e7
b1c00662-8916-40b2-b162-432857659f33,b3d78c87-0473-4684-af4b-26b37eb89920,702c5cb0-a610-4240-9bed-879c69cdb9e7
3c73e06e-d579-4cdb-acf1-4e5926d028c4,5ca73cc6-457f-44c1-8ed0-24da86dfbd38,821f14d9-7bc0-4e9b-94af-b8fcb6e5280a
80fdcc15-63e8-4c92-bbbb-278e33723dfa,94018ff9-2690-46e1-8925-eb6bfd36d0e8,702c5cb0-a610-4240-9bed-879c69cdb9e7
3f141d27-9522-4654-9128-c144cce7abe9,c4260d49-6bb5-4c7b-854d-3097c9292a11,702c5cb0-a610-4240-9bed-879c69cdb9e7
f381362e-03b7-44b3-bdf9-c1309dada898,b54e48c8-7d84-4a4d-930b-98348b3f0739,821f14d9-7bc0-4e9b-94af-b8fcb6e5280a
90418383-33d1-4f68-bbde-d4d06283a888,17367cab-49cc-4035-beeb-b1b389c63c7e,702c5cb0-a610-4240-9bed-879c69cdb9e7
515b6cc5-bfe1-4cb2-bd03-ed84d6fc5b1d,f831090d-c3f0-4f4b-8f04-cfea92974d90,702c5cb0-a610-4240-9bed-879c69cdb9e7
1b083837-8a60-47b7-8153-ae5bd1fdd503,4b5333fd-cc1f-4e2e-866e-8e7389a1898c,821f14d9-7bc0-4e9b-94af-b8fcb6e5280a
0f5011b8-f889-4b01-8fe2-537890a43413,4d937651-18db-47f1-88e6-6790182a6878,821f14d9-7bc0-4e9b-94af-b8fcb6e5280a
a13b0325-91aa-4195-8458-271167e376ba,2663f296-4095-4a50-af94-6a065ebd3c7c,702c5cb0-a610-4240-9bed-879c69cdb9e7
185d458f-5bc3-48e3-a7ea-68a008e8122e,4e3bb576-383e-47b9-ab47-d21ee6e5d950,702c5cb0-a610-4240-9bed-879c69cdb9e7
59cdca2a-e489-4093-9b44-99aeac59f86f,f0daaa51-01ae-4160-ba18-838ee46ff39a,702c5cb0-a610-4240-9bed-879c69cdb9e7
e355d02f-c163-41df-9a53-515baa7bacb6,4955dff7-a285-40f1-a9dc-a0106728e4d6,702c5cb0-a610-4240-9bed-879c69cdb9e7
b09eef10-6351-4bad-be78-7bce24b392b8,7eb31910-2c16-4880-821c-b75290ae2ac8,702c5cb0-a610-4240-9bed-879c69cdb9e7
d1a6d63a-a3eb-4ec1-958b-86ae02043673,d34d4eb4-3edd-44d0-80ae-e887abbbbaa0,821f14d9-7bc0-4e9b-94af-b8fcb6e5280a
337cc0a5-6fac-4ce3-9e12-05a586fc0dc9,8c5ffd7f-235f-47aa-853b-c2787d6711fb,4934dc25-aa95-4f0b-80f6-da9704d700d3
378e1def-6fd2-4e9c-8df2-babf8c09990f,a78eb132-7f23-46cc-8aa1-dd4b53b43ef4,702c5cb0-a610-4240-9bed-879c69cdb9e7
04b51df0-56ec-4a41-a670-8e587be406fe,4bc4673f-0a72-42c1-a1f9-92f7b57efea9,702c5cb0-a610-4240-9bed-879c69cdb9e7
c090a0c2-03c2-4cad-8fed-fc77013fd11f,ed6eae30-7a8b-434b-8092-ce42c55f1c60,702c5cb0-a610-4240-9bed-879c69cdb9e7
c02b03e3-9277-406f-b148-02cefe36c0e2,5ae90ef0-9572-4b27-8b58-6daa80d88537,702c5cb0-a610-4240-9bed-879c69cdb9e7
b3896ae6-d058-4966-b81a-5988005dca3b,949d5f43-d8c9-473c-91f4-123ccf803b3b,702c5cb0-a610-4240-9bed-879c69cdb9e7
3e180367-709c-4134-bfec-4f9268d11086,d5fe42f7-d33c-4a26-bf19-2a587cb824ae,821f14d9-7bc0-4e9b-94af-b8fcb6e5280a
15ee2339-649e-44b0-9ec0-98a0bc424481,34f99de9-da98-46f6-b23d-f656147348f7,821f14d9-7bc0-4e9b-94af-b8fcb6e5280a
ceb5f7a3-33d6-40d2-9a3c-d8510b349fa8,ad3a7843-c9bd-45da-806b-6037da19b215,702c5cb0-a610-4240-9bed-879c69cdb9e7
ffa0b3ca-98a8-4c14-9ec4-de892bee8059,d1252156-260d-4b3e-9011-9f73c6e05bb6,702c5cb0-a610-4240-9bed-879c69cdb9e7
09ecb9c3-f2f4-4e32-921b-1361b23c82ba,d74d4bf8-97be-4e3d-a039-026155f81b31,702c5cb0-a610-4240-9bed-879c69cdb9e7
934bb954-03b9-4f08-94a9-230af25428ad,9bcf5757-5891-4345-a658-43fa1a3b27ab,702c5cb0-a610-4240-9bed-879c69cdb9e7
ef9e3db6-ef2c-40ca-ac56-676ee021dc1e,d3f3da8a-09a2-41aa-968b-2cd813761f45,702c5cb0-a610-4240-9bed-879c69cdb9e7
78a1243b-1c2e-4fe8-a98a-f37034232553,abf76afa-119c-4a1a-8445-cdab2db11492,702c5cb0-a610-4240-9bed-879c69cdb9e7
47fdb60a-968e-4302-b281-c3f3aa9e0ab8,42296819-ee93-4d7f-850c-223fb84a82b2,702c5cb0-a610-4240-9bed-879c69cdb9e7
56578d35-003e-4004-bc4d-ce37425af422,e9db4acd-9b4f-4b66-9b95-17fbbdb0a730,702c5cb0-a610-4240-9bed-879c69cdb9e7
6eccc16d-8724-4d56-b235-bc32357998f3,b650b22c-7353-4225-98f8-a3b34f59698f,821f14d9-7bc0-4e9b-94af-b8fcb6e5280a
9fe68ea6-7aae-4e02-b4f0-c3bef83c157e,a37259c0-4e0c-4251-b9f0-f59545691b72,702c5cb0-a610-4240-9bed-879c69cdb9e7
eb4eb2c0-36f0-4317-a9f7-78855a252e48,2d81a173-a2ad-4468-9370-4fb37a252497,702c5cb0-a610-4240-9bed-879c69cdb9e7
1926d8f3-ac88-4342-8999-215caf5d4565,c57d4d9f-d705-47a7-ac7b-27ac2d529ed2,702c5cb0-a610-4240-9bed-879c69cdb9e7
85544d38-cd86-47ca-a619-a65c9157796f,7c5537f8-5b3f-4e4b-b000-52d4dbe86030,702c5cb0-a610-4240-9bed-879c69cdb9e7
94d9c041-281f-4b07-abfd-d0930760f7c3,66898231-89e4-4d23-aa03-444519b28734,702c5cb0-a610-4240-9bed-879c69cdb9e7
ebcc3774-57a5-4ae9-a13e-5c70c0760805,917b5582-b82c-4556-b06e-dc1e8920c010,702c5cb0-a610-4240-9bed-879c69cdb9e7
bcee5fd3-cc6e-4c91-a237-53a316718362,1f6ac408-0f2a-44df-9031-73fa74b28a44,702c5cb0-a610-4240-9bed-879c69cdb9e7
db3f6fd4-1ce6-40e4-bef3-52e080dc8017,a5294ba0-a2da-4fab-81e0-7682701ad875,702c5cb0-a610-4240-9bed-879c69cdb9e7
1a82372c-56d6-4de7-a4e9-127d8375568b,1ba1c396-60e3-4529-bc39-46fc0c705cad,821f14d9-7bc0-4e9b-94af-b8fcb6e5280a
78cbf93c-29cc-41e7-b6b5-303dbb5bb27e,cb2448b2-868a-49ba-8113-0ef8e7e75a61,821f14d9-7bc0-4e9b-94af-b8fcb6e5280a
30f06700-2548-4d78-9b4f-ce59d7e0dbb4,f70eeb2c-ef69-4b96-ab9d-23b665c95d7f,702c5cb0-a610-4240-9bed-879c69cdb9e7
786678e7-aea2-407d-b1bc-574e5da81b82,2222877e-cf14-4dcd-ac6b-dfefc114b9b5,702c5cb0-a610-4240-9bed-879c69cdb9e7
82bd7222-dce7-4e75-b349-4239f8f799e7,ec1dd601-6ca0-4d85-8532-55504c096f34,702c5cb0-a610-4240-9bed-879c69cdb9e7
3921c512-414c-4bf5-9bc7-714c56e60dd5,0e0414e8-0d6e-4eb0-94a1-93c107f6b695,702c5cb0-a610-4240-9bed-879c69cdb9e7
338eb55e-a79b-4914-adc4-9ad290e512e3,726abfcb-1f16-4e6e-bb30-cf40290d66ca,702c5cb0-a610-4240-9bed-879c69cdb9e7
b136f00c-3686-4cea-9be9-9575181e10d0,19627557-3bbb-427d-9cf6-805b6729aad9,821f14d9-7bc0-4e9b-94af-b8fcb6e5280a
6879c328-f789-422d-a62a-51c940d8cd8b,2de0c8ce-1df1-4219-9465-0a58b910a8cb,702c5cb0-a610-4240-9bed-879c69cdb9e7
3c49de9c-a831-4e27-b1eb-4e9c951a16df,ee0bb4e8-d02e-4c9e-9a9e-9406c8476f93,702c5cb0-a610-4240-9bed-879c69cdb9e7
7eb8dc1f-ee0d-4680-9538-bc27c00b235a,bed1f183-79e6-467d-90c1-06dd8b2b548c,702c5cb0-a610-4240-9bed-879c69cdb9e7
29299e5c-7cb0-47e6-83be-9b02d3a8169c,d807e44f-edf4-4cdc-8784-1c35cd0867a0,702c5cb0-a610-4240-9bed-879c69cdb9e7
244d050a-ae14-4791-abe8-bf7f4c118c07,a9fa43cf-3e29-4b43-9b1c-ecf571bdf031,702c5cb0-a610-4240-9bed-879c69cdb9e7
48b5ba56-c224-4d8b-a22c-bf56e82a6661,6f69e7d7-592d-4aad-acea-6bd2b5d0c447,702c5cb0-a610-4240-9bed-879c69cdb9e7
6ea542f3-dd20-4714-95a3-345c77c28c74,fe42f2a6-d098-49a2-8e3a-149d99e4fee9,702c5cb0-a610-4240-9bed-879c69cdb9e7
43c7de1b-521e-4ab8-a5c3-c07ff5e881c8,66115a16-1873-4480-8123-f2bcfe6571ed,702c5cb0-a610-4240-9bed-879c69cdb9e7
7f5cd253-d5e5-4109-a4f1-30121a0fd906,744fa316-8247-4ec7-a964-ca2959a311e7,702c5cb0-a610-4240-9bed-879c69cdb9e7
98042414-48e6-4520-8b11-5ca6fbe77244,e254258d-1778-4fee-aff9-9202f7aa373f,702c5cb0-a610-4240-9bed-879c69cdb9e7
f09ecb69-892c-4d27-885c-2e885159f639,f47cef8b-ee0e-4c9a-a9a0-3ca5c7048ab6,821f14d9-7bc0-4e9b-94af-b8fcb6e5280a
9cdf68fc-2d4e-4e3d-a3d8-ddc2406d8887,71c11d84-2175-4d0f-bef5-8cfca23e0d9f,821f14d9-7bc0-4e9b-94af-b8fcb6e5280a
f1ab28a9-3108-45e5-9e13-f510bc86ee5f,4c055c4a-af2c-4b4f-a461-ee67440d4f50,702c5cb0-a610-4240-9bed-879c69cdb9e7
6bd425a8-c82d-4b8a-8938-897e94ff907b,ae4e6e8a-26ea-4b85-a5d2-54a892d15342,702c5cb0-a610-4240-9bed-879c69cdb9e7
d015cc78-3686-4864-8c4c-9fa24909937f,c5cb167d-e137-4442-936b-58f9e0055a19,702c5cb0-a610-4240-9bed-879c69cdb9e7
fdb3307c-3d79-4fb1-a857-1564de91326d,b69cb709-a660-4b6b-acb1-07d10393c23a,702c5cb0-a610-4240-9bed-879c69cdb9e7
766cdb86-9f9c-4b42-8c00-c2acf6d1c4c8,06462615-aee3-40b2-a884-b551f28b1c77,821f14d9-7bc0-4e9b-94af-b8fcb6e5280a
6b53046b-300b-4a67-a9fa-f49d7280741f,966e676c-8848-4246-b400-b1af962c5540,821f14d9-7bc0-4e9b-94af-b8fcb6e5280a
83cadabc-9913-46d0-9193-3c1a80890d92,b0c2df22-79df-46c8-b84c-b4186b619ff3,702c5cb0-a610-4240-9bed-879c69cdb9e7
2199b18f-3da7-46fc-9655-167f47700cdf,3ed9abad-384a-4baa-9545-f9db3e32d6b0,702c5cb0-a610-4240-9bed-879c69cdb9e7
21585aa1-3797-4c26-b1cb-9ac2c8728683,b2ef792c-86b2-47f0-9951-ca1b96209f61,702c5cb0-a610-4240-9bed-879c69cdb9e7
32fdc3d7-36d2-4419-a4d5-5f57aa8891f5,b529dfcb-2193-48cc-96da-755725bff8ac,702c5cb0-a610-4240-9bed-879c69cdb9e7
f5bb8879-e718-4524-805f-07c163e48813,6570a468-29eb-4175-b67e-03c6762b9fd9,821f14d9-7bc0-4e9b-94af-b8fcb6e5280a
a37ea66b-b934-4365-86ee-1366c1805544,bef46774-1428-431a-81b8-55c42e1d7a8e,702c5cb0-a610-4240-9bed-879c69cdb9e7
97458243-f6bb-4fb6-856d-100a68f8150b,80d61912-aabf-4f7d-afaf-1c98f1ed0d58,821f14d9-7bc0-4e9b-94af-b8fcb6e5280a
6035a8ab-a96f-4f29-bd81-40afc0bb45f7,79271f1b-99d7-42bf-a4b0-890465126d5e,702c5cb0-a610-4240-9bed-879c69cdb9e7
3284b44b-a72e-4aa7-857c-355b2ceddba2,52c86ada-f02f-4f20-817a-e05b197cb103,702c5cb0-a610-4240-9bed-879c69cdb9e7
612c2ff5-82bd-4692-900b-cd33c3a8e2f9,11a17d7f-2932-4e71-95c4-02cb6bb9b69a,702c5cb0-a610-4240-9bed-879c69cdb9e7
a6064547-8dea-4457-9eee-743737807825,afbf6017-adf9-4c56-afe4-beafd2f3551e,702c5cb0-a610-4240-9bed-879c69cdb9e7
cf3ab44c-2dd7-4c01-ab21-f55f389ad20a,bb228081-bc86-4103-8c1f-8218c00f6d38,ed204181-0a5c-4ffc-aea7-05dc9d565ecc
8904a877-9604-4551-ab3c-9ebc573dee95,b468764c-8f91-41b1-be11-e9a12438274d,702c5cb0-a610-4240-9bed-879c69cdb9e7
54478583-6d9d-4892-b14a-83f4011d1676,2504c552-353e-4990-b6b8-7141f28dab61,702c5cb0-a610-4240-9bed-879c69cdb9e7
381a9487-4ad6-4c7e-9b07-c68f1cf03c21,7d058330-1232-4610-83e6-0d2682cf63e8,702c5cb0-a610-4240-9bed-879c69cdb9e7
dca3c7bf-2c2d-4745-9cb7-e70173a8f8e6,1058c3ae-1eb6-4b36-a240-e166a9cbca3f,702c5cb0-a610-4240-9bed-879c69cdb9e7
c48385c9-79d6-4772-ba83-f56e30d46eb0,1e0ddec0-9d46-4685-8c14-1d43c110dc19,702c5cb0-a610-4240-9bed-879c69cdb9e7
785c3fc0-090b-4e54-b0c0-b5a03f643fd3,1e86ee14-c985-46b4-bd15-1ae89d17fc1e,702c5cb0-a610-4240-9bed-879c69cdb9e7
6f0d6afa-4acc-44ac-9a23-35923d0f5b6e,a7179034-7083-4ad8-9a3f-266382f56b67,702c5cb0-a610-4240-9bed-879c69cdb9e7
4c4fdd97-e185-478b-baf0-66c0074afbca,f8f2ee2b-ed31-40e4-a90e-bf638e6da7cf,702c5cb0-a610-4240-9bed-879c69cdb9e7
08a4ea5d-96f2-408b-8cb7-68d44946edd6,d3efcb7e-c626-45fb-b63d-52d0415ca083,821f14d9-7bc0-4e9b-94af-b8fcb6e5280a
890ce9e2-9090-454f-9367-7dc1abec63d2,0d945902-d319-4b16-adc4-f91025dce68c,821f14d9-7bc0-4e9b-94af-b8fcb6e5280a
02bc5678-84d3-4235-ac0e-2145595f2b3f,0e8bdc17-3940-41d0-bf5e-8fa46f837a25,821f14d9-7bc0-4e9b-94af-b8fcb6e5280a
72efcba2-8cc2-470b-b10e-4a22e7096bd0,c4c2863e-ab40-45e1-a647-73b5e80a2a2a,702c5cb0-a610-4240-9bed-879c69cdb9e7
160a1b2b-76bf-412a-a751-bca0494abf20,2e822c77-3d88-4bd3-ab17-bc5793f14f74,702c5cb0-a610-4240-9bed-879c69cdb9e7
a35f1772-262a-4ab1-9d19-aba88f509650,9ce6a5c4-4234-4f35-8c04-cf77a1642f19,702c5cb0-a610-4240-9bed-879c69cdb9e7
c8c6ca53-cba5-4dca-98e7-55ada1667186,5031582b-22d5-4932-bcf2-76ca19b95dab,702c5cb0-a610-4240-9bed-879c69cdb9e7
4082b8f3-6747-4bf4-9267-12b4e5111d40,de32951f-80c2-41cf-ba33-f07a5df53d0c,702c5cb0-a610-4240-9bed-879c69cdb9e7
b23ee0b7-ac96-435d-adb8-ffce6b387b52,9a4c5fd8-3c17-457d-b886-5b81c3d16e50,702c5cb0-a610-4240-9bed-879c69cdb9e7
cdc83dc9-4fc1-4f7b-a2bb-8cb3bfd39c26,ad7499b7-5c7d-42be-b2be-5a4787c9d8f3,702c5cb0-a610-4240-9bed-879c69cdb9e7
680bb338-8a83-42a7-b420-ac58d7a49b0b,5e80be37-dc7e-4466-9383-eea162607610,702c5cb0-a610-4240-9bed-879c69cdb9e7
89096f2e-270f-4e67-8ac1-de4fdfd47021,08906669-5db2-4e61-9551-95a6134cc73c,702c5cb0-a610-4240-9bed-879c69cdb9e7
12a21a41-0b8e-4f42-8c4d-2b1b17db9a1a,234c0d21-28b0-4600-81f1-bc61254e3de0,4934dc25-aa95-4f0b-80f6-da9704d700d3
50b3ad27-1702-4e02-9ef5-a6b6855b17f1,e8bb4374-3bc8-42e2-be3f-d459dcad58ca,821f14d9-7bc0-4e9b-94af-b8fcb6e5280a
628b2934-435d-4ffc-85b2-944fd85e7510,e06477e4-0820-498a-9674-c0fb8b03bddb,702c5cb0-a610-4240-9bed-879c69cdb9e7
c3aa8b5d-a2ea-4cc8-96c2-1cb5f912e290,f3cc2434-5924-4579-b7e8-aa3305006752,702c5cb0-a610-4240-9bed-879c69cdb9e7
45a8dfb3-6f7a-4c2c-bc7e-aac86f61e65c,243600a9-cd51-4e61-8479-3bdb3466ac8b,821f14d9-7bc0-4e9b-94af-b8fcb6e5280a
1f083cb1-cd08-4796-9ee9-9feda4347150,d004aa83-b61e-48d6-b31e-5ae6e2a97fe4,821f14d9-7bc0-4e9b-94af-b8fcb6e5280a
93490ef6-162a-4a01-9761-2e932214dc04,67d98169-023f-4c10-af34-7d4c7581dec8,702c5cb0-a610-4240-9bed-879c69cdb9e7
c280ff8b-111b-44a2-b558-79df24b1c894,5776ea1a-de63-4fe3-82a4-655b1ed42cfc,702c5cb0-a610-4240-9bed-879c69cdb9e7
b7a43b75-15b2-4f1b-8723-fa55bddf01ca,0541169f-6b3c-4f8f-b827-f78755301e21,702c5cb0-a610-4240-9bed-879c69cdb9e7
33193c56-ca80-4a34-9872-7c4da2d39ea9,09944c74-779e-4ec3-9446-07f251cf782e,702c5cb0-a610-4240-9bed-879c69cdb9e7
6d7a09f2-c273-4480-a586-5ae312ccb54c,c04670c3-c3dd-43d2-803b-18e8a2f8339f,821f14d9-7bc0-4e9b-94af-b8fcb6e5280a
adf3a1a0-e127-4169-8d14-7c1a6b644cbd,cc8f5905-8b53-4c65-9f4a-459fe87e4ced,702c5cb0-a610-4240-9bed-879c69cdb9e7
1214a0cd-46ed-4727-a56a-84db21a2198d,1b76d2f4-8e22-4e8f-b332-01ceed0f5da6,821f14d9-7bc0-4e9b-94af-b8fcb6e5280a
c20e0c82-dbff-45b4-be38-f3f29969fd1b,5542f778-0619-40d3-ad10-a94116040529,702c5cb0-a610-4240-9bed-879c69cdb9e7
746e9218-bb1e-49f9-ac94-4efab33b46c8,6e4b7788-a483-4eab-8f88-05ee48a429cb,702c5cb0-a610-4240-9bed-879c69cdb9e7
ac5743a4-af02-4650-9a18-ef14df108c58,d1476276-9741-44c8-91b6-cde012e72fca,702c5cb0-a610-4240-9bed-879c69cdb9e7
74fdf2e2-41ed-4a29-ba20-c1d42e5eb2f7,79de4ebf-3303-4f40-a1f0-4d028ce25d41,702c5cb0-a610-4240-9bed-879c69cdb9e7
2c127f8e-679c-44d5-ab10-ea2534a10616,e60fac3b-85a2-482c-b6a8-c53aae4eaf1a,702c5cb0-a610-4240-9bed-879c69cdb9e7
d6b15e76-e2d2-4000-97c5-2e86d2fbbb35,c972ffa6-6744-4981-8573-fcdf733742c9,702c5cb0-a610-4240-9bed-879c69cdb9e7
b602ebd0-8bd5-43f5-a602-5dc21314278b,0aef5931-d238-436e-bfbb-498ddd2ace02,702c5cb0-a610-4240-9bed-879c69cdb9e7
29c980c6-2132-4c1e-8e87-4220974c3924,47a2a24c-0aa8-40e9-8b07-1487f7c3b403,702c5cb0-a610-4240-9bed-879c69cdb9e7
c63e5b31-eaf1-4848-8a00-2c62163c7fff,35a8629a-92a5-43d0-b2b7-056f33e6e9d9,702c5cb0-a610-4240-9bed-879c69cdb9e7
4990a7a7-5eeb-4b4d-92a9-e0157a7aba74,1e3d3c7b-a467-4976-b86a-048ea5dfcc14,702c5cb0-a610-4240-9bed-879c69cdb9e7
91b4fef3-f3e5-4958-b1fb-f222aae7c00b,a21af3dd-f383-4022-b6ac-e13a21f59c19,702c5cb0-a610-4240-9bed-879c69cdb9e7
e6a23abc-498a-48ea-b370-a8a138ed358d,c4ab04e0-0342-41fa-8b56-053c16e3e73e,702c5cb0-a610-4240-9bed-879c69cdb9e7
8ff25083-4394-4c9f-935d-00e70e52d91d,05483227-8a49-4e71-bf94-c68ab84c9b82,702c5cb0-a610-4240-9bed-879c69cdb9e7
db25c111-a4eb-4f50-a75c-eea9c9a4d9b3,ccc1da32-8027-4ea3-80d2-79d3e355a6e1,702c5cb0-a610-4240-9bed-879c69cdb9e7
aeaa8439-6744-4fe1-bded-662efe5869c2,7fb564bc-b365-46dc-9aa4-2ffe86105302,702c5cb0-a610-4240-9bed-879c69cdb9e7
4555fb2d-cd92-48f6-8200-7d56b5efdf5f,61d191db-08c7-4a72-a353-61a6401ad057,821f14d9-7bc0-4e9b-94af-b8fcb6e5280a
ad19e172-2a43-418d-9544-c73ae1bc9eb1,be66065c-1fb2-4d46-986b-f3463bade31b,4ef94708-9c27-402e-9600-3eb5525b0ca9
57a0faa0-e37e-444d-93ec-5bd5197eb43a,89d2145c-4670-4175-bd83-57f70dcf6a82,702c5cb0-a610-4240-9bed-879c69cdb9e7
6bbed831-437c-4003-b946-78837fdc777d,9287c389-08b8-4043-9ce9-7c0ec9d9fc37,4934dc25-aa95-4f0b-80f6-da9704d700d3
c872dc52-5684-4d8e-9c5a-a6bf695d6c8a,a04cc6ec-3f60-40aa-87cf-8fb76c13d66e,702c5cb0-a610-4240-9bed-879c69cdb9e7
d84e11cf-3d0b-4c3b-bf2c-fc8de880e3c8,81faf4af-4305-4a3b-bbd6-e2483ca47a95,702c5cb0-a610-4240-9bed-879c69cdb9e7
5b25bd10-b0f2-4152-82d2-27656a4e3ae5,ccd29ec4-981e-48eb-b619-acd160782a7a,702c5cb0-a610-4240-9bed-879c69cdb9e7
29f9dea6-412f-4834-827f-480f3c7207cc,425e682a-47c0-40ff-869a-5edeb2ba9aa3,702c5cb0-a610-4240-9bed-879c69cdb9e7
153f3280-8e00-4572-a553-3722c67be3f2,a1385926-cd08-41e5-97ec-559916ac3b24,702c5cb0-a610-4240-9bed-879c69cdb9e7
a0414fcd-b6bb-42ce-ae0e-9ef9a23d17fa,506513ff-32a6-4d37-850c-6ed7edf45503,702c5cb0-a610-4240-9bed-879c69cdb9e7
7ccf8780-9f34-4c98-b6d1-10efc7544979,85bb6720-723b-4566-bbf5-e924229430b4,821f14d9-7bc0-4e9b-94af-b8fcb6e5280a
fa081207-f8be-4c14-bc23-64280549aa89,e18af281-a305-48e8-a53d-eebad133c422,702c5cb0-a610-4240-9bed-879c69cdb9e7
5bbc167a-eef3-4b65-b333-cda4147be56e,fc629749-c0fa-40ea-84c3-04236fa01e49,821f14d9-7bc0-4e9b-94af-b8fcb6e5280a
87d1b83b-7770-4316-a716-c307b0f34ed2,03b7ffbd-b646-473b-ae51-1e3f35459cd5,702c5cb0-a610-4240-9bed-879c69cdb9e7
600e603d-101b-4c6b-8457-7fc8713530d3,062f269c-31ec-49b2-a006-882f2a576cb2,702c5cb0-a610-4240-9bed-879c69cdb9e7
9951e81a-5bef-456f-a30c-bcd0072b7dc5,da6cb756-80d8-4e87-baf6-c294e668495c,702c5cb0-a610-4240-9bed-879c69cdb9e7
7c526d05-12e5-485d-ad55-d73fd315d0a1,0aa3f59c-8110-4650-8f8a-8cd657a78453,702c5cb0-a610-4240-9bed-879c69cdb9e7
45aa1a02-44eb-45da-bfc4-3dbc569fbea3,6e5f3b77-15c5-4d3b-94c6-32744665d56b,702c5cb0-a610-4240-9bed-879c69cdb9e7
9fa317e7-548a-49c3-9906-dbc7e00871f5,c19c648f-0cd5-4cee-9bb0-bfc9492b3119,702c5cb0-a610-4240-9bed-879c69cdb9e7
5137a39a-616c-48bb-a687-32bf5dae84e4,536d2545-d318-4267-889a-5b455e946229,821f14d9-7bc0-4e9b-94af-b8fcb6e5280a
7ce8d4a7-4b28-40ed-bfb1-6da0bfd48afc,b3add154-289d-48bd-953f-bfd6be97c343,821f14d9-7bc0-4e9b-94af-b8fcb6e5280a
19a1d057-1d2a-4f82-9cad-b0ea263d0724,e6e4a34b-a9e1-46df-8517-94b77f759be5,821f14d9-7bc0-4e9b-94af-b8fcb6e5280a
dbbd9efa-f70f-4592-9ffb-5a95ba498dcd,3bc38d9f-efe2-4f9a-b034-309ec4ae943d,702c5cb0-a610-4240-9bed-879c69cdb9e7
74f10831-520d-4487-a39b-8e6b24b6b626,cac8c68e-9280-4029-a050-425660c1c7b0,702c5cb0-a610-4240-9bed-879c69cdb9e7
6b21686a-5aa2-40cb-863d-53c3deb8c338,6a6c2925-d926-4d2e-bfb1-8e745c60420c,702c5cb0-a610-4240-9bed-879c69cdb9e7
227b5714-58fe-4758-bb35-bc6f166cb334,886f1713-6238-4dc9-bcec-121b43f1bd96,702c5cb0-a610-4240-9bed-879c69cdb9e7
5c0bd4c2-aac3-4f02-b5da-03231f87176f,e4a47c23-b662-4698-96fc-f578550af0d2,702c5cb0-a610-4240-9bed-879c69cdb9e7
d3ecf453-337d-41c2-8079-755d40586a0e,67b82a48-7127-4e28-b47b-ff0fa1b16b67,702c5cb0-a610-4240-9bed-879c69cdb9e7
80c25937-783b-4516-b2b2-60cbf0180756,b24135cb-da07-4489-9e05-26b09823404c,702c5cb0-a610-4240-9bed-879c69cdb9e7
c320fcc4-89e1-4461-8c46-d8fd1a1f0f1e,80d927fa-ca0f-4a6d-976f-f7c26cb3e763,702c5cb0-a610-4240-9bed-879c69cdb9e7
85ef80ac-0689-4e78-b387-9794865a0c39,a1dcc31b-ed2c-4fe5-aa01-b0c157976d5c,821f14d9-7bc0-4e9b-94af-b8fcb6e5280a
0fa41f26-bd4a-46b0-8428-d2745c4a2d70,2054ccc3-7ade-4526-b350-ae1a645b98dc,821f14d9-7bc0-4e9b-94af-b8fcb6e5280a
5dd52b78-906a-46dd-ad29-bc742eb344c9,58c37d9a-4750-40be-bded-98ea40fff923,702c5cb0-a610-4240-9bed-879c69cdb9e7
8f84568b-cc5e-4a2e-91da-480f49dbe63d,dfb997ec-bf2f-45d2-b8f9-502e4171341b,821f14d9-7bc0-4e9b-94af-b8fcb6e5280a
109bc71f-2677-4630-bfec-e319798a15e1,2dde8830-55a0-4494-85a6-595171578623,702c5cb0-a610-4240-9bed-879c69cdb9e7
c2388c50-63c2-4821-9288-9bf463a57892,850c8d1a-7284-4b85-9a37-2f3a689a5814,702c5cb0-a610-4240-9bed-879c69cdb9e7
53b0650b-e2de-4c54-96d6-647d6e92a69f,9ce0b97e-b01d-47cc-8c38-1dee93970d61,702c5cb0-a610-4240-9bed-879c69cdb9e7
a9b8cd64-54df-4058-97eb-aa1e780a7286,e487a99a-9d8c-479f-8a50-49d79bf3a69c,702c5cb0-a610-4240-9bed-879c69cdb9e7
2d45de95-0bf9-4862-8319-8bbcf57c0b11,b10f382a-e7be-469d-aeca-a474e0e1a039,702c5cb0-a610-4240-9bed-879c69cdb9e7
2730aa65-3a4c-4167-b5e5-401cf838e238,0ab4f7a0-49c9-4bd1-b11f-58eaae104bb9,702c5cb0-a610-4240-9bed-879c69cdb9e7
357de699-0798-4a84-89ad-5596baf0998d,55d9c677-2cba-4fd7-bf85-fe76e6c1833e,821f14d9-7bc0-4e9b-94af-b8fcb6e5280a
a4a1d8e4-e083-4c3e-b53b-04e323475c8d,3b44851b-240c-4464-b70c-e251aa15deb0,702c5cb0-a610-4240-9bed-879c69cdb9e7
b1cb74e4-4131-4047-ad15-e4dfbae24a4c,967e8709-6a0b-4c40-bd46-aee529f1f4b2,702c5cb0-a610-4240-9bed-879c69cdb9e7
b0f4752e-4b6a-4bad-9bcb-a5fdb72543f1,6c07eced-47f1-4926-912e-e7224a09800d,702c5cb0-a610-4240-9bed-879c69cdb9e7
fe06ab34-1be3-4381-a002-53844340bc19,3b642902-0aab-4341-84b8-fdcdaf633edf,702c5cb0-a610-4240-9bed-879c69cdb9e7
9321d7d5-a4d3-4619-948a-20787039f97a,a6a80c54-92af-4aa8-8103-854314ca5800,821f14d9-7bc0-4e9b-94af-b8fcb6e5280a
8a27b600-dec0-4d99-b091-84b9d8fa91d3,4d101695-99f3-474d-90e3-9e34f342a039,702c5cb0-a610-4240-9bed-879c69cdb9e7
6f5f65b4-3ac1-458b-8d1c-c55a2ceeee1a,7c2b8e11-d628-4edb-a295-28bcf28255c2,702c5cb0-a610-4240-9bed-879c69cdb9e7
feb61217-7849-4f82-ac5b-4741ecf4a6fb,5976ee26-82e1-41f2-ac74-a22caa5747bc,702c5cb0-a610-4240-9bed-879c69cdb9e7
20d221a5-4993-46b5-aff5-773040f5ec3a,0b2f6dd5-c5b3-4c3a-9256-b8ddfb1254c7,702c5cb0-a610-4240-9bed-879c69cdb9e7
73b556f4-1c78-485b-8e0b-5af0e1447c3b,005169a9-e87e-4626-aed7-b60f3167e3af,702c5cb0-a610-4240-9bed-879c69cdb9e7
f329613d-d49d-463f-8659-b8e42b99044f,f93f9618-66e0-4d8e-9b6c-225ade7cd586,702c5cb0-a610-4240-9bed-879c69cdb9e7
d37bb3d0-4f4a-4f6a-a89e-5198f7daea21,e150d38e-078c-4904-80c5-0643849787c6,702c5cb0-a610-4240-9bed-879c69cdb9e7
cbe44c36-aea5-4616-90c3-a426d7c77802,a5361a7c-523f-4a5f-9175-7870df296c96,702c5cb0-a610-4240-9bed-879c69cdb9e7
468d7510-4dd1-47df-a0cb-edae207fbfed,1b83c465-4e66-4665-afae-22258a91feb9,821f14d9-7bc0-4e9b-94af-b8fcb6e5280a
194086fc-ae00-4d1f-8a71-5de4e2f4a824,6fc3294f-0281-4664-9808-ea0a21b83253,821f14d9-7bc0-4e9b-94af-b8fcb6e5280a
92eb951e-544d-4660-b754-51a5912a4133,c87ec027-f963-4c87-816a-0dea391fb32d,702c5cb0-a610-4240-9bed-879c69cdb9e7
df326fa7-b9c3-4f0a-988f-bb1a41f4d4a6,8b3aab77-65f0-49af-a2e8-e4d0a4918e5c,821f14d9-7bc0-4e9b-94af-b8fcb6e5280a
6938e22f-c686-455a-a583-e3b2b8a698ab,cba74b5f-29ec-4452-ac6b-4c9fcfdfc886,821f14d9-7bc0-4e9b-94af-b8fcb6e5280a
468ca154-07d9-4823-9c72-d1247c92e589,a83bd2ef-6d73-41b2-8978-79dd99afe981,702c5cb0-a610-4240-9bed-879c69cdb9e7
59435903-8c12-465a-9fbc-e1ff3ca032b7,ee2b4a9b-eb24-4f03-a1e1-0a0253353468,702c5cb0-a610-4240-9bed-879c69cdb9e7
0dc495e3-761b-4690-8e57-988ca9807046,4c624858-b570-4340-b5b7-6cbe01bb63df,821f14d9-7bc0-4e9b-94af-b8fcb6e5280a
36cab640-b89a-49bd-b48b-083c95768019,c8553212-1557-48ca-8f0c-7679cd518fc5,821f14d9-7bc0-4e9b-94af-b8fcb6e5280a
4d7cde80-fafe-4755-bb90-0607195ca326,6f7e9b3b-4ad4-47d9-b0c7-04d78526290c,702c5cb0-a610-4240-9bed-879c69cdb9e7
0c3a3700-36af-457d-bb14-ee85042cfe27,51c454fb-f407-4df0-8e50-2739eb24e1de,702c5cb0-a610-4240-9bed-879c69cdb9e7
24603724-a941-494c-8ee4-0151ca628c39,8ad1e4ff-4ac2-4585-87f6-56b042b8711d,4934dc25-aa95-4f0b-80f6-da9704d700d3
87489070-0198-4a25-8c4b-75a0e576828e,e0ee620a-579e-4a3b-9999-a64ea7125104,702c5cb0-a610-4240-9bed-879c69cdb9e7
c6761470-3708-4c47-9792-fb981ae3b80b,e520b847-217c-43e0-acaf-934e6ea94b2f,702c5cb0-a610-4240-9bed-879c69cdb9e7
0d7d1b2f-44e2-4a94-9807-31903af0586c,382a5272-1bb1-4304-ab31-3196a1c329a4,702c5cb0-a610-4240-9bed-879c69cdb9e7
c06e0ac6-5195-49a0-97c5-699b8506dbe9,920d54b4-54e9-4aac-bcfe-959c2ef8b0d9,821f14d9-7bc0-4e9b-94af-b8fcb6e5280a
3a515729-d62c-45cd-9ba5-3deaaed37747,38932186-8016-41cc-90cd-63de8711ff40,702c5cb0-a610-4240-9bed-879c69cdb9e7
8197ffbc-edd7-4bdf-a519-4d2818ac8a8a,f552ef14-f8c5-448a-bc5e-1344e24d1256,702c5cb0-a610-4240-9bed-879c69cdb9e7
278716b7-8a24-4d0c-a3e0-246d1ae97bd6,c755e1b6-1a8e-4f44-82f8-f0a286dcf4a3,702c5cb0-a610-4240-9bed-879c69cdb9e7
43b081c8-ab12-495d-92d1-8a6f2d667dd5,ea76d75e-c767-48ff-83bb-9450a48d3aac,702c5cb0-a610-4240-9bed-879c69cdb9e7
e998a98e-f56c-4179-b585-1eef26e2aaeb,056ba3f9-56d5-420e-b665-e2284fc9cb77,702c5cb0-a610-4240-9bed-879c69cdb9e7
b2e31de6-52a4-48d3-9fef-735411ba6547,7d29e3f6-726d-4c0b-9997-7108653eb145,702c5cb0-a610-4240-9bed-879c69cdb9e7
cbdcdd34-d8e3-44b4-8c5b-fd5763ba9b39,9d4aad10-4fc4-4c64-8993-200acf8b747b,702c5cb0-a610-4240-9bed-879c69cdb9e7
4da4bf37-202a-477a-a29f-8312c5902e19,8a7cb53a-bad7-407f-b578-feac2f287a87,702c5cb0-a610-4240-9bed-879c69cdb9e7
2be94bc5-b0af-4edb-a532-487e95ef371b,678be538-6b6d-4fdd-8339-f27013ceb0ae,702c5cb0-a610-4240-9bed-879c69cdb9e7
927e24d2-f51a-4f3f-8e34-38c31ca426c1,a2cea14d-c605-4e9e-b3c5-57bfbd703fbe,702c5cb0-a610-4240-9bed-879c69cdb9e7
cb26f8b3-0972-48e6-ba53-4f8e2a3d75a1,fd6f0dc2-22de-459a-ab3d-c19b58508614,702c5cb0-a610-4240-9bed-879c69cdb9e7
5fc610c9-2bc5-4cd4-8d11-23410c1b358b,a513f063-3b11-4237-90d0-1c0a3f40ab8e,702c5cb0-a610-4240-9bed-879c69cdb9e7
e1d38352-9ce4-48ca-963b-15b87720eda2,a33afb25-c5aa-49c7-b052-e3d5257763eb,702c5cb0-a610-4240-9bed-879c69cdb9e7
d978a037-acc5-405b-bdfe-9c24c8584b48,03be6279-2b27-4802-8611-1920a9002a81,702c5cb0-a610-4240-9bed-879c69cdb9e7
2e14c9a6-b7df-43a0-b67c-51abfc0413c6,880f1d1e-fcfd-4a39-b637-16fcf0599221,702c5cb0-a610-4240-9bed-879c69cdb9e7
094dddcd-ec2f-447e-947b-2986d05a6385,2f69a0b0-421d-4182-b213-ef3a62e73cee,702c5cb0-a610-4240-9bed-879c69cdb9e7
307c4b01-a41d-4328-9480-2ec1e9abb77f,b15203cc-03cf-43eb-838a-1f039b03feba,702c5cb0-a610-4240-9bed-879c69cdb9e7
0c65fae5-8855-4138-8abf-f80abbb9c7e9,1034e4ee-fd22-4f18-9a88-342509063344,702c5cb0-a610-4240-9bed-879c69cdb9e7
bc0595e4-46d5-4f07-ac4b-d316100511a9,418f52be-be72-4923-a249-ffc54e79c906,702c5cb0-a610-4240-9bed-879c69cdb9e7
af2f9b62-1490-4bdc-97cc-3703568c747b,116c95e4-7392-43b6-a515-e04a41c95323,702c5cb0-a610-4240-9bed-879c69cdb9e7
268ed1c3-6afc-491e-8494-3ad0a8ce604e,63d0cf72-f8b5-4087-b235-741a5c938085,702c5cb0-a610-4240-9bed-879c69cdb9e7
90ca0ba8-f69a-4e86-b917-ea882b2d342a,58fa7ac1-b33c-49c1-b35d-a8ccc9ec1050,702c5cb0-a610-4240-9bed-879c69cdb9e7
31599295-a4ac-45fe-8cd3-8f0e6deeb43b,e20eb6d8-137e-4f29-9b8f-c75e8977c45c,702c5cb0-a610-4240-9bed-879c69cdb9e7
a64adc18-69e2-4784-802b-4444a8ff494a,99b2e0c4-d87a-4fd1-b528-3fddef693b85,821f14d9-7bc0-4e9b-94af-b8fcb6e5280a
aba205f2-e320-4142-b8d8-3cd83ee42775,3f32beca-a714-450a-918f-92dd27eed6fa,702c5cb0-a610-4240-9bed-879c69cdb9e7
97c7b42d-778d-4633-9fee-b0b4ae2ff804,1c676c32-b326-4c9c-bce2-fb9cf4e8ec13,702c5cb0-a610-4240-9bed-879c69cdb9e7
234132ff-ed18-4da8-8dad-ff22afecb59c,63437ce7-fa47-4c36-ba27-f826bf178667,821f14d9-7bc0-4e9b-94af-b8fcb6e5280a
cfca6566-e436-4a1d-8cc4-8156bca2db6c,4aebad5e-d2d2-4e8a-8c06-5cf580fd45be,702c5cb0-a610-4240-9bed-879c69cdb9e7
c5214c62-c97c-49ea-b996-5aae4a2c5bd3,b8fe6402-01ea-4b70-a3da-cb72e7fbc1ad,702c5cb0-a610-4240-9bed-879c69cdb9e7
92107cc7-6f5e-48c8-8c57-6035b9f714a3,8fff1c9c-9f48-4073-9e14-8185fd771bf2,821f14d9-7bc0-4e9b-94af-b8fcb6e5280a
b3a0602a-1a16-4069-bc80-2bb795548958,15cb23fc-af79-42d2-a2ee-1a51a1fcfa64,ed204181-0a5c-4ffc-aea7-05dc9d565ecc
72db47a9-1159-4e3e-adf8-927b9b8844cf,d417a7a6-6f15-46fe-9627-88072ce5034b,702c5cb0-a610-4240-9bed-879c69cdb9e7
c286491b-5ab4-4957-94f7-7160ee9bd624,1a1ae157-01ed-4169-bb0c-71330f8a1350,702c5cb0-a610-4240-9bed-879c69cdb9e7
7b9363e8-4ce6-4be1-848d-038d83eec72e,11fe9fd6-38c2-4466-9e8d-566e2f50c0a4,702c5cb0-a610-4240-9bed-879c69cdb9e7
34f5e74d-ec37-4060-8b09-cff4b10c0b56,34d8f86e-8aad-41bc-8295-d3f9a3c4e377,702c5cb0-a610-4240-9bed-879c69cdb9e7
3ecc4b05-b535-47d7-b779-ea42a0f33d6b,7bb85f03-9bd4-4f55-b000-4ab3083f6693,702c5cb0-a610-4240-9bed-879c69cdb9e7
ef64ad5f-ecc8-434f-aaf3-67df94b3000e,8179f260-b775-42a8-8c45-8c8b3241c06c,821f14d9-7bc0-4e9b-94af-b8fcb6e5280a
3c022461-7446-4b58-a2d0-2f8dd1da8c0d,2011ac72-ba0e-4d98-8ca5-a6ae30ff3414,702c5cb0-a610-4240-9bed-879c69cdb9e7
435755c3-01c2-48fc-b4d6-c8e9a89e0bdf,8e0601d9-3f48-4e3b-8e11-f494eb674308,821f14d9-7bc0-4e9b-94af-b8fcb6e5280a
bc4b6e2a-7481-4fba-b3c4-23699566797e,4d476e05-95d5-4f8c-8689-c292e233ea03,702c5cb0-a610-4240-9bed-879c69cdb9e7
7f34a895-8a20-4968-bb8f-dd6f8a15b445,c8b864fa-da56-42de-a2ab-79a495709499,702c5cb0-a610-4240-9bed-879c69cdb9e7
33330c44-733d-4118-89b5-a57c7c00ff2c,9ffaed2b-f060-47ad-8e38-a7787b50f89b,821f14d9-7bc0-4e9b-94af-b8fcb6e5280a
37642016-27fe-421e-b704-3a499149bb64,3f6cfe56-5597-4502-99d3-2a2bb43eda2c,702c5cb0-a610-4240-9bed-879c69cdb9e7
2999b85d-ccbd-42cc-a2d2-8f51d159f7da,648b722f-4103-477c-a391-bd6cfbb0e40b,821f14d9-7bc0-4e9b-94af-b8fcb6e5280a
52cd4547-8f38-4a58-bff4-0cbf233caa98,0b48794e-e185-41d7-83d5-524b31793091,821f14d9-7bc0-4e9b-94af-b8fcb6e5280a
3ccf45cf-b59d-4eb8-b061-2086cad980a0,75282048-4f4f-42a8-b61a-d0834f850590,702c5cb0-a610-4240-9bed-879c69cdb9e7
6224c01e-ba2f-4ee7-b471-807622da6a93,d45c205c-b10f-4fff-af09-82f3512541f1,821f14d9-7bc0-4e9b-94af-b8fcb6e5280a
52cb78fc-e652-4b1d-9171-2cba9d948d4d,e8a8f52f-2365-4d9c-8dab-380ddd54880b,821f14d9-7bc0-4e9b-94af-b8fcb6e5280a
92e7119a-cd30-4ed1-af48-83fe1480eda7,ec3d3bcd-d093-4d43-8c8d-0fc386cb418b,821f14d9-7bc0-4e9b-94af-b8fcb6e5280a
1ba9d5ca-b8d7-48ac-a15f-0d1c8c543efa,97efce2f-e165-47ec-aa21-c8b2e4cb0961,821f14d9-7bc0-4e9b-94af-b8fcb6e5280a
034dd283-2aa7-44cc-a932-bba8f12b1b95,e4d4b5f3-8b48-42b1-9aab-184e321642df,821f14d9-7bc0-4e9b-94af-b8fcb6e5280a
3b22ba15-fed6-4c52-a675-ce0b776910d1,f6d3dc8e-2067-40b5-b64d-771cb8448660,702c5cb0-a610-4240-9bed-879c69cdb9e7
dcde84e5-3c66-4c1a-a6ce-c2d025a88b7f,9e89a186-497f-45e9-885d-14d7d18fd653,821f14d9-7bc0-4e9b-94af-b8fcb6e5280a
82d7881d-03ed-496b-82a7-c41ca5fa8aa8,dd3abb28-bb14-43c6-a403-54f67f5a542c,702c5cb0-a610-4240-9bed-879c69cdb9e7
2a9c8dfc-cf68-42a3-a5b4-c8cec4a35e10,bd857105-72c7-4291-a72c-8ac41dc43036,702c5cb0-a610-4240-9bed-879c69cdb9e7
7f446ff4-6a4f-451e-a691-2e2c62cbeb4e,2ec5e2c4-fa64-454d-8c5d-676b1a2b8feb,702c5cb0-a610-4240-9bed-879c69cdb9e7
ddbfc309-275b-4d28-8ea4-4dae3339a5bd,a9608b07-a346-4a3d-85a0-cbe340feaaec,821f14d9-7bc0-4e9b-94af-b8fcb6e5280a
6013bc80-761f-451b-ac43-fb91f01437a6,f2dad060-144f-4d1a-8b8c-e569649d740a,702c5cb0-a610-4240-9bed-879c69cdb9e7
33e66242-1e53-4c57-aaa0-2675b549bbf6,060bf0ec-5fde-4800-b9d3-23b2f7ca5670,821f14d9-7bc0-4e9b-94af-b8fcb6e5280a
4154de86-096d-44d8-9c2d-d2d9557f0a8e,53d4ed28-1d0c-4349-a0a5-d52d59323cca,702c5cb0-a610-4240-9bed-879c69cdb9e7
38985ad9-5731-490b-afa0-81874347793c,d6e0b6cc-6e7d-46ce-ad8e-87be04473959,702c5cb0-a610-4240-9bed-879c69cdb9e7
415dcc24-98b4-4d5a-b57c-c7e6eb798f2c,a04553f9-5b16-4569-865f-282751b5d753,702c5cb0-a610-4240-9bed-879c69cdb9e7
115b07c6-3950-4085-9a74-c59103444657,f9175438-392e-4d33-a9f3-2ff0079ff68f,821f14d9-7bc0-4e9b-94af-b8fcb6e5280a
c781994c-107c-4631-89db-79b1f34b431d,a4390223-000e-4c39-8709-11f386e90f31,821f14d9-7bc0-4e9b-94af-b8fcb6e5280a
f0fc1557-183e-4f31-b500-437366b57d56,333c7f63-6953-4597-802c-4ce64e89ba57,702c5cb0-a610-4240-9bed-879c69cdb9e7
9c609f95-de0c-4dfd-9119-39ff82ad276f,5671ea58-e961-48bd-b2d0-70426563ea55,702c5cb0-a610-4240-9bed-879c69cdb9e7
13564aef-1030-48a2-a9f0-d3018b345059,e0409977-ed1a-4352-a0a4-da41faaccb06,702c5cb0-a610-4240-9bed-879c69cdb9e7
426c4fc9-e188-487d-b478-6c83e42687c7,8c582ad9-de6c-48b8-9fc7-929ecdf36e94,702c5cb0-a610-4240-9bed-879c69cdb9e7
eef7108d-b151-466a-bd39-ea68f4c80839,e1ec7e7d-1440-4911-ab80-1b3dafc0cb07,702c5cb0-a610-4240-9bed-879c69cdb9e7
8032cdce-65f7-415d-8cce-d5076ad75a86,91d98eb4-2d08-493c-90d2-8597098db959,821f14d9-7bc0-4e9b-94af-b8fcb6e5280a
d22e32db-50ad-4861-9f03-75483bf58203,8f91666e-5aef-4a07-aec4-d1f59124933d,702c5cb0-a610-4240-9bed-879c69cdb9e7
aa46ab9d-6960-448a-970c-06ea5a1137dc,dcb92f11-e549-428d-9b5e-f948572cb972,702c5cb0-a610-4240-9bed-879c69cdb9e7
11ec9fe2-04a8-460e-accf-b7bad39807ee,f28efd44-9e79-4397-9eb7-04113df14552,702c5cb0-a610-4240-9bed-879c69cdb9e7
e89c6d18-6a2d-4fed-92c2-5471951a78d9,29e67007-fb51-4133-8648-143084a26115,702c5cb0-a610-4240-9bed-879c69cdb9e7
4f2d37f8-d5ac-439e-997b-1bdc2e3ce647,df045747-801c-4c11-a52a-cfd95a715117,702c5cb0-a610-4240-9bed-879c69cdb9e7
29a13733-335a-4216-acc4-99c32a533fe2,ac1bcfe3-baa0-4fcd-94c8-78863ed6e1d2,702c5cb0-a610-4240-9bed-879c69cdb9e7
0c46df17-eb47-49bc-b11b-9c0df048e3cd,6fd0b9fc-126b-4dbb-96f1-9803db63e0cc,821f14d9-7bc0-4e9b-94af-b8fcb6e5280a
67faba2e-ceb6-4c5b-971e-59c63217dc76,1d58d598-9c3a-44e7-bc9e-2c77392c53fb,821f14d9-7bc0-4e9b-94af-b8fcb6e5280a
ceda5ff4-e161-4974-a148-92c7c928ba2a,07df934e-0673-4948-a8a2-c4171a8aba9d,702c5cb0-a610-4240-9bed-879c69cdb9e7
96d13414-541e-48a3-9231-e2c1b8e2f4db,2577ea2a-7020-4007-a4f5-5c3c1d678810,702c5cb0-a610-4240-9bed-879c69cdb9e7
8bb33dc0-de8e-491c-8c73-53bbfcc14859,5aff4bce-2db9-4607-8412-72efef74dfef,702c5cb0-a610-4240-9bed-879c69cdb9e7
74d8148c-04c7-41e9-a28f-2c3dc8d5cfeb,a749339f-5857-43c8-ac91-ff877fb0edc5,702c5cb0-a610-4240-9bed-879c69cdb9e7
4645afdf-5f0d-43ac-9e2d-cd56780990fb,9f49df1a-fe4e-414e-9b07-1479cbf6ea7c,821f14d9-7bc0-4e9b-94af-b8fcb6e5280a
d7b5033e-f522-4e62-bfe3-3c76910f3e40,8b73aba2-564c-4fd5-8eb2-5c0b6129740e,702c5cb0-a610-4240-9bed-879c69cdb9e7
65257cd9-8b7c-4a00-870f-a5fcf35dd03f,fb5daa64-c723-44a4-ab96-8f642e90d7b4,702c5cb0-a610-4240-9bed-879c69cdb9e7
1a09c1fb-836e-419d-a413-55279f4acb2b,e5e1b803-b20d-46e9-9282-844b83f2cf19,702c5cb0-a610-4240-9bed-879c69cdb9e7
25fb173d-4b0d-4556-b4cf-a99745f8d0c9,deed79a3-e17a-4001-b252-0c01792412c5,702c5cb0-a610-4240-9bed-879c69cdb9e7
a41087fe-b190-48ff-b110-40ecdf403303,f95c7ac4-0df9-4e32-854d-8f4ce8aa885a,702c5cb0-a610-4240-9bed-879c69cdb9e7
544af95f-d7b3-4163-993f-03115d711e3a,bc801b30-1e08-42dc-90d9-a56f02eae3dc,702c5cb0-a610-4240-9bed-879c69cdb9e7
73b2eb9a-221e-49f3-acbd-16961222b917,72d43fef-b1ac-4a84-8a20-437e2aa851ea,702c5cb0-a610-4240-9bed-879c69cdb9e7
caa9a8d6-58d4-4960-bdc3-3afa40e8af24,b63d3fdc-0275-46be-ba25-c339d130b9dc,702c5cb0-a610-4240-9bed-879c69cdb9e7
02f8ea1a-500f-468d-bea5-1813fc0e331c,c7b35bbd-b922-4fc3-9158-ea6dccc68c9a,821f14d9-7bc0-4e9b-94af-b8fcb6e5280a
e1bd041c-5f25-475e-a13e-b287a54a133a,5a438d56-c1f4-4979-83d8-d9421cb777c8,702c5cb0-a610-4240-9bed-879c69cdb9e7
022eec58-35bb-4074-8d47-45b18ba09607,1d0ab884-6aa7-4345-8e3b-b17d8d7c6d30,4ef94708-9c27-402e-9600-3eb5525b0ca9
e4c4c58c-1d8c-49f8-aa9f-137ba34bf76f,b8fa6b83-8e42-4382-ac0d-731049d96bcb,702c5cb0-a610-4240-9bed-879c69cdb9e7
34fe8325-f03b-4f2f-b113-a7b63bffcedc,7b4e99c3-bae2-4c35-9ad7-cb1d6618dae3,702c5cb0-a610-4240-9bed-879c69cdb9e7
f8168e3a-9165-41c7-9013-68ca48860042,4d877470-ec7e-4cea-902b-5b92800d4506,702c5cb0-a610-4240-9bed-879c69cdb9e7
3a60c690-bb3f-4be7-9f41-5b1a4c95d813,54f758b5-f853-4eaa-ab51-069d3f714d2b,702c5cb0-a610-4240-9bed-879c69cdb9e7
db16feeb-548a-4356-9d26-b449270e7eaf,639ced47-9aee-4a10-bc6b-e97daa25f735,702c5cb0-a610-4240-9bed-879c69cdb9e7
aad046ac-5071-4478-a8c3-9e335eb3ddc5,2fb8f6f0-6b41-4b2f-b67b-c559bb4b6a45,702c5cb0-a610-4240-9bed-879c69cdb9e7
5c449476-41d3-4730-8bc2-190b46ea09fb,44a96f60-14c4-478d-9eab-68ab8f20e586,821f14d9-7bc0-4e9b-94af-b8fcb6e5280a
90278cf5-8da0-4836-8628-4242cd617c70,3c6f7d98-1e01-4d1f-88d3-a4c7106bf9e8,702c5cb0-a610-4240-9bed-879c69cdb9e7
7918ffdb-a3b2-43c1-8f3f-f94e440df42d,fd5754b7-d941-4e1f-bdc0-510fad7c2fa4,702c5cb0-a610-4240-9bed-879c69cdb9e7
c448c4aa-6930-439d-880f-416269ac4bd9,9ca98d10-1257-4dd5-8ff7-47d43e4325f8,702c5cb0-a610-4240-9bed-879c69cdb9e7
748dc3d3-770a-46a6-9d0a-a2add29596e7,43b18eaa-e6d6-40c3-ab64-80105f12e8d4,702c5cb0-a610-4240-9bed-879c69cdb9e7
1e4bd6b8-51d2-41d8-b9a9-038202a8fb51,83d54ac3-7ecb-4870-8c88-f0aa6400b705,702c5cb0-a610-4240-9bed-879c69cdb9e7
48dd6bbf-09ef-49ee-af92-a98ce939d650,07ad1a4f-d198-4eb0-90f0-bd4259250c4d,821f14d9-7bc0-4e9b-94af-b8fcb6e5280a
b401600a-3af4-4d04-a428-29b60f972d4b,7649389b-f035-4d94-a2c3-fa93c39a5aad,702c5cb0-a610-4240-9bed-879c69cdb9e7
24c7f088-e151-45f0-95d3-50c2d01566cc,7364620a-fdd6-4d8a-8676-f0e15167f188,702c5cb0-a610-4240-9bed-879c69cdb9e7
a340af7d-f649-41c2-9afa-dc12cce7dfc7,c18ba622-fea3-465a-9029-ca33678bb2c4,702c5cb0-a610-4240-9bed-879c69cdb9e7
725a68fe-27d6-446a-b68e-3347f97da589,cd131ca1-ad35-4b86-88df-51bd26462c6c,702c5cb0-a610-4240-9bed-879c69cdb9e7
35fb55ac-19db-4c7e-9a37-9a4c609fd3d9,5929a3d3-014a-494a-9cfa-a6a4f163635f,702c5cb0-a610-4240-9bed-879c69cdb9e7
72b595ae-1118-454b-b316-c698690ec984,6a0c2a75-647c-4cf2-b6b5-9385db366b98,702c5cb0-a610-4240-9bed-879c69cdb9e7
e5bbe565-cf16-46b0-bb28-92a6c6499144,d19ea9e4-b33d-4a43-9fde-81b4c93f9a5c,702c5cb0-a610-4240-9bed-879c69cdb9e7
b2622fdd-fb4c-4230-863d-bb52362026c0,3209ef34-04bf-4ac2-9c45-14078956cc73,702c5cb0-a610-4240-9bed-879c69cdb9e7
71b8d368-2f9e-4af4-b295-34e02470ebeb,08b475eb-8ae5-4d15-9de7-2b570eb5a143,702c5cb0-a610-4240-9bed-879c69cdb9e7
c715e093-bacc-4cc2-9018-adec9e89a1dc,9207cfa0-92ce-4a83-a363-b84263b2f8d7,702c5cb0-a610-4240-9bed-879c69cdb9e7
d45537ef-fcb3-4696-98a3-a92db049b485,dae6bf67-1d4b-49c4-bafa-ba597462f246,702c5cb0-a610-4240-9bed-879c69cdb9e7
8d7469dd-9574-42f0-8a39-d99db00dc393,010a5053-24f6-4545-8406-4e64bfa9da7a,702c5cb0-a610-4240-9bed-879c69cdb9e7
9da027a3-0f82-47a6-a0c0-9014edce05db,d1e8b408-f92f-4124-b42e-e2c7f9983c83,702c5cb0-a610-4240-9bed-879c69cdb9e7
3d54252c-545a-4381-b84b-f03caaf9c5cd,dc80b1fe-bf66-4e24-8cc1-56f351db1afb,821f14d9-7bc0-4e9b-94af-b8fcb6e5280a
68c64e67-8aa7-4781-b778-05aed61322a6,256a0d8c-62e7-46ca-8b2c-504e6a1e962e,702c5cb0-a610-4240-9bed-879c69cdb9e7
1a2a6115-489b-4a7e-8a84-8247ebef19c9,aa0b2a58-8b47-4d3f-b278-496b32f669f6,702c5cb0-a610-4240-9bed-879c69cdb9e7
f52ba8b1-9f64-47b4-a3e7-4bd8525d473a,d6d06812-5446-4d83-b7e4-ca83c5276478,702c5cb0-a610-4240-9bed-879c69cdb9e7
5d17fff4-bdc3-4fb9-b3da-b2708d58cc76,3ce8d43e-58ff-4f02-ae05-af2895398f82,702c5cb0-a610-4240-9bed-879c69cdb9e7
21bffdc5-f2d0-4a0f-86f9-d61551c8e920,be584251-06da-4777-b0ca-b8bc3aa696af,702c5cb0-a610-4240-9bed-879c69cdb9e7
86545990-7ae2-49dc-b26a-61bbdc265e43,c1393bee-e3cb-4a72-9543-cc685d0ba704,702c5cb0-a610-4240-9bed-879c69cdb9e7
a0d89f2f-7acf-445f-831d-2e54827754a6,089ec21f-1575-43fa-a874-7221f8def313,702c5cb0-a610-4240-9bed-879c69cdb9e7
14a0b29c-5732-4297-8a03-ddbf19e3d5a7,1c3408a4-fe25-4f5d-bf16-d471751621d4,821f14d9-7bc0-4e9b-94af-b8fcb6e5280a
89e6d779-84ac-4a00-8fcf-eb960e5ccb91,cc460983-8fe2-4e8f-b339-1d6fd4740aac,821f14d9-7bc0-4e9b-94af-b8fcb6e5280a
13fa6255-3fc1-43a1-9236-e8ab24591a1e,9c32ec68-f402-45e8-8d37-168ff1a4cf96,702c5cb0-a610-4240-9bed-879c69cdb9e7
f966a802-e1c2-46f9-b745-9638b616649e,f136066c-219e-4bed-bb51-e0bf254fd342,702c5cb0-a610-4240-9bed-879c69cdb9e7
e7f3c68b-67e3-45fa-b0cc-a507a992cf56,39dcb0c4-c9bd-49ba-90dc-c3689b155a8e,702c5cb0-a610-4240-9bed-879c69cdb9e7
ab2c90e9-bdc0-4169-ab61-012791e853e8,0b3bf7a2-53d8-4c7a-90a4-37cc422762d2,821f14d9-7bc0-4e9b-94af-b8fcb6e5280a
04404b1d-01b6-498c-8537-c274c82c8eb2,fa0a051a-c0b7-4f20-bc53-3afd50338cb8,821f14d9-7bc0-4e9b-94af-b8fcb6e5280a
dfbf1f7f-3f40-4fc6-afd9-000c1979d4b1,bf37365e-3d15-4cc7-b3ed-58994db9a8b7,702c5cb0-a610-4240-9bed-879c69cdb9e7
5fd988df-966b-4369-b228-085e52e3b857,54a8be3a-9e80-4469-a9e5-9da452ec5ddd,702c5cb0-a610-4240-9bed-879c69cdb9e7
6da2a479-4ac5-4cec-88c8-6f169f5659e1,2347421e-6701-4c07-b52f-a19ba248b172,702c5cb0-a610-4240-9bed-879c69cdb9e7
43ada094-f1a5-4a11-ba2f-d58f633d6db5,b59ed815-ce51-4649-b7fb-eca899acccaa,702c5cb0-a610-4240-9bed-879c69cdb9e7
1909cc17-dca4-447c-a238-31d9933d6dac,0a988466-c3b4-48f1-9397-b0784c698ba3,702c5cb0-a610-4240-9bed-879c69cdb9e7
c225f00e-e16e-4a6f-8209-6dba2cc4c615,874440ec-a3eb-4e7b-ab63-4bc87b8d1235,702c5cb0-a610-4240-9bed-879c69cdb9e7
5529109e-53e7-4ebb-9352-a5a7786de609,0251f883-e8c3-4883-805f-5711658f0e8c,702c5cb0-a610-4240-9bed-879c69cdb9e7
423d97f6-9426-4afe-8feb-7c329d2753b5,620e1fdb-1cf5-48d8-9649-aaa14e196367,702c5cb0-a610-4240-9bed-879c69cdb9e7
b7311206-4146-420a-9fa4-db018f0dfc86,11f0eb9a-c25c-427f-9782-abee14e60b0e,ed204181-0a5c-4ffc-aea7-05dc9d565ecc
41b62742-36f8-47d4-9254-67547a9aa23d,31955873-974c-4682-9884-f9a4a909ccc8,702c5cb0-a610-4240-9bed-879c69cdb9e7
d86dd3d1-8ae2-48da-b739-2ac034c35084,96b4391a-e0be-49cc-b3b8-aaf037eeac17,702c5cb0-a610-4240-9bed-879c69cdb9e7
62f4a371-6592-4d15-96eb-0fe324c5eab7,a0845e8d-90e7-456b-94d4-a79059b45af5,702c5cb0-a610-4240-9bed-879c69cdb9e7
7b5d1ea3-0b19-41e9-b1cf-3b7b59365dea,00cab24c-fbe4-42b8-afdf-3e8c79ee8bb0,702c5cb0-a610-4240-9bed-879c69cdb9e7
f32691cf-3e28-4cdc-841f-f2712cca4fcc,7636d24a-ddd8-4fff-98ec-61a2164a6491,821f14d9-7bc0-4e9b-94af-b8fcb6e5280a
23407b70-5e36-47ca-9512-64f85aa41ed1,9b8749cd-b974-4566-a267-48b30e5990c9,702c5cb0-a610-4240-9bed-879c69cdb9e7
b725a417-0bf3-4bfc-8882-baca1a059e4c,fc401213-3b83-4e73-84d6-1051de380791,702c5cb0-a610-4240-9bed-879c69cdb9e7
9024ef6e-732a-4149-994c-86ff0a629db0,b3d6085b-e7f9-4214-a7a5-09d3af546591,702c5cb0-a610-4240-9bed-879c69cdb9e7
c6af10c4-7d85-4b12-85d9-5130ac476071,ffc73a77-f051-4403-8d2d-70d1eed46066,702c5cb0-a610-4240-9bed-879c69cdb9e7
b31de565-05d3-441b-894c-20237a214315,2db3199c-be77-4600-b1db-707d76489948,821f14d9-7bc0-4e9b-94af-b8fcb6e5280a
df765b0a-4234-40b2-a2df-bb342881c26b,a0a9f51e-e876-4068-bbba-a67997809fa2,702c5cb0-a610-4240-9bed-879c69cdb9e7
06f804fd-41c3-4f33-9974-bf6c3f21d671,3b3a6ee9-dd70-4cd1-ac9f-93e12c7f18af,702c5cb0-a610-4240-9bed-879c69cdb9e7
f35e2481-9f9c-4fac-9f10-b1d6dfed96ca,62e934bc-6965-4747-b405-c2ec56b3d548,702c5cb0-a610-4240-9bed-879c69cdb9e7
3b1fc82a-acbf-4c5b-969c-a26845bedc1d,ec9b1531-320e-48cb-bd4e-d31a8180e83b,821f14d9-7bc0-4e9b-94af-b8fcb6e5280a
b4e0a0d0-def7-4a08-89b5-d4579634d154,b6d3229e-c028-44af-9c93-99f93172e20e,702c5cb0-a610-4240-9bed-879c69cdb9e7
454ec246-b8f5-46be-9eb8-a0ebf29380fd,b2d3b57f-dd68-41ec-8f6f-ec22d76f194b,702c5cb0-a610-4240-9bed-879c69cdb9e7
f55bfa89-0943-4ac5-86ea-0492f31d7aa0,579a855f-cec9-400b-a663-862a4345e52d,702c5cb0-a610-4240-9bed-879c69cdb9e7
50118138-05f0-4811-b313-a854b30701c3,91900dff-8f49-409c-853b-a20ca734b516,702c5cb0-a610-4240-9bed-879c69cdb9e7
c5e0d323-c8b0-45ef-8029-12113c98a507,6c42f730-1e1b-4b6a-8a74-4ef4e772dc9e,702c5cb0-a610-4240-9bed-879c69cdb9e7
b8b5e49d-bd41-4fc8-9e0b-7a3f6d4f277c,b190a2ec-5696-4e83-9f5f-b1ad0dec4c3c,821f14d9-7bc0-4e9b-94af-b8fcb6e5280a
caf8e07c-572d-4938-8aff-7d442953adf7,5131adb1-8cec-4706-a706-52e7cbeacba7,702c5cb0-a610-4240-9bed-879c69cdb9e7
732ab387-5f38-4b66-b42f-806c91dc4115,0263558f-4240-47e9-b2e5-ec2336301ed1,821f14d9-7bc0-4e9b-94af-b8fcb6e5280a
05569926-c8ec-4efd-9fbc-843c119a0fb6,b26c5a6a-d545-4265-b82b-27d7641128d1,821f14d9-7bc0-4e9b-94af-b8fcb6e5280a
035393e5-2331-4b66-9651-e9599f7a14d4,0ec1f218-729b-4777-8bb3-be4d7ff837f4,821f14d9-7bc0-4e9b-94af-b8fcb6e5280a
88f8e219-153e-4ec0-870d-2d8cfbe6b531,36dd0941-22a3-49b3-ac73-b382e7d3b332,702c5cb0-a610-4240-9bed-879c69cdb9e7
ffc5a352-ae52-4956-b843-860ccc4e6d3f,df9b3881-eec9-499c-86e0-f6623af8f450,702c5cb0-a610-4240-9bed-879c69cdb9e7
5bc780c4-4848-4177-b2f9-9e1dff2bdc11,f9e1e785-8f0b-4ecf-a9c5-583a5140dedf,702c5cb0-a610-4240-9bed-879c69cdb9e7
04ddc14a-6dd9-49aa-9604-5c539e4399c9,eb798cde-9102-43ba-a7ca-1e250e5afca6,821f14d9-7bc0-4e9b-94af-b8fcb6e5280a
dd933b8d-53e8-4bca-93a8-32c1102a6d3a,6a0a6681-1de8-4d5d-8f7d-9ea8309223ef,821f14d9-7bc0-4e9b-94af-b8fcb6e5280a
bdee689c-3d38-43c8-b086-acc5eab3d211,305950f2-7e95-4297-864d-4cddba159f26,702c5cb0-a610-4240-9bed-879c69cdb9e7
100d6f4b-d004-4cfd-a033-ca836674b0fd,594bfc83-3d02-449b-a37f-267c96707537,702c5cb0-a610-4240-9bed-879c69cdb9e7
e076a1ad-985d-423b-a240-f6e848f2630c,1536b201-df3e-4a1c-bf5a-4b0d93a2b907,702c5cb0-a610-4240-9bed-879c69cdb9e7
60269638-8b81-4764-aad4-b33a79ebead6,a728a406-e6e6-476f-bafc-d1c797a44128,821f14d9-7bc0-4e9b-94af-b8fcb6e5280a
2f8ee0e9-3cb6-48a6-a798-975783466f0e,08070b6d-c3d3-4831-9c52-e52646378431,702c5cb0-a610-4240-9bed-879c69cdb9e7
23cfe3fc-6772-4561-9aa3-a1ac73afe497,1cbc7a4d-589f-4df1-9212-2ee1109390c5,702c5cb0-a610-4240-9bed-879c69cdb9e7
be6d0c30-7f42-431c-9f8a-3809a96ba091,119f6623-2351-4a9e-8cd9-385bd6ca09de,702c5cb0-a610-4240-9bed-879c69cdb9e7
9e235c6d-87f0-4bcd-ac48-b894db43593b,31a04eae-631f-4c37-92e2-0aba77671ca7,702c5cb0-a610-4240-9bed-879c69cdb9e7
531dcdfe-6903-4706-b695-b78648b189b7,f25355d3-cac8-4eb0-baa8-dd0185db1725,702c5cb0-a610-4240-9bed-879c69cdb9e7
59e40dfd-773c-4e4c-9eeb-dea1bb594e6c,a6e75f3e-d6eb-456a-a4bb-de9518203813,702c5cb0-a610-4240-9bed-879c69cdb9e7
db4f3fdd-68e7-42f1-b9ae-f8e2d4432ea6,34c6e22c-11bb-4ef3-a613-289bf9ae1aaa,702c5cb0-a610-4240-9bed-879c69cdb9e7
f42b9a87-b38e-48c8-9d85-4496bf51142b,a8719bc9-02cb-4d03-a931-38aab24d4677,702c5cb0-a610-4240-9bed-879c69cdb9e7
40af401e-230d-4ebb-9e7b-259060bc54c6,7f533612-2d48-4ff6-a3ab-f97b358640fc,702c5cb0-a610-4240-9bed-879c69cdb9e7
cb482764-0ab4-4cdf-b5fb-8bbb8c6a270b,0896eb6f-c1b0-4e14-a7c2-efaec7e6771c,702c5cb0-a610-4240-9bed-879c69cdb9e7
3fa3baf5-6f69-42c0-97f2-3d6f156d8618,9d500e5d-210e-48f9-a533-5c34af1c412a,821f14d9-7bc0-4e9b-94af-b8fcb6e5280a
1b350f0f-871b-48f5-9335-6d904848bf56,b3f84666-e9be-4629-8388-e662d4104131,702c5cb0-a610-4240-9bed-879c69cdb9e7
7b60c3b1-45ed-4f78-82e9-0271252e2565,462b46ee-1ec4-48ee-bc51-2b61bf4a7ad8,702c5cb0-a610-4240-9bed-879c69cdb9e7
776ed888-94da-48cf-8227-3232ed40cbc1,6e2e977d-232c-490b-8f17-ecfbc4366a30,821f14d9-7bc0-4e9b-94af-b8fcb6e5280a
b9ac5731-a5ba-4e3c-a934-3b26789f89e6,34dc18aa-cdd5-4323-b601-aac2a4ce9181,821f14d9-7bc0-4e9b-94af-b8fcb6e5280a
cf0546f9-e42f-4f1e-a571-be19301c0e0d,575a2f9a-ceba-4003-b307-c4725673a894,702c5cb0-a610-4240-9bed-879c69cdb9e7
6758a359-8aff-490b-8eda-0fc890e99c71,3f5b756f-9c0b-4830-91bb-b1b0e8c02ed7,821f14d9-7bc0-4e9b-94af-b8fcb6e5280a
91bb6e1c-d34d-4d30-a474-6942bc3fb5d7,78ad850e-4329-4860-952c-3926b0c665b7,702c5cb0-a610-4240-9bed-879c69cdb9e7
87a3c64a-26a4-4b0c-83e2-0d7a5238794a,b2efe3a4-a775-436f-a545-fbd2433aa4b8,821f14d9-7bc0-4e9b-94af-b8fcb6e5280a
a35095ab-d02a-4d44-be4a-cdd76bcd125d,cfee0616-f0e9-45ed-82f7-4aeb1de3edb2,821f14d9-7bc0-4e9b-94af-b8fcb6e5280a
e8ec73d9-dc79-47d7-b4c2-f09493bcd7dd,75785ac7-dfd5-485e-9811-042ca3094b40,821f14d9-7bc0-4e9b-94af-b8fcb6e5280a
b038bf38-fd7a-4238-bf30-e0a3bfa95f6d,e0e5d710-f973-4973-a8d2-8cc4df6a9ec0,821f14d9-7bc0-4e9b-94af-b8fcb6e5280a
6d94798a-6491-41ee-9933-7544c551567a,0fecfa98-9045-4407-be30-158fe0b6dec3,821f14d9-7bc0-4e9b-94af-b8fcb6e5280a
e098f3a6-bfcc-4177-9999-52e8f35640dd,94d0b332-b625-496d-b3a7-4242be187c24,702c5cb0-a610-4240-9bed-879c69cdb9e7
2545eca8-8f19-4493-9111-6869f684c309,72fc096f-142f-4d63-8c0f-1950de686d25,821f14d9-7bc0-4e9b-94af-b8fcb6e5280a
8a28019b-ea2d-4c87-8686-93ed5b24b9e3,b5427b1d-6229-4c12-a0b1-cd7266daead2,821f14d9-7bc0-4e9b-94af-b8fcb6e5280a
9534c6fd-5da9-42b6-adfc-ad20784cd314,ba96cf75-b6a8-40bf-9beb-874237106ddc,821f14d9-7bc0-4e9b-94af-b8fcb6e5280a
d15099c6-ea08-415f-b47e-9d24a42738b8,84cbcd7d-f6d1-45b1-8ac5-042fd0aa7b85,821f14d9-7bc0-4e9b-94af-b8fcb6e5280a
7f2c059c-434e-4d47-855f-cdd729628219,552f0bcf-e26d-4237-9d01-a13ef764fe71,821f14d9-7bc0-4e9b-94af-b8fcb6e5280a
1ababeb0-7c64-4d33-b931-d4ee7a354d72,1e1c0a20-e718-4504-a876-5039a1b80365,702c5cb0-a610-4240-9bed-879c69cdb9e7
64f16ac2-4eb0-4106-af13-6f79b35d8798,2bf2c067-83e6-40dd-8651-58a128fd0ce0,702c5cb0-a610-4240-9bed-879c69cdb9e7
c54aba98-d984-4b6e-b345-bb4792a41d48,cbc1f5ca-87ac-41a4-9845-7c3751c632eb,821f14d9-7bc0-4e9b-94af-b8fcb6e5280a
f5010ca3-8159-473f-aaba-7ab5636b0437,1608cf63-7c6c-4120-bf06-97794ff909ca,821f14d9-7bc0-4e9b-94af-b8fcb6e5280a
dc4cbb35-0735-4c13-9174-0fa9bf1a5a99,8cfbcff4-6d1d-4be4-8164-d19c5afb45b3,702c5cb0-a610-4240-9bed-879c69cdb9e7
1ff863e1-a910-48f9-9d01-4afa48604593,3f47999a-a460-4f82-b0f0-09671853f176,821f14d9-7bc0-4e9b-94af-b8fcb6e5280a
c1b3563b-2cba-40b8-a508-43d4f2fcd673,07194b06-fa70-4d86-b242-290520b31d96,702c5cb0-a610-4240-9bed-879c69cdb9e7
9534e07b-f57b-4cf3-b484-498267ba38c0,8e826267-9830-425d-8a3c-38b3ec5edbdf,702c5cb0-a610-4240-9bed-879c69cdb9e7
b9044a4a-b70c-4c65-840d-b34dc58acb14,f6437659-d3d8-4f66-b9e9-113abde5d0ef,821f14d9-7bc0-4e9b-94af-b8fcb6e5280a
803b682a-87b9-46d6-b1d9-651daca4f9b1,9bc95560-0377-4746-928d-26d7995a820d,702c5cb0-a610-4240-9bed-879c69cdb9e7
d5295b73-bea7-47d7-a65b-36bc0a6d27e1,596d786b-2ab6-4737-bf97-417c7f955e75,702c5cb0-a610-4240-9bed-879c69cdb9e7
20679580-e447-4ecf-91ef-48f64bd9f653,62262a90-5ded-4843-80e6-cf9f695aad5d,702c5cb0-a610-4240-9bed-879c69cdb9e7
4f044ec0-f36a-4ba7-8edf-e28b7a0ac6ec,071a2ca1-acf2-40a0-899f-c99b00e11fd4,702c5cb0-a610-4240-9bed-879c69cdb9e7
337e7284-3c7f-4d2f-a675-1ae21ac325db,7de80e66-c4e8-440c-94d5-18730f36c3a0,702c5cb0-a610-4240-9bed-879c69cdb9e7
5b2a7e9f-d947-41aa-a082-616401ada785,163cc00b-08bb-4e07-9ec6-3497734c56af,821f14d9-7bc0-4e9b-94af-b8fcb6e5280a
3a9e4b22-bbd8-44da-b16e-a1f256393c34,2c07efdc-4f11-4682-8834-bbb8b92c6bfc,4ef94708-9c27-402e-9600-3eb5525b0ca9
a3d471db-e8e6-4b00-b4be-d8978f8465c5,6dff72e4-5bcf-40f1-9ff7-e922688950e3,702c5cb0-a610-4240-9bed-879c69cdb9e7
04457b88-c9cb-4b9b-ad52-52d405c53fed,ad8b60b6-1c33-4d94-ad0b-76a482afeafd,821f14d9-7bc0-4e9b-94af-b8fcb6e5280a
653abf81-fa20-4378-ace2-5d5d74a300ae,5ab18f4c-a535-41d3-833b-bfab28363fe7,702c5cb0-a610-4240-9bed-879c69cdb9e7
0331bbb3-2f7a-404f-9c29-462d3cba7ccd,b898baf4-67ee-4aa1-8d18-e47d76f4d336,702c5cb0-a610-4240-9bed-879c69cdb9e7
03abcfb2-d460-4790-9b16-9af113fdd4d8,9c7f23f5-2ea4-4700-9f23-5d72d463dfd0,821f14d9-7bc0-4e9b-94af-b8fcb6e5280a
76633061-cb63-4402-a529-9582bc366447,a080676b-1993-4e08-aa6f-906b52ecd29e,702c5cb0-a610-4240-9bed-879c69cdb9e7
26c0838b-b735-4028-90f0-5dc0c3405c38,85650703-d2f8-471c-8d44-ebd8434a685c,821f14d9-7bc0-4e9b-94af-b8fcb6e5280a
98ca9a60-3043-4a81-bab7-6523cc3fbb57,e1d87bc5-32af-4bd9-ab63-eeb56a2344b4,821f14d9-7bc0-4e9b-94af-b8fcb6e5280a
258f36ce-560a-4cc4-9e29-62adc9f520bf,9068b4fb-0c45-4883-baa8-93a34a78dee9,702c5cb0-a610-4240-9bed-879c69cdb9e7
8c4d3278-4865-4035-8f64-e393a0363f5f,c5fccbbe-96c5-4630-9f7a-e3d0dd624eed,702c5cb0-a610-4240-9bed-879c69cdb9e7
e58d3c5e-5aea-4b74-8a7d-938d2a19991c,77388165-6d77-4186-aeae-787dbcd5d2fb,821f14d9-7bc0-4e9b-94af-b8fcb6e5280a
54226b07-7548-4bbc-bf7e-fa082de6cebf,9d927821-34f3-4d5b-b79c-e61849ad743c,702c5cb0-a610-4240-9bed-879c69cdb9e7
8bf931c0-ffc3-4732-9605-336051b5c582,157c3256-047d-4172-a432-d9527dddca3d,702c5cb0-a610-4240-9bed-879c69cdb9e7
cdd11733-371c-4865-a739-e6812e77c228,d54a1574-4c6a-4dad-8819-926fb3b71935,702c5cb0-a610-4240-9bed-879c69cdb9e7
36932aa5-0c92-41c9-b168-ce2ec8a57398,1b789f7b-b1dc-45ba-840d-6e07a6d405af,702c5cb0-a610-4240-9bed-879c69cdb9e7
a63150c2-b26a-4d25-be8d-59e7142c397b,6b1e79d8-f128-4885-b451-f0172c4155bd,821f14d9-7bc0-4e9b-94af-b8fcb6e5280a
2a6fb217-d25b-4ec0-baf3-dc67f07cfc19,adb59841-cf74-488c-bc8d-1c0bb085ca4c,702c5cb0-a610-4240-9bed-879c69cdb9e7
c0bda2b5-9bac-440f-95ec-077d7f97c8ba,aa271eca-923e-4917-961f-d0f0ed65c6cf,702c5cb0-a610-4240-9bed-879c69cdb9e7
f47a53ce-28f2-4190-a79e-05b8fd1fbe95,9e72f958-9193-4487-a77d-d3d30153b316,702c5cb0-a610-4240-9bed-879c69cdb9e7
d686972c-eeba-4b99-ac3f-4030458fc478,fc91f150-b2d2-4a80-ac87-ce9eaa75ffec,702c5cb0-a610-4240-9bed-879c69cdb9e7
a6319d84-a891-4e69-8fb6-ee8a22e28e8e,d9ea5444-725e-4003-a3b9-7df463a88d14,702c5cb0-a610-4240-9bed-879c69cdb9e7
235c5521-ed5a-4b21-b794-5558a21adae6,52c8093c-79ca-44f3-b231-9b9405ca214c,702c5cb0-a610-4240-9bed-879c69cdb9e7
f49f0713-fdca-4a8b-97f9-cdedf7f17708,8e282f34-3f30-41b7-9ef5-d74dc3b1cdca,702c5cb0-a610-4240-9bed-879c69cdb9e7
e40aefbd-028a-4de1-aa0d-b032e767ee27,564b7a3d-10eb-4d14-83c5-47b865de77f1,821f14d9-7bc0-4e9b-94af-b8fcb6e5280a
9745b253-a9ed-4d65-8474-f4b079e4d608,1f4bf09b-87ce-40a8-ae6b-1d4bfc999085,702c5cb0-a610-4240-9bed-879c69cdb9e7
ce6951ff-9a97-405a-98c8-005c97c77577,9a7d2bf2-fc2f-48c6-a8ff-0c4c8ad35bf1,821f14d9-7bc0-4e9b-94af-b8fcb6e5280a
a39c26a1-1e41-463e-868f-f5120350205f,d58f9fbb-2925-456f-b36e-faa1b83522db,702c5cb0-a610-4240-9bed-879c69cdb9e7
7e1614c4-771c-46c4-9d04-eab82eac5573,174a471c-c5f2-4b79-b5d4-ea1598dc3bb6,702c5cb0-a610-4240-9bed-879c69cdb9e7
d1144497-1aa5-4aa6-8740-4c26ea88bb51,930cee5b-f762-46e9-9b09-4451a7ebc522,702c5cb0-a610-4240-9bed-879c69cdb9e7
0897acea-c2c0-42c5-926b-805d42bb1138,2b1f3b5e-6493-48d9-ba7e-444847a2049c,702c5cb0-a610-4240-9bed-879c69cdb9e7
d71981e4-5f17-4813-bdf4-aaf23f459310,d01792c3-45bb-4dfc-9def-bf6bd993cc17,702c5cb0-a610-4240-9bed-879c69cdb9e7
e1ecb895-f751-4502-973b-8d56c68c23b8,319ca895-3286-488a-bec7-425e56ea84dc,702c5cb0-a610-4240-9bed-879c69cdb9e7
98594792-184b-46fc-98b3-ff2580b331e4,8c2e4c0d-7757-4cd7-8530-fe78624c0629,702c5cb0-a610-4240-9bed-879c69cdb9e7
c8ada48c-1d11-4d95-9deb-5001d1c9c368,25f04f50-3359-4bc2-8f56-8194044e4e22,702c5cb0-a610-4240-9bed-879c69cdb9e7
06a219f2-2e22-428d-9a3b-1b696d68c2ce,3f6b9f90-767b-48d5-a313-9d369faaa7bd,702c5cb0-a610-4240-9bed-879c69cdb9e7
50241cff-bcdd-4856-a6dd-883a79e6859a,0f25791c-b907-4b7d-82d0-f97560234897,821f14d9-7bc0-4e9b-94af-b8fcb6e5280a
fb73c4e2-8831-4df1-a6a1-f58517a541a3,1d2244f6-4675-46e2-b606-f8d24048eb2a,702c5cb0-a610-4240-9bed-879c69cdb9e7
ce3d9fa8-fcc1-46f2-b2f1-efc194aa22f7,f9029aba-34f8-4755-90d7-f994f53ca704,702c5cb0-a610-4240-9bed-879c69cdb9e7
f4b48ccb-e980-49dc-8d65-233f5df26fc5,d8a1b882-a70d-4d80-b11c-122548e1cae5,821f14d9-7bc0-4e9b-94af-b8fcb6e5280a
4268c738-289f-402b-a908-a89b0a77c7bd,34334c5e-badd-4853-be9a-7ef27652aaf2,702c5cb0-a610-4240-9bed-879c69cdb9e7
6cda55e4-d244-4c9e-9f19-64582d6564d8,a3e08c74-4b56-4d69-8eb7-24ecd5467643,821f14d9-7bc0-4e9b-94af-b8fcb6e5280a
c76ecd0f-2b90-4fb2-8d50-9676a59ba0fa,c854634e-ee67-498e-9c25-6e395265304c,702c5cb0-a610-4240-9bed-879c69cdb9e7
8d3bbe5c-28a7-4217-be16-b63a7dde210d,3c1f6426-71a6-4e66-baae-bbd471bccf3f,702c5cb0-a610-4240-9bed-879c69cdb9e7
3698ba8f-6d3b-4a5a-a1e2-b4b392388a16,7ff5405e-0c12-4443-8adc-2af9a94fd867,702c5cb0-a610-4240-9bed-879c69cdb9e7
e65e0af3-9baf-4420-93ae-8c468c647b19,6f1db5ff-af32-4a5b-9769-eca27c5c9c03,702c5cb0-a610-4240-9bed-879c69cdb9e7
374065e4-5b90-42a4-99c7-27a28f664a9c,a178c215-c365-48ef-9865-dee5d090bdce,702c5cb0-a610-4240-9bed-879c69cdb9e7
f3de0244-3bf2-4327-a77d-84abbf330a27,56790ab7-4589-4707-9296-8a64e86339ef,702c5cb0-a610-4240-9bed-879c69cdb9e7
0685217b-64da-480c-8755-7e2996d39a45,2c82fc7f-2f55-4ddf-b3ab-16d6cceee6d7,821f14d9-7bc0-4e9b-94af-b8fcb6e5280a
6c40eba2-a67d-4f11-a103-2856a6721cb1,502999c0-2521-47a9-b296-255dd8bee450,821f14d9-7bc0-4e9b-94af-b8fcb6e5280a
5d683727-6759-4f44-b012-afd3182e06ba,9dd3d0c4-90db-40a1-a4bf-2396aae7f7a5,702c5cb0-a610-4240-9bed-879c69cdb9e7
b6708a60-6d4d-4c95-aac5-6fae7543e5fc,faeb47b3-0fa2-40e6-a2d0-2bc8cc85438e,821f14d9-7bc0-4e9b-94af-b8fcb6e5280a
f4db4ef1-7973-446c-9add-7cf392609899,8d535dd8-538e-45b1-88f2-f3ce65415643,702c5cb0-a610-4240-9bed-879c69cdb9e7
68583de8-262c-417e-bc68-7a686a52e7f8,7e32aa98-fc3e-4ffe-8a4c-34a9468a9582,702c5cb0-a610-4240-9bed-879c69cdb9e7
e983dba9-3fba-4605-be05-11007dd59b26,7c9fd05b-3918-4a01-b4fa-0feaa7958077,702c5cb0-a610-4240-9bed-879c69cdb9e7
521ec2b4-174d-4948-bc7e-45840c24fb4c,3db4302e-23e7-4814-b646-6d77d15c57bc,702c5cb0-a610-4240-9bed-879c69cdb9e7
12780378-b534-4ed9-abed-0cfe931e7d36,b9f841a6-cfab-405c-8bab-b3f6dfc4507c,821f14d9-7bc0-4e9b-94af-b8fcb6e5280a
a4f92693-efe1-4b69-84bd-4c0aea44d88e,dbbceb77-c460-4c8a-8ebb-0c9fc0ddd5aa,821f14d9-7bc0-4e9b-94af-b8fcb6e5280a
cb3bc086-4604-4ccb-a41e-e693859ac36c,8e0c3ef0-b9da-40bc-9889-f837836b990c,702c5cb0-a610-4240-9bed-879c69cdb9e7
e704a2e4-cdb4-4cd2-b393-2ba3ba7320fd,0ad9fb7f-1afe-49f7-898a-829366bf3814,702c5cb0-a610-4240-9bed-879c69cdb9e7
fd73f020-53e3-44f0-8615-3a9dc42ac0a1,02b991c6-5692-4374-8f39-a7e313bc2872,702c5cb0-a610-4240-9bed-879c69cdb9e7
0d7a68c2-c077-4f90-bc03-ba0dde5e4e7c,0740a456-1d1f-4eca-80dc-7c613bcef96d,702c5cb0-a610-4240-9bed-879c69cdb9e7
f4ac078f-375a-4190-9cd4-f8e3ae6ac210,24f23c1d-465b-4494-bdf0-1c2e4e603523,821f14d9-7bc0-4e9b-94af-b8fcb6e5280a
ede1a906-c5dc-41ab-a75e-e4c54e64d45d,7856c40c-09cb-4e22-aa57-131ed389569d,702c5cb0-a610-4240-9bed-879c69cdb9e7
ed5f000f-9387-4874-b93e-2545c5f21484,47b98ce0-6d89-4931-807a-4c9d4b2bd2af,821f14d9-7bc0-4e9b-94af-b8fcb6e5280a
3a2b9f60-a6ae-4c68-b308-b142cf95e6c5,dbfa6793-dfe5-420a-b131-a5d6f6eadf95,702c5cb0-a610-4240-9bed-879c69cdb9e7
22a17892-a63d-46c5-8ad4-43efd1389e69,189ec1fc-ce7c-473b-be56-73944cf37432,821f14d9-7bc0-4e9b-94af-b8fcb6e5280a
f63b6e9b-ae58-476d-9d09-80f6758002fc,00183965-34f3-4c65-bd89-017a68e7fdf0,821f14d9-7bc0-4e9b-94af-b8fcb6e5280a
fb2b6c74-6f1d-415c-9e1b-4bb702927c46,bfb79083-39ae-4035-b202-495cb74cbbc0,702c5cb0-a610-4240-9bed-879c69cdb9e7
ea04d197-026f-45d4-bdbe-79168c33fe03,71cef1eb-94bb-4c00-a599-f2ccc16d9de9,702c5cb0-a610-4240-9bed-879c69cdb9e7
5b605c67-af58-4121-a87e-675ac1a870a9,a6366e24-8a37-45d5-ac54-0fdb1fc23751,702c5cb0-a610-4240-9bed-879c69cdb9e7
0b38aedb-b72b-4e73-84c7-c0669e855b85,b6f5f41e-4ce6-4216-bcaa-0dfb0d7cd61d,821f14d9-7bc0-4e9b-94af-b8fcb6e5280a
7d41f6f3-d951-4667-8210-47e072946609,2f494a73-e531-46fe-90f2-e10ad77e0cff,702c5cb0-a610-4240-9bed-879c69cdb9e7
9c26114c-1db5-4aa9-a174-f10fec3ea33e,5746c43d-2d8b-43ed-9f1d-7fa0e49fd77e,821f14d9-7bc0-4e9b-94af-b8fcb6e5280a
2d187d97-7dbf-42d2-b883-4bda22136c44,a925eb58-302a-4c69-8272-a93dbffce7b8,702c5cb0-a610-4240-9bed-879c69cdb9e7
cf1a574e-2bda-4e7c-a15e-c43d14c87411,2a681242-5a03-4106-9eb9-11d8fbc8f19b,821f14d9-7bc0-4e9b-94af-b8fcb6e5280a
c51bf31f-f11e-430a-a838-69603acc7429,d59e8af9-d3ca-44a1-8565-5bf062bbb7bf,821f14d9-7bc0-4e9b-94af-b8fcb6e5280a
6366ce88-b856-4cfb-b047-141a318c042f,3966f387-7a89-4787-a13d-05df5306d226,702c5cb0-a610-4240-9bed-879c69cdb9e7
feeb59e3-e3b5-48e0-9e6d-e4c0da653d4d,bb05d122-1090-4517-9b83-553b3cd3cc0b,821f14d9-7bc0-4e9b-94af-b8fcb6e5280a
812d2906-c9e2-4485-a436-77ff801910f0,694f5109-2692-4747-a418-663067d5fac2,702c5cb0-a610-4240-9bed-879c69cdb9e7
dcde345c-54cf-40f1-b37c-3c390583208b,68c1d9b4-0101-434c-86be-0eaacf92db2d,702c5cb0-a610-4240-9bed-879c69cdb9e7
263d60c0-0422-4ed2-945d-e4fd4973dd59,38698f29-6643-4605-a88c-9735075016f8,702c5cb0-a610-4240-9bed-879c69cdb9e7
17a9af5b-b689-49e7-83a4-b6618076276d,a64dc3cb-46d1-4d3e-8793-793d05921aad,702c5cb0-a610-4240-9bed-879c69cdb9e7
51064562-a23e-4dcc-9c7a-dd34f3da6ccc,b8531fa6-302d-4bd7-b6cc-1a15cea26695,702c5cb0-a610-4240-9bed-879c69cdb9e7
3eaafecd-f20d-4dc3-ba72-b381b3e646aa,07f41dff-15a6-44b5-af30-3a4821543cf4,702c5cb0-a610-4240-9bed-879c69cdb9e7
d6cdedd7-34b6-402d-a438-8d5b677b9d29,45858e5f-e6a9-4a54-bfcb-f608b70e911c,821f14d9-7bc0-4e9b-94af-b8fcb6e5280a
c04160d0-f7bb-494b-8b58-2f227f5bb638,8c587d44-f312-4e16-b83f-33ad49c02c52,702c5cb0-a610-4240-9bed-879c69cdb9e7
0e79c30d-ce99-449c-9447-608f1591e34b,ae356e95-03e1-412f-b341-b6144dc894ce,821f14d9-7bc0-4e9b-94af-b8fcb6e5280a
0aad6ba9-eb59-4d7e-b868-77a73f19ae6e,c5901314-d5bd-4d8d-93e7-e6b7130178c5,702c5cb0-a610-4240-9bed-879c69cdb9e7
f7db55dc-f3fa-4f4b-862c-484df9712cd7,68f98f9a-a021-4e24-a901-44eb291d5306,702c5cb0-a610-4240-9bed-879c69cdb9e7
dbd40e74-9139-431f-aac8-7e67e944c81c,59694a74-9f80-4329-8ae4-af8eb5170488,702c5cb0-a610-4240-9bed-879c69cdb9e7
97f98066-120e-411a-9d71-c1fc18cfc998,b1a4aac5-a87c-4128-92f2-d67459a9fd0a,702c5cb0-a610-4240-9bed-879c69cdb9e7
3edce54c-df73-4353-8eb7-0d92734e630b,278c9f6e-04d6-4b73-a5f7-e74c466df7ab,821f14d9-7bc0-4e9b-94af-b8fcb6e5280a
4a8f55bc-9f89-4e43-acea-c37f67c88f7f,db42a701-e9ce-4c70-bb34-0253ffcfef60,702c5cb0-a610-4240-9bed-879c69cdb9e7
b6b885dc-4033-4580-ab54-f126ac312045,3b318e99-37bb-4e9d-a44d-dc98cd9a530a,702c5cb0-a610-4240-9bed-879c69cdb9e7
daccff40-5126-4c14-9940-82b98c3c875b,4b0b8a7c-34db-41c7-a94e-c0563f791219,821f14d9-7bc0-4e9b-94af-b8fcb6e5280a
d41602bd-cf79-4d44-95d6-88d20433457a,729df8d8-b7e2-4251-b7d3-2758468bd204,702c5cb0-a610-4240-9bed-879c69cdb9e7
edab2789-bdf0-4b5b-82c6-dcd447db205c,f27c204e-75c9-4373-b58c-e29955d81993,821f14d9-7bc0-4e9b-94af-b8fcb6e5280a
a1b49a6f-85a8-4bf2-b5a3-1c3d396f1bca,b457d1aa-f1f4-4749-a0d7-7bd1c86fd23b,702c5cb0-a610-4240-9bed-879c69cdb9e7
22a17813-49c7-4701-8d49-748d12da3a19,865bd7d6-0556-4043-bdfd-409dfc419afa,702c5cb0-a610-4240-9bed-879c69cdb9e7
dba79353-2667-428c-be78-11d2287e87e9,aaab450c-98ab-4da2-b188-1c0a5ee5cbc0,821f14d9-7bc0-4e9b-94af-b8fcb6e5280a
80a1057f-341f-4693-b135-5a47998c062a,bd2c14ba-6d11-49d5-a2c0-ae334560bb0f,702c5cb0-a610-4240-9bed-879c69cdb9e7
48435f90-13d5-4f6e-888b-a3897709f12a,604dc564-f4e1-4a6c-af52-25f89edb8a66,702c5cb0-a610-4240-9bed-879c69cdb9e7
d3a1c81c-72c9-4274-a04d-76e192c6468d,ae6d6443-4e8a-4e38-a9cb-bfc273eed398,702c5cb0-a610-4240-9bed-879c69cdb9e7
e4380311-8671-416a-b25a-b8ac060b2f36,94533ea6-7c9b-4bed-b073-5189a1577f84,702c5cb0-a610-4240-9bed-879c69cdb9e7
3b571116-b8cd-492a-9ba1-9da65db02d9d,fe793bed-8322-4728-a0cb-8c2a394b4373,821f14d9-7bc0-4e9b-94af-b8fcb6e5280a
f449df3b-bb22-49e3-a9b6-7ca91f773d94,a750ad2a-4cf1-487b-9444-58ea7406ec10,702c5cb0-a610-4240-9bed-879c69cdb9e7
9d7a65f9-ebb5-4e51-b773-f277000134bb,2a94f3e7-e69c-40ab-a684-eaff7187139d,702c5cb0-a610-4240-9bed-879c69cdb9e7
54816ec0-1a26-4a0e-b24f-7b36fc92b476,66614ddf-b6f4-4bdd-8489-b9d0878fe6a3,702c5cb0-a610-4240-9bed-879c69cdb9e7
4cffea71-2e14-4592-a08d-65d846e1bc27,4d8944ca-3311-48f5-9279-e4b56bab70b5,702c5cb0-a610-4240-9bed-879c69cdb9e7
7174a5bc-e09d-4f78-80f6-aab2825aa49c,7bc016c2-b30c-4fe9-a431-f7b1d6bd01bb,702c5cb0-a610-4240-9bed-879c69cdb9e7
fdcf254a-9dc2-4e76-8865-e1d022e8948b,864995d8-4913-4434-b945-18f2096338e2,702c5cb0-a610-4240-9bed-879c69cdb9e7
3cb6a572-239d-47b5-9bfa-5a4d8c5698f2,4e0655dc-05cd-45ef-adbe-22403ea0f1d8,702c5cb0-a610-4240-9bed-879c69cdb9e7
dba23b55-544f-470f-9cba-7336c8051d6b,9df2e767-d840-4670-bd8b-886952c75d9c,702c5cb0-a610-4240-9bed-879c69cdb9e7
b84d256f-2509-456c-9cd3-49ca53f15803,ab2fffe8-88eb-457d-ae45-ecc5f874545c,821f14d9-7bc0-4e9b-94af-b8fcb6e5280a
4f3029dc-4f02-4e43-b23e-86ae5918b6d9,20ae0273-1e16-4db4-8532-0211e2242103,821f14d9-7bc0-4e9b-94af-b8fcb6e5280a
7b9a857c-6aa6-4c08-a4e3-ebdb4f947cc8,08e77d17-35d6-4e02-a473-a4a47d66575d,702c5cb0-a610-4240-9bed-879c69cdb9e7
b09e415a-eddf-438c-8126-3ae6fb5e5e8d,cec963df-11f3-4b09-af02-2f67f808707b,702c5cb0-a610-4240-9bed-879c69cdb9e7
238a1781-7f91-443a-bdc5-6256a27a1ddd,eccf1e7c-c310-447b-b8ab-32cc26fc308f,821f14d9-7bc0-4e9b-94af-b8fcb6e5280a
f83f9e15-e038-4fbb-b753-b22d42374688,416e549b-8e05-444f-8ed0-16393955704f,702c5cb0-a610-4240-9bed-879c69cdb9e7
df390296-929e-4ae2-8253-92221fe8d3e3,5dc138a0-25c0-486b-84ff-afb9db690b4f,702c5cb0-a610-4240-9bed-879c69cdb9e7
f5e8bb08-8136-4386-87d5-43ebde08b1f1,b91502c0-1447-46f1-be96-c2a05e99dbdf,821f14d9-7bc0-4e9b-94af-b8fcb6e5280a
c7226a75-0a6a-4ca6-aba2-3ba666f42e8e,7541e2e6-23d1-4d1e-a2d1-f1783a5d7286,702c5cb0-a610-4240-9bed-879c69cdb9e7
5fbe4192-5cf8-4573-b760-ef4d23b31ab0,e5deaae0-e52f-42f7-8b7f-327878ab865e,702c5cb0-a610-4240-9bed-879c69cdb9e7
86cfa354-6e6d-41be-a59f-f41ea86b4dca,284b2b1c-594b-4503-96de-0dd36b6122bd,821f14d9-7bc0-4e9b-94af-b8fcb6e5280a
b6ff0558-5c4b-48c6-b6a3-652d5ad80e90,ab2bfe7e-c340-49ff-9d95-a6d6fada21b3,702c5cb0-a610-4240-9bed-879c69cdb9e7
5ce3fc70-ebce-45cd-8d05-71a97d0b4a0d,303069a1-a5c5-47d1-bad8-33413fae901b,702c5cb0-a610-4240-9bed-879c69cdb9e7
76f9e99e-5674-4115-833e-ef4ba5614e9e,b0eb87b2-ca6e-4d5e-b786-b309023407c4,821f14d9-7bc0-4e9b-94af-b8fcb6e5280a
9cd8b209-4ecc-4a9d-8a12-f5789b0029dc,75809b97-eca7-430b-a372-34762c440f4e,821f14d9-7bc0-4e9b-94af-b8fcb6e5280a
025e4068-7e6b-40fa-b7b6-44e88957a9f0,002ef879-0e57-498b-8b16-a5def916d5c4,702c5cb0-a610-4240-9bed-879c69cdb9e7
101a65d4-a69f-4f5c-b2d5-0a0edcb69a42,b566728c-6cae-4f8f-b0a7-6d56ec1903ce,702c5cb0-a610-4240-9bed-879c69cdb9e7
bb9d1183-ac7a-44d3-8fbe-7cd40b9b605c,0aa40b20-5b1f-41fe-bba3-89fd86464bcd,702c5cb0-a610-4240-9bed-879c69cdb9e7
e1a5f830-99bf-4935-ae29-87e6ed196c53,bf1fc08a-6676-4743-b7a1-d4392e5af154,821f14d9-7bc0-4e9b-94af-b8fcb6e5280a
7910498b-124e-44cf-976b-765a5e401819,33df2d9b-13eb-4f67-bbe6-d2db846ee7a2,821f14d9-7bc0-4e9b-94af-b8fcb6e5280a
f832eea3-3e74-4b38-b916-a5efed4dcd5f,2afc4bf0-cf75-4e38-9aae-50a14c0a61d3,702c5cb0-a610-4240-9bed-879c69cdb9e7
84f93242-aee8-4630-91b5-11ed49950af9,e3b0795d-84a2-4ac3-bcf3-9d7cfde27f8c,702c5cb0-a610-4240-9bed-879c69cdb9e7
2b3114c1-590e-4156-921d-d7911494a18c,c6bd12d7-e7dc-48ba-8c66-4a14a4b22923,702c5cb0-a610-4240-9bed-879c69cdb9e7
a1497cfe-6146-4235-967b-9518d79f4b27,d7eaa3f5-feae-4f0b-a393-319c23b1b310,821f14d9-7bc0-4e9b-94af-b8fcb6e5280a
ec5966a3-aa1a-48a1-a6f8-fb41a724409b,3c7ac761-5e8c-4ca4-8372-e5612455da91,4934dc25-aa95-4f0b-80f6-da9704d700d3
a8871861-3bf2-4af6-bd85-a40c350325cc,e342b1e3-15a0-4694-bf64-190f98afaea9,821f14d9-7bc0-4e9b-94af-b8fcb6e5280a
412f2ddd-3101-4b6e-9a42-4c46c281947d,36581c79-5d55-4c27-b393-62ec0d61ef8f,821f14d9-7bc0-4e9b-94af-b8fcb6e5280a
9f0b4ac2-932f-4aec-b9e3-938b3cafaa19,b34f1c02-7b48-45ae-a9aa-491be511e5c1,702c5cb0-a610-4240-9bed-879c69cdb9e7
106e771f-a3d7-45b5-bb2d-7cc39917cdce,f96bb1bf-c36a-4636-b2c7-4b666cfd058e,702c5cb0-a610-4240-9bed-879c69cdb9e7
ed25f610-b154-44ae-a0e1-c8b595b2f306,71c26013-c7e2-41e1-853d-ac10788d6312,702c5cb0-a610-4240-9bed-879c69cdb9e7
32581bcc-0666-4360-b33d-d86f51c34207,089cc5a1-ac89-4174-9c7c-b1b32a8921e6,702c5cb0-a610-4240-9bed-879c69cdb9e7
297a1768-c422-43c9-89cb-ce8f2da680dc,e916f18f-1113-47e6-8cf7-9d69e5f901c3,702c5cb0-a610-4240-9bed-879c69cdb9e7
58ef85c5-83c1-4f65-95e4-9820a4ea9c10,19d53f31-3858-4af4-9f40-94b0f2429f2b,702c5cb0-a610-4240-9bed-879c69cdb9e7
369af4ca-01ca-448e-b364-76da118a5318,1202a4d2-8335-49d6-82ff-75b50f00803d,821f14d9-7bc0-4e9b-94af-b8fcb6e5280a
d009cf58-ff3a-4262-8174-6cd20349b1aa,d97c0647-7c26-4609-b800-ed1163f2e2b9,702c5cb0-a610-4240-9bed-879c69cdb9e7
ad30490e-8fe3-4006-940e-df26ffe8df31,c5d6bacc-e435-406c-a455-80bf28ecfd5d,4934dc25-aa95-4f0b-80f6-da9704d700d3
11a47f66-72d4-413c-a627-f9543f1891a2,ccdbf18f-a3a2-49ea-852c-d84f368241ba,702c5cb0-a610-4240-9bed-879c69cdb9e7
92c942f3-423f-4222-96aa-8591d8e9f059,5433203f-523e-4584-9776-157cceb21ec8,702c5cb0-a610-4240-9bed-879c69cdb9e7
e025de6c-f572-4112-b998-7da92ff35815,7dc9682e-4e9e-49dd-8dd4-91e34c20bf40,821f14d9-7bc0-4e9b-94af-b8fcb6e5280a
63cf2dae-cc97-465e-84de-c9e12a7829ee,895af740-219b-49f1-8666-b3310e8292a9,702c5cb0-a610-4240-9bed-879c69cdb9e7
a0a14475-78dd-4a03-bcf8-6d2981925d35,3d3cfa0b-fd12-4fc4-ac72-3381633afb33,702c5cb0-a610-4240-9bed-879c69cdb9e7
6f61aa98-0e57-4585-bff5-d2ef9aa7686c,5eaf7a16-e2c4-47b9-9468-4076c5b3c6c3,702c5cb0-a610-4240-9bed-879c69cdb9e7
37224ec3-ef4e-467b-8aa4-7099c97db050,b4a32aab-5974-4715-a547-9a507cff8728,821f14d9-7bc0-4e9b-94af-b8fcb6e5280a
4291d9ff-ab47-4a4f-8325-0538346e6a76,1c6f6a37-e865-4594-96da-406e7650a5a1,702c5cb0-a610-4240-9bed-879c69cdb9e7
9878e507-2fb3-4c4b-bce4-05bab9bf8b08,0cb4af4e-2dc8-4256-9e43-1f1efb8e5f57,702c5cb0-a610-4240-9bed-879c69cdb9e7
f5f95ae9-4454-4536-aac9-552f051f901a,db34c8f4-5e6b-4a4b-ba0b-004f753fabd1,702c5cb0-a610-4240-9bed-879c69cdb9e7
4a163ca2-9cd9-4417-abf7-9400786d7db0,585244e1-2d6c-4234-b988-2d2e6b340280,821f14d9-7bc0-4e9b-94af-b8fcb6e5280a
41185ddd-ca47-4dd8-9254-04f3f490b124,16829f98-4566-4ab2-a05d-52804a4ebc23,821f14d9-7bc0-4e9b-94af-b8fcb6e5280a
5b2ca0fe-f185-4747-b29d-4e1043a797ff,b1969ec7-1912-4164-b84a-5a09a7dc6d02,702c5cb0-a610-4240-9bed-879c69cdb9e7
6242c8e0-7ce7-42bc-bdc1-1d95bc7fd152,3dfd19d6-a617-4b8d-9ecd-cdcf22ba27e4,702c5cb0-a610-4240-9bed-879c69cdb9e7
88afef8c-b7cc-417b-afa2-fbcade50db87,4dad29fc-ef1a-43eb-a1a3-96e914fe2475,821f14d9-7bc0-4e9b-94af-b8fcb6e5280a
86aae131-14f3-4187-8671-4f8f88e71b71,245f197f-a125-40f6-8ee7-1efa3d43bbf2,702c5cb0-a610-4240-9bed-879c69cdb9e7
c80afa39-d6c8-420d-a2ab-68866686a2c6,e411de00-8ffa-442e-ba5b-9fc2bfbfc5b0,702c5cb0-a610-4240-9bed-879c69cdb9e7
ffbeced4-3df1-44c2-b282-d098470cdc58,ea9a24cf-b689-4270-bdee-31af1ee2f831,702c5cb0-a610-4240-9bed-879c69cdb9e7
eed8375c-2f8d-4c4f-bb0d-59e76524b468,a35e577f-30fc-41cc-bb68-733816828863,702c5cb0-a610-4240-9bed-879c69cdb9e7
c83c7db0-e7a1-41d6-9b50-b16e19bd6c41,ec01d7e3-6207-42d1-8418-3f4ee7be774d,821f14d9-7bc0-4e9b-94af-b8fcb6e5280a
08a47624-105f-4c39-975b-00332c603d42,e84670d3-871a-4bb8-88b7-f6dd3c0dacf4,821f14d9-7bc0-4e9b-94af-b8fcb6e5280a
f6ea878f-a191-4933-a7d1-610a9278a8c4,fb946601-9a51-4c76-a039-81870c050d65,821f14d9-7bc0-4e9b-94af-b8fcb6e5280a
884bbc18-a6e6-4006-b1a0-6a49b90cf51e,18d43b33-bb3e-41f0-8f75-c8c5b97c4e20,702c5cb0-a610-4240-9bed-879c69cdb9e7
86317182-1f02-4d62-aa4e-ce5a1f29d1b9,07a466be-fd2e-45b9-a578-0eb15b22b37e,821f14d9-7bc0-4e9b-94af-b8fcb6e5280a
c5fe2605-a629-4620-a731-95671c1febab,e94c7ad6-912f-4836-994f-b8daecd442b9,702c5cb0-a610-4240-9bed-879c69cdb9e7
9db6dd25-61fd-4cac-af4e-ba061b3b1c60,804f42aa-b1e3-44e6-801c-c078b84b7023,4934dc25-aa95-4f0b-80f6-da9704d700d3
ba23f41b-8899-4dd7-98a1-f65915bfc17a,9c764f7b-0bdb-412d-9d03-03f25b720f3d,821f14d9-7bc0-4e9b-94af-b8fcb6e5280a
9a1ad7fe-a157-4c62-9034-5927ad9135eb,f3fc5258-442f-4953-9387-73d47c5e61dd,702c5cb0-a610-4240-9bed-879c69cdb9e7
01c0b1a5-18e9-4ef3-9358-13b9d060121b,b4ba5bcd-e093-4a58-aa86-2229da83a052,821f14d9-7bc0-4e9b-94af-b8fcb6e5280a
79c381ee-fda3-4297-82ea-275a412f1dff,79445dc7-19e8-48ae-ba79-2563d5d8d593,702c5cb0-a610-4240-9bed-879c69cdb9e7
83269a8b-02c7-443e-b973-0aa1e3240a76,c2f916e5-c65b-47f2-9f44-65106e165067,702c5cb0-a610-4240-9bed-879c69cdb9e7
f493ac58-240c-4c8f-bca1-cf06322a635a,b997df40-0cb4-4568-8e3f-ce7c8db0e931,702c5cb0-a610-4240-9bed-879c69cdb9e7
f412d45f-d29c-4ec4-8be1-1ec9e30724f7,95912acd-245e-4797-bf6f-f016fef63bd0,702c5cb0-a610-4240-9bed-879c69cdb9e7
ee976407-1500-411d-87b1-be474a4a400b,1cdbabb4-4ddb-4eeb-9c2a-805e6fc69f2a,4ef94708-9c27-402e-9600-3eb5525b0ca9
58022e9a-740d-41f5-a90e-f7c73f5bf694,9999a79c-c701-4c07-b765-ca2c8ddb3cdd,702c5cb0-a610-4240-9bed-879c69cdb9e7
df73423e-f03e-4803-b822-80d50a7471d0,786a60df-ccc1-4d80-a33c-df480da23905,702c5cb0-a610-4240-9bed-879c69cdb9e7
8bd7e763-3faf-44de-a653-fdc247c8c62d,f6ad05fc-7050-4316-ae71-e9f1b2058096,702c5cb0-a610-4240-9bed-879c69cdb9e7
6fd4cb39-72fd-40ea-9ab7-9875d409eb6c,2940305e-7dbe-4754-8b95-e2ec927f4c65,821f14d9-7bc0-4e9b-94af-b8fcb6e5280a
31cc876f-68ed-42dc-a238-29f29fbdcfaa,4934eee9-5138-4889-8240-76619f3efd6d,702c5cb0-a610-4240-9bed-879c69cdb9e7
4b30af7b-adf3-4b39-b796-1b98967a8891,fb83a81a-b56c-492f-9e2c-adf26f563bae,702c5cb0-a610-4240-9bed-879c69cdb9e7
5f86765f-03e8-432c-b905-79cf586569ed,b1a5a9de-2d2a-4213-b1cd-c8a098c23a7c,702c5cb0-a610-4240-9bed-879c69cdb9e7
6bd7933f-4b41-4a45-a311-e3949eb3e4c3,d4ceeff0-1ea7-4ab4-b444-c90df8d82686,702c5cb0-a610-4240-9bed-879c69cdb9e7
5fa1e562-e9a6-4897-a18c-840f5afb5dd4,5130725a-a66a-4096-a5eb-dab932a0d6f5,702c5cb0-a610-4240-9bed-879c69cdb9e7
65763036-46fc-4304-9a80-f7dc0310d38f,dab08562-1fc1-4c49-af52-b34cd491b407,702c5cb0-a610-4240-9bed-879c69cdb9e7
fc12c087-d862-4287-b04b-adf38ed42c41,1b40136b-f00b-4b75-989f-d188ff29edc5,702c5cb0-a610-4240-9bed-879c69cdb9e7
bf07470f-ff36-400f-93a5-352ff500041c,cbe82466-b778-422f-a2f8-531e9813cf41,702c5cb0-a610-4240-9bed-879c69cdb9e7
676a2dea-ee49-4888-a088-794fbbb88a04,248221da-4d06-47cd-aae8-755c1324d935,821f14d9-7bc0-4e9b-94af-b8fcb6e5280a
2db6101b-63e1-4252-966b-4698ebccfad4,b78f1ee3-df15-4773-9fc6-3d812843d98e,821f14d9-7bc0-4e9b-94af-b8fcb6e5280a
f186a472-4afe-48f6-ac6b-eb6e95553446,469d21c1-9212-43ae-be98-f1f3a9a4019f,821f14d9-7bc0-4e9b-94af-b8fcb6e5280a
2792a93b-8cdf-481c-94b6-9acb21babff9,1eb09aaa-6066-4789-8339-8eeb95830ff7,702c5cb0-a610-4240-9bed-879c69cdb9e7
1e196a87-7b13-457c-886c-5d27aab5d26b,169f1774-5608-4695-89c5-1342850097c9,702c5cb0-a610-4240-9bed-879c69cdb9e7
ba183545-1c8d-4a9f-8fba-0ce620bbefbc,e23656a4-cc18-414d-a1f5-cd2f19d272ac,702c5cb0-a610-4240-9bed-879c69cdb9e7
b536c9ed-092b-4777-81f5-e5135fb405e8,870e6b22-6043-4a0c-8783-942dcc38b923,702c5cb0-a610-4240-9bed-879c69cdb9e7
5aeb0194-be99-445e-b5e6-fc28be141376,9723e5c7-d3bf-4c1d-aed1-36fd25283216,702c5cb0-a610-4240-9bed-879c69cdb9e7
5333fa53-cf25-489e-b4a9-7fcc9f10bed8,5c795220-7de1-4b2c-a5a5-b5171c43c222,821f14d9-7bc0-4e9b-94af-b8fcb6e5280a
3b26b150-9d31-47a3-9aa9-5b54eba3a4e5,4f0f0444-e408-46db-93d5-a6538551db32,702c5cb0-a610-4240-9bed-879c69cdb9e7
dd21f596-d847-419b-b334-308aabf0f819,4b19a3d7-d188-43e6-a6c7-e439c016d20b,702c5cb0-a610-4240-9bed-879c69cdb9e7
af3a87de-027b-4058-a33c-17124d37036e,cf715e34-b6dd-4e36-80a2-2ee079c8c8c2,702c5cb0-a610-4240-9bed-879c69cdb9e7
8a53ffaa-490b-40fb-b960-cc504ca491f8,9dca9f8a-6eaa-437e-820b-84a415509316,702c5cb0-a610-4240-9bed-879c69cdb9e7
6afdf2b8-8030-495d-9fa8-92ad273adfb8,e69765b6-9fb5-4d9a-80e2-c0226b2b6ced,702c5cb0-a610-4240-9bed-879c69cdb9e7
97b83f30-89c8-4022-9f4a-74d099c93a2c,07cbd4d1-5ebe-4ef9-ac78-13baecf1ed13,702c5cb0-a610-4240-9bed-879c69cdb9e7
19ce3194-0be8-493a-8755-b85aab345d18,4aff1a96-8173-4c6d-a23d-219331285da8,4934dc25-aa95-4f0b-80f6-da9704d700d3
a6cd0289-4e31-4ef7-aa53-dce140b60162,aa46aa67-7f29-4130-a946-f8c251de2693,702c5cb0-a610-4240-9bed-879c69cdb9e7
d01b6297-a9ec-42cb-a758-8405c8370951,d9a22418-d887-4966-8acd-96eb64c318b0,702c5cb0-a610-4240-9bed-879c69cdb9e7
2e4d7522-5d5c-4122-8b55-fa08482c129d,ebed85b3-176e-4896-9e1c-6580c7419335,702c5cb0-a610-4240-9bed-879c69cdb9e7
923c5381-99e0-4b7c-b99a-55f19748520f,18d9ca08-7316-44df-baaf-a87a0fcc141c,702c5cb0-a610-4240-9bed-879c69cdb9e7
5ace71ea-4bed-47b2-a6cf-0ba1fe7bcbee,7452384a-3d3a-486c-bc42-23c346bb5279,702c5cb0-a610-4240-9bed-879c69cdb9e7
16b4dc9d-992d-4cf1-ba16-969fd4048e91,afb74154-aa28-4ef9-8af1-39e024ec9942,702c5cb0-a610-4240-9bed-879c69cdb9e7
6d9f2249-718c-4663-a5e2-012bfaf82a96,1705e10d-cf88-4200-9ed8-d12e48809bd2,821f14d9-7bc0-4e9b-94af-b8fcb6e5280a
a0ef94ee-1688-4ab0-97da-4c576011223c,a2b47317-27bc-4732-8613-803c0c9824b0,702c5cb0-a610-4240-9bed-879c69cdb9e7
3b7bce0d-70b4-4090-a927-76c7adfe946e,8f0f2d21-aa15-447b-8ff9-a4c5d3d2189a,821f14d9-7bc0-4e9b-94af-b8fcb6e5280a
f835c73b-8e40-418b-84c8-e7eed5211bc4,310e540d-026f-478a-af1a-f198c3874f7d,821f14d9-7bc0-4e9b-94af-b8fcb6e5280a
05e21ce8-e0a5-4a14-8875-856d46b72b64,1eb680bf-a6e7-4964-97d3-7228449a2b19,702c5cb0-a610-4240-9bed-879c69cdb9e7
df2f9819-8d65-47d3-a9ff-f957d1be720a,3aa93ca6-a4f8-4420-9f51-b29785c6f918,702c5cb0-a610-4240-9bed-879c69cdb9e7
adce22b4-db88-4f71-9527-1d73892a6806,e3e1f43b-7b98-4f95-9e76-4a538a95910d,702c5cb0-a610-4240-9bed-879c69cdb9e7
e4f26a46-f5e1-4543-b48c-72d4fbf6372e,13976fdd-7d14-479d-80d1-d3d817ee39f5,702c5cb0-a610-4240-9bed-879c69cdb9e7
3acc0f54-2029-41b8-9b26-94d07f7771fe,1f4480fb-c192-46dc-ae5f-7345ba2f537d,702c5cb0-a610-4240-9bed-879c69cdb9e7
d3692098-eace-4641-9dc9-dfc04216a412,088a941c-89e5-488f-8621-e0c449449a5d,702c5cb0-a610-4240-9bed-879c69cdb9e7
00ce2c16-c173-4077-a8c3-e9b7e990f132,d58f86cf-5a66-488c-8602-51a4911eaa28,821f14d9-7bc0-4e9b-94af-b8fcb6e5280a
a40cf455-f90b-4128-af3f-de986fa82794,5ecbbe87-079e-4dfe-8a9e-97f9f91f0f44,702c5cb0-a610-4240-9bed-879c69cdb9e7
e6486dec-18fe-4f19-abdb-c52b90092dc5,4bd6f023-61ff-4763-89db-e2a8e1a63f43,702c5cb0-a610-4240-9bed-879c69cdb9e7
dcf4f055-e041-4c00-ac26-402dde886d52,011d4730-6811-40d6-93a6-bd8312a2dddc,821f14d9-7bc0-4e9b-94af-b8fcb6e5280a
952049b6-d321-47ed-8341-b2fba2d82ec4,a892a7aa-e337-4ba2-ae3d-81c6d211caa9,702c5cb0-a610-4240-9bed-879c69cdb9e7
9705611a-c6a3-449c-acf1-5cbf7fe178af,51d2b305-8a79-4e5b-b0df-f9b8a4ca18b5,702c5cb0-a610-4240-9bed-879c69cdb9e7
5a4a1608-fcf9-455f-a32f-50af8ff90b84,efd5ad23-73ce-4422-b6c8-1d02c44855eb,702c5cb0-a610-4240-9bed-879c69cdb9e7
17c395b0-9127-476b-b797-2370e48de8e3,4feea327-9dc6-4460-a510-5f93d128a0b2,702c5cb0-a610-4240-9bed-879c69cdb9e7
748630dc-f513-4316-9c05-7d66efd80f88,62f63d49-3112-4318-9214-8dcd0db6f6da,702c5cb0-a610-4240-9bed-879c69cdb9e7
23eef786-3f1c-4fe6-9be5-3ff7781b02ba,bc731962-4e8b-446d-bca1-f9c6035998dd,4934dc25-aa95-4f0b-80f6-da9704d700d3
89d14017-ec7e-41e9-b744-a5ce34c420c8,f7406e01-efe9-419d-903f-2aab495f2362,702c5cb0-a610-4240-9bed-879c69cdb9e7
1b582891-3e81-467e-a242-2e9eb3f395fa,6fc76c59-82e8-41e9-89f2-7d8f7f882a4d,702c5cb0-a610-4240-9bed-879c69cdb9e7
80c0477b-0492-461b-976d-be24205d02ef,8c86c4ea-224b-4ea8-bd88-0250ad6ba0df,702c5cb0-a610-4240-9bed-879c69cdb9e7
60f59b0a-8e03-4827-ac2d-924ab8bb41aa,f6fb6d84-a988-4867-9064-961588e8b0d5,702c5cb0-a610-4240-9bed-879c69cdb9e7
626c5e43-9d90-4342-88f4-dd71fd52d455,13efb338-f413-48e6-91ea-d959d66d15dc,702c5cb0-a610-4240-9bed-879c69cdb9e7
57571fd5-a246-47d1-90bd-1a04e242e573,6c4c6d72-83d3-4ccd-ae2c-de3fbe584f9b,702c5cb0-a610-4240-9bed-879c69cdb9e7
77ba37dc-4cf1-481a-9993-c73c2f547f0b,f309dbd5-393f-48ad-bf71-5cc94b3c07de,702c5cb0-a610-4240-9bed-879c69cdb9e7
f47d1264-f718-4ef5-af4c-76172c65dec5,236ee1e3-e88e-4d1e-a02a-606bd4b1953f,702c5cb0-a610-4240-9bed-879c69cdb9e7
cf6d1a21-cdb4-4870-a6a2-72e8cd50cdb3,bc4daf12-b5a0-4a03-8439-bfd56c15be70,702c5cb0-a610-4240-9bed-879c69cdb9e7
0c89f0e6-7511-44f7-8908-d0c968ec9aa3,9ea74086-846b-48b1-a19e-6a77f459e2d5,702c5cb0-a610-4240-9bed-879c69cdb9e7
dd693803-98aa-4e9d-9971-5c3b78cdfaae,db421914-3b62-4a54-9c52-b97b652386b9,702c5cb0-a610-4240-9bed-879c69cdb9e7
ace745f9-482d-4732-ad98-1b4c687ee28a,d970fbbe-7202-4d20-9d48-f439d7e1c304,821f14d9-7bc0-4e9b-94af-b8fcb6e5280a
df644df1-7059-472d-a19a-1856af4ad4d5,292fed52-d841-4f2d-90dd-9400246a8323,702c5cb0-a610-4240-9bed-879c69cdb9e7
53f8a55f-3314-4b21-a21b-02707be01f52,0f51057f-8a44-4316-8046-0613726e5d63,702c5cb0-a610-4240-9bed-879c69cdb9e7
41fa27c5-5759-4415-9603-fa025f3789aa,46aceb2f-4e38-4998-a60b-912bfddd9873,821f14d9-7bc0-4e9b-94af-b8fcb6e5280a
d9a1626c-96fd-4117-a8dd-9fab0b9ee68c,21f29561-b17e-4292-8200-f80c3f39f219,702c5cb0-a610-4240-9bed-879c69cdb9e7
1dbe1f94-9699-441f-b616-fa12e8091ded,0aa80b8e-bd67-42e4-a5cd-d0bd57392d80,702c5cb0-a610-4240-9bed-879c69cdb9e7
e6d7a65f-6e7f-43f2-a64c-ae1d2597159a,fcf4f8d3-59ae-444a-a892-c400aa56497a,821f14d9-7bc0-4e9b-94af-b8fcb6e5280a
584b40e2-fad7-41e0-a13f-2c6b6d239a7a,8e5bf845-569e-492f-bc15-f4d63096455d,702c5cb0-a610-4240-9bed-879c69cdb9e7
5dad56d2-718d-4633-98ec-09bdc4735cf5,b8ea4f91-42c7-4037-aafc-d4702a8fca6f,821f14d9-7bc0-4e9b-94af-b8fcb6e5280a
061e0532-7d1d-4766-bbf2-316a144a9485,97a3b61f-0c3e-45f7-aa93-f190c2efd935,821f14d9-7bc0-4e9b-94af-b8fcb6e5280a
b4743d4c-38e9-4786-9de9-b541b9436547,8945feef-e279-4ef9-b871-e22ec5d36ff3,821f14d9-7bc0-4e9b-94af-b8fcb6e5280a
b124afe3-5cd2-4dbb-ac75-ca912ed0119f,9f423baf-885f-4de0-aa5a-dd531ef76f82,702c5cb0-a610-4240-9bed-879c69cdb9e7
980c11a8-0400-4d23-ba06-ed10aad07287,f4e691ed-24f3-446f-9c85-03ebd94707ca,702c5cb0-a610-4240-9bed-879c69cdb9e7
39150a63-0fe5-40df-8617-115650f3a6ff,4e09d369-54fe-46c2-bdd8-7ea3a81d14c4,821f14d9-7bc0-4e9b-94af-b8fcb6e5280a
eebca558-b24a-480f-8e28-d0122fcbedb7,9d09aaaa-5ae1-4351-a813-990172a93abe,821f14d9-7bc0-4e9b-94af-b8fcb6e5280a
6647145d-f3f9-48cc-a06a-8b233b379366,51b458d7-4995-438c-a475-2bc21e0d5144,702c5cb0-a610-4240-9bed-879c69cdb9e7
49216144-7fcc-43c2-9e4f-35a985098688,7d0ba939-85a2-4ad3-a4ee-81b8221218c5,702c5cb0-a610-4240-9bed-879c69cdb9e7
fe0f2201-1562-42cc-b9f6-16fa43923d39,047db074-9c15-4edb-b4b5-d1fcae9a4cf6,702c5cb0-a610-4240-9bed-879c69cdb9e7
de023470-02ef-4889-8728-10eaee180bc2,f933208b-c757-4340-9d3c-9586110712b8,702c5cb0-a610-4240-9bed-879c69cdb9e7
09a4384b-0f4b-4315-b622-fab4eb599e31,fe327aa1-18ec-4bbd-8390-b8ad9818621d,702c5cb0-a610-4240-9bed-879c69cdb9e7
c951793b-3dbb-4534-9f05-8212790946fd,35a6cfea-3ee9-4a53-8deb-3dade81d0366,702c5cb0-a610-4240-9bed-879c69cdb9e7
aa7c85e7-a1dc-4ca1-89d9-0a6cd15e1aa2,7f0511b7-e427-4a8a-9de0-d0dbcd77425c,702c5cb0-a610-4240-9bed-879c69cdb9e7
d50999fe-b019-4ff1-b88b-5cd43a6f1712,66096be1-e15a-48a0-8144-7ac2efd0ead4,821f14d9-7bc0-4e9b-94af-b8fcb6e5280a
83ebdbab-d0cf-414b-a60d-9abeb26aa8ba,30f827ca-7264-42be-b845-26a43066783b,702c5cb0-a610-4240-9bed-879c69cdb9e7
313835fd-6109-4803-b255-69f1f73543e1,ee65cfb7-9bac-43d0-9d73-0afd5531bec9,702c5cb0-a610-4240-9bed-879c69cdb9e7
80de545c-1b9b-4422-9c8c-101af047339e,433f4fb7-ff50-4d02-a5ca-9364e01359c7,821f14d9-7bc0-4e9b-94af-b8fcb6e5280a
8b3ce885-9e32-4e87-9cc9-bf70d0ee508b,dafc84f5-3b5d-4ca2-b2a0-805b3e351f27,702c5cb0-a610-4240-9bed-879c69cdb9e7
1ff987ac-7f09-4a10-9358-9d69430c58e6,47cbd822-0184-49e7-8ba3-ed54b158fa4b,702c5cb0-a610-4240-9bed-879c69cdb9e7
bc3a2c32-c586-49da-9195-dc057d5ad122,f86544b3-b6ed-4778-8280-a76ab1a57922,702c5cb0-a610-4240-9bed-879c69cdb9e7
557bcdd4-1f48-4af9-92bb-feceaf4b57ca,d1c1d519-4b8d-4b46-be47-796928e96c08,702c5cb0-a610-4240-9bed-879c69cdb9e7
24c1b603-fe0a-45fc-b889-2b753f923113,b35fb772-ad3d-4a57-ad1c-3ff97debab75,702c5cb0-a610-4240-9bed-879c69cdb9e7
9f311668-551f-4e0b-b752-57eea0e00bf5,3de98ab9-2839-442a-8038-5454eed36170,821f14d9-7bc0-4e9b-94af-b8fcb6e5280a
4237b7d0-b4cf-4ffc-9ed6-563d27366ba2,f250390c-db2f-4547-93aa-934d8b8d35b4,821f14d9-7bc0-4e9b-94af-b8fcb6e5280a
a9008168-64b0-4102-b87b-de412ebfe5d8,e123facd-1177-4dac-abd5-34a4b1b5f540,702c5cb0-a610-4240-9bed-879c69cdb9e7
de041efc-6008-4d5e-844f-7bf9491a3151,91859514-1a2b-4d2f-8c9e-b868542c5c6a,702c5cb0-a610-4240-9bed-879c69cdb9e7
02740a80-76be-41ef-868c-cb62c023c01f,9054ed40-7447-4738-bff6-07cd81c8931c,702c5cb0-a610-4240-9bed-879c69cdb9e7
ae93a61a-5a40-409d-8035-6af368a6dea6,b86dec49-090d-4aa9-9b1a-38a77fb6d69f,702c5cb0-a610-4240-9bed-879c69cdb9e7
92013751-bea7-4ab7-a2cb-485fcdeb4a95,8b3e3948-2711-476f-9d15-4266af2d78f2,702c5cb0-a610-4240-9bed-879c69cdb9e7
96129804-be72-48f1-b02a-c7f838b94eab,7cdc3a5c-8c54-4098-9b0e-10636d4fda79,702c5cb0-a610-4240-9bed-879c69cdb9e7
46d7cf8f-c26e-4ec9-a634-590798faeac7,ce9b311c-7a96-44ac-80ab-d6084738746e,702c5cb0-a610-4240-9bed-879c69cdb9e7
c28497b1-1329-4326-b48c-6d85caf2e9fd,364b29bd-637e-4751-905d-eac3005c3e2e,702c5cb0-a610-4240-9bed-879c69cdb9e7
bf11e33a-a92a-4d7b-9afa-42c8db50e241,65a2b4d5-a44b-486b-9bb6-eeb5dad62893,702c5cb0-a610-4240-9bed-879c69cdb9e7
ca2d6678-e09a-4ddf-a596-f0f06e9a160c,9a03d306-e739-4341-bffa-b5979fbc434a,702c5cb0-a610-4240-9bed-879c69cdb9e7
61a7ea6f-238f-4846-9c1f-462d80a82c97,4ee47ad9-c5b2-45b8-a605-8b9cbb9477ba,821f14d9-7bc0-4e9b-94af-b8fcb6e5280a
f10bb779-2f60-489f-8473-a55f7b119f88,3e8c0b03-3029-4cc1-b9a7-14bcdb7c6a85,702c5cb0-a610-4240-9bed-879c69cdb9e7
732d6ff4-6af8-493a-ad12-5513e7ccdd24,e1a4a350-d798-4f0c-99a5-0766de416844,821f14d9-7bc0-4e9b-94af-b8fcb6e5280a
a445e49c-160d-483c-b8d0-8cee6ea4eb88,345fe91c-00ac-415a-bfbe-90f54f1fdbf6,821f14d9-7bc0-4e9b-94af-b8fcb6e5280a
43f0e368-a7c9-4646-ad43-e5204a780c45,476655a4-c69a-4310-ae8e-8aaa9efd8402,821f14d9-7bc0-4e9b-94af-b8fcb6e5280a
9150fab7-fe7e-40cf-8a06-70e46baa6b9f,8c9f5dd2-17de-4c35-bafd-e2dc6ab796a6,702c5cb0-a610-4240-9bed-879c69cdb9e7
1d3c97ba-1ecd-45d6-8e17-aa0da2cf71b3,394a6603-082f-4014-9878-2958eec8a72a,702c5cb0-a610-4240-9bed-879c69cdb9e7
63a640da-0fa4-43d6-a2fe-88d9969cb1f6,39232803-ec3a-41d6-b96d-ab091da20f7d,702c5cb0-a610-4240-9bed-879c69cdb9e7
33e735b9-d8c5-432a-a274-dbd5e2e9b5fb,ace32fb7-da27-446d-950e-45b7fdb2017a,702c5cb0-a610-4240-9bed-879c69cdb9e7
040761e8-c2b1-4eb6-91cb-f05dcb52d96b,59a3da09-4df4-44d0-a44e-0d6a67a98c42,702c5cb0-a610-4240-9bed-879c69cdb9e7
1c082368-d126-4e50-bd59-4a9337d358d4,f0fcd505-4d92-4d1c-9eb9-5f7471deed60,821f14d9-7bc0-4e9b-94af-b8fcb6e5280a
7e301729-7ea5-4af0-99d1-4182eaa06420,48ab878c-e6a5-40ba-b626-ab5591f67b5e,821f14d9-7bc0-4e9b-94af-b8fcb6e5280a
a69a7417-e474-4334-85a5-3780ebb704a7,100fcbd7-ea81-4b04-8403-a94d92388697,702c5cb0-a610-4240-9bed-879c69cdb9e7
d6705090-53f8-4502-8643-7262dd7f95eb,156fe945-335e-4432-ace4-a73d12e32bac,702c5cb0-a610-4240-9bed-879c69cdb9e7
d7735ada-f7d1-43e1-9e65-d8c7131e3a41,11ac9aac-8833-4660-b79e-68b294639318,702c5cb0-a610-4240-9bed-879c69cdb9e7
a5a487cd-de26-47e6-9b2e-cec48e17c9b7,0e9ea689-ea88-48c0-b7e5-3036dc128f38,702c5cb0-a610-4240-9bed-879c69cdb9e7
e6f1451b-eb90-426e-b4d4-77ad3ace03fa,e806437b-6eba-436f-89cf-b4faa2b9ec30,821f14d9-7bc0-4e9b-94af-b8fcb6e5280a
3c587aae-4cfa-4ab0-b07c-08713d7d4be9,ec72d11b-8374-45cc-8a13-98738cbc2ff0,702c5cb0-a610-4240-9bed-879c69cdb9e7
3ce41d22-50a8-4525-9eef-062313a85a4d,4052c57a-abb9-439c-b717-bc609f5bd3eb,702c5cb0-a610-4240-9bed-879c69cdb9e7
3e385130-d6c8-4e82-bb43-8ab3ab7570dd,4f65d37a-91d0-4083-b13b-e4a9f4c1d58b,702c5cb0-a610-4240-9bed-879c69cdb9e7
fad5d0a4-5bc9-4fed-9a09-96c2f67e1382,9be8c5e3-38df-49b8-89ee-8c1ab282d04c,821f14d9-7bc0-4e9b-94af-b8fcb6e5280a
681f1327-e551-485c-b3bb-e880b6dc4418,0ae49fee-2bfb-4ea7-8c49-8e3b1978b4a7,702c5cb0-a610-4240-9bed-879c69cdb9e7
81a336aa-3da2-4f18-8495-3be8ef8f2cb8,65a98a51-d3d8-4c59-94b9-10fd94ba3d70,821f14d9-7bc0-4e9b-94af-b8fcb6e5280a
e1675794-1993-4d3e-83c6-c74cd6cfb384,07b2c256-dccc-46d0-a6e3-18cc899da917,821f14d9-7bc0-4e9b-94af-b8fcb6e5280a
4541b952-1fc8-48c7-8665-3d63d6e21911,ad7ddb6c-b073-4302-a338-42ca5dae6ac8,821f14d9-7bc0-4e9b-94af-b8fcb6e5280a
90b4755e-4d16-41b0-995a-82d40e062d7e,a35b83d1-9d34-4fe8-9e7c-27429589f5fc,702c5cb0-a610-4240-9bed-879c69cdb9e7
d673ebd2-bf54-4ee7-a576-8a98ac1204fa,a1c0b403-d720-48ed-8f89-1750cfeb5f6d,702c5cb0-a610-4240-9bed-879c69cdb9e7
5467b061-2221-4226-a9d7-ead1317a314c,30022bfb-1a81-4ec8-a523-5113c5450005,702c5cb0-a610-4240-9bed-879c69cdb9e7
f596e620-96ef-41b8-aca9-024c411aa657,de781a15-b994-4d5d-af83-8bc288b02187,702c5cb0-a610-4240-9bed-879c69cdb9e7
aab1c857-f907-42b1-9820-3661957e1618,1c38111f-d583-46f6-9a20-1af02644be2f,702c5cb0-a610-4240-9bed-879c69cdb9e7
1ac47678-d425-4d21-b613-cd2ede9833f3,18a51ef8-3176-47f3-9810-88a144a225c9,821f14d9-7bc0-4e9b-94af-b8fcb6e5280a
9bc8e989-0595-45d8-909c-f29b43c5f7ac,bc4c6603-c188-44fa-b4c3-8f91723a2e4a,702c5cb0-a610-4240-9bed-879c69cdb9e7
f5cc5681-cef6-4275-a486-e7cb05907e25,6c81802c-aabb-46d2-a84c-2f38d1acddcb,702c5cb0-a610-4240-9bed-879c69cdb9e7
4a8e82af-4441-43da-a909-c8884518a2fa,ad86a9d4-9163-4d7b-9dbb-c041992b9a8e,702c5cb0-a610-4240-9bed-879c69cdb9e7
f44099bb-71fb-4fee-ab58-980a841a545e,bd51415d-fe4c-4174-960d-da35298ce099,702c5cb0-a610-4240-9bed-879c69cdb9e7
e7d3a48e-3ce8-4115-aca3-02333469b9b7,43f5c112-1f4f-44b0-b680-b8e04d640e80,821f14d9-7bc0-4e9b-94af-b8fcb6e5280a
f403ca9f-c7ad-4905-b510-3e223b3bb325,2b2cdb71-e7fc-4025-bc39-9181ce915b0c,821f14d9-7bc0-4e9b-94af-b8fcb6e5280a
83e0e4af-81f9-44cb-ba3c-3cbb4e88fd43,da9d4ea3-1a0f-4cbb-97c6-6827fee7cdb8,821f14d9-7bc0-4e9b-94af-b8fcb6e5280a
5dab24b6-b700-4069-adbc-4df294c3c7ee,b57fecef-1ba9-4957-b9e3-763c3c404c8d,821f14d9-7bc0-4e9b-94af-b8fcb6e5280a
aa06f1f7-c836-48c8-885b-049bf9f65d52,cdcbff52-3a89-474d-9022-3175bf08d174,702c5cb0-a610-4240-9bed-879c69cdb9e7
3efc6d66-44ad-4bfe-939f-c21249966d1c,74225d6e-b447-4609-bd3b-dcf92191bdfd,702c5cb0-a610-4240-9bed-879c69cdb9e7
bbde283d-abfd-4fd4-bffa-561f51eb68b8,08546ea2-01f8-43a2-bc55-8f8605f173d0,821f14d9-7bc0-4e9b-94af-b8fcb6e5280a
c1d6d6ce-6cb5-407d-9a92-440f19ec88a5,5e1e8b92-7b5f-4510-a4d4-6f2aaa5fae05,702c5cb0-a610-4240-9bed-879c69cdb9e7
057eedf4-8cbc-4219-83b9-8b64f2f5b53c,d5f4e0e1-d973-49a2-8436-e0ea7f391a48,821f14d9-7bc0-4e9b-94af-b8fcb6e5280a
db95a06e-e459-4af7-b7a4-7e9be961f239,f31705e3-0664-4cb9-9dd7-c5755d841009,821f14d9-7bc0-4e9b-94af-b8fcb6e5280a
9c27edfd-2ed4-410e-b498-76bf86ddf615,9b31de87-f07e-4940-b11e-14467ee01c07,702c5cb0-a610-4240-9bed-879c69cdb9e7
1b7b48e0-1aab-4366-9c9c-502750d19e02,6c56631d-12cf-40bd-a098-c717e1c04793,821f14d9-7bc0-4e9b-94af-b8fcb6e5280a
6fd2509d-30f6-47b9-a43d-47785c942501,0a35d01d-88dd-4960-b0a1-4ae5add06498,702c5cb0-a610-4240-9bed-879c69cdb9e7
2164f054-4106-494f-b406-354feff96666,d8026dc3-0512-45c5-bd43-16a16a7983ac,702c5cb0-a610-4240-9bed-879c69cdb9e7
9ad18523-822b-4fb5-ae22-28745af7f3a3,1ca499e0-aa48-434a-98f7-d02e9e6de1d8,702c5cb0-a610-4240-9bed-879c69cdb9e7
4b27e9cc-81ec-49bb-8651-0d52fcc764dd,04ae2ada-3caf-4110-b905-4ba9a9fac412,702c5cb0-a610-4240-9bed-879c69cdb9e7
1500b233-6f95-4d5c-b3bf-4bb8277a8c28,a0f869f9-88ac-400d-8491-9f4c34ec91a3,821f14d9-7bc0-4e9b-94af-b8fcb6e5280a
1d3857ec-1193-4059-80cf-b395be0d8404,0c753c78-f6e0-42ce-a782-ab95b0f41977,821f14d9-7bc0-4e9b-94af-b8fcb6e5280a
1689b0be-6435-4c48-bcf1-92ceaee47634,d3c6259a-ce61-42cf-83cb-127964667bcc,821f14d9-7bc0-4e9b-94af-b8fcb6e5280a
0badcf28-7d89-4e01-9077-91b7adabdcf6,6ce31a9e-ff45-43ce-899b-e9bcb7e21f62,702c5cb0-a610-4240-9bed-879c69cdb9e7
0e780d54-8ac5-470b-8e9d-7e3548f2fd6c,42742a7c-4ae3-485a-9cc3-f0dac14da1fe,702c5cb0-a610-4240-9bed-879c69cdb9e7
caa83600-2853-42fd-9ed8-0ac2932ccdfa,9ca4432b-33ea-400c-971c-8f2d40397463,702c5cb0-a610-4240-9bed-879c69cdb9e7
b7c21f68-21d2-45fe-8313-1d426fb81b4a,1b0c7b40-e220-4227-b782-564c785b7b1d,821f14d9-7bc0-4e9b-94af-b8fcb6e5280a
edf932de-923e-49e6-a0f9-23753ea96114,d1e9bac0-6113-49c2-b154-4395e6450cc5,702c5cb0-a610-4240-9bed-879c69cdb9e7
f03de673-5853-4849-960e-32f185ff2757,b92033d8-80b0-4d6a-a694-5b95c976967d,702c5cb0-a610-4240-9bed-879c69cdb9e7
cccc6d5a-1ca5-435d-9437-c63752995e7b,ee23208d-2419-408e-a387-3874e1654012,702c5cb0-a610-4240-9bed-879c69cdb9e7
00b3e690-23e5-4381-952c-3e25aa8ee036,4df099db-de20-4de7-a716-6fcf6784802f,821f14d9-7bc0-4e9b-94af-b8fcb6e5280a
f671cf6a-a794-43b4-9b1a-71711069f2f1,787ee1cb-b6a5-477e-b4ff-fb66dfe42636,702c5cb0-a610-4240-9bed-879c69cdb9e7
61dde17a-4c18-4d10-a6de-1882725106a4,6306a56d-29ad-421c-a65e-1758621d54a1,702c5cb0-a610-4240-9bed-879c69cdb9e7
8e030e9d-a339-45fc-9f3c-23b6e1c49897,35052882-ba98-492e-937d-347c335a5f60,702c5cb0-a610-4240-9bed-879c69cdb9e7
46809127-9db7-4ba9-8c21-704614e95db4,a2613a48-b005-4485-8191-54861b99a687,702c5cb0-a610-4240-9bed-879c69cdb9e7
15a9dddf-e502-4d57-8963-db2bd49042b0,007acdc0-ebad-457a-bfd3-3037ef9ff109,4934dc25-aa95-4f0b-80f6-da9704d700d3
d03ae2b8-22f0-46eb-baf8-806510122bc2,47ebd218-f996-45a5-beb1-4777cb4db9ed,702c5cb0-a610-4240-9bed-879c69cdb9e7
04dcd7d7-96ff-4b48-84ad-42b999b6999d,1e81d173-f7d5-4c7d-8131-687ea42c9e3d,702c5cb0-a610-4240-9bed-879c69cdb9e7
8d1d0bc7-82d7-4883-b0a9-c7f3ae4f7ae5,0126e6d5-091b-459f-8532-475c85ad7838,821f14d9-7bc0-4e9b-94af-b8fcb6e5280a
b02d8b85-d229-4e93-9d41-ccbc97b4827f,dcd89b39-446a-4f6a-b559-b2257b00d355,821f14d9-7bc0-4e9b-94af-b8fcb6e5280a
62dc1b49-0086-4272-ad1b-0257ca1e3255,0812a021-306d-48fb-a81a-fb384c20ed0e,702c5cb0-a610-4240-9bed-879c69cdb9e7
824ddbc8-2b9d-4615-b501-e2a5ddbc7f11,6b365641-cb6c-46af-9e42-eb44b32c5d29,702c5cb0-a610-4240-9bed-879c69cdb9e7
7b5a1707-123e-4c67-ad40-d96956da2182,246d0c14-15ef-4e3f-b335-f149f715d05c,702c5cb0-a610-4240-9bed-879c69cdb9e7
7de4053a-f785-4a29-8c0c-d55c93654834,083ce993-1f16-47d5-9452-6dd4cdc73fd1,821f14d9-7bc0-4e9b-94af-b8fcb6e5280a
89c06481-9109-4719-af5e-c7c109d8b76d,a9fee932-58a3-4fb7-a195-31ec0a0448be,702c5cb0-a610-4240-9bed-879c69cdb9e7
703478e5-35e4-43b2-b2a3-4e5ce9b8d838,c2b11bd5-27e5-418f-b69d-93c808a49b01,702c5cb0-a610-4240-9bed-879c69cdb9e7
cc27d237-3b2e-4cb2-a106-1a4626fb5ef1,f65f35c4-f75c-445e-96b8-59ba0c3b5cd6,821f14d9-7bc0-4e9b-94af-b8fcb6e5280a
ad7ea905-f094-47d4-9610-f6615b7a3008,f2aa62e8-633c-4078-a88a-c91ad67655eb,702c5cb0-a610-4240-9bed-879c69cdb9e7
70d16831-1d84-49bc-abd8-d4a8f1894f3c,fb531762-5e53-4bb3-84c5-8558e0178279,702c5cb0-a610-4240-9bed-879c69cdb9e7
599851e6-0e4d-40ba-b9b6-999ae667c351,ed0929a6-1216-41bf-a3ed-a4980977e2a1,702c5cb0-a610-4240-9bed-879c69cdb9e7
f60b6979-31a4-41a7-88dc-c3fe76f2f3ea,3bd01e2f-f216-4c7e-83f3-2740ff9a4dd2,702c5cb0-a610-4240-9bed-879c69cdb9e7
10527c60-5cb0-42ad-8325-eaf172061d9c,db35acc1-f767-4e88-89d7-f4f3dd04c6cb,702c5cb0-a610-4240-9bed-879c69cdb9e7
7095cba2-b4e9-412d-8e16-dcd06c44ab34,d2c30047-dd2c-4e64-9e61-5548a914b855,702c5cb0-a610-4240-9bed-879c69cdb9e7
f4f32638-7ff5-4d28-ac85-81f947682d02,e585448c-8135-4780-8df0-c6dfba5e4a9e,821f14d9-7bc0-4e9b-94af-b8fcb6e5280a
7a002fbb-06af-47a5-b435-d0f3aced7711,4eb8b8c2-9cfe-4adf-8073-2e9fc5bba792,702c5cb0-a610-4240-9bed-879c69cdb9e7
cf66b503-30c8-4a59-916f-c17d96107a18,7ecee556-1aaf-4fb7-8a77-3418ef33df76,702c5cb0-a610-4240-9bed-879c69cdb9e7
d2ee1b85-e70c-45cf-be51-11221486fa63,1022176a-a200-4106-80b7-21b85f587e14,702c5cb0-a610-4240-9bed-879c69cdb9e7
7da80b9f-3aac-4c53-94e3-0a7791ed79d3,e9b48cf5-391c-4259-9ea5-994c02c1b251,702c5cb0-a610-4240-9bed-879c69cdb9e7
59a5b995-62d0-4736-a202-3d9220764177,a11c358d-2f4f-4f0f-aa1c-1a33d85b524d,702c5cb0-a610-4240-9bed-879c69cdb9e7
744c33b5-f95d-43b0-95dd-b9ab299b57c5,4cddef2b-f39d-41b4-afe8-d1e5b865e355,821f14d9-7bc0-4e9b-94af-b8fcb6e5280a
ec81695b-be14-4b50-8fc1-300707601fc8,be0bdbcb-f5db-499a-88e2-d627a8ac95f5,821f14d9-7bc0-4e9b-94af-b8fcb6e5280a
65519abb-7705-4da7-9b19-abf9c81d77c3,d0a3535e-3cfc-4242-bbd1-42118640979a,702c5cb0-a610-4240-9bed-879c69cdb9e7
b38adbfe-751e-4377-acbf-c3492f243420,463b5024-d931-4697-bf53-5900777bb290,702c5cb0-a610-4240-9bed-879c69cdb9e7
66decca0-b318-4921-be75-419f8ac25e4c,99ee123a-43e4-4738-a441-6e847ccb5a08,702c5cb0-a610-4240-9bed-879c69cdb9e7
32d06b59-4437-40b1-9556-b4fa1fa11061,60085062-d475-4865-855d-0cc6372e87ae,702c5cb0-a610-4240-9bed-879c69cdb9e7
30ec7005-e817-4d2c-bdbf-cfa7a8e14f25,22d8185e-84a4-48b0-a6ed-37be17fffc6f,702c5cb0-a610-4240-9bed-879c69cdb9e7
688bdb38-6483-4ca3-9844-f6f1cc4b8307,32f7ebf2-b1f8-45b9-9994-c706efb99397,821f14d9-7bc0-4e9b-94af-b8fcb6e5280a
f129e8cf-6031-475d-b26f-38c515ca2ac2,86ab360a-e7fd-433a-97d2-aac1d2fa2566,702c5cb0-a610-4240-9bed-879c69cdb9e7
7984253f-8d96-4892-957c-e0bd9a9731f6,f3c96243-3677-4af0-bd19-87efe92425ec,702c5cb0-a610-4240-9bed-879c69cdb9e7
daca7aa8-595e-4ff7-ad03-556657919d6f,ec46b7b1-97a0-4adb-9d06-f81b9bac76d0,821f14d9-7bc0-4e9b-94af-b8fcb6e5280a
81c3f679-b71f-4dec-9639-f37835e01dcf,fc8825a6-0bbd-452e-af40-51944a100649,702c5cb0-a610-4240-9bed-879c69cdb9e7
80d83b12-336d-4424-9f77-ec220f8af5e8,76701f1f-528a-49da-97ad-ccd71330912f,821f14d9-7bc0-4e9b-94af-b8fcb6e5280a
92602c7b-9eb0-4aec-a849-da8d46df3036,9d4f2d5b-25cb-45a1-85ce-19117b9d7c70,821f14d9-7bc0-4e9b-94af-b8fcb6e5280a
1490785a-0159-4ec2-80dd-3d11e4c6d105,a88a638f-6ff9-49d6-b69f-bbf5adb50f39,702c5cb0-a610-4240-9bed-879c69cdb9e7
317d8ad3-696d-4aee-ace2-c26739aa08b4,576d58d2-fe8e-4d8e-8d2e-877676d2de92,702c5cb0-a610-4240-9bed-879c69cdb9e7
97893ff2-ba0f-4d33-bd03-cc3f6c51df3b,8e8f9572-778d-4e2c-ac36-8cbbba992ef1,702c5cb0-a610-4240-9bed-879c69cdb9e7
0d60e542-5b00-4ca3-bfb4-c681ae194d22,b233b3d4-4b49-4721-bcc1-c4ad95050041,702c5cb0-a610-4240-9bed-879c69cdb9e7
00c42365-8487-405f-8329-c74d8a177517,3a4fd08c-73a0-48b1-b7c4-c443ce695746,821f14d9-7bc0-4e9b-94af-b8fcb6e5280a
937dc4d5-b853-4ea2-a03e-24cc26b5db9a,f049924b-4727-41fd-982f-95318a8276e1,821f14d9-7bc0-4e9b-94af-b8fcb6e5280a
cfabb9a9-5946-4e97-b789-0a4349a99c9d,52b02807-7174-484b-9a5e-6c38ebfbfea0,821f14d9-7bc0-4e9b-94af-b8fcb6e5280a
65e598f5-d6c8-4db2-bf46-39256a153dc6,457601bd-996b-41a7-8b00-e16b2bcdbaf5,821f14d9-7bc0-4e9b-94af-b8fcb6e5280a
65103128-4ddd-4173-b4d9-d6b925c55dbd,8ff71b69-4e6c-4d8a-9b4e-287d9e3a156c,702c5cb0-a610-4240-9bed-879c69cdb9e7
cdb03875-1a57-49fc-8279-1a03656f398e,f9d8e3b1-297c-4749-85b7-5a6dee993bc4,821f14d9-7bc0-4e9b-94af-b8fcb6e5280a
2bbf1bd2-41bd-4c4e-81e6-e5f7bae20a10,ea561109-6b30-45a1-9ab3-7ddc59fc1c42,821f14d9-7bc0-4e9b-94af-b8fcb6e5280a
2fc84887-0a93-4d5f-9e4a-f12c9db72407,aa2ddfde-7959-45f5-8ee5-c2bf1d99bc44,821f14d9-7bc0-4e9b-94af-b8fcb6e5280a
86d2db69-3168-4d0a-8a67-7a6e7d8b45f3,d45dc3e5-0374-41d2-9d9d-253077690091,821f14d9-7bc0-4e9b-94af-b8fcb6e5280a
1610bfb0-e7a3-4b7e-bb53-0ca4b22a7729,a6965919-166c-44b8-bebc-d6507179840d,821f14d9-7bc0-4e9b-94af-b8fcb6e5280a
84588fe4-224a-42ff-9eaa-21b554336100,ba0bb02e-d75a-47d9-b535-5d8164ac1636,702c5cb0-a610-4240-9bed-879c69cdb9e7
7d3d1666-db10-4ea1-acae-f4ba93b00c90,41e21376-9f82-4e6f-bfa2-988f749d8c25,702c5cb0-a610-4240-9bed-879c69cdb9e7
470ff0d9-3811-4b88-a65b-8bfa09d9217c,65f8c736-9c01-4b9c-a8a5-57fa2ca6b04a,702c5cb0-a610-4240-9bed-879c69cdb9e7
a8a186da-4502-4ae4-b3df-ba77ecc2cc6a,dda3d07d-1db4-4e93-b58e-ec17ddaae86a,702c5cb0-a610-4240-9bed-879c69cdb9e7
f01d657d-09c1-45c7-9928-f2729a7f9b55,89760ef5-92c9-4fe0-a792-a3e8dfb75dd9,821f14d9-7bc0-4e9b-94af-b8fcb6e5280a
8a0270cb-1546-4f8f-b342-5cc38ebd4398,3f05be66-5aff-4ff9-ac46-9890e014dc35,702c5cb0-a610-4240-9bed-879c69cdb9e7
0ac9789c-35da-4a1b-a706-e56031da5599,037f4d06-9fd2-4062-9fb3-e96bf5ac82f9,702c5cb0-a610-4240-9bed-879c69cdb9e7
758ad21e-d9b6-4a01-b09b-e89208223898,655f7a93-7453-4707-ba44-273bbf82c94f,702c5cb0-a610-4240-9bed-879c69cdb9e7
8a7b068a-ef7e-41ae-a0c9-58f76febf195,c6d41b03-4b96-4c66-b64d-e780b6d467ae,821f14d9-7bc0-4e9b-94af-b8fcb6e5280a
c1ccdaea-7de1-41a9-8fe2-200078f50bfb,0595619e-385e-492d-b333-cd57efdfa420,821f14d9-7bc0-4e9b-94af-b8fcb6e5280a
a7a8d884-7f66-4fb4-8ec7-61668bd54624,aa1897d5-0573-4848-8465-a0e447d85e29,821f14d9-7bc0-4e9b-94af-b8fcb6e5280a
c60800b1-decf-4dbd-87b2-3cb25124e1f1,9c3975a9-cf3a-438c-ba1f-b401803994d7,821f14d9-7bc0-4e9b-94af-b8fcb6e5280a
0cd45dcc-a86f-4ee2-ac81-0156771cae66,11da65a0-0068-4f04-9a3d-94819eaca5e9,702c5cb0-a610-4240-9bed-879c69cdb9e7
398cb4e7-20ea-4267-859a-6ac49a19749d,925cc331-cbca-428d-89e0-3ae07f389031,821f14d9-7bc0-4e9b-94af-b8fcb6e5280a
29720fed-26a4-497c-9605-57aaed6f1ec1,7876697a-65ed-4eaf-b811-78370fa6aafa,702c5cb0-a610-4240-9bed-879c69cdb9e7
75741cbe-bdd9-4aa7-a1d0-3e643ddf3137,efd21060-2a29-4043-91ce-61adb09967e3,702c5cb0-a610-4240-9bed-879c69cdb9e7
f4aaaa34-e823-405a-ae32-ad7de0143237,fe27d9c2-1e4d-4b44-800e-78353ca6419d,702c5cb0-a610-4240-9bed-879c69cdb9e7
c5f1c46c-a50c-4251-8092-5adf56db95ea,15ddd9d9-b3ff-4e38-9d74-5bbcdf1da479,821f14d9-7bc0-4e9b-94af-b8fcb6e5280a
999db198-6726-4b9d-9c75-9f5ad1b27756,b87daf5b-7293-47fb-868c-e7b19717bff1,702c5cb0-a610-4240-9bed-879c69cdb9e7
8954b111-5cba-4914-8084-874680854670,6600cc46-0f73-49e5-bab9-e527fce9ce42,702c5cb0-a610-4240-9bed-879c69cdb9e7
716221b6-2394-4d66-93e9-d3d5d315ab99,99c79713-5abf-498d-a027-2f358fd9c22a,702c5cb0-a610-4240-9bed-879c69cdb9e7
b0244472-f308-4373-90cd-b82d2e771e0c,4d4f9e4d-30ed-49ba-8e5a-982663fa7cff,702c5cb0-a610-4240-9bed-879c69cdb9e7
f26b4a23-2d20-4c0a-aafe-fc4c3982e0b1,b74c6990-9db5-4df5-98c4-8214c5a40b27,821f14d9-7bc0-4e9b-94af-b8fcb6e5280a
02c1aab8-5193-451c-887e-329d966e6585,d920274b-9c1e-4330-8735-f71e230f4801,821f14d9-7bc0-4e9b-94af-b8fcb6e5280a
c2fabc15-b828-4d72-be1c-9695e3f86e55,cc0b1df0-10e7-41bc-ada1-d94aa6f3fdc3,702c5cb0-a610-4240-9bed-879c69cdb9e7
9fcc99ec-07af-42bd-b462-688553cbd7f5,435f06c2-83f3-45fa-98fb-300ff00814d0,702c5cb0-a610-4240-9bed-879c69cdb9e7
1300517d-2ac9-4d1d-a2ad-25d249da4a32,1378fbf1-b8d6-4c2d-8d3e-df635787d3e7,702c5cb0-a610-4240-9bed-879c69cdb9e7
73171126-e5d9-48f7-b17a-feb54e0756d2,f4c5eb7a-4de7-42b2-9814-3283c8bfc533,702c5cb0-a610-4240-9bed-879c69cdb9e7
6dc9d3be-3aeb-479b-87da-851dc84d6f84,decb1750-a39e-45aa-9c0b-72f826d7f465,702c5cb0-a610-4240-9bed-879c69cdb9e7
ecf2fb7c-3a60-4585-96e5-e3c0201ca453,e48799c9-06dc-428e-9fc6-e1952d136be3,702c5cb0-a610-4240-9bed-879c69cdb9e7
21d58fe8-07ae-4f8f-9639-f644d48b4830,cf8678d9-116d-436f-82e3-c1d93a0e9914,702c5cb0-a610-4240-9bed-879c69cdb9e7
d6702969-74d9-4886-9aa2-b303533b3b12,1fa75809-0843-4f7f-824e-83c749159314,821f14d9-7bc0-4e9b-94af-b8fcb6e5280a
a08891b2-a592-46ec-ab8c-d55b242dac3b,cdcc358a-9f43-4b24-b63c-c65e2f495c0b,702c5cb0-a610-4240-9bed-879c69cdb9e7
36ca04bc-04e0-452f-9142-9ac8d1d3eab8,99df5daa-82b0-444f-bd74-3e365f8c4f5f,702c5cb0-a610-4240-9bed-879c69cdb9e7
9f59be73-47da-445a-b23c-d01ea249c963,a3f5cfb8-4cac-41b6-b430-88e6118f7b3a,702c5cb0-a610-4240-9bed-879c69cdb9e7
61b97997-5bc4-4d5a-b463-063488384afe,a5e04292-6ae3-4cc4-903d-c480ad380244,702c5cb0-a610-4240-9bed-879c69cdb9e7
1ee8622b-3b3e-4e01-b409-ab9c7679cecf,a8eedfd7-6fd3-4672-9d9e-d3b42f75297c,702c5cb0-a610-4240-9bed-879c69cdb9e7
3e3a140d-37d7-4e34-9493-a923bf297dd6,2e2aa818-99d2-4568-90ea-4d2663f3cc13,702c5cb0-a610-4240-9bed-879c69cdb9e7
ee9afc00-750b-48a8-8e83-d0fe6d17e91a,ae7d15a4-de98-4746-b41a-44abcc73ec7f,702c5cb0-a610-4240-9bed-879c69cdb9e7
1371daf7-9c66-440e-ba16-d3459d6adfd0,6fea45f6-34e7-4fef-a1ef-968ec2cb23de,702c5cb0-a610-4240-9bed-879c69cdb9e7
a60618d9-6ec3-4e5e-80c7-523628463172,fd511714-2cb8-4ae4-92d4-7d1d05d14343,702c5cb0-a610-4240-9bed-879c69cdb9e7
e721b2d9-fa13-4119-a406-6f575459beca,0c37c4d1-0055-4334-ac63-a7f00bac44df,821f14d9-7bc0-4e9b-94af-b8fcb6e5280a
52e9e88a-f3b1-4ee0-9417-774f0ea20524,1f08bf75-67c4-416b-867e-d880079fd8fa,702c5cb0-a610-4240-9bed-879c69cdb9e7
80b12722-338a-43e4-84e2-8884cff98770,44fed48b-ba40-44a4-9280-704bd69a1457,ed204181-0a5c-4ffc-aea7-05dc9d565ecc
f4e7f01b-7f85-4aed-bb8c-db09b5b7d9b1,c3f42f50-2fac-48b7-ab4f-94b88c83039b,702c5cb0-a610-4240-9bed-879c69cdb9e7
6c8b6c66-820a-4e97-806e-3fefdb5df7b0,c156620b-1416-46c3-a16e-33880e5a0841,821f14d9-7bc0-4e9b-94af-b8fcb6e5280a
62c6a281-122e-4a2f-b340-dae4272ed6da,92b5c14e-ac57-47b0-b5f6-9b54f2654e39,821f14d9-7bc0-4e9b-94af-b8fcb6e5280a
f1ce0091-1383-444b-bc3d-f9c405257d2d,a51df2fc-0faf-4b2d-a650-c42b6e2cbde3,821f14d9-7bc0-4e9b-94af-b8fcb6e5280a
6ac46e91-6ba8-4a8e-8b7a-b104967683b0,49524230-a036-49cd-97f0-38a9fb0eee3c,702c5cb0-a610-4240-9bed-879c69cdb9e7
ced55daa-9c17-411e-9742-683e04baa2f4,62216a39-f0a7-4cf5-9fe5-5e0ea25f086a,821f14d9-7bc0-4e9b-94af-b8fcb6e5280a
680d5f74-7071-42be-826e-525208686c4b,9a3f984b-adc5-40de-94d8-df1f82c46024,702c5cb0-a610-4240-9bed-879c69cdb9e7
9f9a6a13-5fb8-47a8-9bdc-6d3c21797c95,ecc7421a-2fd6-470a-bd57-5774a0968fd2,702c5cb0-a610-4240-9bed-879c69cdb9e7
36510752-1abf-4c69-a274-8036e40fb8a1,4e170ddb-87d9-4d01-9166-ff2330d5dabc,702c5cb0-a610-4240-9bed-879c69cdb9e7
6ca3f5dd-2df1-42b7-9ff8-1d13b8bf89d9,62cbcba7-2722-4a5a-9ad7-f4ff6660af93,702c5cb0-a610-4240-9bed-879c69cdb9e7
9e269535-4a68-4957-9e1a-ed1dfbc80a61,06be5f82-33c7-4057-982f-ef168604eb73,702c5cb0-a610-4240-9bed-879c69cdb9e7
a5f844e3-0bae-45ad-9874-aee100b59db9,74d711f8-4735-4e7b-a72b-cf5387dba938,702c5cb0-a610-4240-9bed-879c69cdb9e7
fa95c856-2df9-4725-ba65-b9a82a68f0ce,c0b2f8ba-8ef7-4302-8f4b-ec8570a4a659,702c5cb0-a610-4240-9bed-879c69cdb9e7
d0e3c6c3-e8fb-497f-ac5a-d54c4e8d03e5,24ed04d3-3f2a-442d-a449-27406c885c94,821f14d9-7bc0-4e9b-94af-b8fcb6e5280a
70c5ac70-7c0b-44b5-b9f3-ae2dd8c93025,09e0d334-68b8-46f6-8813-6a051978c730,702c5cb0-a610-4240-9bed-879c69cdb9e7
a2c34850-a2c6-4365-9875-c1f0d6f71c38,f7d88aac-6d14-4510-9cb1-f06a0f3661ef,702c5cb0-a610-4240-9bed-879c69cdb9e7
9ce2777d-b7db-473a-8e74-c72184f84a59,d5961c2b-7e67-4c74-9483-3becc704b0fd,821f14d9-7bc0-4e9b-94af-b8fcb6e5280a
141a2b3e-3474-4652-8880-bc488a5a7dcf,fba9ae31-40d4-426a-91b9-59499750de01,821f14d9-7bc0-4e9b-94af-b8fcb6e5280a
232b9350-7a3f-4516-bea0-0b282dc24f8d,13dc9b43-9929-48c3-9545-ced4ed0922df,4934dc25-aa95-4f0b-80f6-da9704d700d3
3c1efe13-7890-4655-8cfc-cf91c4c2d1a8,33186001-7353-452d-b4c0-efcb86dd3dbd,702c5cb0-a610-4240-9bed-879c69cdb9e7
11d7be4d-96bb-4cbd-9d33-c0b7224da8d7,b73ebbe8-449c-4dc4-92bf-af67d83e2ce5,702c5cb0-a610-4240-9bed-879c69cdb9e7
c87bab4e-dcbd-4e85-aa43-34122dc4553d,529f241a-89dc-48aa-be0e-39e367d736b8,702c5cb0-a610-4240-9bed-879c69cdb9e7
5b6f7cf0-37dc-4f37-a455-c6ebd9d1c90d,528cbdf8-c5b0-48ea-a4d2-600191f4c0a4,702c5cb0-a610-4240-9bed-879c69cdb9e7
ead0bf44-6b26-43e4-8763-e4d7bdf67d90,79d4f97b-ecb3-4d77-bb2a-f7701dcee70b,821f14d9-7bc0-4e9b-94af-b8fcb6e5280a
3c66ae54-e953-4352-b16f-f9b24b422d2b,2e1a976f-d0c1-474b-88f4-c1aba6c2d5df,702c5cb0-a610-4240-9bed-879c69cdb9e7
f03b60be-6a2c-4757-ac25-fb9aec3c37ed,08d93af0-7c18-43be-b02a-4e8d168e5a73,702c5cb0-a610-4240-9bed-879c69cdb9e7
2ba3e05d-61dd-413f-bbb7-da3c7ff53003,ae01f487-4d8a-4e99-b3a1-c32b923d3f5b,821f14d9-7bc0-4e9b-94af-b8fcb6e5280a
298b46ea-805e-4f4d-b710-6941e7dbdae4,d3269c06-db2a-4dc7-89f0-d306dcff2b94,702c5cb0-a610-4240-9bed-879c69cdb9e7
ae4dba40-7ffd-4e02-ae99-ee46a91bef03,c3f36602-b462-4af1-aa36-cc512a078b44,821f14d9-7bc0-4e9b-94af-b8fcb6e5280a
aceb0a79-f0b8-4186-a422-950b7ed62725,0a2d316f-2373-41c1-b7d1-34602c3a1ec5,702c5cb0-a610-4240-9bed-879c69cdb9e7
cbea1d22-82bc-444f-b08b-bb0994d29b53,05d31fb1-b8fe-4a13-8470-c91dec0b9bf4,821f14d9-7bc0-4e9b-94af-b8fcb6e5280a
9a1b2f0f-6eb4-4097-b252-6c0c425b7a11,baae1825-c5ae-48a3-a656-cd843b12cddb,702c5cb0-a610-4240-9bed-879c69cdb9e7
367abe6d-d7cc-40c8-9999-878da449de08,acd0ba1a-9e46-4730-8667-b2322dccfe8c,702c5cb0-a610-4240-9bed-879c69cdb9e7
e30b4763-7267-4891-baac-94ad7ac11980,9a326d37-5cfd-46c9-b9f7-61998d82b8cf,821f14d9-7bc0-4e9b-94af-b8fcb6e5280a
a34902af-7aa8-41b6-9ffb-5107fa66ecf2,933493d1-6957-4837-8113-9e9cde94cd10,702c5cb0-a610-4240-9bed-879c69cdb9e7
f34cb06e-478a-4658-bdb2-0fad04617ad2,3b554015-1cca-453c-a78b-fcea9945b541,702c5cb0-a610-4240-9bed-879c69cdb9e7
811f807a-522c-4b18-887c-0083e70bb3a6,d0027bb5-5961-425c-97b7-9f6255cd8074,821f14d9-7bc0-4e9b-94af-b8fcb6e5280a
8d4f4e71-90db-4e54-b405-c70e8e1b71d1,abefbb71-f51f-4683-8800-011b1038b840,821f14d9-7bc0-4e9b-94af-b8fcb6e5280a
03a9079b-2606-44c9-89b1-ac625056a41e,84c000bc-ce41-4849-8881-fe1a7f74d30c,702c5cb0-a610-4240-9bed-879c69cdb9e7
e555c590-9b5b-4424-b954-c2f3ea10e637,e7eb9628-2d00-49a1-ae95-088ccc8dbcfa,702c5cb0-a610-4240-9bed-879c69cdb9e7
3386dda1-75bd-4566-b5f1-1aa36c5022bf,ce327292-f3df-40e1-b138-f4a42dfb9f63,702c5cb0-a610-4240-9bed-879c69cdb9e7
5d14691c-ed2c-4eac-92d1-73c56890c200,b8cac64d-acd2-4203-abb2-2dff403c4b5b,821f14d9-7bc0-4e9b-94af-b8fcb6e5280a
33715124-b8d9-40d6-b46d-ccdf9a06ecc7,8b456d7a-3cd1-4414-85af-97a83dbfb47c,821f14d9-7bc0-4e9b-94af-b8fcb6e5280a
7b2ef4e9-ac5e-49dc-9005-4e6cc88f5e43,7410a37e-a32c-4198-93c4-b4d986867c96,702c5cb0-a610-4240-9bed-879c69cdb9e7
0d6d6573-d3bb-4e17-a81b-a690eb35a9ec,8442a452-fcd5-43ef-acd1-a7039731f561,702c5cb0-a610-4240-9bed-879c69cdb9e7
c9bb4fba-6806-4662-aae6-2435a7cd8ff9,63ff361a-30b5-41f4-92bf-94b4fa3e4524,821f14d9-7bc0-4e9b-94af-b8fcb6e5280a
2e3ec1e0-a02a-4eb6-ba92-9986ae0870ae,0652b150-7199-40f0-bda5-527d8ea0cbb6,821f14d9-7bc0-4e9b-94af-b8fcb6e5280a
9a17e94e-b4b3-4184-b634-fec94138376c,3a47f3fe-c317-4d50-b9db-ab71b01be5b8,702c5cb0-a610-4240-9bed-879c69cdb9e7
f22f9a91-7d23-40f9-ac71-f3a9eadbe7e3,88d3d261-eefc-40db-befd-85fa14630082,702c5cb0-a610-4240-9bed-879c69cdb9e7
96acc601-f272-4a2d-ba1a-f489c4261db5,cd37127d-726c-4fad-99ff-723be58fe363,702c5cb0-a610-4240-9bed-879c69cdb9e7
d992b366-bd56-4b66-a6aa-236638b2bfcc,6c3f8f5f-808e-4c0d-992d-0dbd7055a073,702c5cb0-a610-4240-9bed-879c69cdb9e7
da722272-4509-48fb-9c52-a00ed37569af,28a4bbcf-bb25-44ca-a6f8-1105446bad4a,702c5cb0-a610-4240-9bed-879c69cdb9e7
9c2aa86f-43b6-43d9-adcc-fa0d8d1e453e,98f0edaa-d3e5-4e7d-ac2b-365192714b31,702c5cb0-a610-4240-9bed-879c69cdb9e7
0d0bc3fe-ec34-4dda-9205-e968b2348511,8d6e935d-84bf-47b6-a436-3be16c9a6c4c,702c5cb0-a610-4240-9bed-879c69cdb9e7
fe5f004c-0718-4ebe-aa4f-e3356c35fa8a,a02d3ea4-81f3-45db-8184-f5e0d925d114,821f14d9-7bc0-4e9b-94af-b8fcb6e5280a
3f8a3149-a0bd-45eb-b056-bfa50fd18ba2,a70a04aa-09b9-4325-8156-c92cf756ed15,702c5cb0-a610-4240-9bed-879c69cdb9e7
5f1a3898-d276-4563-b82e-8f6bfb353930,77aa06e4-6ee4-4f93-830d-411bb1acbe1b,821f14d9-7bc0-4e9b-94af-b8fcb6e5280a
82ae0de9-b50d-409f-a48e-27c7697a0564,5e818c1e-e8b3-4af4-ba24-6ba308654893,821f14d9-7bc0-4e9b-94af-b8fcb6e5280a
a074fccc-e091-48cf-a9ea-760b41a9a4ec,9efbc84f-d804-4260-a8a4-0271615d847e,821f14d9-7bc0-4e9b-94af-b8fcb6e5280a
a04028d2-91b5-4b48-a847-7f5f22c3eb11,03e3ee84-5b3a-4900-b0c5-5e419e3ea9b5,702c5cb0-a610-4240-9bed-879c69cdb9e7
2b2c328a-4586-473b-b780-f4620d980a77,73b10a76-ba41-4751-9ed2-696ee690e198,702c5cb0-a610-4240-9bed-879c69cdb9e7
bbd45691-346f-44e1-ad8b-b336017e022a,89ae66d4-70f2-47ba-80c7-eedd38ac005b,702c5cb0-a610-4240-9bed-879c69cdb9e7
38c0081e-168c-4b81-af57-e2bed8bea1bc,1ff29df7-9745-48a8-8bae-f690c2450615,702c5cb0-a610-4240-9bed-879c69cdb9e7
cf0c61b0-82e3-4d95-84f7-a1d5b2d3d231,9e42fe29-8826-400b-8aa6-b0819a6ee800,702c5cb0-a610-4240-9bed-879c69cdb9e7
8ee7215d-82df-423e-8821-9726b7758c2d,e973a12f-e5ab-4235-b758-208dd09afaa3,702c5cb0-a610-4240-9bed-879c69cdb9e7
9bd098e9-a048-4775-bdbb-507c30adf37d,a50b2eda-7e84-411a-b89c-9a4ab226685e,702c5cb0-a610-4240-9bed-879c69cdb9e7
b1d5a1de-889b-4fd6-9e44-5390b94ca34a,f73233ef-6c95-49b2-8caf-43da5fbdc3a3,702c5cb0-a610-4240-9bed-879c69cdb9e7
4a53b21c-b044-41b1-9580-8097309558ab,645156f7-ea22-4c47-b4cf-2ca317293052,702c5cb0-a610-4240-9bed-879c69cdb9e7
603c7b13-5451-4169-ab02-7edad97c6d92,421db617-7aac-4e6f-9da7-c7cf56064b98,821f14d9-7bc0-4e9b-94af-b8fcb6e5280a
665f5b14-f2d8-45d8-a525-302f603c26fe,12d4fcb0-b3e8-434f-a954-a1766580dfba,702c5cb0-a610-4240-9bed-879c69cdb9e7
02980c1d-6b00-4421-a85f-3099692d73d6,121f8e35-3351-49d1-8700-5dafd78c7ee5,702c5cb0-a610-4240-9bed-879c69cdb9e7
145e5d4c-b983-4045-8069-2965690dad70,16b0f2d5-cfac-4867-9753-8c3278e71890,702c5cb0-a610-4240-9bed-879c69cdb9e7
53d9f261-6dab-4c25-bc12-a16c778c82e2,a741b663-4306-4ea4-94e8-a5ac7a74409a,821f14d9-7bc0-4e9b-94af-b8fcb6e5280a
22bafc96-6d65-41ae-ab80-bf3037f5ba65,ed2f7545-0882-4823-892b-26d9da619f9d,702c5cb0-a610-4240-9bed-879c69cdb9e7
e6c1f839-3720-4067-88ce-631261449402,cf1bca4a-75ae-47f8-8753-ac83692ce972,702c5cb0-a610-4240-9bed-879c69cdb9e7
541c8fbc-9ab7-442b-87f3-e58b66b62e99,6ab5acf4-9cf3-481f-ae07-edfb8ee08184,821f14d9-7bc0-4e9b-94af-b8fcb6e5280a
ace8d049-1113-4b97-90a4-9be070f93a48,6e03c55a-638c-41b4-82ee-926a4b784f76,702c5cb0-a610-4240-9bed-879c69cdb9e7
a0c9d2ce-de98-48f5-be60-727d6aaef1a5,751b3eb6-fc5c-44de-989a-7daf20b07ae7,821f14d9-7bc0-4e9b-94af-b8fcb6e5280a
ca060874-b615-4a66-8437-0902a74ead9e,15494f56-319c-402e-8cfc-5b6e06e07dce,702c5cb0-a610-4240-9bed-879c69cdb9e7
9166cddc-42fd-45de-8d4d-040c7d0d3689,c4f0fc46-8ff5-4f90-b499-8e29d378afdb,702c5cb0-a610-4240-9bed-879c69cdb9e7
231e96a0-5bfa-491e-9c74-da0627071e52,b733fba6-f9d9-4f4d-87ce-9e7f92e03084,702c5cb0-a610-4240-9bed-879c69cdb9e7
1495731d-4fae-425e-a88f-553318dd70be,2769c6f9-01fc-4ce6-a494-ecd5b6e255dc,702c5cb0-a610-4240-9bed-879c69cdb9e7
ec2a0288-147d-417a-906e-6e6275145184,ee0a7c63-3328-4ba8-b349-454fe5819fed,702c5cb0-a610-4240-9bed-879c69cdb9e7
833e8268-9fe7-4a43-839a-759de08984cf,35d272de-03b4-463c-b4a9-1cafba090a92,702c5cb0-a610-4240-9bed-879c69cdb9e7
da86412e-eb08-4e73-8aea-e4ad5bf99b05,5c928dc9-3d82-4b2c-b797-5147e2b584ec,702c5cb0-a610-4240-9bed-879c69cdb9e7
a6e150c6-6740-47a0-988a-7db35540a93d,07a32894-1b2b-4b58-9144-9d6f485aa3ea,702c5cb0-a610-4240-9bed-879c69cdb9e7
96fa51af-635e-43ad-a8c9-fef06fb1bee5,cf3d0ad5-4db8-4009-b096-5a875e8294db,821f14d9-7bc0-4e9b-94af-b8fcb6e5280a
96098842-91d6-46c8-8a01-b79c4322d1c3,48a3148c-8212-4bdc-a4d2-52bb436eab37,702c5cb0-a610-4240-9bed-879c69cdb9e7
4966cce6-74ea-41fd-9331-8567a440cad8,3a75e240-94e8-4ae3-a256-4e343c41afb4,702c5cb0-a610-4240-9bed-879c69cdb9e7
af105acb-4fb6-47a4-af57-7de730017a28,59c0f290-6219-461b-b7ff-059398fa2735,702c5cb0-a610-4240-9bed-879c69cdb9e7
31fcdc59-1819-4730-9d92-b5570fcebf63,dbcaedd7-da00-4c3b-9350-48d6ace7c772,702c5cb0-a610-4240-9bed-879c69cdb9e7
d6f549a5-34eb-4c1a-96f2-896a0edd7057,d304f867-562d-4fde-8f9a-94d8cc6be5bf,702c5cb0-a610-4240-9bed-879c69cdb9e7
ad0235d9-bfb0-433e-b887-7a99b3ee6891,614434d4-d742-436c-b927-35e8be72f6d8,702c5cb0-a610-4240-9bed-879c69cdb9e7
6a3349f7-ad3c-4601-9a8e-f0adb1ed1a06,aeb3020e-e6a4-4035-8052-7dce1e73d4af,702c5cb0-a610-4240-9bed-879c69cdb9e7
469d8368-e752-4e5d-b2c7-7e7180c087a7,0346d67b-d186-43a7-91e1-dc86963fc3e2,702c5cb0-a610-4240-9bed-879c69cdb9e7
e28ac2d1-59d4-4f46-8a08-ab8deee04087,0844394e-cebc-4af1-a6c2-0d0e4a1d79ac,4934dc25-aa95-4f0b-80f6-da9704d700d3
e23381e3-f889-435d-9fc6-ea804a5ec3f1,eeab1a93-57aa-4330-94aa-4ed86f9b483b,702c5cb0-a610-4240-9bed-879c69cdb9e7
74bdcd81-0745-440b-82d7-f6da0d4f05b4,c02afd8b-a650-4cf0-ad95-a47eb1031cf2,821f14d9-7bc0-4e9b-94af-b8fcb6e5280a
b275f1a1-dc77-468f-9e5d-2324417b0bd3,39125408-0260-4fd6-a1cd-f19067b0742f,821f14d9-7bc0-4e9b-94af-b8fcb6e5280a
53dc15fe-8b70-4930-890c-5101b0c3d2fb,b6a3c0f7-6006-400e-82ff-d68e9bca66d7,821f14d9-7bc0-4e9b-94af-b8fcb6e5280a
e0f5ba7a-daf1-440e-9968-d05e47e3d10c,55e42b35-486d-41d6-82c2-d1cbef05a77b,821f14d9-7bc0-4e9b-94af-b8fcb6e5280a
3fb101a5-c8c5-42ef-8a1a-ae7123ebd700,d618bc55-7a96-4051-915c-da7aca0c0034,821f14d9-7bc0-4e9b-94af-b8fcb6e5280a
7e86aa36-53f4-4bc1-9c75-eedef624a70f,f7e3df3a-7edd-4b09-8a64-badbe900422c,702c5cb0-a610-4240-9bed-879c69cdb9e7
9eb8ff1c-0766-48ea-be7b-2c3f359a9972,6edc118a-2ca8-441b-baad-1173cae2190d,702c5cb0-a610-4240-9bed-879c69cdb9e7
c80b9185-5f90-4f9e-88a6-ccc9abdf0ba4,3f784b56-a94e-4a76-ae24-109f7fcc7be5,821f14d9-7bc0-4e9b-94af-b8fcb6e5280a
3d56d397-4b98-4b58-9dd5-3af2c3ca1d30,bff3560a-5a62-4deb-b188-675bf9c1cf98,702c5cb0-a610-4240-9bed-879c69cdb9e7
261f9205-a79b-4d80-8d29-57cb2bc37af4,344a1d19-7d33-41e9-a67f-b96779037904,702c5cb0-a610-4240-9bed-879c69cdb9e7
025a98f3-1059-43d5-a79e-26bcf1e9bab5,f4d5a7b6-a4b1-473d-a742-8d3601665539,702c5cb0-a610-4240-9bed-879c69cdb9e7
ca69d03f-4dd8-4046-b208-89e8cc6c65e5,46eba53a-b4dc-4b7a-9d1b-61b931be08bf,702c5cb0-a610-4240-9bed-879c69cdb9e7
b06405b1-a4ef-40b3-85d6-18ec9258566d,3b832f44-d135-40c0-b5d2-cffb71e5ab8c,702c5cb0-a610-4240-9bed-879c69cdb9e7
0548b178-d68b-4f4b-b2c0-d86f37f09dfc,c0090e6d-e440-4843-a1ab-7590a2c54ec1,821f14d9-7bc0-4e9b-94af-b8fcb6e5280a
2b0bb1fd-c90d-4d43-a50b-b7a5eae3d31f,e3385294-ce3f-4388-b993-b7f0d349cf09,4ef94708-9c27-402e-9600-3eb5525b0ca9
6b1283e3-2bc5-4516-becf-050f1133076a,ad5f55be-b525-4240-9ebe-8abe75519808,821f14d9-7bc0-4e9b-94af-b8fcb6e5280a
642c0e1d-5f75-4fba-a4ed-55bce384b043,55cbbdda-3dd4-41d6-a0d4-0a7413f9d170,702c5cb0-a610-4240-9bed-879c69cdb9e7
cc8bafd8-334c-4c97-bd8a-bb6b1c4ea643,c2af865d-008c-486d-85f9-2f8fb480c9d6,702c5cb0-a610-4240-9bed-879c69cdb9e7
7cd547fe-ba8c-4fe4-904a-40d3eab7289d,19565866-b2e5-44ea-993b-299c0360565a,702c5cb0-a610-4240-9bed-879c69cdb9e7
f3e1fbc9-932f-491a-a600-014f47e0c7da,1f09319f-0920-4c12-a2b1-2e16023f95e9,702c5cb0-a610-4240-9bed-879c69cdb9e7
2bef2c80-cfc0-4d1c-959c-6fd83212ff03,51b94a79-45cc-4a48-b000-0935a250b759,702c5cb0-a610-4240-9bed-879c69cdb9e7
6acc3987-c2f9-4233-a862-b618f5a58b59,a45e4f1b-9d33-4981-a77f-574f8ecada9d,702c5cb0-a610-4240-9bed-879c69cdb9e7
be1e207a-7026-4160-a00d-a10600f81bb1,74f4f55e-2aee-4748-90c5-758750d94e12,702c5cb0-a610-4240-9bed-879c69cdb9e7
8720a62f-7023-4ec7-aab2-42f6b2518e59,8bf89f48-96fd-4de1-b64f-cc14bd4906ed,702c5cb0-a610-4240-9bed-879c69cdb9e7
2cca6812-ffd0-4cbd-8d50-8f89acaaff35,b2f747ae-ce55-48d3-ba84-e64d413a8d9f,702c5cb0-a610-4240-9bed-879c69cdb9e7
2df39150-90f2-48c7-b64e-3b72d67ec406,322f48d9-a00d-48d1-bc7f-000d77242669,702c5cb0-a610-4240-9bed-879c69cdb9e7
e7805aa7-1fbe-4ee0-8d38-e891e40f05e5,d9e4aaa3-a273-4fb5-84ca-3ee224ebe7e4,702c5cb0-a610-4240-9bed-879c69cdb9e7
1ebb27da-31c7-41ed-8b15-b6a48281af71,59725eb1-fc74-4acf-bc23-65dcf7ab9c38,702c5cb0-a610-4240-9bed-879c69cdb9e7
2b4a6315-9f2e-4cc7-bcec-f094310f1922,b564458d-6945-4677-b82a-93f29aac3db3,821f14d9-7bc0-4e9b-94af-b8fcb6e5280a
13dcf93f-3e8e-49b0-85de-50026ad7833c,263b95ed-2efe-4272-b0dd-fdc9050c3d8e,702c5cb0-a610-4240-9bed-879c69cdb9e7
d1826f42-b82e-4a38-aebd-2d35dacf4401,ddbdf9f6-aa60-4c15-aa40-d6cbe9d5e6e9,702c5cb0-a610-4240-9bed-879c69cdb9e7
d3b7ef1a-37a4-40f0-ac62-10fe864eeca4,f7e0b5ee-e0cc-4005-a68f-cceba93c3286,702c5cb0-a610-4240-9bed-879c69cdb9e7
18cb10e3-31ec-4595-b54b-413713145df2,e8364dc9-a36c-454b-bdee-f996de57bbbd,821f14d9-7bc0-4e9b-94af-b8fcb6e5280a
9e943a1d-9240-4a33-aed3-ccf39227a1f7,cda5dae1-121b-4276-9cca-f48acd5d0843,702c5cb0-a610-4240-9bed-879c69cdb9e7
62ee43a0-4565-4464-92a5-8694b1114278,11fde45e-7c8a-4a9a-8d33-836772eed586,821f14d9-7bc0-4e9b-94af-b8fcb6e5280a
a2db7ad9-535d-41be-9675-0834069944de,933299b9-c8c9-4375-9026-c01497f93dd9,702c5cb0-a610-4240-9bed-879c69cdb9e7
a1570473-eb61-46e9-a4ab-830e4fa17c9f,93cf9c2f-c78d-49f3-9376-ad9100bd325e,702c5cb0-a610-4240-9bed-879c69cdb9e7
48ad4ff8-f953-4e48-b9f4-0f759fc35139,b9d4e5da-e280-476b-bcfb-b8761823e863,702c5cb0-a610-4240-9bed-879c69cdb9e7
03aad770-80d1-41f9-ba4d-0373fc0e8510,dfcb195a-f453-4c61-84e7-5f2cfe6e6c96,702c5cb0-a610-4240-9bed-879c69cdb9e7
e2a6fb04-7aad-43b4-9dc9-e3ea6c1ab8d6,c43ebb45-1694-423a-86ca-ba483c5b836b,821f14d9-7bc0-4e9b-94af-b8fcb6e5280a
24704912-7249-439e-8622-6b52deb48b1c,84708242-5f25-49d3-8893-24a5cc73ec0c,821f14d9-7bc0-4e9b-94af-b8fcb6e5280a
5a294c08-ef62-4415-a42e-51def1c47c42,7e451e18-2363-4e5e-ac2e-f90417faaa70,702c5cb0-a610-4240-9bed-879c69cdb9e7
150af40e-7735-40f7-974e-a6027d1d394c,9fe58028-db91-49c1-98ae-e562a4e8f1e1,821f14d9-7bc0-4e9b-94af-b8fcb6e5280a
dc268927-cc6c-4c83-bade-7227547a47a2,ca9fe8f4-86d2-48f1-b4a2-ed968194ad0c,702c5cb0-a610-4240-9bed-879c69cdb9e7
4eaa2caa-0eac-44a8-a714-62240ef541a8,18deee8d-42cb-4061-b98a-923b25b45ba8,702c5cb0-a610-4240-9bed-879c69cdb9e7
6b1a76fc-7fb8-46a6-8f5b-b552c5022795,072c8db5-97fb-4df8-b37e-ca71c5ecf218,702c5cb0-a610-4240-9bed-879c69cdb9e7
bb5ac8f2-9023-49a4-80d3-d4c51af2fc46,def73b1a-6e24-47d9-91f8-f74e2617f232,702c5cb0-a610-4240-9bed-879c69cdb9e7
8db1e4f3-34bc-425e-88ee-b0ea98970d00,fcd1eb24-a943-4808-a9b7-eb8b6b718e80,702c5cb0-a610-4240-9bed-879c69cdb9e7
cdd17135-5ff1-4d44-92b7-0ec26e85ff0d,3ae456d8-5138-48d3-af2b-2b04b0787aba,702c5cb0-a610-4240-9bed-879c69cdb9e7
742ad383-4064-4452-8e20-5bf427c9c120,2c9c4f77-9d4c-4dbe-9473-2b575800a489,702c5cb0-a610-4240-9bed-879c69cdb9e7
e7a3b6bc-2f90-4231-bcbe-f3726911d085,856a827a-8191-451c-8477-8cdcd750d815,702c5cb0-a610-4240-9bed-879c69cdb9e7
78b66ae4-6957-4355-bbdc-abbd89a81a88,621f4a2a-2e61-4fcf-9759-4e5b8cbc1d14,702c5cb0-a610-4240-9bed-879c69cdb9e7
9866c9b2-63e9-4567-90f3-82c03e27f55c,578c8f05-dab0-4ccc-85b2-86813fc07a23,702c5cb0-a610-4240-9bed-879c69cdb9e7
1b163cc2-e79e-4558-b92b-2a892ad3a352,2d872da9-2947-4636-8609-b971352908d8,702c5cb0-a610-4240-9bed-879c69cdb9e7
b03b66d6-125e-4469-a22a-a1127492b87a,1c017e33-07af-4c8e-ac63-7ab2ef645b44,702c5cb0-a610-4240-9bed-879c69cdb9e7
98b8aaf4-e318-4607-931f-fc8c3dbdc4ae,3cb3a935-dfc3-45fb-a7f0-d3ad6faa9e92,702c5cb0-a610-4240-9bed-879c69cdb9e7
24322c35-b1de-4f32-b526-b690964c3b5e,5a695e28-c497-40d6-90c3-4bcf546059de,702c5cb0-a610-4240-9bed-879c69cdb9e7
53c55e1b-cf39-4489-a1f5-8824099e5880,8231772b-76c5-4f0b-945a-b3355c97efc9,702c5cb0-a610-4240-9bed-879c69cdb9e7
ad3ed8bf-25e0-45a7-ba1a-eae2f01d2919,9a09d726-4db0-407e-9a9e-8e4ba389ae48,702c5cb0-a610-4240-9bed-879c69cdb9e7
13cb8a2f-edac-4c45-b7ae-90b700cc03ad,1282e5b0-a090-470d-b67f-5320dbd53e8a,702c5cb0-a610-4240-9bed-879c69cdb9e7
fedfed28-7dff-4caf-9a52-d0d94a1a32d5,09578469-0576-4a7c-9f58-37d3cbc1d539,821f14d9-7bc0-4e9b-94af-b8fcb6e5280a
073d3b65-e257-47ee-984b-2bea09c5aa52,3ff9f2da-20e3-4801-8932-182108aea9f3,702c5cb0-a610-4240-9bed-879c69cdb9e7
dc2f9125-3a66-42c9-8f9c-93c54205e475,c2e042cc-3d64-4904-a9d5-905d12eec584,702c5cb0-a610-4240-9bed-879c69cdb9e7
acb51f86-2e18-4046-8d50-f4ce4eb49b5b,78601c2d-3c2d-4194-b13d-0cb7a27d87c8,702c5cb0-a610-4240-9bed-879c69cdb9e7
b47fc380-41d5-414c-ae61-188e463891f3,a927c282-3899-48a2-8cea-60733a5d46c7,821f14d9-7bc0-4e9b-94af-b8fcb6e5280a
3088d73d-5305-4ebd-9be4-2d8d1c649fdc,701c5f59-95de-41c2-8d0c-0e887aa5cb19,702c5cb0-a610-4240-9bed-879c69cdb9e7
0d85c39e-4764-4d67-affa-969250d9d8ea,b9b72c76-6010-4adf-8bc0-be4e5a1e02d7,821f14d9-7bc0-4e9b-94af-b8fcb6e5280a
90164409-99aa-4c4b-8a6b-10943dddb3d1,0bc55923-9bcd-4fd6-ae37-c0b9cdfdc7b8,4934dc25-aa95-4f0b-80f6-da9704d700d3
6a5bcb3b-f085-4c4b-9224-e2953ab82848,32033153-4b26-4d88-a5ad-4787c7e48d9b,821f14d9-7bc0-4e9b-94af-b8fcb6e5280a
acc282b4-9389-4781-a25f-51231f07e46d,cd5fa588-3123-4423-84a3-f9860877c174,821f14d9-7bc0-4e9b-94af-b8fcb6e5280a
27eacb42-8787-4932-99a3-8049cdcd45a9,e838c6a1-851c-4372-a120-bff22be04b53,821f14d9-7bc0-4e9b-94af-b8fcb6e5280a
028e32bc-c42e-4902-a986-baa11e0d1bb6,ec8ca987-0892-4854-830d-37a871ef005f,702c5cb0-a610-4240-9bed-879c69cdb9e7
ab55eebf-941c-49f2-876d-a0505d5543bb,dab6abcb-1998-4ba1-9651-f639a00d712f,702c5cb0-a610-4240-9bed-879c69cdb9e7
406d9a96-00e8-46ed-9a66-02fb99864640,7a088004-07c8-43fa-a1da-aa7cbf02452e,702c5cb0-a610-4240-9bed-879c69cdb9e7
41bf3327-ed4e-434c-85ba-ae7c61690788,706febb2-e98a-49a1-80d4-02d84697ce83,702c5cb0-a610-4240-9bed-879c69cdb9e7
e79fd1dc-24d9-4fb0-8951-2126fefa4c15,d56547fe-dc2d-4b90-a786-f00338b40ec0,702c5cb0-a610-4240-9bed-879c69cdb9e7
57d6c453-0d21-4fe9-8295-28b793aef25f,b716b9e2-9df1-4410-a9e1-c89d9e699620,702c5cb0-a610-4240-9bed-879c69cdb9e7
097e5a6a-add4-4f33-b3ca-87bad75611c8,80072958-9680-40cd-8a9d-4aa03232c6d0,821f14d9-7bc0-4e9b-94af-b8fcb6e5280a
8172bba1-0911-4305-876c-38ef594ce559,c9283d56-2f82-4023-8239-f2bb12f85b9c,821f14d9-7bc0-4e9b-94af-b8fcb6e5280a
a635748a-158f-4ba7-bd8e-e38369a5fecb,8ceb0851-b23a-4062-8223-00f8822a2695,702c5cb0-a610-4240-9bed-879c69cdb9e7
b5199bfc-6bb5-48ac-943c-2a233d4327a8,f235820c-d3eb-4706-b5a0-b7359d9e29c1,702c5cb0-a610-4240-9bed-879c69cdb9e7
93ccecf8-e16f-4bbd-a01f-4e99f02d9e3b,df32f551-3322-415e-a002-2c4ad9555bc3,702c5cb0-a610-4240-9bed-879c69cdb9e7
ed7f5d43-4026-4704-928d-21ceaa6f53bf,1dbb2e5f-da12-4b89-afbc-e4988ae4e13f,702c5cb0-a610-4240-9bed-879c69cdb9e7
f0a3ee8e-440a-402b-aae8-f0ddf1b7c49b,b3fcfa24-c37c-4da3-9ae3-ebd1ac883758,702c5cb0-a610-4240-9bed-879c69cdb9e7
b9a378e2-4e7c-4d90-b7df-7ad520f3cacf,dfca43b1-e57a-4ccc-a491-c34d26786ca0,702c5cb0-a610-4240-9bed-879c69cdb9e7
70d1467f-0ee8-4d18-8c8d-52960210073b,5f3cbe4a-b86d-4df8-849d-0305b6c6a928,702c5cb0-a610-4240-9bed-879c69cdb9e7
c85cefc1-f88b-4ea3-a353-5bdd6d47779a,05bc0db1-e799-4a03-bb14-230db61855c8,702c5cb0-a610-4240-9bed-879c69cdb9e7
bc9efcf6-b8a1-4de6-b368-99db06a20766,7247ff5b-8465-4a1c-954a-0417ccacdbd2,821f14d9-7bc0-4e9b-94af-b8fcb6e5280a
0000f1c1-ce6d-46bc-92ef-48325540d0d9,6334b977-6f5f-4c30-8220-0a19c5ebbd49,821f14d9-7bc0-4e9b-94af-b8fcb6e5280a
3a19efd9-87e9-47c9-96ee-ca7b1de72ea6,ba86a27e-19fe-432e-8e2b-6e510ab0c38c,702c5cb0-a610-4240-9bed-879c69cdb9e7
c208a5a1-dfbc-45c1-bb28-f4b8ca4857b9,5980e92c-cb2c-44e0-b0da-7a5b86edc679,702c5cb0-a610-4240-9bed-879c69cdb9e7
4911fe06-6388-4b63-b3c0-096757beff22,642c28ec-566f-4af0-8096-f52f3c4ae68b,702c5cb0-a610-4240-9bed-879c69cdb9e7
0088ad01-69e8-48b4-97d4-83a82be18cd6,d34f9b06-2259-4a36-831b-140e9f119f9b,702c5cb0-a610-4240-9bed-879c69cdb9e7
fa066b6b-ea4d-4246-9706-cfede344d333,1a0abd9c-24a6-4569-be3e-ea5a5167857c,821f14d9-7bc0-4e9b-94af-b8fcb6e5280a
064c99ee-5151-4d91-9029-ddf007764c33,bf5ac002-dd51-4550-b00c-e10b60192b38,702c5cb0-a610-4240-9bed-879c69cdb9e7
0ec9cab1-c252-46b8-9247-a6fbef51aff7,fae2d868-887e-4d51-a4a8-18a0d4d0588a,702c5cb0-a610-4240-9bed-879c69cdb9e7
dadb3e2f-5bfc-44a7-a0c6-86236f76cd81,4c5de6a9-03c4-45d0-9b26-a20ba0a76af7,702c5cb0-a610-4240-9bed-879c69cdb9e7
64325acc-29a6-43d7-8e90-ffd33179c46b,09cec21b-5b55-4029-863d-aed61b7ac865,821f14d9-7bc0-4e9b-94af-b8fcb6e5280a
0bd4fd6a-5703-464d-a079-fa4f2bc3b7ff,a072fb0c-a40e-466a-b756-ca06cf45a629,821f14d9-7bc0-4e9b-94af-b8fcb6e5280a
c2774fce-9989-4f6f-865f-14994a831d42,d5be550a-bc78-4bcc-a6f2-bc879d3acc5a,821f14d9-7bc0-4e9b-94af-b8fcb6e5280a
f819967c-d260-4a4c-bc07-6ed1449c9a22,78cc8245-bf7f-4f05-94d2-b0a4d6abd96a,821f14d9-7bc0-4e9b-94af-b8fcb6e5280a
7f98cc8a-3eb8-42b9-a7c1-c6999cb9193a,6e27a946-7222-4185-a20f-6fa441bc5a80,821f14d9-7bc0-4e9b-94af-b8fcb6e5280a
fe9c5e2c-d0f0-4a2d-a657-d4da195989f6,bdccdbb4-930e-4f95-81cb-47377b66284d,821f14d9-7bc0-4e9b-94af-b8fcb6e5280a
b2e1481f-a424-412f-9ef6-b2183e3333ac,972ebb54-58d6-4b22-99ac-1c9bff32a1c1,821f14d9-7bc0-4e9b-94af-b8fcb6e5280a
03bc066f-1f0b-4e39-906b-5a13e002f2a3,2b56c0d3-a5ec-433e-aa1b-dbd3d18a731f,821f14d9-7bc0-4e9b-94af-b8fcb6e5280a
c1285b52-9c20-461b-9cfb-c74eee4a6053,2a463c13-0242-44ad-bc37-b161da237d9a,821f14d9-7bc0-4e9b-94af-b8fcb6e5280a
8db5bfc8-05f8-4a9e-9a91-b68b9ed851ae,84ba6b38-84f1-40a9-8d27-32470748d8c8,702c5cb0-a610-4240-9bed-879c69cdb9e7
0b76a95a-428b-4ac1-b566-64e051c81a41,45aba936-00c6-488a-9195-6353ecdae459,821f14d9-7bc0-4e9b-94af-b8fcb6e5280a
19233072-f1af-4712-8ec2-374c64f5f3d9,e413cdb4-a221-486e-8649-ed498827604c,702c5cb0-a610-4240-9bed-879c69cdb9e7
825187da-891a-4627-86ec-a609b24e1955,f845e017-aefc-4fe8-9c63-e359145915b7,702c5cb0-a610-4240-9bed-879c69cdb9e7
293b1fa7-6f1e-4b89-b760-f4f4684ccb07,f4768bc2-20d6-4cba-984d-c28908fbf5a2,4934dc25-aa95-4f0b-80f6-da9704d700d3
c2c65e04-ffee-43fd-95be-02c4f14710e3,910ee8e2-711b-4250-b7cc-3937eed4d798,821f14d9-7bc0-4e9b-94af-b8fcb6e5280a
f27f0686-c197-4af1-8de6-5ca51ee1e7a5,aefff3ef-cfeb-4201-8641-dd3b79792819,702c5cb0-a610-4240-9bed-879c69cdb9e7
6e292bed-f8a2-4526-beca-79f9229d244e,9496854a-346c-4068-8f12-f3fd25f9bcd5,821f14d9-7bc0-4e9b-94af-b8fcb6e5280a
7e982b53-0a36-488a-a61c-558f13afa1b4,5232e46b-802c-41c0-a649-5e2099bfa55d,821f14d9-7bc0-4e9b-94af-b8fcb6e5280a
be94cdf6-6712-4810-99df-3f6d604d65fb,907b625f-36c1-4c7a-928d-82889f2a7d01,ed204181-0a5c-4ffc-aea7-05dc9d565ecc
a2f83c29-747e-4490-959b-f1a8e79f38b9,ed1f759b-cc08-4735-8fb9-0c53f4bda2e5,821f14d9-7bc0-4e9b-94af-b8fcb6e5280a
6554c758-44f1-4784-8fda-6c23b122fdec,a04022b4-4447-4461-b10a-4674fdfce6a3,702c5cb0-a610-4240-9bed-879c69cdb9e7
3ad6f295-2bdd-4d6f-bf9d-acdede566a3b,3581ce52-3c7d-490e-b3e6-18824a167dc4,702c5cb0-a610-4240-9bed-879c69cdb9e7
ad72e55c-3f93-4469-ae56-31ddd12a1314,8e38c8d5-6b22-4344-a180-a7899d61346c,821f14d9-7bc0-4e9b-94af-b8fcb6e5280a
82ed91d3-a287-4790-ab4a-2d4b2c72a1c4,19467b19-a7f2-4e24-a805-b8d16add67cb,821f14d9-7bc0-4e9b-94af-b8fcb6e5280a
7d82acaf-9a8e-4594-bf1e-e4668a438040,17163471-6a7e-42d0-87f5-ec8f02942ee7,702c5cb0-a610-4240-9bed-879c69cdb9e7
ca022bf8-31b3-4196-9e9f-3f6e1fa463ac,23b6e119-e485-4884-beb3-0de4600384a5,821f14d9-7bc0-4e9b-94af-b8fcb6e5280a
5e471b83-b2a5-40bb-816c-70df3d98d132,70ab6369-b125-4bdb-b22a-96bf71f4970c,702c5cb0-a610-4240-9bed-879c69cdb9e7
c07b55f5-d45f-4ad6-a2f7-ac57d8c0e6df,ea50e324-ded3-4dcf-9ffe-a1b228d32ff2,702c5cb0-a610-4240-9bed-879c69cdb9e7
3b4480c0-7cd2-495d-87dd-fc4c4cb92658,051210da-ce5c-44bd-912a-fdca2c08f460,821f14d9-7bc0-4e9b-94af-b8fcb6e5280a
1eea0faf-2144-48a6-b60e-1742834ddb85,a0e23c16-7d92-4e4b-9150-b55f7fd3f9dd,821f14d9-7bc0-4e9b-94af-b8fcb6e5280a
fe419a8c-17bc-479a-a8b7-39482b4f2876,ee85a9eb-5dc0-4f0c-af9e-7e773fc79cae,702c5cb0-a610-4240-9bed-879c69cdb9e7
f0a8a5b8-7cd6-486a-a263-648a9a9fa7af,1d7fbf18-fbba-491c-8749-55a598d7f625,702c5cb0-a610-4240-9bed-879c69cdb9e7
c853ac1d-7e74-45b2-a19b-e9e501139426,16c94c68-4439-4910-bc9b-25593d46cb3a,702c5cb0-a610-4240-9bed-879c69cdb9e7
c9537f8c-2f44-46f8-820c-8b28099b2847,f83aa419-8590-4aab-a11c-913404e91595,702c5cb0-a610-4240-9bed-879c69cdb9e7
99589c25-1aba-4d29-8e89-85ef11ad7395,f687facc-7e62-4026-b2b6-c198a317c1f3,821f14d9-7bc0-4e9b-94af-b8fcb6e5280a
b46eb1f9-5959-4a63-80b8-05bfa906df9e,90494721-1333-4454-9ba1-180254faec2b,702c5cb0-a610-4240-9bed-879c69cdb9e7
9f92e66e-68ea-4a30-b7b2-c795bcc49ee3,9f9f89d2-ac00-41bc-9db4-5c7fce0910b2,702c5cb0-a610-4240-9bed-879c69cdb9e7
295bc3da-cacf-4772-aed9-4f134cb4b43a,fb9e428b-9109-45be-8d70-1f4517d104f8,702c5cb0-a610-4240-9bed-879c69cdb9e7
e03b6c7a-f63f-4aa0-98fc-9aa1a925c1ea,2397c6d6-121c-41b6-93ef-d49697ac4a08,821f14d9-7bc0-4e9b-94af-b8fcb6e5280a
04c4cce3-c23d-40c2-88e0-26e29d79db71,84b4d3e5-b3ec-48c0-9e60-b72ce11cc4e0,702c5cb0-a610-4240-9bed-879c69cdb9e7
29b6d76d-c2b3-44e9-931a-4febd6a2ae21,922bb9d3-8c1e-46ea-989b-5db9f5e333ef,702c5cb0-a610-4240-9bed-879c69cdb9e7
cfa85ce8-ccac-4a53-8009-91b853320355,c5265583-d4dd-4c74-9e73-5abbb9e4e993,702c5cb0-a610-4240-9bed-879c69cdb9e7
7756ecd9-3c0a-43ae-98f2-2b8970231592,f13817c9-cf6f-4f3f-b0c9-dec89c65ceeb,821f14d9-7bc0-4e9b-94af-b8fcb6e5280a
ddbaa340-d300-454f-aa17-158311a3d2b9,58fd891b-403f-41c3-a966-c3214f8818a8,702c5cb0-a610-4240-9bed-879c69cdb9e7
da6ec3ea-3805-4e16-9e77-e4912faf1877,3f18663b-13d6-472e-824f-158b4e90d7ca,702c5cb0-a610-4240-9bed-879c69cdb9e7
833e0f3a-8262-47e6-8b7c-70a11ea55886,fa3c4af9-dac2-4b95-8287-bb1b9c35b5c9,702c5cb0-a610-4240-9bed-879c69cdb9e7
defb3483-7134-4480-9ec0-5ae5f32e85dd,8d244d59-552f-44df-b3c7-75de17c54e2d,702c5cb0-a610-4240-9bed-879c69cdb9e7
42d9d531-36c2-41bb-8327-56451f8614c1,a3b675b6-14eb-477f-a06b-0413536f468b,702c5cb0-a610-4240-9bed-879c69cdb9e7
f17dfd3d-44c5-4631-9d32-f184bd4be8dc,d1084f28-bc5b-471c-aa79-3687cf059b03,702c5cb0-a610-4240-9bed-879c69cdb9e7
1e77b6f9-b830-4938-84eb-f70a56edddf2,c2a57515-5a17-40d4-ab85-4c31830a8794,821f14d9-7bc0-4e9b-94af-b8fcb6e5280a
703bc172-81c0-4d67-a7b4-f9f509bb9912,01b63114-b8bd-43d3-b03d-f91e45786bb6,702c5cb0-a610-4240-9bed-879c69cdb9e7
b9e63aa3-9049-4512-b76d-8e1cbfe26c5c,17c8a13a-0ecb-4eaf-9ad8-c7c78f7d3edf,821f14d9-7bc0-4e9b-94af-b8fcb6e5280a
a7077a41-38a6-43dd-a802-ef75b2031d68,0253f8e5-6c7d-4b11-8112-eafd349d79b3,702c5cb0-a610-4240-9bed-879c69cdb9e7
38b157d6-b618-4f71-8f90-e2a6fee1ed08,0556ab40-8cf4-4a1e-97ce-dd2c74e63887,702c5cb0-a610-4240-9bed-879c69cdb9e7
0580dc80-fa10-4c17-8d32-e889bb313224,e5cc053b-33ae-4bf5-b4f5-884cd8f94a6f,702c5cb0-a610-4240-9bed-879c69cdb9e7
babe0cdd-b6a3-4a6e-bd6a-feb908775fcc,3c1dedaf-60c0-4067-81bb-610255bb806a,702c5cb0-a610-4240-9bed-879c69cdb9e7
9cd6ece3-011a-4e25-a344-31e42329aa96,4ecf946a-fee5-4a48-9ca4-fbcb55b31482,702c5cb0-a610-4240-9bed-879c69cdb9e7
9d1bff91-900a-4280-a47a-dd15af827be2,b02f17a0-898e-47b6-b8b4-c257b761f2ff,702c5cb0-a610-4240-9bed-879c69cdb9e7
948002e2-59ed-424f-8d66-c6fd526a2415,e291d20d-c10d-4f19-8cc2-fc6b4fae9f0c,702c5cb0-a610-4240-9bed-879c69cdb9e7
006c8c26-7d0f-4741-acb5-6d448e66d274,21cc5637-0abd-4add-9220-cc908a9b9c27,702c5cb0-a610-4240-9bed-879c69cdb9e7
18430c97-32a9-409f-bcd3-698297f3997a,dad1ea50-6272-49a7-b089-7b3b282cd7f7,702c5cb0-a610-4240-9bed-879c69cdb9e7
5266c8cb-a812-4f3a-8aea-082c4ae87334,2ad6619e-9f55-413d-9cb7-547912e4b529,702c5cb0-a610-4240-9bed-879c69cdb9e7
2582d59c-7909-4e04-9bb1-06ac89efe14f,2483f2d6-ab15-4c87-a9be-22efe599647f,702c5cb0-a610-4240-9bed-879c69cdb9e7
422d381c-6246-4ee4-b0cf-442c3d351f41,e4b3a4b0-2a44-4458-aad1-b3d267a292d5,702c5cb0-a610-4240-9bed-879c69cdb9e7
622e8d76-acdd-4e7c-9b70-55606e7550ac,9019b380-8b25-4cb7-908e-249753c82e79,702c5cb0-a610-4240-9bed-879c69cdb9e7
9e5de194-1087-4c17-988d-a99740960460,32a37820-c2c9-4290-b20b-a65de823129e,702c5cb0-a610-4240-9bed-879c69cdb9e7
e033aa4a-dbd0-4015-a7c5-5ea71f85d221,4bc9234b-eb23-4ddb-9147-7d392c48db50,821f14d9-7bc0-4e9b-94af-b8fcb6e5280a
a29e40d3-74a0-48c9-b946-7bb17ab3ed1d,6859583a-2990-4ed4-8d75-a0b432bfa643,702c5cb0-a610-4240-9bed-879c69cdb9e7
798bca93-afbc-4b41-b71e-d39df5b1c9c2,cb7d0542-6dbe-4767-bc1a-1c702157e435,821f14d9-7bc0-4e9b-94af-b8fcb6e5280a
99fa287f-35a5-485f-bb7f-b5f364e5ba3c,26eba3a1-b0c7-42ed-b35b-302fbc2e4c32,821f14d9-7bc0-4e9b-94af-b8fcb6e5280a
3d56c831-7bda-4376-98fc-37b7ef33f2b1,14d5a2b4-840e-4226-94e7-e0fb2747a9bc,821f14d9-7bc0-4e9b-94af-b8fcb6e5280a
7ee6cdc8-c30f-4198-9fa1-f4d74878346c,a8453bff-c4e8-46d1-a6ae-3f32db115057,702c5cb0-a610-4240-9bed-879c69cdb9e7
0276bb2e-c56c-4e9d-8249-aeacaee2118e,9aec76e5-e78e-4bc3-b41a-55e69f5fe0da,702c5cb0-a610-4240-9bed-879c69cdb9e7
ca59312d-6cac-48f9-928a-532fbf4afdd5,ef5e5df9-461a-4d15-ada2-54ef01041bf5,702c5cb0-a610-4240-9bed-879c69cdb9e7
01b94ca7-46fd-472c-b2d7-fccb6b50f193,72a4881c-682f-4fa7-9011-cc54dbb8cbca,821f14d9-7bc0-4e9b-94af-b8fcb6e5280a
c11cd69d-0efb-4185-a64d-b17817669459,d7fd8243-71ca-4cff-9c33-96d603c962f3,821f14d9-7bc0-4e9b-94af-b8fcb6e5280a
add1a637-642a-469c-a365-52a21998317f,d21c76b6-9abc-4b6e-a8e4-2118d38e9b04,702c5cb0-a610-4240-9bed-879c69cdb9e7
f6eb6dca-57d0-40e2-b546-2f685c78c296,4056509a-4769-464f-9af3-7c7d28e95b04,702c5cb0-a610-4240-9bed-879c69cdb9e7
e28b98a9-f40a-4bd0-9da2-8fe377eaf4f9,11066845-647f-4d26-a90a-d82e6c116f0d,821f14d9-7bc0-4e9b-94af-b8fcb6e5280a
40c2ac58-a4d9-43e2-95ec-7532e4622549,d0d7436b-e47c-43cf-89f2-605db4311af7,702c5cb0-a610-4240-9bed-879c69cdb9e7
ea34ef89-17ea-48b9-ba2f-87ff54906db1,2b916475-dc54-4e9a-b032-3eb9d540f52d,821f14d9-7bc0-4e9b-94af-b8fcb6e5280a
997b8012-c807-4b94-b1c8-892d696b18c0,f0ab60ce-0bb8-450c-ad04-9fef2724d2fd,702c5cb0-a610-4240-9bed-879c69cdb9e7
f1d775cb-0425-4d72-8039-b6d2b039877e,c2a68cd7-9d55-47b1-82fc-3e0bab3ccae2,702c5cb0-a610-4240-9bed-879c69cdb9e7
60b178c0-8414-4e6e-a902-e63472660b57,d46983c1-c0be-48dc-bce8-6a85156d59c6,821f14d9-7bc0-4e9b-94af-b8fcb6e5280a
b5db426f-f5f4-4ab9-80c8-f8a1fb467d69,da7e59c8-bbdc-42c1-9ca5-110f92e3080d,702c5cb0-a610-4240-9bed-879c69cdb9e7
094eef62-2e6e-4507-857f-469e83f87d8a,b3480eab-b093-40b6-a579-e33fdb9ee8d6,702c5cb0-a610-4240-9bed-879c69cdb9e7
1aa770fb-de67-4fc9-83ee-9e0b301f899c,9c4a24d6-cd2e-4175-99b6-b321cafcb4ed,821f14d9-7bc0-4e9b-94af-b8fcb6e5280a
6938258a-a96a-4d3c-a5d0-c29abcd83398,a6d328cf-1384-4a89-b09b-25ac4a67c990,821f14d9-7bc0-4e9b-94af-b8fcb6e5280a
f580352e-7119-44e0-a604-ddb327f480c7,f5a3c374-568b-4327-86b1-00578949fb65,821f14d9-7bc0-4e9b-94af-b8fcb6e5280a
d5b4dafe-fac2-42a6-9c22-4596313da348,cf2f5088-65a0-418d-b6ed-4cd5f8f896b8,702c5cb0-a610-4240-9bed-879c69cdb9e7
a3efdb77-3bab-42f7-a8ae-2d00a19404e1,da58262c-6631-4ab8-9eb2-42f81188b799,702c5cb0-a610-4240-9bed-879c69cdb9e7
4aa14a45-e004-4439-b6b2-6eea170ce93b,3a336ad2-526f-45d4-a0a6-3015f0c96997,702c5cb0-a610-4240-9bed-879c69cdb9e7
f109edd6-a9cb-400e-8153-72116c8a0ac2,e449f114-94a8-4a32-9f6f-76de0c4bb427,702c5cb0-a610-4240-9bed-879c69cdb9e7
c74f3c5f-2279-4d86-b3d0-7ffd64adac4e,3992e4d1-3100-44b2-90ad-c5d8da0c8fb7,702c5cb0-a610-4240-9bed-879c69cdb9e7
321e491a-06b0-4138-ab35-eb0c2ff0bb9c,02df75c6-af3e-4a79-b79e-8dbeb475bead,702c5cb0-a610-4240-9bed-879c69cdb9e7
f573c13b-3e89-4e2c-b351-f2f52373b921,78f5795a-5534-47cc-94b2-527fbc6b3118,702c5cb0-a610-4240-9bed-879c69cdb9e7
83270790-b463-41a1-bee8-c60dd68acb64,572a4e1c-3801-4263-bd95-bbdca17ab116,702c5cb0-a610-4240-9bed-879c69cdb9e7
cdd86ef9-a542-42d7-9dfe-cc9b1d4c0a4d,075f85c9-c819-4ab1-a3ac-aeff7c5edcd1,821f14d9-7bc0-4e9b-94af-b8fcb6e5280a
f27e84ba-2393-4a4c-9a78-0cb6f828ab41,ea1c7611-d796-4690-87e6-479a6f6908fc,702c5cb0-a610-4240-9bed-879c69cdb9e7
32b0a0a6-377c-49d6-be6d-ffcbbe173700,8b6019f1-00f1-4ce8-b6be-13ac39ef67e3,821f14d9-7bc0-4e9b-94af-b8fcb6e5280a
3031b509-2fc4-48fb-9457-d5a5f6fa9843,c6cf98ec-00a3-4fa5-9cf5-b86a8bd01b4d,821f14d9-7bc0-4e9b-94af-b8fcb6e5280a
2bb7620c-b4c0-4650-aa79-5d35ebd7896a,09b881e3-01fc-4596-9123-46dcee721371,821f14d9-7bc0-4e9b-94af-b8fcb6e5280a
e9a6c5fb-6ca6-475a-ab98-1c429d6758a9,9e936f21-561a-45d1-9a58-71328de88959,821f14d9-7bc0-4e9b-94af-b8fcb6e5280a
0eeeca95-c8fc-492d-a31a-85fb7dd29c56,4bc6fde6-c326-472d-8809-f1f03c3c1959,821f14d9-7bc0-4e9b-94af-b8fcb6e5280a
9a123db3-13fe-4bb8-9e43-8103b7cb4437,7b1b6380-9c23-4c63-bd74-a674740172fd,821f14d9-7bc0-4e9b-94af-b8fcb6e5280a
fb157682-0525-42e0-8ac0-3f1c6fce76ca,b7f1ac53-c3ec-4dea-9601-98ddf5ee7f39,821f14d9-7bc0-4e9b-94af-b8fcb6e5280a
d566a7fb-2116-46d6-9b04-fb5850069a8e,e6bf10db-475b-4b46-a546-ddf8b1a3eed6,ed204181-0a5c-4ffc-aea7-05dc9d565ecc
b0dcbac8-9650-4eea-8a20-daa07815c937,44d29b7b-2f51-437a-835b-94c69e20818f,821f14d9-7bc0-4e9b-94af-b8fcb6e5280a
429a1a5f-1a60-41b7-ada0-d55313df00b1,44f61b6b-6790-4144-b194-325a844f0de4,821f14d9-7bc0-4e9b-94af-b8fcb6e5280a
28fffeb5-d2a2-42e7-bdf8-f32bdd11f602,dc5ec0c9-e5da-4033-a066-b6bee6407771,702c5cb0-a610-4240-9bed-879c69cdb9e7
69f8cf11-fe3a-4234-b774-5ecc8b858d4f,586c5a98-fe8c-4c09-90bc-34a982926be5,702c5cb0-a610-4240-9bed-879c69cdb9e7
5b783e12-04cf-4ba9-9331-bab5a13d8720,271f64c4-35c1-4a25-9017-2c5a13a2fae6,702c5cb0-a610-4240-9bed-879c69cdb9e7
a6985d80-300c-485e-b1d5-2f0e5fe78898,88c67199-39c6-4857-8870-cf9451933f87,702c5cb0-a610-4240-9bed-879c69cdb9e7
e15a9d08-0f15-48af-8c9c-a874ad60cec8,97263f0a-133d-42e5-9bbc-387adbb76b8d,702c5cb0-a610-4240-9bed-879c69cdb9e7
96d93668-de63-4f85-8926-29766d99deae,3c66e92f-f201-44bb-865b-0c6fc1c5eb70,821f14d9-7bc0-4e9b-94af-b8fcb6e5280a
3e3b1c9c-c570-4bb4-9d51-b6be9c04c99f,0485014c-f147-45cc-ba5c-357bba5dde87,821f14d9-7bc0-4e9b-94af-b8fcb6e5280a
29ed1647-0925-4afc-9af1-2b79a7596a1a,24118412-99f8-418c-abbc-b1d2ad05a4dc,702c5cb0-a610-4240-9bed-879c69cdb9e7
498541a5-8971-45f5-82d6-81d5a96b8545,51a4dbd3-6c45-4384-8dd7-f0c2bc8b0b57,702c5cb0-a610-4240-9bed-879c69cdb9e7
9c19cd8d-9db9-4792-af47-68b51c2d64db,5539cdd4-90cc-4f48-bdd5-54be454092b6,821f14d9-7bc0-4e9b-94af-b8fcb6e5280a
bcdceca9-9249-456d-8f06-38fd4c820782,e97b92ea-f3eb-4621-9460-a5fd91c787fc,702c5cb0-a610-4240-9bed-879c69cdb9e7
93d8dd5d-abd1-4e97-a3df-d73704ec930b,8aba65ab-0903-418d-881f-d7138d8028e8,821f14d9-7bc0-4e9b-94af-b8fcb6e5280a
47581297-d1af-4513-bbfe-f949e036c09d,e85af10e-a923-426a-89b2-f557b8bd1995,821f14d9-7bc0-4e9b-94af-b8fcb6e5280a
9802336e-43f2-45cf-9d6b-590a38fbe427,634f1df0-6b4c-4214-b9d0-d4c3c4a42eb7,821f14d9-7bc0-4e9b-94af-b8fcb6e5280a
2f2048c2-4911-4ae3-8fc8-f96a8e02f014,52cd8074-4730-4a99-8f1d-bf7e635c367a,702c5cb0-a610-4240-9bed-879c69cdb9e7
0583c3c2-0c44-4177-b645-284870135acf,b47ecec5-f3a6-4731-8572-3b814bac322e,821f14d9-7bc0-4e9b-94af-b8fcb6e5280a
16c7e37b-0d04-4ecf-b558-cfe0cc608660,1b6f070b-5abd-4a5f-8686-30f3b3d330d7,702c5cb0-a610-4240-9bed-879c69cdb9e7
5b3644b3-e8d6-4d7a-a912-98fe1671089a,32dfd4e4-6c60-496a-a6ea-f7f4d2595461,702c5cb0-a610-4240-9bed-879c69cdb9e7
96e21efc-3d83-4557-9f77-a0338a30955b,0a171c09-32d3-4eef-9af3-6ad94842ae06,821f14d9-7bc0-4e9b-94af-b8fcb6e5280a
160bc20f-ed73-42f5-b3ee-dc443667adc8,a7639f14-8016-423a-8e46-ba3df62de4aa,702c5cb0-a610-4240-9bed-879c69cdb9e7
43b82dbc-e43b-4a79-bf15-3d120604116c,8eebae50-7b55-4643-a4ef-c0fdc2c49e47,702c5cb0-a610-4240-9bed-879c69cdb9e7
f3dfe38d-e4e4-4761-af85-0cd2ab83e123,2d3f315a-2603-4402-8a63-55a434e27c3b,702c5cb0-a610-4240-9bed-879c69cdb9e7
da01e00c-2cf9-4523-b555-bbbcfb07c520,2876c71c-b72f-433a-957e-a9198c0eb0eb,702c5cb0-a610-4240-9bed-879c69cdb9e7
8676d88c-8fc7-49ef-acfa-be29119d9372,49fa40c7-be07-44ab-a17c-c07f48724711,821f14d9-7bc0-4e9b-94af-b8fcb6e5280a
d4e9f413-bc0d-4fe3-bcd2-d092a73a4d68,56205b38-6585-4e47-a835-84f486ef4bcb,702c5cb0-a610-4240-9bed-879c69cdb9e7
f48568d7-f221-4f8b-b39b-0a3f475f56a5,270cb86e-c42f-4035-90e9-55607f89935e,702c5cb0-a610-4240-9bed-879c69cdb9e7
8e0ccb87-61a5-41ea-9f2c-9f4130a5cfb2,870f507c-7617-43c3-94c9-664725f9fb1f,821f14d9-7bc0-4e9b-94af-b8fcb6e5280a
2706036e-3e50-48c4-9c8e-b857743db091,37043dd5-dc6d-4f56-b66a-3c5b4be78435,702c5cb0-a610-4240-9bed-879c69cdb9e7
010d84f0-8dbf-4f6a-9bef-6cc0d0f442ee,57cc6877-9d81-40e1-ae57-56d4f7fc873a,702c5cb0-a610-4240-9bed-879c69cdb9e7
088dc1b1-f1bb-4a80-abf2-5df197050652,67e3ae47-dab6-455d-89c0-e19900b6f34b,702c5cb0-a610-4240-9bed-879c69cdb9e7
40e748e8-f856-4971-a734-cfde5364ec35,946ee4a7-b8a7-447a-a8ad-9bdfce238f36,702c5cb0-a610-4240-9bed-879c69cdb9e7
33d230c8-d32a-4ad1-bc6b-202370506b29,4482a95a-0e3d-4677-98b3-37224b09061c,821f14d9-7bc0-4e9b-94af-b8fcb6e5280a
6c930493-969d-4ee8-801b-4b7cfe6376c0,1cb6cb5a-a41a-4b3c-9d38-f616ed738386,821f14d9-7bc0-4e9b-94af-b8fcb6e5280a
2d4233e0-4201-4581-87ce-25b29a5e80d1,1ba5a7a3-fbfe-4d43-8684-d2fcfefa73e8,702c5cb0-a610-4240-9bed-879c69cdb9e7
6d8264dc-8c37-438a-85f6-68ab6f16234b,1aecaf0f-4b59-42a1-a98d-297f14a722e9,702c5cb0-a610-4240-9bed-879c69cdb9e7
7b58a3bf-ef20-41d0-84db-1ae0c74d7ee2,499f456f-b0d9-426a-b2fe-748d81119669,702c5cb0-a610-4240-9bed-879c69cdb9e7
4fcc430b-843e-4337-901a-8804dcd271f2,482e502d-2e32-461f-8993-23b3873d0acc,702c5cb0-a610-4240-9bed-879c69cdb9e7
26ee860d-8f03-4a86-8315-82965498a5b7,f239aaf3-46aa-4b74-9957-d40637075844,821f14d9-7bc0-4e9b-94af-b8fcb6e5280a
38cfd892-97c9-4079-86fd-b93fb41b46c4,8c485b84-a9e2-439d-9dd9-0ef784dab4d0,821f14d9-7bc0-4e9b-94af-b8fcb6e5280a
eb8c7371-b882-450f-861c-68c6ed030429,384396b9-dade-4fce-a045-2032d85a110a,702c5cb0-a610-4240-9bed-879c69cdb9e7
0c99c38e-a724-47a8-b376-2f915f7d6ebb,951da668-55ac-4e81-935b-45d48fa37cbb,702c5cb0-a610-4240-9bed-879c69cdb9e7
97d0b561-34e9-41ae-8d49-adcea8f481a5,80c88af8-8536-4d2a-a167-a4d69ce784f6,702c5cb0-a610-4240-9bed-879c69cdb9e7
23759eb4-47e1-4562-9c40-aabcf4c95718,33195844-454c-452a-bc51-ad150e115718,702c5cb0-a610-4240-9bed-879c69cdb9e7
8d6aef0d-4b78-400a-a02d-6cb22063eee9,0fdcb1e8-b079-4d9e-a044-634d92800209,702c5cb0-a610-4240-9bed-879c69cdb9e7
371478a8-1e13-4d6d-8aa4-44290d0c0c5b,33445c2f-9c7c-4a0f-ad6e-ed09924acb05,702c5cb0-a610-4240-9bed-879c69cdb9e7
1eb73338-610d-436b-a9cd-d70bb2863140,e615a178-0235-40f4-8a80-6b2a4b96d10b,702c5cb0-a610-4240-9bed-879c69cdb9e7
e4594f60-ef88-4f54-82ba-c67b944f2f68,be518aaf-1fd1-4328-92b2-35553d92d398,702c5cb0-a610-4240-9bed-879c69cdb9e7
1dcc3ff4-609d-4631-b237-de2c9a3cf601,77cc2464-dcd4-4357-a031-bb5a64ad9eba,821f14d9-7bc0-4e9b-94af-b8fcb6e5280a
a089edd6-b830-4cfe-809b-327552e52080,a09daf5e-56db-453c-81c5-c5a178855297,821f14d9-7bc0-4e9b-94af-b8fcb6e5280a
9f612ac5-846b-4536-a9b5-6b81c23a2fe5,cf95d80e-4f0d-46eb-bd65-c15039bb42d9,821f14d9-7bc0-4e9b-94af-b8fcb6e5280a
3aa405fb-1787-4b3b-9b06-a48e2975c812,0e479d59-6f51-4c30-b356-452531ffbe8c,702c5cb0-a610-4240-9bed-879c69cdb9e7
e61f0755-64ff-4dd8-9a26-fb2f8ec2c1b8,ac8e7f21-c6e0-43cd-855d-537f5d1fff44,702c5cb0-a610-4240-9bed-879c69cdb9e7
206bb78e-bc24-40e1-bde7-2180db998706,092ed203-14e4-4ad1-82f9-f5e1e12fbd09,702c5cb0-a610-4240-9bed-879c69cdb9e7
077c0d0a-307c-48e0-8770-980ae2af83ab,8e1d5538-1d85-47c8-9385-2e60a1d896a0,821f14d9-7bc0-4e9b-94af-b8fcb6e5280a
f0b45783-4469-4b73-b7e6-140a2f3a3499,9a2eb4b2-9e98-4e57-a822-c1befb84093d,821f14d9-7bc0-4e9b-94af-b8fcb6e5280a
0524f3e9-3397-4a13-85a6-dd44235591e2,6e903235-8c97-4967-aca9-aff41726b8d3,702c5cb0-a610-4240-9bed-879c69cdb9e7
8aad3499-16f7-4b87-82e6-4cbf34f07d36,a3cc62f1-4928-49dc-a18f-67a9efa6080c,821f14d9-7bc0-4e9b-94af-b8fcb6e5280a
dfbd378e-6adf-4c96-ab5d-9be5af92dbb5,a24a0f07-cad4-46c7-97fb-a4c9a4cc7062,702c5cb0-a610-4240-9bed-879c69cdb9e7
025b4461-a8c9-4564-82b1-1f178c0b372c,a0ef3f8b-9613-41b3-b413-0b1b813c4a9a,702c5cb0-a610-4240-9bed-879c69cdb9e7
b83e5ff4-942f-4c80-b818-b1015c7d6b0d,ab1da2a3-01ed-4086-8552-ad45a898dff1,821f14d9-7bc0-4e9b-94af-b8fcb6e5280a
ef77afc8-cf2e-4315-bab5-2dac01fc7f60,3e7a58fb-2262-4c05-98ab-a1c26a66262b,702c5cb0-a610-4240-9bed-879c69cdb9e7
a1df7b75-1e10-4019-936f-837e9550e3d1,603f03bf-950a-4a40-bbfe-b00b8de19a29,821f14d9-7bc0-4e9b-94af-b8fcb6e5280a
149e7a6d-5a9e-4e0e-8475-59ac14373690,1800047b-fed6-46ff-b15e-c18e1fc7a41d,821f14d9-7bc0-4e9b-94af-b8fcb6e5280a
e1c0a8b6-d054-4d91-b773-f348e97f60ba,43dfe8c9-7240-4ec6-95c1-899d72f7ea68,702c5cb0-a610-4240-9bed-879c69cdb9e7
c7e73cbe-52c7-42c1-bc0f-8869ac006f27,d4b030fd-843e-4b9f-820a-edd8b7db79fa,4ef94708-9c27-402e-9600-3eb5525b0ca9
b527ffe9-beb8-4f67-b683-74605f42a2aa,b22de713-cffe-40d6-91cd-43ddebf2ec0d,702c5cb0-a610-4240-9bed-879c69cdb9e7
752126b8-5630-40f7-b9ba-da77b68488d6,000d0d77-e157-42aa-b586-abfa5865ce6e,702c5cb0-a610-4240-9bed-879c69cdb9e7
8acd570f-c134-43ee-90d8-395aa8cbed14,6b9ba9b5-ba24-4cb0-8c3e-cc601b17c597,702c5cb0-a610-4240-9bed-879c69cdb9e7
ad563361-5b26-40d1-a302-efcbf0a7dbb3,4891b53c-1453-48e8-9e91-a68dc2be5863,702c5cb0-a610-4240-9bed-879c69cdb9e7
bab760f6-b9d9-4978-ae3a-dc11de2fb77b,6c583574-daa8-47e8-84d0-8bc6310d775f,821f14d9-7bc0-4e9b-94af-b8fcb6e5280a
945514ea-b0d5-4fe6-a11c-a45526d1d919,e647f2f4-8a4b-4ca7-b203-e971cd9f77e2,702c5cb0-a610-4240-9bed-879c69cdb9e7
aa719678-e96a-4c72-a8c3-5026fb8baa54,710c91f2-57e8-4fae-b2d3-ba9b003c12ec,702c5cb0-a610-4240-9bed-879c69cdb9e7
da4836aa-7c89-4ca0-95fa-159b38ea18ed,209280c9-2600-4d63-899f-8fa10e56ef44,702c5cb0-a610-4240-9bed-879c69cdb9e7
94f05d6c-4455-433d-85d9-87eb86634b2f,72ce3511-63bc-42b7-b6e7-ed5fb4e79d69,702c5cb0-a610-4240-9bed-879c69cdb9e7
886990b0-5abb-4469-816f-9b00cc2356ce,ea451873-9379-4ecc-ab25-a842c59f4ef5,821f14d9-7bc0-4e9b-94af-b8fcb6e5280a
0f17da2e-2042-483f-8f2a-4af41921f149,6d17bcc9-113a-4237-bb4a-555673fa06d1,821f14d9-7bc0-4e9b-94af-b8fcb6e5280a
56360a77-7ce6-4325-a8ec-2ccf672cbda5,578ca3c0-fbed-4f54-9253-6c14443cb80c,821f14d9-7bc0-4e9b-94af-b8fcb6e5280a
7d245324-4221-45c6-be13-c3a9d11fe6b0,8889df5a-403f-4e46-a371-817e5e2b62a8,821f14d9-7bc0-4e9b-94af-b8fcb6e5280a
3cfe7045-287d-4bd9-8b50-1a1b2106758a,1167b361-3938-4b69-bb7e-7207d0374fca,702c5cb0-a610-4240-9bed-879c69cdb9e7
f8203e21-9413-4e7e-8abd-a52bbb60d82a,cd2e2fb3-d88c-4a1b-8f90-fa0c776ce04d,702c5cb0-a610-4240-9bed-879c69cdb9e7
139bbcb4-3e84-4ace-ade4-5efa2f16726d,4db9ac5a-f173-4dae-a3dc-564351bc0398,702c5cb0-a610-4240-9bed-879c69cdb9e7
99d0b826-4250-49c9-a9d6-4c275695e756,96d50e07-0340-47af-aff6-85e8bc851d66,702c5cb0-a610-4240-9bed-879c69cdb9e7
f42ffe2d-19da-46c4-bf75-1ce8b42cb725,83c5206c-1e88-4397-a844-634cf3892292,702c5cb0-a610-4240-9bed-879c69cdb9e7
f5f1d475-c684-49e9-bd8b-c49a6ae1ef07,917a05e9-218c-4826-9e7a-5d23f469455e,821f14d9-7bc0-4e9b-94af-b8fcb6e5280a
e641a07c-c69c-4fa3-8dcc-95846c3cc69a,98a713f6-ec11-48b6-b653-08ddd7f907dd,821f14d9-7bc0-4e9b-94af-b8fcb6e5280a
76628913-f840-4e61-b691-95a5b4add23e,3dc6b482-4d38-4ff5-948c-fa8b0682f580,702c5cb0-a610-4240-9bed-879c69cdb9e7
e77cd85f-8dc1-468c-8b18-501b5a1672e6,a4329782-0041-4953-baef-5ae858fa8fff,702c5cb0-a610-4240-9bed-879c69cdb9e7
7ff6e793-c24c-47bc-a86d-6df532fee7b0,c9ee8ad9-48ae-4f2e-b3af-bc3a67078a84,702c5cb0-a610-4240-9bed-879c69cdb9e7
7fc7dd9b-6798-434f-990c-c1430b82b0b5,597a5d54-f1d1-4687-82b1-a922ffdbb0ec,702c5cb0-a610-4240-9bed-879c69cdb9e7
3945859e-a587-4e39-89f8-35c8ee7aa301,63ec0796-50ea-409b-a5e0-d76b9010081b,821f14d9-7bc0-4e9b-94af-b8fcb6e5280a
019f649f-1f90-4a47-b5df-dc40e45502ca,7d25a7be-bbd7-46e9-a048-864dcf53af86,821f14d9-7bc0-4e9b-94af-b8fcb6e5280a
582c5c52-0f66-4c99-a453-bb29bf8ea069,de62d3c3-1ca5-429a-b2c2-7542e078743c,702c5cb0-a610-4240-9bed-879c69cdb9e7
254cbd29-fc4b-4149-873e-23c2d04296b2,248f6332-3d77-4b24-b5ca-bf1c6eb05220,702c5cb0-a610-4240-9bed-879c69cdb9e7
351ce4d8-e77d-4b9d-9271-3896383fa08d,66a01c7c-32bd-4f4a-b3ac-f2efc9471d5b,702c5cb0-a610-4240-9bed-879c69cdb9e7
e334686d-071f-41b0-a354-8e5ea7d0245b,696f48a0-1ee0-4bb8-b716-82c7125e5776,821f14d9-7bc0-4e9b-94af-b8fcb6e5280a
24641db1-ff5b-4be2-8413-4130a0d8a837,bd4ed953-e917-4258-9d0f-dbb6179ba09e,821f14d9-7bc0-4e9b-94af-b8fcb6e5280a
858f110d-f8ca-4817-b285-abd56d9ad1df,0fc1692c-5ad9-4752-b41f-587d71762464,821f14d9-7bc0-4e9b-94af-b8fcb6e5280a
862813a0-4ffe-4dd5-98da-8530cf399a3a,82d907c8-3f85-4f63-9075-48e2f4849b70,702c5cb0-a610-4240-9bed-879c69cdb9e7
b0900b1a-5056-4759-9df3-ba2ae804ede8,010d234b-7ae1-4810-83ea-8d3b85984f88,821f14d9-7bc0-4e9b-94af-b8fcb6e5280a
e83d45ca-e4f7-4f6e-b65e-84855f0a5134,41057db3-87eb-4c35-8591-2584c9088937,702c5cb0-a610-4240-9bed-879c69cdb9e7
6f112e7b-77ee-44c4-91e3-5c7b4fb392c3,8bd6b832-9923-4661-8b19-6a6c45696209,702c5cb0-a610-4240-9bed-879c69cdb9e7
1fdde1dc-82b5-4169-9c08-25d1ad70ad14,65b9645f-f4a0-4ec0-b9c2-ac6e695453de,702c5cb0-a610-4240-9bed-879c69cdb9e7
0fdf5e0a-3543-4e10-ad53-0c3a629b2e81,0cae426a-f744-4c9b-8ccb-79a65a454021,702c5cb0-a610-4240-9bed-879c69cdb9e7
ee46954d-6a05-4ca9-8185-8afe56f2885c,5517f996-0356-4a47-a319-3894b5cc9291,702c5cb0-a610-4240-9bed-879c69cdb9e7
9f6ef4a4-cc2f-4006-ade1-4a00471075e6,e8209ffe-c92e-421c-9afc-7b46f9ca07ad,821f14d9-7bc0-4e9b-94af-b8fcb6e5280a
95261b63-c8f4-450d-90b2-022095e0cc2a,c6c00621-cd8d-4e9b-80f3-823c2db5c4fb,702c5cb0-a610-4240-9bed-879c69cdb9e7
4956b93b-0e9d-4cec-a2ac-a3efa917da6d,6678af43-ecfe-470c-bd6f-7bf9175d2f35,702c5cb0-a610-4240-9bed-879c69cdb9e7
21686cd4-4777-4d53-948f-80a125be2e7f,233ef472-31f7-48f7-a8ba-1d5c5b125919,702c5cb0-a610-4240-9bed-879c69cdb9e7
3148d551-31a7-491f-aff1-2194c9b3bdc7,a1ac7967-bc0f-4d8f-a202-f6e1e399dd81,702c5cb0-a610-4240-9bed-879c69cdb9e7
ed6c8ee8-14da-4c81-b1ca-11d0dc84b95d,84486613-cac3-4301-84e0-60864b5c4b01,702c5cb0-a610-4240-9bed-879c69cdb9e7
48a69e85-bd41-4e54-a286-45f686d2c7ce,89f0d02b-eb51-4a34-b86c-abac8c1c501a,702c5cb0-a610-4240-9bed-879c69cdb9e7
9909a1c5-09df-452f-af32-4652479e7f81,b76d8aec-0fc8-4b0d-a3a4-0aedc6c6dd9c,702c5cb0-a610-4240-9bed-879c69cdb9e7
7e394f04-801f-4cfe-bc61-385aee7adc0c,7e797ea0-11c9-4c09-a366-977aca009646,702c5cb0-a610-4240-9bed-879c69cdb9e7
6c17f1a0-32f3-4016-953c-f49e976c335d,d84b9d92-b381-4d8b-aa1f-798a5ef8d929,702c5cb0-a610-4240-9bed-879c69cdb9e7
ecbebb29-2099-44c9-a25a-401f97ec3b0f,4d408f36-6334-41ab-a52c-5b6189c93fa1,702c5cb0-a610-4240-9bed-879c69cdb9e7
7b78e502-bdeb-483d-afc2-5b48d731e8f1,d734dd82-32af-47f1-bb6c-0cec2a0e5217,702c5cb0-a610-4240-9bed-879c69cdb9e7
f131cf44-19e8-42fe-ab15-7dd445090702,911d173c-5b77-4124-86fe-34f83dc66d8e,702c5cb0-a610-4240-9bed-879c69cdb9e7
79d08406-e2fe-45dc-bb03-e40f5c01be1f,a8701085-3587-4e5e-913c-4f69ff2cbac6,702c5cb0-a610-4240-9bed-879c69cdb9e7
5981012e-1b42-47d3-82b4-527bf0ca0117,8807ba94-6074-443b-adb4-23972b47c346,702c5cb0-a610-4240-9bed-879c69cdb9e7
9a075cc5-3b0b-456c-b956-e1f84e4ee4e1,fdde7c61-1ba7-436c-a0c7-b84d010f70cf,702c5cb0-a610-4240-9bed-879c69cdb9e7
95434a30-732c-4af3-a847-4be291a6bea5,5f3ff4d5-0a6f-409c-9e7f-4ee3a0cdac83,821f14d9-7bc0-4e9b-94af-b8fcb6e5280a
0962babb-6e01-43f5-ad9b-50cd54032172,f5885d29-b5e6-4fb7-ba67-33731954b7ec,821f14d9-7bc0-4e9b-94af-b8fcb6e5280a
56b5aa5f-6543-4902-82de-da741ac29b9d,4e816695-0e0e-4e38-bf23-33f5a24672ca,702c5cb0-a610-4240-9bed-879c69cdb9e7
acc0e3f2-e775-4da1-a663-c168fb4625c5,a3f9ae77-10fc-401c-a024-3ec637dd5e95,702c5cb0-a610-4240-9bed-879c69cdb9e7
a5f43503-1fbc-4bef-a149-3fc70c18e1b4,2d20a3c5-bf11-4a4e-addc-bd765a54f61d,702c5cb0-a610-4240-9bed-879c69cdb9e7
69bb1702-40b7-4915-9dcc-081d23af3dc2,98a90a8a-4696-4300-aae6-70f4933b2adb,702c5cb0-a610-4240-9bed-879c69cdb9e7
582a564c-8f02-461c-9bf3-b3d585765edf,b7c2f51b-cdf0-4301-bcb0-6e63cedb424a,702c5cb0-a610-4240-9bed-879c69cdb9e7
eb40c8ff-d240-4af8-a479-c3c73c7e91f5,2e849d5e-b352-4f9b-80ec-f819abc0601c,821f14d9-7bc0-4e9b-94af-b8fcb6e5280a
ef756226-708b-4168-b379-b99a4fc63eb2,e9ab5567-bdb0-40fc-9115-b787c89edcc1,702c5cb0-a610-4240-9bed-879c69cdb9e7
a93723aa-3e6b-402c-85a9-641deaf825b9,7dd24d4c-25b6-45b1-9249-b9975c1ec619,821f14d9-7bc0-4e9b-94af-b8fcb6e5280a
f3c3afa1-c164-4893-84bd-b07b679d3020,b5e84ce6-8598-4036-90e8-ee73cf7baba9,702c5cb0-a610-4240-9bed-879c69cdb9e7
12651da1-ff48-49bb-8a67-15f7d74489bf,0ddc4961-f456-4785-9ba0-49e14f73b9a4,702c5cb0-a610-4240-9bed-879c69cdb9e7
8fd4f347-8e15-4178-864f-1e1789055692,00600b1f-0671-42fc-a56a-b266a7502eaa,702c5cb0-a610-4240-9bed-879c69cdb9e7
5f1510cd-2a00-4090-a372-60cb99407810,20c92ec4-f7cb-44ec-ac81-53eab2831586,702c5cb0-a610-4240-9bed-879c69cdb9e7
8c5272f0-5a7d-4d55-aeaa-e88d7c65f66b,83a162a7-768d-4010-a00b-1a4f6ab99744,702c5cb0-a610-4240-9bed-879c69cdb9e7
b0c54901-690d-46e7-8359-4567c17d7f0e,dd529fac-4550-42e6-959a-bb558ab59d61,821f14d9-7bc0-4e9b-94af-b8fcb6e5280a
9a694e24-2b7f-4163-8923-cc67d867e655,6780fab8-7b17-422c-ab33-aaf759b2117c,702c5cb0-a610-4240-9bed-879c69cdb9e7
022fbad3-dbd2-403b-affe-0973287b5a65,f9e67c08-2ee2-4c82-9ec4-b2e4b6bcc8a5,821f14d9-7bc0-4e9b-94af-b8fcb6e5280a
0ccebfef-41a7-4723-a482-13d269043757,fa202d7f-0315-4e64-8bb3-3a339f6204f5,702c5cb0-a610-4240-9bed-879c69cdb9e7
79b1fd13-06f3-4665-8bb1-c5a1404e1353,9462cf07-ea23-489e-96bb-4975d6b1d13a,702c5cb0-a610-4240-9bed-879c69cdb9e7
7060afa7-2185-459c-962d-401cc0755a91,902b2ef3-e256-4c65-9778-353f1bbbaea2,702c5cb0-a610-4240-9bed-879c69cdb9e7
b3fb2172-8c55-4344-aeb9-89ae37658b2d,636e4bfd-a7fa-40f1-98de-76303f6b668e,821f14d9-7bc0-4e9b-94af-b8fcb6e5280a
aff40e50-5a2c-40dd-865b-8e5b78507c72,5db701cf-6a16-4495-ad0c-ec6a7bbc999a,821f14d9-7bc0-4e9b-94af-b8fcb6e5280a
58defc6c-60da-457b-8cf6-57d00b845a06,fef7ea9a-7863-4b75-90a8-e8167cd171c9,821f14d9-7bc0-4e9b-94af-b8fcb6e5280a
df39c36e-da88-4a40-873d-13557afb51cd,fd7919d5-18a9-4bd5-bcf0-d98bc62205d3,702c5cb0-a610-4240-9bed-879c69cdb9e7
ce1e5fc4-cbbc-49f6-82e8-f1913488127d,f5540ce6-eda9-47ae-9e9f-6211c670aa83,702c5cb0-a610-4240-9bed-879c69cdb9e7
b161611b-b352-4814-a84c-0532551e5049,61cb6099-e175-4b6c-a5f3-a85796c16713,821f14d9-7bc0-4e9b-94af-b8fcb6e5280a
a4603a06-be82-479d-ad32-6c86921ba619,68d76829-5b61-48fc-9526-27bd581d85ff,821f14d9-7bc0-4e9b-94af-b8fcb6e5280a
bfc874f9-af2b-430d-ab19-bef8f96ae6c2,a07d8523-f99b-4811-9fc9-805301fcc64a,702c5cb0-a610-4240-9bed-879c69cdb9e7
4f353f88-b7c3-41d0-88bf-342e29ccd7db,93d2fa09-8483-4e53-bd1b-9e06dbd3a87b,702c5cb0-a610-4240-9bed-879c69cdb9e7
81b17ebc-f4c2-4cd7-85ec-c22815a1c379,91353684-34a1-4621-b632-b9b3fe0789e4,702c5cb0-a610-4240-9bed-879c69cdb9e7
b3f1463a-592f-4288-a377-74b6010b0b2e,b6832317-7778-4ca4-a49a-e5b3e8cb855d,702c5cb0-a610-4240-9bed-879c69cdb9e7
4ecbe27f-4f08-488e-8cba-d1eb16620b54,be88a269-008f-4b1a-aa10-b54189c812a5,702c5cb0-a610-4240-9bed-879c69cdb9e7
f53ff36f-12b3-426e-b4cb-76c6da65aed4,3f822393-861f-4a77-98e6-cbfab6357c97,702c5cb0-a610-4240-9bed-879c69cdb9e7
c19df284-04df-41b1-9acc-0fdae56c004c,9be80ec1-7bbe-492e-b55c-8ce7ee5c2164,702c5cb0-a610-4240-9bed-879c69cdb9e7
9bb3ef7d-14c2-4098-9ecc-59091522a9a2,eb9033e6-87a2-4084-adfc-755bf1ddbb0f,702c5cb0-a610-4240-9bed-879c69cdb9e7
4a9d9f0c-28ad-4519-bc53-ed65fa5453a0,ceacab76-b3b2-4551-9939-f4db64b13f60,702c5cb0-a610-4240-9bed-879c69cdb9e7
5be3096d-3176-408b-a92d-35828602136b,dc44bf00-4e3c-453d-a474-0236c33a9b62,821f14d9-7bc0-4e9b-94af-b8fcb6e5280a
bd55e7eb-d0b1-4724-adb6-974b4e895c9b,f9f2b1d3-2061-48a4-b187-6125becac869,821f14d9-7bc0-4e9b-94af-b8fcb6e5280a
7831b5af-0f76-4a24-9b37-97cee75df95f,69063ffc-787a-4748-87b9-d9333436f427,702c5cb0-a610-4240-9bed-879c69cdb9e7
48e87169-4c6e-486d-aa32-c5a262427074,bc6149df-8e19-4bfc-9663-c67c18ea81dc,702c5cb0-a610-4240-9bed-879c69cdb9e7
087dd4c9-36c8-49d6-8b8b-1b60d7c67368,d95b7189-d955-4c3c-85dd-2689a676ffb7,702c5cb0-a610-4240-9bed-879c69cdb9e7
48ae55a0-9798-4234-8222-b50a559a8e95,75c988f0-32ee-4ffd-a235-a82eb4e1c711,702c5cb0-a610-4240-9bed-879c69cdb9e7
48b17dbd-34f9-426b-a7f3-d804b10e20f8,529dd08f-4b86-4319-985f-5d0c13cb25fe,821f14d9-7bc0-4e9b-94af-b8fcb6e5280a
a6d5ea30-8c4d-4250-b49a-831929a1c7b8,062b2acd-30c8-4b81-96f7-0bc09dd19afd,702c5cb0-a610-4240-9bed-879c69cdb9e7
858b490c-910e-48de-a0fe-c583429abc94,03dd71dd-5d5b-4693-bf4e-44ff39454790,702c5cb0-a610-4240-9bed-879c69cdb9e7
6ec04836-70f6-4051-9f99-742197cf7480,2a0f40ef-f808-4fae-9b7e-41e3dcbcd00d,702c5cb0-a610-4240-9bed-879c69cdb9e7
da9a9336-cca1-4b48-a96a-6a4416f94a6e,bbbd2b52-598a-41be-8498-88b0c9a4535d,702c5cb0-a610-4240-9bed-879c69cdb9e7
81205226-61b7-4459-b710-2ce6fad97da7,f84083df-c4f8-4973-a8b6-cbb2b7d9645e,702c5cb0-a610-4240-9bed-879c69cdb9e7
bb98b43b-bda1-41f0-8d6c-c1b0e05a054e,fb799c6f-acb8-4577-8b6d-468bc699f6c7,821f14d9-7bc0-4e9b-94af-b8fcb6e5280a
b40fda8e-7ee8-4e6e-86b6-022073e2080b,109c4805-4e0d-437c-ad23-1365e7f3af25,821f14d9-7bc0-4e9b-94af-b8fcb6e5280a
4530feef-9574-4d52-80f7-816b3c498224,d8b85377-a578-4beb-bc7d-10a1d0f83e02,702c5cb0-a610-4240-9bed-879c69cdb9e7
260f5618-2fdb-403b-b436-b3c1ede787c2,b1bcb5e6-debd-4678-a601-8507fe71c364,702c5cb0-a610-4240-9bed-879c69cdb9e7
307c7ed3-1d89-4f85-8cd2-24c20fe5a1d7,a95435a2-933f-42b4-bc7b-eefe5f931230,702c5cb0-a610-4240-9bed-879c69cdb9e7
59e2e2c4-f009-4e7c-92c2-3df35c04836e,056838d5-adec-4d9a-aa9e-c98822875b61,702c5cb0-a610-4240-9bed-879c69cdb9e7
35f014c5-6f0c-4b5f-9fd3-0cc0e0851302,2884b4fc-a907-419d-9802-ad39edfff07a,702c5cb0-a610-4240-9bed-879c69cdb9e7
01260b0d-1d0d-4b3f-bb89-c3c18ffd2b1a,0ec3c8b8-a015-4e48-b7c7-db1f7d386c43,702c5cb0-a610-4240-9bed-879c69cdb9e7
8262390e-f20a-417b-a4db-099d4f379b22,ede5d880-bb40-4259-aa41-83f2eaccd8a9,702c5cb0-a610-4240-9bed-879c69cdb9e7
f76f854b-b756-45b7-b42e-e83d75a78ffd,42924c24-8d8f-4951-9e20-68ab2fd252da,702c5cb0-a610-4240-9bed-879c69cdb9e7
d8cd716a-16a7-4d18-9b71-11785c0b596a,3fae5a9d-c885-4dfa-b506-48d5cf68e22b,821f14d9-7bc0-4e9b-94af-b8fcb6e5280a
06260c77-8899-47d1-8aa7-9e35af3f3b5f,cd992e60-75ca-4b20-84be-89b498909429,821f14d9-7bc0-4e9b-94af-b8fcb6e5280a
7ab861e0-559d-43f2-bf0a-9a4eaad214b7,509ec286-f6d5-4a32-8eaf-d57a96784764,702c5cb0-a610-4240-9bed-879c69cdb9e7
81e8bca4-476f-480d-becb-c144a1e33744,bf636987-4ada-4096-a1a3-495cb710014c,702c5cb0-a610-4240-9bed-879c69cdb9e7
c18b2cef-1b7f-4b01-a25b-627c8d083df5,de1673d7-dcc3-409e-9f9d-50298c1cc2bd,702c5cb0-a610-4240-9bed-879c69cdb9e7
861f538b-550e-4712-859e-b248d8458f21,6f9440e7-58fa-45a3-9391-ce14a434808a,821f14d9-7bc0-4e9b-94af-b8fcb6e5280a
7eba5027-0631-4605-ba96-bce0cca2c05b,675e7f65-8d44-4ccc-a27e-814ab36012e9,4934dc25-aa95-4f0b-80f6-da9704d700d3
2358eab3-7f92-45f1-9203-704b71cde571,715add61-d692-4411-b6b5-6f5ed24ce7e1,702c5cb0-a610-4240-9bed-879c69cdb9e7
d1d061e4-9ca1-4efd-91d1-4a15689f9ea1,28fd898d-6f31-4ee9-b2cf-e5283257e087,702c5cb0-a610-4240-9bed-879c69cdb9e7
4392625f-f112-4f8a-9a95-9bb494aad565,2fbeec9d-8be5-49ea-82bf-a3f546a83a3c,702c5cb0-a610-4240-9bed-879c69cdb9e7
a3a6661b-0478-45d9-87e8-9824e9d53cd5,e9a8e491-cef1-469e-9331-e920fd92b2b6,821f14d9-7bc0-4e9b-94af-b8fcb6e5280a
e038e017-c9f5-4df2-8825-b802adbc9cee,1e9db52d-f86d-4c35-9eba-b298e1cf8191,702c5cb0-a610-4240-9bed-879c69cdb9e7
2d9fd525-8737-4b8b-a4e2-6f670198fece,01aa5d2d-a9d2-4377-91f5-15770b544cfd,702c5cb0-a610-4240-9bed-879c69cdb9e7
dc239b92-d2ba-4110-afe5-c89365cb475a,1885fc58-c12d-4e62-9919-c449ecb196be,702c5cb0-a610-4240-9bed-879c69cdb9e7
b3243832-6d8e-4db4-9f8a-c5134f9efe33,4302703a-e941-4963-8917-28ba1cd2d110,4934dc25-aa95-4f0b-80f6-da9704d700d3
44ccb748-fdc1-4375-bc01-cd5da53546d8,40452bd2-e908-42fb-9c76-eeaa58e58ec7,702c5cb0-a610-4240-9bed-879c69cdb9e7
5d14f09e-2772-4d4c-a391-5bf2922a2cac,40d23fbc-168f-4dc2-9bef-cfe45d68c614,702c5cb0-a610-4240-9bed-879c69cdb9e7
854f6920-0c57-4080-bb45-cfcbe0e71f90,1455dc44-d05e-4e8f-b446-fdc57b1ccd8e,821f14d9-7bc0-4e9b-94af-b8fcb6e5280a
f1c5d425-3b28-4bb5-a009-99339e011f1f,2df29d1a-e814-465e-91ff-6b2d00bb5f3e,821f14d9-7bc0-4e9b-94af-b8fcb6e5280a
cb0a6a7b-3c44-43dc-b070-d15386959de4,ab6c00b7-78e8-482b-b2e3-d81425529ed5,821f14d9-7bc0-4e9b-94af-b8fcb6e5280a
5ffeacfb-f341-49b1-a9be-6481ce5b6594,0363d92a-a3b7-4159-ae06-6ab02cf56ef1,702c5cb0-a610-4240-9bed-879c69cdb9e7
4920b167-10e9-4bd7-99ec-4f99fd5e55d5,b9e7e9c3-7fd5-4088-a082-ec512d670241,702c5cb0-a610-4240-9bed-879c69cdb9e7
c25c6ba1-ce2d-440c-ae83-0a89ec68942b,925cc790-bb50-45bd-b065-f15d601fd70f,821f14d9-7bc0-4e9b-94af-b8fcb6e5280a
6d71e6c8-dcf5-4321-bcd4-4058ce24338d,056751bf-12db-44c1-ace6-e05e86d45fdb,702c5cb0-a610-4240-9bed-879c69cdb9e7
59c8943c-5a66-4249-9aaa-4aaceb91040a,84f8b044-c7ae-4439-865a-efb6ca576f06,702c5cb0-a610-4240-9bed-879c69cdb9e7
b7fae75b-c8ca-4ca0-aa9b-4035a32c4cc9,b0d6a76f-a8f2-4098-8699-0c9f7babda79,821f14d9-7bc0-4e9b-94af-b8fcb6e5280a
e31946eb-0195-43aa-b37b-0f1d724e4de3,a7777e83-3344-45df-b427-e74884659294,702c5cb0-a610-4240-9bed-879c69cdb9e7
e1b2c8e5-dc38-4b48-b637-61db9bbca183,4567acf1-bb0f-4009-8d67-01547155656e,821f14d9-7bc0-4e9b-94af-b8fcb6e5280a
193a27e7-003b-4a48-b233-6be6c0e6dd9c,e2b9a9f9-c962-4d77-bbbd-a619eb1664ab,702c5cb0-a610-4240-9bed-879c69cdb9e7
25b23be0-0cf5-436e-bed0-ebec26cc5cde,65dd47c1-8242-4adf-9174-62e5c6778b74,702c5cb0-a610-4240-9bed-879c69cdb9e7
ea53d73d-2409-4625-ad54-a34290de6ce8,b660c9ad-2144-4abc-9102-d2d21d59053f,702c5cb0-a610-4240-9bed-879c69cdb9e7
a0e31a68-7803-44ab-a8da-fb6e7385b13c,eea198c7-9902-4491-9fc6-c893f13d38d8,702c5cb0-a610-4240-9bed-879c69cdb9e7
f78230bf-8f17-4f05-85d9-e8d993fb03f4,efad09a8-9e1a-4e88-bb86-d57a81c5cfa4,702c5cb0-a610-4240-9bed-879c69cdb9e7
0f0e2a60-b26e-4a51-b5b7-adfb74699736,58ab218c-8768-4e29-b890-7147aaeaad35,702c5cb0-a610-4240-9bed-879c69cdb9e7
1bf08392-261a-4f6b-80c2-1b5778bccd2a,e6d787ec-cebe-4b92-9839-03113d09d741,702c5cb0-a610-4240-9bed-879c69cdb9e7
fe9c1eae-27c5-48bd-86ef-f6c40043c180,5f8e2605-453d-446c-ad59-c0001177ca69,821f14d9-7bc0-4e9b-94af-b8fcb6e5280a
f283e991-8bc4-41bd-aa9b-9f4f4e90a1d9,f6a91712-91a1-4eae-8c25-6a1689d81baa,702c5cb0-a610-4240-9bed-879c69cdb9e7
fbae2239-9eaa-4bac-8a53-e6aac6b1b624,ee65ce4d-28c6-4ab7-a9b4-ac24898b4d74,702c5cb0-a610-4240-9bed-879c69cdb9e7
956d1c59-94d3-4fdd-8a83-47fa4bbf9b3e,43baff91-be6b-4e49-bddc-6f4b1adf6f3a,821f14d9-7bc0-4e9b-94af-b8fcb6e5280a
e1d29ff6-568d-4602-9008-21a5911995d5,69d9b2bd-4e6c-4e74-ae6c-99165c24311f,821f14d9-7bc0-4e9b-94af-b8fcb6e5280a
ad4fe94f-800e-4133-bb35-6de5474ebef8,9cffc34d-0150-45d8-bd4a-0c1d05de2d4f,821f14d9-7bc0-4e9b-94af-b8fcb6e5280a
84a01312-73be-4646-bcd8-e8422ea7654d,5432fcbf-0c4e-453a-b05b-2d14b2ee026b,821f14d9-7bc0-4e9b-94af-b8fcb6e5280a
d756aeb9-0135-4234-8059-cf4597c9e93d,7f1c8f05-0b49-415c-ad28-9b8c54f3e40d,702c5cb0-a610-4240-9bed-879c69cdb9e7
246807c5-9db4-49c9-a341-b5ffe49adbbc,51c81b61-7da8-4e61-8c9d-c906422b6423,702c5cb0-a610-4240-9bed-879c69cdb9e7
693ddf64-9766-46a8-bbbb-67fa1e85a71b,2d0ba1ff-a3bb-4687-aed8-8bf50e6ced11,702c5cb0-a610-4240-9bed-879c69cdb9e7
a6bd6289-2be4-42f1-9ecb-dc7eef0eb61f,0a496f66-0b1e-4607-9f74-b2bf5a9d50c5,702c5cb0-a610-4240-9bed-879c69cdb9e7
3f7e3c3c-8303-48ef-937d-b1b4d73a7225,382e80b7-5233-4634-809e-9b41cdda8671,702c5cb0-a610-4240-9bed-879c69cdb9e7
32d61d43-42b4-4ca4-aeac-f0849dd64bbb,cc13c8b0-cc45-4629-838d-3c8e8764069e,821f14d9-7bc0-4e9b-94af-b8fcb6e5280a
b235d5a0-f055-4a1e-934b-69139ce498f9,3e07fb5b-eff1-4fcf-bf32-bf1987c602b4,702c5cb0-a610-4240-9bed-879c69cdb9e7
d8cd5072-17e1-41b0-883f-9a4a5b5d0ae6,cd379623-257e-4bbd-9c9a-bc093eb5ce66,821f14d9-7bc0-4e9b-94af-b8fcb6e5280a
0f6da5fb-58c2-41ea-91e9-7c97bb88828a,2b2c8cf5-d7fc-4da6-a0dd-78881c3831f8,821f14d9-7bc0-4e9b-94af-b8fcb6e5280a
f2acdf03-9943-437f-8f14-de6ea3fcf27f,54b88fcd-b60c-4ad8-a27e-6a1e1bfa6290,702c5cb0-a610-4240-9bed-879c69cdb9e7
0742202e-acf8-45e3-a137-c9f295829197,5c8f138d-cc74-4209-b145-ab6110d29a41,821f14d9-7bc0-4e9b-94af-b8fcb6e5280a
03175922-110a-41be-a6de-09ba3b7b8790,4e196b18-aaa1-4752-a1c2-74bab3d139e9,821f14d9-7bc0-4e9b-94af-b8fcb6e5280a
0f793fef-3644-4a95-b11d-e97af314893f,e811b654-164b-4e56-876d-a9f5e1192f6d,702c5cb0-a610-4240-9bed-879c69cdb9e7
d065b0ed-5d6b-4b75-87e0-e08be8741e34,ae811a50-a917-40b0-8e60-a8add27516a8,702c5cb0-a610-4240-9bed-879c69cdb9e7
59e1fadd-d6d2-458b-8203-bea690901985,ed04cc88-7611-4859-957a-19602ecc62e7,702c5cb0-a610-4240-9bed-879c69cdb9e7
cd5ca19e-9e53-4472-8c9f-2d9c17ec1b63,d61b7414-52cf-4d24-97c1-c450b89294e3,821f14d9-7bc0-4e9b-94af-b8fcb6e5280a
ae819d46-bdfb-4fa6-97eb-4ea9bf01ae9d,6d70196c-c647-4601-8554-075e87ea7e0d,821f14d9-7bc0-4e9b-94af-b8fcb6e5280a
7be802a7-5c37-4e3d-8a2e-39b50eb2e450,229f9c3d-8aad-4e7d-b9a9-895c88dee9ab,702c5cb0-a610-4240-9bed-879c69cdb9e7
7c2fad0d-e1f1-46fa-a81c-ff47c87a36ba,87fd0a71-e8d1-4870-abf6-f13cef971887,4934dc25-aa95-4f0b-80f6-da9704d700d3
ec3cf50d-e04a-4873-afe4-d7d28a1165ac,246a153d-d427-42d7-a370-54a541f65920,702c5cb0-a610-4240-9bed-879c69cdb9e7
e4d292f5-dddb-43d6-a0c0-388083918981,7953bcdf-181a-471b-bb7b-09d899846f10,821f14d9-7bc0-4e9b-94af-b8fcb6e5280a
23b78b9d-1704-404b-ad24-a450e60965f4,b48ff8ab-f934-446f-91fd-783294257192,702c5cb0-a610-4240-9bed-879c69cdb9e7
1086a795-0fac-4d33-a265-c8900b237c1a,4e983a97-efc5-40eb-ac09-8e9074e96f5b,702c5cb0-a610-4240-9bed-879c69cdb9e7
a6be8582-e8b8-4b52-8afa-ee69653b5ef1,f199d5a9-dd71-4f59-9424-ff4ab4258819,702c5cb0-a610-4240-9bed-879c69cdb9e7
2dbd671b-b3cb-4c1c-b976-bf6523da7414,48dc3352-dce3-4a90-88a1-d14bc6da6247,702c5cb0-a610-4240-9bed-879c69cdb9e7
daf720f7-f0dc-4e84-b024-b21570f45f85,f2038e96-da8d-4b80-9a73-803f4e0ee41b,702c5cb0-a610-4240-9bed-879c69cdb9e7
79ee0b30-f81e-4859-bd87-bc345cb90bb5,e9e03eac-6d2b-455b-b5ab-3fa45159226f,702c5cb0-a610-4240-9bed-879c69cdb9e7
92e31946-043f-4442-a1ba-c3f65ada5df4,ee65b821-a251-4e01-be03-6c8a3905f76d,702c5cb0-a610-4240-9bed-879c69cdb9e7
4dac6788-4044-45e2-a53b-8925cf18ef57,8a0e0f17-283c-4f98-a604-2624fcfd7b5d,702c5cb0-a610-4240-9bed-879c69cdb9e7
806ee706-f3a9-464d-ba16-eff8cc375700,0ca907be-44dd-4613-910d-1910b6a418d3,702c5cb0-a610-4240-9bed-879c69cdb9e7
cca7f715-c047-4669-af92-f4828fc734be,a4e0f504-50ac-48d6-bafe-514d4bd24cf7,702c5cb0-a610-4240-9bed-879c69cdb9e7
79c09de4-5095-4afb-92ec-03c0a48d47da,c1725320-3e8e-46e1-aa41-f6c090731c88,702c5cb0-a610-4240-9bed-879c69cdb9e7
4bf94181-eba8-4e83-a488-3b55a68737eb,428231cb-2f1d-4b89-8797-43f00ced9528,702c5cb0-a610-4240-9bed-879c69cdb9e7
783be9ab-86e3-42f1-81c8-547267447116,d977cd74-50c6-453c-be58-fcd47e031bd8,702c5cb0-a610-4240-9bed-879c69cdb9e7
76d26a00-d749-45f8-a0f0-6b0032886e14,d84847b9-ea72-42ff-ac47-925c40392db5,702c5cb0-a610-4240-9bed-879c69cdb9e7
2bc55606-9461-450a-b98a-f98494db68ec,d2dc8b3d-c35f-4ff8-8dcb-237c91f46f79,821f14d9-7bc0-4e9b-94af-b8fcb6e5280a
1704b896-4951-48c8-a9ba-e992eaafd410,64347e7c-5dae-4527-b819-309d326f9cc9,821f14d9-7bc0-4e9b-94af-b8fcb6e5280a
421e1689-eef7-4ee0-8403-4f2fede4bc2b,3ff557a6-c2fd-4e4c-9404-d7be91041b73,702c5cb0-a610-4240-9bed-879c69cdb9e7
fcb3a084-46a3-4d4c-9573-6131819289db,418cee76-11a0-4e25-badd-beb91e5084d8,702c5cb0-a610-4240-9bed-879c69cdb9e7
8d4ba9bc-a8f0-4296-93dd-2cdcb91d45f7,4393ecc7-ec10-4e38-8bab-c31b7de7e6a0,702c5cb0-a610-4240-9bed-879c69cdb9e7
1e0a9d7c-836e-489f-a3c2-1be55fc2293b,2e9af4a1-a4f3-4c6f-8964-25ffb9edeafd,821f14d9-7bc0-4e9b-94af-b8fcb6e5280a
af5926ab-5dab-4ead-96a0-7064a67e2a48,2f28b696-bfa1-4af5-8d27-964fbf70905a,702c5cb0-a610-4240-9bed-879c69cdb9e7
2569dd60-4dc3-45ca-94ee-29341f9c5757,c96d3825-0714-4cfa-b7e4-514aeb48ea42,821f14d9-7bc0-4e9b-94af-b8fcb6e5280a
f08fa391-5a1c-4657-a0c7-59390856015c,796c1f87-489d-4e26-a783-805015dd1a5f,702c5cb0-a610-4240-9bed-879c69cdb9e7
dab63537-cc7e-43ea-97d5-d774eee8ab55,cbf54d8c-7fa0-4e03-ae16-61a34c877c47,702c5cb0-a610-4240-9bed-879c69cdb9e7
caaf282f-5158-49f1-90b2-a54634dd73e9,625214ec-5051-4824-88bd-592116894a14,702c5cb0-a610-4240-9bed-879c69cdb9e7
4f4f0a24-2c75-4b89-b8ce-7de9080873bc,482292ad-b7d2-4690-a2b4-4596280b9236,821f14d9-7bc0-4e9b-94af-b8fcb6e5280a
ed9f4883-88a4-45ab-bdcd-3d0113ec3823,d5e471f2-e659-4bae-be4e-bb19c449028e,821f14d9-7bc0-4e9b-94af-b8fcb6e5280a
8980b155-c839-40ed-af63-63d4b7eb4822,02b4c35d-2b18-41e2-b909-c2539e9ba94d,702c5cb0-a610-4240-9bed-879c69cdb9e7
6edbfd85-63f8-4023-8bed-79e98d102222,5784ae51-ab57-43f1-a0dc-fcbb20ea6044,821f14d9-7bc0-4e9b-94af-b8fcb6e5280a
0793fb86-27ee-40be-a7db-803e13397223,819cea49-48c5-4405-80af-91740fa2b2ed,702c5cb0-a610-4240-9bed-879c69cdb9e7
9262988e-ef05-494f-a123-d78ae3bcaaf4,ca43ba43-8ed7-45dd-b5d6-db93d1bcdd8e,702c5cb0-a610-4240-9bed-879c69cdb9e7
e60dbb65-8c88-4aeb-ae5c-e2605fcf48ea,a71a07b4-dc02-4547-b25d-161f22f6cbc7,702c5cb0-a610-4240-9bed-879c69cdb9e7
270b9ffa-e81f-415b-94dc-acc7ae6250a9,3929f902-d42c-4829-bc8f-445bb58e918a,4934dc25-aa95-4f0b-80f6-da9704d700d3
1a8791cf-78b7-485e-aa24-febadae71c1f,b6bd4281-1da1-4558-8f40-8ce9c5874e43,ed204181-0a5c-4ffc-aea7-05dc9d565ecc
90de004d-637e-4086-a1e8-9bf5f5f3ac8f,9794e110-3f87-4022-9715-d3455e646781,821f14d9-7bc0-4e9b-94af-b8fcb6e5280a
6b45787d-c63e-4045-87bb-8d9a3a507665,ea0589c9-c573-49c2-9864-56e52d41577d,702c5cb0-a610-4240-9bed-879c69cdb9e7
befc31e9-315a-4fb1-aa9f-7a4670fe74f1,7b94f53a-8f71-454f-9c54-a65b351bbec6,702c5cb0-a610-4240-9bed-879c69cdb9e7
90e84426-1ebc-4bc7-9858-430454732183,346d280f-87db-4f9f-acaa-3940c52a3613,702c5cb0-a610-4240-9bed-879c69cdb9e7
e2a27076-a9d2-4563-b0e0-2f33bf43f628,cd896f2c-5a63-4865-9c0e-e11d47a3c35e,702c5cb0-a610-4240-9bed-879c69cdb9e7
ca827189-2402-4458-ad74-9a1355958e97,3f3039c8-78c0-4726-ac2c-2f5c65a01b5a,702c5cb0-a610-4240-9bed-879c69cdb9e7
b1707847-248a-4142-adcc-95734ef077a4,8647cdb8-b8fb-4a29-9541-f73bc2184dce,702c5cb0-a610-4240-9bed-879c69cdb9e7
309ac190-f089-47b1-bf58-e3c476a58e31,2e7f1e31-1370-4542-b8b2-be7e0e88c9be,702c5cb0-a610-4240-9bed-879c69cdb9e7
fe094fc3-8ea9-4b9a-a4a0-c541ed1745be,bb5066c6-3f15-49b4-af9b-4a7060ff954f,702c5cb0-a610-4240-9bed-879c69cdb9e7
94aac639-190b-4ef8-abed-4195ce30bb91,b5c7a569-e7d4-44bf-b5da-066abc0c6163,702c5cb0-a610-4240-9bed-879c69cdb9e7
9ce8d647-b1c5-44a1-bb8c-bb169a1b457c,16e54023-e156-4a44-ab37-577f577cc0fb,702c5cb0-a610-4240-9bed-879c69cdb9e7
ef22e7b6-4c11-4dbd-902c-54fb9d3e9fc0,1597c122-3451-4f0a-ae0f-a470332d89d6,702c5cb0-a610-4240-9bed-879c69cdb9e7
94d4f8ff-2765-4e04-acec-e4f44c43e37b,14a83ab9-99f2-4820-aa9c-db44bac97aa3,702c5cb0-a610-4240-9bed-879c69cdb9e7
91d2b1bc-51d3-496b-8154-47a85c897b22,f4fed1ec-1558-43f8-9e15-d314ab508d1c,702c5cb0-a610-4240-9bed-879c69cdb9e7
7e75f270-fbad-4c43-b2e0-906bb495244f,1a5d5ef8-62dd-4ddf-826f-36fbad20acf9,702c5cb0-a610-4240-9bed-879c69cdb9e7
63367356-9307-4f6c-8cfe-131dc5784bd7,f552f29c-ea8d-4385-9601-22bb372f15f0,702c5cb0-a610-4240-9bed-879c69cdb9e7
0f651ba2-fda3-4ead-98d4-256b3f50ab30,54a820dc-b56c-4c55-8b9e-cc4017f8a915,702c5cb0-a610-4240-9bed-879c69cdb9e7
668a559c-273b-4e7d-a149-cbeaf6ccbb1b,d7339a66-9917-41db-a3ff-eaad3b91c107,702c5cb0-a610-4240-9bed-879c69cdb9e7
cec9aa17-3986-4cd9-817b-d276a053382c,89d595c5-369c-4ed8-90d2-81038cb51ff3,702c5cb0-a610-4240-9bed-879c69cdb9e7
bb5b3054-4888-4bb7-aba4-8f9fe07adb49,7b25b9a4-7531-4ffc-9f42-08a9172f522a,821f14d9-7bc0-4e9b-94af-b8fcb6e5280a
0dd6afdb-e2f6-4f31-90da-8335721e3a2d,c3a2fc21-e26f-4f73-97ee-9d34ad4e6916,821f14d9-7bc0-4e9b-94af-b8fcb6e5280a
69977c1a-ca87-4233-91ef-254203324667,4f4720ec-c87b-4c67-9bc7-dcc9310f7464,821f14d9-7bc0-4e9b-94af-b8fcb6e5280a
2ab7b0a3-1f51-45f9-9866-f6e8fc857673,07ca7d2f-50e9-4661-b560-0589612409c1,702c5cb0-a610-4240-9bed-879c69cdb9e7
d078c432-6d67-4d0c-8637-b4c91d4f5924,ef73b1a8-821b-4296-bf7c-4548a99fe73c,821f14d9-7bc0-4e9b-94af-b8fcb6e5280a
30a9809a-a4c6-431a-a82e-b41aaa472f40,ea947785-1f83-41a7-9bf0-27ed61f764e6,702c5cb0-a610-4240-9bed-879c69cdb9e7
44601d5f-44dc-41b3-870b-913f508cdcc6,23042583-c853-4429-8632-378a78accd9b,702c5cb0-a610-4240-9bed-879c69cdb9e7
b0c6c190-615e-4908-babc-67db7985d146,2064b5bb-1b51-42fe-88b3-a942be539ad7,702c5cb0-a610-4240-9bed-879c69cdb9e7
4cec7025-7672-41c5-abdb-e97fe70e67ef,f21ac7e4-c2ac-4c78-99fd-d97c34e20d3b,702c5cb0-a610-4240-9bed-879c69cdb9e7
03fb4b1e-5892-4321-95f5-b530abfd5940,1490005a-7679-4bb4-87b9-e2c07b6467a8,4934dc25-aa95-4f0b-80f6-da9704d700d3
fc7c80a1-9ea5-4e51-a263-87f055f3f245,5984e3a4-226f-4c05-8347-195300fd0c45,702c5cb0-a610-4240-9bed-879c69cdb9e7
b3f32452-175a-4abf-ac35-c9647f435f1e,a0ab5d96-2d79-4296-97fa-b74362239bcc,702c5cb0-a610-4240-9bed-879c69cdb9e7
fe2b89fe-9a6a-474e-b866-1a9d5e4a4847,5ae06c7e-7305-4f7d-880f-273dddd68bba,702c5cb0-a610-4240-9bed-879c69cdb9e7
b5253953-5c8a-454e-82ad-e4d9e47d4fff,45c9128a-d7cf-41c6-b423-7784ed0d5ba7,702c5cb0-a610-4240-9bed-879c69cdb9e7
7c5b493f-62f2-4bef-a85c-5e94cf06a6cc,17434932-ff35-49ce-85e1-315081c496d3,821f14d9-7bc0-4e9b-94af-b8fcb6e5280a
f818e715-c0e9-4b63-a435-bbbeb083611e,a52e6947-4e16-48df-96ce-c26182ca053e,702c5cb0-a610-4240-9bed-879c69cdb9e7
31b8ca50-df34-4191-8200-01744100a028,f50d2545-3156-484c-ab9e-7abb529b9cf9,702c5cb0-a610-4240-9bed-879c69cdb9e7
16b1c8f2-7909-49a1-9dc0-a90e045d98a1,dce2b6c8-dc2b-46b3-a2cb-fa58841994a9,702c5cb0-a610-4240-9bed-879c69cdb9e7
893e69c9-6627-41e5-8002-c323536d21a4,eac477bc-d89b-44f8-bc0c-c39ddb4c1a05,821f14d9-7bc0-4e9b-94af-b8fcb6e5280a
465f4c51-38c3-48c0-9c6a-22f0cbc15e5d,01bbfebe-8127-4062-bb93-f922851a92f0,4934dc25-aa95-4f0b-80f6-da9704d700d3
e031ed4b-7522-4a65-a313-1809fa8f5ea4,fd5145cf-9a0e-4558-adb5-d625739e58e8,702c5cb0-a610-4240-9bed-879c69cdb9e7
0e304afa-283e-4bf8-94a7-877d42132399,5f01582b-13c0-40c6-9729-6cbc45daf1d6,702c5cb0-a610-4240-9bed-879c69cdb9e7
086b9875-a2e8-480b-8df1-34799bb6d3a0,dbecb4e1-c9a1-4a48-9634-d225dedfe915,821f14d9-7bc0-4e9b-94af-b8fcb6e5280a
3bb45e3d-abed-417d-b866-d7bba1d4bed6,f064858f-822c-4485-a7be-1b4adb053c2b,821f14d9-7bc0-4e9b-94af-b8fcb6e5280a
8f56dced-33f4-433e-9040-410930bfe565,6c1cf71e-05ff-4616-8874-186a3501c4f8,821f14d9-7bc0-4e9b-94af-b8fcb6e5280a
22ede3c3-cb1a-4cd3-a158-ba88920c4dc3,b9be3fb7-5e5e-425c-9595-112ced3bb16d,702c5cb0-a610-4240-9bed-879c69cdb9e7
5c542651-e665-4745-99ca-8a7322948760,51b1aff3-3a3a-4fbf-89d6-04b1cc3195d5,821f14d9-7bc0-4e9b-94af-b8fcb6e5280a
58ccc4d9-0a72-485b-a479-75d88167fa05,af5c3be3-5e9d-4bc8-a8cd-38ee8e1b8f77,821f14d9-7bc0-4e9b-94af-b8fcb6e5280a
2b2996dc-71bb-4d21-9906-c98f2796a60d,187eab4c-1fba-4c83-93f8-05f1f3d79f14,702c5cb0-a610-4240-9bed-879c69cdb9e7
d763301f-37dc-4d7c-8e16-e016744c51d8,13f6a9df-8052-4140-95ef-d3d5272bf6d7,702c5cb0-a610-4240-9bed-879c69cdb9e7
27e36546-f68e-449f-983d-86ab9b9d4282,231744fc-970c-4f2e-88a9-df4aa6ac3c5d,821f14d9-7bc0-4e9b-94af-b8fcb6e5280a
d7d323d7-9e76-4894-8b04-94189329ac90,a9c23347-76a0-41bf-9842-8cf3dbab7c3f,821f14d9-7bc0-4e9b-94af-b8fcb6e5280a
32eef472-25d0-4ed8-ac98-4a789478e37e,7ad0666f-cb24-448a-b950-1cb10fe9db5b,821f14d9-7bc0-4e9b-94af-b8fcb6e5280a
c3035db1-c354-4c6f-b88e-12bca69a887e,3df8459b-dddb-4346-8642-294af1b6d8e4,702c5cb0-a610-4240-9bed-879c69cdb9e7
0a5c9e6f-8f8c-4ef9-adaf-4ba7262f42f2,fab74861-2e71-4fc5-a7fa-71a9c6d3367f,702c5cb0-a610-4240-9bed-879c69cdb9e7
458b1206-cd28-4ade-846b-21b0ca7d9ee5,d3c59465-3ef8-4913-bbac-ee264f14a3c6,702c5cb0-a610-4240-9bed-879c69cdb9e7
fdb0e2f5-4040-4be3-b523-15f2eeb6ab46,41143857-a37f-42f9-a571-99ae2f4313eb,702c5cb0-a610-4240-9bed-879c69cdb9e7
c2983a84-24dc-43a2-a434-eee1839074b9,6d6f1b62-cf8b-4f61-a81d-9e5479e92ca4,702c5cb0-a610-4240-9bed-879c69cdb9e7
61be6f37-185f-40dc-aaf5-c959dd5f0653,bf955810-e167-497c-a2ed-60da2ab7b35a,702c5cb0-a610-4240-9bed-879c69cdb9e7
239be9b0-1931-44f9-9ee1-da02fc259ea6,178b1f7c-4e96-44ea-8238-9b43d37fb4af,702c5cb0-a610-4240-9bed-879c69cdb9e7
16060682-d0c4-4746-96b1-ca65e2d5cbf4,724882de-dc31-42e7-b728-2d6f4f46fefb,702c5cb0-a610-4240-9bed-879c69cdb9e7
9380c0ca-2cb4-406b-8bb1-6b322fd76410,9b181289-9ce4-4b27-8fe8-58839c9bffe7,821f14d9-7bc0-4e9b-94af-b8fcb6e5280a
e65fdc13-4cfb-4831-bbf3-47a191edc9ef,a1fd693a-baa2-42ce-b4a3-744a3cad8e23,821f14d9-7bc0-4e9b-94af-b8fcb6e5280a
f081d159-7442-4f4d-9ce4-e3ec60e20e8f,a609e852-27ae-414c-b44c-5af90b70ee36,702c5cb0-a610-4240-9bed-879c69cdb9e7
17d2c0ad-2365-43f2-a05a-e9414c5c5ac3,91ad9543-e765-48e4-83cd-3ba79b0e8663,702c5cb0-a610-4240-9bed-879c69cdb9e7
4ed127bb-d568-4a40-bc64-2059694d8da7,fd70fbe7-3dd7-4a99-870d-3ee8377e58a2,702c5cb0-a610-4240-9bed-879c69cdb9e7
c6c12b4a-07cc-4bc9-832c-e8236832ead8,d6fe93b2-19b9-444c-b2cf-8479331a9afd,702c5cb0-a610-4240-9bed-879c69cdb9e7
1aaf6586-5e88-4006-a00b-fb34d197d7a2,cf5aa746-9807-409b-8229-436caa1c4a91,702c5cb0-a610-4240-9bed-879c69cdb9e7
01a14d34-19f3-44cb-8fa3-80c455373267,52dc44a5-a9b5-446c-9579-b0ccde67c924,702c5cb0-a610-4240-9bed-879c69cdb9e7
2c4b964a-1e47-4cea-8cd8-41a011236bd0,9eefb904-60cf-4d00-9668-057c192925e8,702c5cb0-a610-4240-9bed-879c69cdb9e7
dcbb4288-b9c9-4d3a-b340-6e795f19c9a1,6405858d-f44e-41df-8d2d-4a05b20cd88a,702c5cb0-a610-4240-9bed-879c69cdb9e7
076fb363-7075-448e-91ff-544230e9e104,4254af93-39e1-411a-ab63-0816623d315a,702c5cb0-a610-4240-9bed-879c69cdb9e7
cd1409f6-1f50-4590-ae51-f6b028a4a8bb,32ed7870-ec20-4eb2-aaeb-1dc2fd364766,821f14d9-7bc0-4e9b-94af-b8fcb6e5280a
642a3572-1f4e-4c83-a9d3-206ac04c1cc5,61f79d74-ba85-4c72-b7af-dbef09b98e80,821f14d9-7bc0-4e9b-94af-b8fcb6e5280a
bbac7601-a4d3-4fec-878c-c48328ad2581,db76e428-4278-4553-bd02-d09f82c7cb46,702c5cb0-a610-4240-9bed-879c69cdb9e7
683c4d54-efa1-40e1-a6ac-67f2d8ada272,8c5cc8e9-bcfd-4c24-8141-cf727e84de0d,702c5cb0-a610-4240-9bed-879c69cdb9e7
83dd8151-34d5-46f5-a218-5ac86f439387,92f7f355-1cd3-45cc-97aa-16c2c2867da9,702c5cb0-a610-4240-9bed-879c69cdb9e7
60aed16e-3cad-43f9-8575-0b4b33ca99b7,23f26a95-2315-4570-b6af-3311db740409,702c5cb0-a610-4240-9bed-879c69cdb9e7
e5675ed9-a8b8-47f4-a8e2-20bfa2b08eb3,a4620fb1-7679-4a04-a709-63f5540dbd7f,821f14d9-7bc0-4e9b-94af-b8fcb6e5280a
3215e4ad-44a0-4a3c-963c-5cb3c940d443,30a3b0b9-b9d5-45ee-8e0f-64f5ae9220a3,702c5cb0-a610-4240-9bed-879c69cdb9e7
325306bf-ca75-4602-8ea9-a0c72ea69fed,4a3f185e-833a-41a6-a096-c1cd89f034b4,821f14d9-7bc0-4e9b-94af-b8fcb6e5280a
b1225769-54de-414f-b441-cef616b854f8,6703143d-88b7-45ea-bf23-83f1994374e1,702c5cb0-a610-4240-9bed-879c69cdb9e7
524642b1-b6d0-4b46-9dee-8e610cd808ad,b29fd331-5bb3-4e39-97db-473341a13ad5,702c5cb0-a610-4240-9bed-879c69cdb9e7
59f3be66-be9f-4471-8681-13fd1a0d8002,e359957e-6854-42f2-a375-dfebdfcc2025,702c5cb0-a610-4240-9bed-879c69cdb9e7
5a0c3072-17e3-40f1-bb70-96de1b5a01e7,09db52a4-0f49-4ef4-b4e4-c0a1ada4c35e,821f14d9-7bc0-4e9b-94af-b8fcb6e5280a
7c48fcc1-590f-4ff9-b9d0-347574d60a59,69bb2e05-3e87-4cf4-8481-1939f7401aa6,702c5cb0-a610-4240-9bed-879c69cdb9e7
1baa1f29-1812-49c0-9e40-999e8cd13aa2,cb1b9fd0-a18a-47ab-8952-8bfbbcb04e8b,702c5cb0-a610-4240-9bed-879c69cdb9e7
f12cf098-d7bf-46b2-a378-337c7a2bd57d,22552eb5-3e56-4745-a108-8d1b4f553a70,702c5cb0-a610-4240-9bed-879c69cdb9e7
5989a08d-622c-4c54-80e8-2453c7c934ad,82540149-7dcc-4a43-941a-c58cc777302d,702c5cb0-a610-4240-9bed-879c69cdb9e7
44e3fbbd-5648-4e63-ad23-041c1b63c0ac,9a3d8421-d790-4e5c-a8d7-43519324e778,821f14d9-7bc0-4e9b-94af-b8fcb6e5280a
b26211e3-6e4a-4b15-8a40-cdb3f20d97a1,54f6819e-73ad-4d65-ad0c-38b020d7cd32,702c5cb0-a610-4240-9bed-879c69cdb9e7
bc4b2aea-be9d-49b1-b91e-bd3e669e39e9,db51a6cd-ec49-4e64-adf2-9b85ac5c85c8,702c5cb0-a610-4240-9bed-879c69cdb9e7
29492b75-0ee5-4735-8d1f-992144f3c26c,f2592078-c5ce-4594-b005-1de0641a8929,821f14d9-7bc0-4e9b-94af-b8fcb6e5280a
e2849a00-1677-479d-8cee-66b676b3151a,6cf948ce-a97b-4f28-bd39-742aa06a3e1e,702c5cb0-a610-4240-9bed-879c69cdb9e7
28418e33-ef4d-4d35-9a32-739efcf24bae,c8f0ecd2-c0a1-456c-9332-c0fcbed8726b,702c5cb0-a610-4240-9bed-879c69cdb9e7
e1e6ca55-f8da-4f92-a25a-00f5fb04eee4,3686399a-a679-455b-897b-6f7f9098b8c9,821f14d9-7bc0-4e9b-94af-b8fcb6e5280a
31fa3e31-9cf5-4446-8d54-349ac3eb3ecd,23aeec10-448d-46da-ae1d-3ae0c4e7bf50,702c5cb0-a610-4240-9bed-879c69cdb9e7
208d4409-96fa-4b94-9854-f6602cab0ed1,5e206655-62c2-4f66-a602-bf812259268b,702c5cb0-a610-4240-9bed-879c69cdb9e7
a91e2c23-059f-42e6-907c-3accbcf8f239,894ed4a0-4e90-4c32-810a-8fad57a49f60,821f14d9-7bc0-4e9b-94af-b8fcb6e5280a
e29ab0c8-f4fd-4999-ab7e-5b4cd72d43c8,40b44a5d-0eef-459a-a418-38f65f7bd4f0,702c5cb0-a610-4240-9bed-879c69cdb9e7
4d64f51d-cf5d-49a2-b6ba-9be1b811c583,1e17a96a-a170-4ab6-9213-3c45e058ec62,702c5cb0-a610-4240-9bed-879c69cdb9e7
c427e037-6b46-473b-b7f1-89ebc0183d60,66077a86-05c2-488d-b9d6-b89f69a63f57,702c5cb0-a610-4240-9bed-879c69cdb9e7
113893a9-4a19-4111-b76e-019e0dab6c5a,7c6285fc-f86f-47c0-b93f-3cc9ea0b5cf0,702c5cb0-a610-4240-9bed-879c69cdb9e7
97054488-0158-4192-9086-9bc717af62c8,823b87e6-34cc-4a9e-b8e8-7feca0b9d0f7,702c5cb0-a610-4240-9bed-879c69cdb9e7
781c8548-7603-4d90-b915-069cea87597f,7da918db-98cb-4e82-b5b0-616112bfeac0,821f14d9-7bc0-4e9b-94af-b8fcb6e5280a
8bafe4c6-404f-422c-8338-b6855bf2c11c,c4caa683-a3e5-4128-8ce5-25f2bc21ed77,702c5cb0-a610-4240-9bed-879c69cdb9e7
c117a115-3638-46e6-b49f-a62b727562bf,caf06580-3b01-4c43-ae16-de68281e3423,4ef94708-9c27-402e-9600-3eb5525b0ca9
1b0d0797-2ece-4a81-aa1e-a0f23d5789d4,48a17b30-fe03-4c49-843d-a69b962834ff,702c5cb0-a610-4240-9bed-879c69cdb9e7
0264b120-8697-4188-9459-4cb142344f1a,c47e9e5d-3c3d-41d1-9ec4-77b78b14acd8,702c5cb0-a610-4240-9bed-879c69cdb9e7
4d5fe1f2-5a0b-4bb0-9852-e4525b6e0801,4e62dfd2-8937-4452-a2fc-2cb3a9a4d43f,702c5cb0-a610-4240-9bed-879c69cdb9e7
f3df3cc8-c086-4b84-9edd-4cf4d6b22af4,42c3a000-1226-40fb-8868-ad4d2e4d588b,702c5cb0-a610-4240-9bed-879c69cdb9e7
6adfb27c-4cf0-46f5-b493-81a5b317929b,072ca1e4-4d13-45fc-9b80-b953795121f4,702c5cb0-a610-4240-9bed-879c69cdb9e7
c438d7d7-56a6-42e7-8a48-f9e068cb7234,37c2ee35-10ed-42e4-bda9-1eb4abfe6b1a,702c5cb0-a610-4240-9bed-879c69cdb9e7
9a66c5d4-6b77-4729-8d67-0735e1f4e956,d100d84b-49b0-4743-b352-8fbee2f804a8,702c5cb0-a610-4240-9bed-879c69cdb9e7
678cad60-f929-483c-a104-93fa4a2fc673,9ffc0e3c-0da6-4afc-8a0f-92c1200994b4,702c5cb0-a610-4240-9bed-879c69cdb9e7
e26939b1-4f12-4de3-ad49-c3e59d58dcff,5754c9cf-d9d9-4b9d-9d90-f10188bf83e0,702c5cb0-a610-4240-9bed-879c69cdb9e7
8a0cb87d-10b2-4545-9fcf-170b4bce6b8b,4969f30c-cf58-4601-aa2e-1b0759d2717a,821f14d9-7bc0-4e9b-94af-b8fcb6e5280a
4553e034-29be-43f7-beca-326f1a7f634c,a887c980-be08-4f6f-b12b-c485da024439,702c5cb0-a610-4240-9bed-879c69cdb9e7
16e619ff-04ad-4cc6-8f6f-2a9963e69607,c78d1ec8-9d04-4405-8fdb-c271dc5eba5a,702c5cb0-a610-4240-9bed-879c69cdb9e7
15b9188a-a8f6-4718-a747-399c8ed68a3c,070a940c-2310-4dbd-967f-d7d1ec0f8b28,702c5cb0-a610-4240-9bed-879c69cdb9e7
d6a7fca5-dd23-452a-bdab-c1a89349516f,d54709a0-7b66-4c0a-8003-fe18e1a00833,702c5cb0-a610-4240-9bed-879c69cdb9e7
abbc97e1-183d-4bc3-a71b-bc08c3b880df,e0c79e4f-6190-4df6-9826-4c7b647a9130,821f14d9-7bc0-4e9b-94af-b8fcb6e5280a
5fcceb84-1f65-460d-aba1-8bc420d33599,06e90aec-5bd3-49aa-bb82-54dfe195896b,702c5cb0-a610-4240-9bed-879c69cdb9e7
d3f13e6e-a2d9-4c09-b4c5-7b23185a366d,e8fe5766-e6cc-408f-90b3-a2bdac4a6273,702c5cb0-a610-4240-9bed-879c69cdb9e7
0c8b862e-0e54-45ae-9102-00a8e773f599,4904f8c0-b0e1-4a7b-b9e3-afc3453bb9e1,702c5cb0-a610-4240-9bed-879c69cdb9e7
884f0e46-afed-45e5-bccd-1798cd3cdceb,9a3e9255-4485-4788-9dc4-c2604e2095e9,702c5cb0-a610-4240-9bed-879c69cdb9e7
4d046b09-1660-4c81-9174-c91e455efc59,1e8a09a8-31aa-43ea-9b8b-8acb93654410,821f14d9-7bc0-4e9b-94af-b8fcb6e5280a
4bd66a15-5563-460e-8b20-1f00cfa95075,6c56b738-5ea8-4b9e-80c5-26828f8ac525,702c5cb0-a610-4240-9bed-879c69cdb9e7
336edb0f-d71d-461e-ae3d-cc1a048342f1,ddb76bdc-c3b7-4691-ab28-88257877827a,702c5cb0-a610-4240-9bed-879c69cdb9e7
7cb22248-90ba-4ddb-8b81-72ac936f8e23,06ff1e7c-0fa5-4dbe-8fa8-14d2f004ab61,702c5cb0-a610-4240-9bed-879c69cdb9e7
edc6a5dc-fc5a-430a-9f68-4ce7ca761d5f,e9ebc07c-4032-4f58-a857-4cd85dd8529c,702c5cb0-a610-4240-9bed-879c69cdb9e7
9bc35dd7-0956-4c4b-9461-8bbe9abd9c67,0e79d53f-5c50-46a5-8aed-dacf8a7e7771,821f14d9-7bc0-4e9b-94af-b8fcb6e5280a
b462919f-52e7-4fb8-aaec-87fed824537a,5c89c2fb-9d9e-4624-bf95-eb7e253a0d0e,821f14d9-7bc0-4e9b-94af-b8fcb6e5280a
66608f66-978d-4aab-9586-be7bb32975fc,131db0f3-be89-4aaa-ad55-63e48a7fb861,702c5cb0-a610-4240-9bed-879c69cdb9e7
45bf0428-7af3-4ce9-9e5f-7c6c3edf112e,b38d67c1-25cc-4d90-bf86-ffb8e37f2072,702c5cb0-a610-4240-9bed-879c69cdb9e7
2a9a9600-6910-4979-b5db-c54caba6ba05,a8ca9f03-7572-4253-bb0c-6a91182d5410,702c5cb0-a610-4240-9bed-879c69cdb9e7
9ecdf47b-8028-4fdd-9dfd-0868033d694e,37d3c2c1-3d0a-4d92-a012-bb9dca6925db,821f14d9-7bc0-4e9b-94af-b8fcb6e5280a
4c115f52-230e-4013-80a8-912e091d4bee,5d370e95-4f80-4799-af98-174f21f0c550,702c5cb0-a610-4240-9bed-879c69cdb9e7
719402a6-20df-4d8e-8802-590557a1c672,b67f496f-ead6-4ae4-8c13-2022726f806b,702c5cb0-a610-4240-9bed-879c69cdb9e7
916bc072-2cb5-4077-85e0-c3a71544efb4,e954c0a8-6837-47e3-bb1b-eaefb4a14a26,702c5cb0-a610-4240-9bed-879c69cdb9e7
2a9e3d88-45af-4337-af17-4b955ba44be0,b2b38eae-24d6-4b42-baa9-a9df97a45924,821f14d9-7bc0-4e9b-94af-b8fcb6e5280a
594c633d-a4c0-4ad9-a84c-572a24b1a1f8,1811e60c-099d-4167-b233-3c4c1c3b2fe6,821f14d9-7bc0-4e9b-94af-b8fcb6e5280a
5ee0da34-d16d-4748-bf15-f36e7f29643e,bd086901-6f54-4379-b027-1fae1d0ece9a,821f14d9-7bc0-4e9b-94af-b8fcb6e5280a
f4983d73-6598-48e9-b96c-30eb666bed89,4fb254d7-1f74-489b-950a-8b128399bb19,821f14d9-7bc0-4e9b-94af-b8fcb6e5280a
47236c4a-9a41-4365-bbee-b91ec5d09a1e,28a9925f-8465-43e3-b223-60bf32b9cb98,821f14d9-7bc0-4e9b-94af-b8fcb6e5280a
6395560a-90bc-4d64-8e24-5b8667cace8f,e81bc89e-cdd4-404d-8a77-e77889f74b77,702c5cb0-a610-4240-9bed-879c69cdb9e7
c3b56c21-5b28-4390-91b9-728e2526e608,ae656f99-2ccf-4cfe-a80e-267fe8828289,702c5cb0-a610-4240-9bed-879c69cdb9e7
337b2a5f-edd8-4597-8e07-ae5b4e468f05,2d4646ba-67c7-4203-9383-aaf70ca1c00c,702c5cb0-a610-4240-9bed-879c69cdb9e7
67b59cc0-b481-41c7-8034-252663009f31,9f372a3d-bcd9-4df6-825d-10c49833d726,702c5cb0-a610-4240-9bed-879c69cdb9e7
7cb9c4ca-e9aa-49b9-b7d7-03204b4b9e04,12f925ec-762d-4b30-a031-42fccef0558a,702c5cb0-a610-4240-9bed-879c69cdb9e7
2cbec779-6cc0-4dfe-8666-19a8861b4692,97ae8875-9a05-4fd7-9e81-f97d6984b3a0,821f14d9-7bc0-4e9b-94af-b8fcb6e5280a
c618fc7c-15f4-428e-b85d-22f8ad89f2ee,1a9b36bd-d929-4e1f-bc30-80a6ec5807f1,821f14d9-7bc0-4e9b-94af-b8fcb6e5280a
41745c31-eec1-4a42-afe4-c4fee8923c22,78dd02cc-5b57-4f27-98fc-b36d05050b05,821f14d9-7bc0-4e9b-94af-b8fcb6e5280a
466bc351-c059-47bd-aadc-150b8ac3f63e,4da813f9-046d-449e-a3a3-7ff8cffeca16,702c5cb0-a610-4240-9bed-879c69cdb9e7
06583335-e42e-472b-af91-77b682771dab,5524baf8-a8d0-4b10-8ad1-3928fc3c96a2,821f14d9-7bc0-4e9b-94af-b8fcb6e5280a
d2bdae4b-7e31-4d2a-b312-161f777d69f1,699c96d7-de51-44bf-a409-818eba2f5958,702c5cb0-a610-4240-9bed-879c69cdb9e7
e5c3fe1a-de4e-425b-b648-a19d95e293ef,403597cb-5c5f-448e-aa6f-fc5b6cb459d4,702c5cb0-a610-4240-9bed-879c69cdb9e7
5a7601ad-3541-4757-b44e-ab40e50d1789,d3422e04-24e5-4498-99a8-8dc6d886f8c1,702c5cb0-a610-4240-9bed-879c69cdb9e7
2f1c88e0-c5cf-4e90-9cdb-226be8862b75,f5a63e46-496e-4c9b-ac74-08cb6df196c1,702c5cb0-a610-4240-9bed-879c69cdb9e7
365db262-1d6b-412d-9fef-ba59202e3d0a,079cd37b-aa22-493e-87cc-3353b5662475,702c5cb0-a610-4240-9bed-879c69cdb9e7
d7d3fb94-b3b7-42ee-92f1-75d97669940a,f3bf0e8e-9c8d-4553-a6f5-77169b388ed3,821f14d9-7bc0-4e9b-94af-b8fcb6e5280a
0c2eaea1-02e6-4165-8592-7ac0315570c8,eddc6bd3-032f-4db3-b230-e58a58cdd91f,821f14d9-7bc0-4e9b-94af-b8fcb6e5280a
fd8b64ff-6787-4f31-9925-5a6fca178465,b349c067-ca80-49f8-95eb-f226adc9deb6,821f14d9-7bc0-4e9b-94af-b8fcb6e5280a
363d29ab-c453-4810-92b5-cb21730c2c40,da856ebd-d899-4eae-86db-87c6cff8e449,702c5cb0-a610-4240-9bed-879c69cdb9e7
c7779fd0-703f-43dd-aa70-bbbb116c4c4f,bc94bfb0-c41c-4af7-bfa5-921bd18f1f87,821f14d9-7bc0-4e9b-94af-b8fcb6e5280a
58d9a2b4-ba84-49f9-887c-4d9ef59b35ec,d2c41897-87ac-4521-a893-c569302d5e16,821f14d9-7bc0-4e9b-94af-b8fcb6e5280a
5e07f051-47bc-401c-bdd3-0ea083cfcd1e,bd1f4303-ec5f-4f35-b589-19e6c7acb464,702c5cb0-a610-4240-9bed-879c69cdb9e7
80087626-a3f3-46dc-8852-6f4e11012e72,459cda9c-bc66-406f-9804-6c2639749f90,4934dc25-aa95-4f0b-80f6-da9704d700d3
aaafce49-3a79-42f9-92bc-5a1178505d3b,d1ccc1e8-5887-497a-b6ef-81faa00ce996,702c5cb0-a610-4240-9bed-879c69cdb9e7
31e8b546-aa7c-4180-a75d-426b324d183d,0839b738-fb61-41b7-bcd3-7f43a58dab7a,702c5cb0-a610-4240-9bed-879c69cdb9e7
602aab56-6dc5-44e2-a8b2-2d98a4c8e051,b39728ff-256e-4f12-836e-8d2fef6933ef,702c5cb0-a610-4240-9bed-879c69cdb9e7
f269bfc4-1c1e-4c7a-b086-b4ee2a261866,7c43de34-4691-4f38-955b-d2b3a7841509,821f14d9-7bc0-4e9b-94af-b8fcb6e5280a
0265c48a-5375-491d-b441-af8a8c24b568,1ecb7480-72b7-45c2-95e0-07f141917a3c,702c5cb0-a610-4240-9bed-879c69cdb9e7
d8cb09f3-1244-416e-a2df-2775ee02f824,f709e59b-684e-472c-955f-2b13dcb1450a,821f14d9-7bc0-4e9b-94af-b8fcb6e5280a
88313a16-43b7-460f-9bb3-f68b34bfd835,605b9f11-bb69-41b3-b0f2-5449aa196817,821f14d9-7bc0-4e9b-94af-b8fcb6e5280a
779aa03c-5df6-4e8f-94ee-b962d847f819,2c284d94-d59a-49ae-884f-ec189f94eb59,702c5cb0-a610-4240-9bed-879c69cdb9e7
de099239-3c75-40a1-9af2-39615947d8b9,39fdcf7f-bfdf-4e64-b1bb-5aa6450225a3,702c5cb0-a610-4240-9bed-879c69cdb9e7
e798ac0d-e040-4746-b2aa-1d24bf9d26f5,091046e5-a26f-4a5c-8017-bd4479fc7de0,702c5cb0-a610-4240-9bed-879c69cdb9e7
c682597c-6b0c-4a34-9372-2bf24b33980c,7e5076d4-002e-4b16-a5d1-2e367ff5f4df,702c5cb0-a610-4240-9bed-879c69cdb9e7
a1b5e590-b43d-4e70-9976-1431bea00493,75a1dfe2-dfbe-4a95-a8ed-1009304455d1,702c5cb0-a610-4240-9bed-879c69cdb9e7
ae0c5c64-1ca0-416c-901e-a44ccdf5418e,81514b27-2eac-47e3-8ca5-24a3e03f479d,702c5cb0-a610-4240-9bed-879c69cdb9e7
f8e02103-df1f-4ba6-b2d2-5bf2249ad281,e0bf940a-5d62-45c6-931d-ebca76fe33d6,702c5cb0-a610-4240-9bed-879c69cdb9e7
6d1d3565-1eac-4ee5-ac34-f5ba534668e9,edf1c656-1190-4794-bb08-e589b75e09b7,702c5cb0-a610-4240-9bed-879c69cdb9e7
5ad18691-2a44-4dd4-a558-697b7530fc6a,c45a0eac-8a3c-421d-8e4f-65c66729a914,702c5cb0-a610-4240-9bed-879c69cdb9e7
b4ecc6dc-1bdd-4521-9e09-c6d9a1a93ac2,cc7ad608-d5b0-4d45-b0e0-1a690a6aa437,702c5cb0-a610-4240-9bed-879c69cdb9e7
267ce602-f04a-4623-864d-90d1b1362b45,77ca04b5-bd8a-4da4-b8dc-3596580ddb56,702c5cb0-a610-4240-9bed-879c69cdb9e7
c3f1b098-ba86-4c82-b485-a065551aaac0,bc8b525d-7d7c-4b4e-a10c-0942b282bc45,821f14d9-7bc0-4e9b-94af-b8fcb6e5280a
8de08403-6c7a-4a1c-a7c8-26fa8c218f76,5331dd39-f54f-48d5-a09f-af38be3d2344,702c5cb0-a610-4240-9bed-879c69cdb9e7
43285ed9-45eb-4658-9e73-4e444667e790,1c592b7f-0d18-474e-ac96-b26d3452400c,702c5cb0-a610-4240-9bed-879c69cdb9e7
711e19f7-52ba-4834-bb62-4eb1353495a6,c3e11a7a-70c7-48a6-ae17-32bcf6568bed,702c5cb0-a610-4240-9bed-879c69cdb9e7
abf53d43-f22b-4f26-8360-0aaee532426c,30c701c4-dd5d-4bad-bbca-9829e4805de5,702c5cb0-a610-4240-9bed-879c69cdb9e7
1e70a781-0fb0-4f38-84ba-84c684f272ef,6e135ac9-327d-4eb1-bf99-2d6caedce157,702c5cb0-a610-4240-9bed-879c69cdb9e7
b9083b64-5815-4bf8-9575-e77e54d06242,6be8c213-f4f1-47fb-8f3d-d1b24eb5d495,821f14d9-7bc0-4e9b-94af-b8fcb6e5280a
4efe5fd4-a62a-44a5-bebd-81b74a25c47d,5f3a0432-15ec-4547-8758-858666ae03bd,702c5cb0-a610-4240-9bed-879c69cdb9e7
3e77f895-7993-4555-b1f7-645a78caf06c,3839cd03-7243-4e71-8f5f-d75984af90f7,702c5cb0-a610-4240-9bed-879c69cdb9e7
1bb4e436-991c-4c5a-8e78-4d31e36b9331,7c09276e-ad2e-4801-b914-6380319c13e8,821f14d9-7bc0-4e9b-94af-b8fcb6e5280a
f4b12dc4-2fb4-46f4-9b1a-db8a431c048d,ccf66009-b6d6-47a9-a097-7712459c1acc,702c5cb0-a610-4240-9bed-879c69cdb9e7
dab7b959-3a0f-4aa7-bc8a-17e47c423f13,4bc541a1-68e0-4d89-9b05-12fa9de14914,702c5cb0-a610-4240-9bed-879c69cdb9e7
62f3b410-ee0b-423a-8e60-c18a7bea1b64,d8db22a8-59f3-455e-92d7-51a9bd5ae378,702c5cb0-a610-4240-9bed-879c69cdb9e7
d8ca6f44-c380-4d9b-8c7c-e2a7b4ef4c66,e6c65c3c-353b-486d-98a8-b1c6b67d8ab3,821f14d9-7bc0-4e9b-94af-b8fcb6e5280a
1435b176-004f-482e-a76f-189dd5792fdd,2fa116d0-3108-4706-b793-db6cee090132,702c5cb0-a610-4240-9bed-879c69cdb9e7
9f6c16c5-59ef-46f2-96ca-697149875a48,3c98986e-05dc-44b1-8b86-e55483b9f553,702c5cb0-a610-4240-9bed-879c69cdb9e7
686e09a9-0973-44f4-b29f-5d1962fc7aa7,d086a63e-fb94-4e38-a6c7-71219d82cf74,702c5cb0-a610-4240-9bed-879c69cdb9e7
89f522bb-76ba-4fe6-9b19-6339b71c92e2,a398f0fb-db09-49d3-9cc9-05f1b802d8d9,821f14d9-7bc0-4e9b-94af-b8fcb6e5280a
78ddc685-faeb-4c09-8057-79e0feddca7c,087bf8bc-1141-41fd-8f43-07f1922b3255,702c5cb0-a610-4240-9bed-879c69cdb9e7
028d103e-d4cc-4042-87b7-dd47c2ea4a28,abb22baf-e3d7-45c9-9094-c297e24ab6ef,702c5cb0-a610-4240-9bed-879c69cdb9e7
aaaeb5c9-d8b4-48d2-9ca6-45c43f33b5c0,59fc87dc-ec4b-4c8c-9bbe-e56675bd8023,702c5cb0-a610-4240-9bed-879c69cdb9e7
0bed9737-23be-45bc-acaf-aaf343ca940c,54a6946c-5d3b-4600-a3c8-ad02e7a068fa,821f14d9-7bc0-4e9b-94af-b8fcb6e5280a
95fcc248-25a5-42bc-9e40-4ed798214159,19f4b3b5-f296-4398-b0f6-82282d601a53,702c5cb0-a610-4240-9bed-879c69cdb9e7
341e029b-b905-46e7-a5f0-63994aac6206,5915df69-fdb3-4a77-8627-0e1f2a74f735,821f14d9-7bc0-4e9b-94af-b8fcb6e5280a
9367266d-17e2-48ca-b32a-d153843e9ac2,f776692b-6c27-4727-babf-05ad811b0b44,702c5cb0-a610-4240-9bed-879c69cdb9e7
18ad8acc-b47e-481c-89d5-665e270fe802,9f433e01-0ab5-4b73-a27f-faa7bd0b2491,702c5cb0-a610-4240-9bed-879c69cdb9e7
b1cb1585-5f81-48db-bb47-998110f627d5,c91ad275-ce24-4733-8005-d09bd996b68e,702c5cb0-a610-4240-9bed-879c69cdb9e7
382525f5-c4f9-4fad-92aa-5645a2eddc5f,81f3b3e5-346b-4339-a012-be35ac399df3,821f14d9-7bc0-4e9b-94af-b8fcb6e5280a
3b4c4a47-3173-43a2-b434-a71ee36b7e3b,c3813d0e-aa61-4185-84a8-a831b37ccf05,702c5cb0-a610-4240-9bed-879c69cdb9e7
51104c2e-c095-4054-a7fe-c84f354bb44f,94d946be-8c91-4da4-880b-a6d34910b450,702c5cb0-a610-4240-9bed-879c69cdb9e7
084c94a9-69c0-4f34-96a2-bc8b936a338e,6065f54d-78e0-4aee-886b-0a011e623e28,702c5cb0-a610-4240-9bed-879c69cdb9e7
5803ad6f-f6ec-4a61-9e1d-a7f8e28d45a7,a87fa89d-4fa8-4a0c-9cfa-3712b0829f3e,702c5cb0-a610-4240-9bed-879c69cdb9e7
f13274ea-37e8-4937-bf6a-68237c743ca5,06cf893b-153f-44f8-84d1-51da8aad2fdf,821f14d9-7bc0-4e9b-94af-b8fcb6e5280a
e48157a2-2ce4-44df-8e24-986a74ba5380,3fe48089-519a-49f9-8319-eca70ea5850e,702c5cb0-a610-4240-9bed-879c69cdb9e7
2d36de01-3cfa-40aa-9c52-7a88689ca683,f6997c6c-fbc1-4c02-ac8f-b5acb4e1c7a9,702c5cb0-a610-4240-9bed-879c69cdb9e7
226427c4-a914-4ba6-bd4c-30d62f948784,4825d17b-094f-4787-acce-93e7518243fc,702c5cb0-a610-4240-9bed-879c69cdb9e7
8eb9b4ae-ad97-4798-850e-e26dfb41d414,266b2682-827f-4340-8392-b3f4283122c9,702c5cb0-a610-4240-9bed-879c69cdb9e7
a81d9519-2ffd-424f-9038-20b7067d5819,f5104f4a-d956-408f-8f53-18760067196a,702c5cb0-a610-4240-9bed-879c69cdb9e7
a8a5ffd7-b446-42bc-9b36-124d1174d735,4c4544ec-d044-45b3-ab17-7e0b883e0ab9,702c5cb0-a610-4240-9bed-879c69cdb9e7
a43952cc-9d98-4a46-9fdc-b5319a7a4dc7,3e7da1eb-5538-43cf-a6d9-e590b1f320c5,702c5cb0-a610-4240-9bed-879c69cdb9e7
23666491-97b4-4851-86a3-ab50d52caf01,4e8727bb-9147-40f3-8353-fe52bfcb5028,702c5cb0-a610-4240-9bed-879c69cdb9e7
ef616fc9-ac07-4d5b-8713-6bf568e3d221,09b7a3d3-fc29-476b-ba69-381c8df27dd9,702c5cb0-a610-4240-9bed-879c69cdb9e7
ea01a501-b1cb-46cc-972c-6522ac24d6dc,b5dac724-124f-4cdc-bee1-1443f26e72d7,702c5cb0-a610-4240-9bed-879c69cdb9e7
02c6f906-071f-4590-864c-ab9ad0e270c1,f093a095-8ac0-481f-95c5-45ee2977812a,821f14d9-7bc0-4e9b-94af-b8fcb6e5280a
564fb241-30e6-47bb-b02e-ce4a0649b014,2b7f8ea4-4cad-4b08-84d6-a499b3f74d8f,702c5cb0-a610-4240-9bed-879c69cdb9e7
975fe8df-f044-452d-85ca-bca5dc9afc00,e846bd3c-caf9-45f4-9f6b-6ba3c3ec1e49,702c5cb0-a610-4240-9bed-879c69cdb9e7
99516ebf-a120-4e2f-be32-cc65a008e86a,808d6851-537b-4447-94ba-5966e0e953bc,702c5cb0-a610-4240-9bed-879c69cdb9e7
95c2d48f-3c5a-4b27-9ea2-a6c65cc3ade2,9738cc64-1dc7-43c7-9a7b-8b158720ac98,702c5cb0-a610-4240-9bed-879c69cdb9e7
0cecbe2a-fe0e-4954-bbbc-b7c55c5a34a5,c76e0b3a-4f55-4ef4-ba22-6968f79dd94a,702c5cb0-a610-4240-9bed-879c69cdb9e7
7a8a3238-1bd5-44b0-be25-533cba0c43bc,b98186f1-f666-4bed-9d58-f41e54730ac3,702c5cb0-a610-4240-9bed-879c69cdb9e7
7e906264-2514-4ede-bc5c-88fae5e15582,544be192-b808-4770-bd0d-98f076c13226,4934dc25-aa95-4f0b-80f6-da9704d700d3
c5914f52-dbbb-48f7-b637-e2ed16fc8490,910d70bd-cd91-4f72-9ddf-6ee9b204723f,702c5cb0-a610-4240-9bed-879c69cdb9e7
d206ac9c-afda-4ba2-b51d-f791d977a206,3d7b2152-d392-4f47-b317-82c5b1ec6ddd,702c5cb0-a610-4240-9bed-879c69cdb9e7
9e7b5386-59b8-423b-923a-1165956072f0,edaf6bc6-43ee-437b-b06c-9c3724b005bd,702c5cb0-a610-4240-9bed-879c69cdb9e7
22ff2a96-87b9-4fa1-a18a-dd46a1dfe2fc,1c822ea5-e1e3-40d5-983d-5c39a244ba6a,702c5cb0-a610-4240-9bed-879c69cdb9e7
e02ab5fa-0cf0-48cc-b42e-11d7fef0cc79,2c25a9ea-be5f-48bb-8297-778048c7cf5a,702c5cb0-a610-4240-9bed-879c69cdb9e7
f232ee65-698e-4e37-a5fa-5356f3f7bfea,7090c431-1d5c-4499-8bd4-22ad32d86e62,702c5cb0-a610-4240-9bed-879c69cdb9e7
98968c5b-bdeb-4c9c-b474-450936608eb0,bbe9c4d1-c9fa-46b4-a1c5-407bc4c2b992,702c5cb0-a610-4240-9bed-879c69cdb9e7
0f5cad61-85d7-421a-aefd-6107cc06cfff,ceab943c-0b6a-47d4-ac7a-a29eab1c9043,702c5cb0-a610-4240-9bed-879c69cdb9e7
7b894610-4ceb-4aeb-9778-51159b6d7bff,d58bcb4d-b2c4-4e17-87e1-34e113de5553,702c5cb0-a610-4240-9bed-879c69cdb9e7
e47d88de-0190-494a-bcb5-206f98d97ac3,e5a9c44d-c650-4926-b8db-3e56e9b07bf8,821f14d9-7bc0-4e9b-94af-b8fcb6e5280a
3d0315d5-e4e2-4b51-b0dd-099fbd8dc4f0,cca73015-8fcb-48e3-8113-31ea5ad3c906,702c5cb0-a610-4240-9bed-879c69cdb9e7
c83c876f-c064-4733-95d9-ccee4d829d60,05531b35-ecce-44ea-9008-f2c86894d217,702c5cb0-a610-4240-9bed-879c69cdb9e7
63a6fe0d-316e-47fe-8c44-33fd2a9ce1c8,c0a3294d-77a6-4a40-a1bc-185e09e56ab1,702c5cb0-a610-4240-9bed-879c69cdb9e7
592c6bda-24dc-4d60-9082-8ad6270daccf,4f69b684-c6cf-457b-b472-23b4186188a3,702c5cb0-a610-4240-9bed-879c69cdb9e7
b844a95b-9ac7-4eaf-afa3-250eb3846bd5,477f9799-b378-4c86-a887-1f3b4c6b7af0,702c5cb0-a610-4240-9bed-879c69cdb9e7
ff20c7e1-cc4b-4cbb-aa63-2ed146d62ea4,32d9a560-e4ca-4d46-aef6-a35446cb9bcd,702c5cb0-a610-4240-9bed-879c69cdb9e7
b49e6b20-72be-4cac-815a-8af323d9f3a3,22bdec6d-d2f2-425b-9664-47795a436b06,702c5cb0-a610-4240-9bed-879c69cdb9e7
b6ac4311-ecce-44cf-871f-393c4e62d413,33aaac4d-7e5b-40fc-8573-ef7c0971f90c,702c5cb0-a610-4240-9bed-879c69cdb9e7
3b5eb278-6d9d-49da-9546-ce913b144b1e,ee595b62-1921-41e2-9224-cafe936a589c,702c5cb0-a610-4240-9bed-879c69cdb9e7
0b78fabd-4231-4543-b2c9-d2af20702f85,6ec7d09d-81c4-4d27-9f1b-8b6911268653,702c5cb0-a610-4240-9bed-879c69cdb9e7
96c87668-8216-4de3-9226-7ec3dbdcf326,78113572-68ca-4398-802d-666f921fd25f,702c5cb0-a610-4240-9bed-879c69cdb9e7
64939a10-cb8c-4d89-8105-dc7fa7277f29,3abdd1a7-b0c7-499c-bd93-3892cfd03a2c,702c5cb0-a610-4240-9bed-879c69cdb9e7
2957dc33-fb5e-4f59-87e1-ecbd7fe6de6e,49e72bfc-f0a0-4754-96d3-e3a11a039038,702c5cb0-a610-4240-9bed-879c69cdb9e7
a17c56bc-bd0d-4a88-b732-503340a0f72f,06e7ae72-0a4e-4b40-b9a1-5bdb46d6b3c3,702c5cb0-a610-4240-9bed-879c69cdb9e7
37f828a8-e52d-475f-b218-19eab26da989,def6ec06-3604-4810-aa20-48bcf910f6d0,702c5cb0-a610-4240-9bed-879c69cdb9e7
8ceadd70-63ce-4ae2-b57b-af5bddd6a086,33d75b0a-ecf7-458f-9da1-ed7dcaba5fa1,702c5cb0-a610-4240-9bed-879c69cdb9e7
c9e8c625-78e3-430b-8dc3-69878c6be83b,f9bff8a6-a733-4b5a-ac16-31c4199378d2,702c5cb0-a610-4240-9bed-879c69cdb9e7
dedf5b94-f43e-4627-ad25-424265693aa7,f0033051-a36c-4b54-8c10-39cdf3b3d072,702c5cb0-a610-4240-9bed-879c69cdb9e7
25974da9-f017-4b32-9594-44828de957bd,8699ea0a-e296-4674-8a20-988b795e136e,702c5cb0-a610-4240-9bed-879c69cdb9e7
0f79b409-2cab-4039-b5e4-1f2dac289e7f,3dfed552-fa2f-4e6d-b761-e052bc5cfdc2,702c5cb0-a610-4240-9bed-879c69cdb9e7
5d9eb780-a17a-426d-945b-2c7eec828319,3a29b50a-bdf9-4b29-8a27-dc8047f205dc,702c5cb0-a610-4240-9bed-879c69cdb9e7
81d9c085-415b-4e50-b873-106a3b2adeff,26702b6d-35a0-4048-8cb8-e91990003c38,702c5cb0-a610-4240-9bed-879c69cdb9e7
32b56756-fdda-45ba-971c-c6b5bcf92eea,246ae77b-8d25-4aab-8863-1cbdd4fcbb2f,702c5cb0-a610-4240-9bed-879c69cdb9e7
22327314-fa60-4d67-b6b6-df7f0b5c5227,2a873be6-115b-4b9d-9598-f35e5809b09d,702c5cb0-a610-4240-9bed-879c69cdb9e7
382d4c11-a823-48e9-bb41-38bc0400c1e0,31ab6344-9eb9-45b5-a8a7-67851eb0c2ef,702c5cb0-a610-4240-9bed-879c69cdb9e7
2bc3f458-8df6-4e1e-bb7b-437fe7545f94,f4839bcd-e621-49f8-bba5-d8e9c55419ba,702c5cb0-a610-4240-9bed-879c69cdb9e7
8ace615c-dcd5-412a-a916-95886a2707fd,295c6e29-3807-418e-8902-b68a49c1dec5,821f14d9-7bc0-4e9b-94af-b8fcb6e5280a
89f93fe9-0354-44f4-8a7e-0942f534d813,a3e4aa3c-2dea-4c37-9b43-15b82cc38ee6,702c5cb0-a610-4240-9bed-879c69cdb9e7
f3244f98-1795-40c7-994d-2ddfdd434b43,9d80494f-40cb-44f1-92f8-fd796222f0ea,702c5cb0-a610-4240-9bed-879c69cdb9e7
c5c68b42-5d96-48cb-b704-e085c8500a31,3011d838-30c3-48f6-a674-a63b7ba13115,ed204181-0a5c-4ffc-aea7-05dc9d565ecc
275b2b0a-995c-45f1-bdac-25f346613a1c,e81dc852-3ffe-4bb0-92ab-76b596cf8c6e,702c5cb0-a610-4240-9bed-879c69cdb9e7
e57abf54-9ced-4541-8e69-e74121b8f619,902ef612-e44b-4d84-ade9-b3cca0760e5a,821f14d9-7bc0-4e9b-94af-b8fcb6e5280a
727298ce-bb8e-4ae6-854d-612dac063762,82d24e23-5983-4247-89c5-876a117ee4c2,702c5cb0-a610-4240-9bed-879c69cdb9e7
6124d404-1c7e-42f8-981e-9c64d7d00919,5ca1fe81-8fa4-4e36-abe1-78a0f9ea400e,702c5cb0-a610-4240-9bed-879c69cdb9e7
dcf8ab9f-47bd-40e9-88b3-abdd4fe08273,549f7e23-7d32-4534-9f0f-e1ab315d510e,702c5cb0-a610-4240-9bed-879c69cdb9e7
78dd9eab-8ba3-4440-87a5-bf6a966dda0a,f646481d-e953-4318-b419-9d08bc8df98e,702c5cb0-a610-4240-9bed-879c69cdb9e7
9a2d752a-f5b1-47ae-b394-93df9a009af4,320b39a3-65e2-493b-8420-80c2287a0e05,821f14d9-7bc0-4e9b-94af-b8fcb6e5280a
84bbc614-0414-4e67-bee2-2d49be882ca7,ac7d4d92-e866-4324-94e3-754eb57d4cbc,821f14d9-7bc0-4e9b-94af-b8fcb6e5280a
89012110-deef-4c9d-99fd-8b88ecfa1cac,b3917cce-f8a1-4db9-ba00-2ea280998bcd,702c5cb0-a610-4240-9bed-879c69cdb9e7
811820b6-06d3-4d15-84d3-99604aafb322,ec2da2d8-5b54-4585-a4f5-2893137fc0b5,702c5cb0-a610-4240-9bed-879c69cdb9e7
a3af4bd3-e897-40a8-b946-418ecd3998e0,ca3817ed-898f-41ea-9d85-6b82bec02517,821f14d9-7bc0-4e9b-94af-b8fcb6e5280a
94980830-4650-4a18-b1bf-5e4a42da1ef9,96c60811-42ca-450d-9253-21096c16aa08,702c5cb0-a610-4240-9bed-879c69cdb9e7
c2742ff6-8f92-4b2e-95c9-9c919deab3b3,74529e16-ddbc-4396-8d89-b7b896ddabc7,702c5cb0-a610-4240-9bed-879c69cdb9e7
6338cad3-3c6d-4d35-a5cd-ea33e34f677e,3bb5d34d-fdaf-4907-a6a5-774aae61955a,702c5cb0-a610-4240-9bed-879c69cdb9e7
b44f2444-b4ec-4045-8999-2c81cfbf7637,789195f1-527b-4aaa-94f9-195ec3d0adbd,4934dc25-aa95-4f0b-80f6-da9704d700d3
515ae177-5701-438d-9066-f06ac4efe7d7,8a953b32-381d-4f2c-8115-dcaa8765dcf1,702c5cb0-a610-4240-9bed-879c69cdb9e7
f74feb92-c0ab-4778-9cf8-82f108070a43,a6a69aee-6abe-4b59-8942-70e3d2d7faa4,702c5cb0-a610-4240-9bed-879c69cdb9e7
99382048-060d-4d89-81e3-efc7810db7c3,5ffa6790-ddbf-4792-a3db-882172d0e37a,702c5cb0-a610-4240-9bed-879c69cdb9e7
0d3bab3d-347f-4558-8822-50c9c1ee67c9,db6fdbf4-3cea-4285-b791-c467a4c44266,702c5cb0-a610-4240-9bed-879c69cdb9e7
780bc99f-b5c3-4bfa-9f9f-0fb9bd3e8c34,1c21d1ea-ba4a-4f47-a617-524a8ef97af9,702c5cb0-a610-4240-9bed-879c69cdb9e7
b9d833cb-ce1a-42d8-92e0-67e770c0e5ce,83287bb8-7d84-4970-a2f2-bb5df6013947,702c5cb0-a610-4240-9bed-879c69cdb9e7
66187ff8-c879-401d-9fde-efa77a0b3142,496c50c3-26bd-4262-b98d-6c72abd8940a,702c5cb0-a610-4240-9bed-879c69cdb9e7
5d380d07-9d95-451c-b5c2-8d9c6f6dea16,7cadea35-26ca-4545-b3da-644ff98309ea,702c5cb0-a610-4240-9bed-879c69cdb9e7
054a2550-ac5f-4120-8d57-cd55c109ae9b,d25d6ff9-cf80-4f74-af32-822535e3dcb7,702c5cb0-a610-4240-9bed-879c69cdb9e7
e03fd926-784b-46c8-9af0-911ee7058ed8,43453130-1b2c-45c2-ac66-d44842461729,702c5cb0-a610-4240-9bed-879c69cdb9e7
93777ef1-23c3-498d-b1d6-8f117ba6b400,791b3469-4c1c-48c9-8bde-a52dfe642d2d,702c5cb0-a610-4240-9bed-879c69cdb9e7
9aafb295-9a75-4bfb-b20e-846bea7c0bbf,0cf5d5ef-3b59-4ee1-aa9a-76036f7a1787,821f14d9-7bc0-4e9b-94af-b8fcb6e5280a
95a760fe-013c-4a00-bf84-7703a8fc6c56,0f812710-c61b-4804-a449-e9e197a3f704,702c5cb0-a610-4240-9bed-879c69cdb9e7
1c55eb76-b4fe-450a-a273-3bd678a76c03,a4011725-435c-41c5-817f-e4d7a219eebc,702c5cb0-a610-4240-9bed-879c69cdb9e7
1cc832cc-9303-4864-b146-9e525b487c4e,b8c40159-d4fb-4b19-9cc9-b2ef118cc0d2,702c5cb0-a610-4240-9bed-879c69cdb9e7
716cb698-d11c-4eb5-9881-88e3443e4d71,8fc3a0a4-5399-4d53-8a30-de71641255b1,821f14d9-7bc0-4e9b-94af-b8fcb6e5280a
47f91efc-88da-4887-a54c-92fbbe91c095,dddb4c63-061b-4eb5-9197-4a1ac79c6a8b,702c5cb0-a610-4240-9bed-879c69cdb9e7
b4ba858b-0ece-4cb7-b4a0-b0f139404d32,6fe5723f-da96-4a33-954c-01fd61a97793,702c5cb0-a610-4240-9bed-879c69cdb9e7
b6cae8af-ce4f-411a-b613-73c02c836588,a06f9074-24f3-4434-b0af-89bc36539c40,702c5cb0-a610-4240-9bed-879c69cdb9e7
c757c831-2601-469e-aa7c-b50a6398fd0e,c94c658a-4b11-40b5-b52b-b4a84ebcea58,702c5cb0-a610-4240-9bed-879c69cdb9e7
04d358e6-39f6-4744-8dc3-5153d2956a8d,5129e3c1-bcfc-4738-9278-46d30b3bd526,702c5cb0-a610-4240-9bed-879c69cdb9e7
8004a623-494a-4a48-a16e-7d0e6c050d20,697a1c75-0983-455d-a360-5564b16eeefd,702c5cb0-a610-4240-9bed-879c69cdb9e7
40e3b7a3-8336-4078-a3b1-79aa6938e9dd,caa83573-28e3-4af2-aec5-a781e43ddbf0,702c5cb0-a610-4240-9bed-879c69cdb9e7
0290b5b8-79cd-46a1-95ad-8c4743526a36,9074bec5-6e42-4393-89d1-e226905b612b,702c5cb0-a610-4240-9bed-879c69cdb9e7
202c8dfd-710c-4941-812a-bcab8d5cdfe0,dbaa2817-3166-4008-a514-5f5618f55b7c,821f14d9-7bc0-4e9b-94af-b8fcb6e5280a
6258ada6-81c0-491e-b328-2ad39af76160,37ab663e-75c0-476e-bc6c-b815e3609bda,702c5cb0-a610-4240-9bed-879c69cdb9e7
f20c2369-62ad-4d72-888b-3af4484ae2a3,1cce7f9e-bc8b-43de-a143-1fbc4b68805e,702c5cb0-a610-4240-9bed-879c69cdb9e7
98a85170-61f3-48d5-bc1d-17d70cf28717,eb34bd8a-0981-4d4c-aa9b-5a6ddc029236,821f14d9-7bc0-4e9b-94af-b8fcb6e5280a
023ed221-98a3-4428-ab3f-2389c69ef6e7,da707424-f7ee-46e0-8410-17bbbea09717,702c5cb0-a610-4240-9bed-879c69cdb9e7
a483f2b8-3372-4be0-9e73-d90770b1c6ea,00de3491-c625-4903-a4c6-5e6c8785dbc8,702c5cb0-a610-4240-9bed-879c69cdb9e7
9004a00c-9654-47c0-8e0f-23006abcba2f,46266a4f-9b8f-43eb-bc44-32f77f0a8b31,821f14d9-7bc0-4e9b-94af-b8fcb6e5280a
9e67100c-5574-41f4-8f39-780bc8b36c13,f4c77039-ba32-4d8e-9677-e856b634d70d,702c5cb0-a610-4240-9bed-879c69cdb9e7
65272a46-8fd1-4fcf-98c9-0268731b9559,aea76355-754b-4c69-8264-3314d3736268,702c5cb0-a610-4240-9bed-879c69cdb9e7
4f69f7ff-47ff-4207-bca2-d605e3bf5045,d2592e69-f5c6-43cb-8260-b6e302c4cd74,702c5cb0-a610-4240-9bed-879c69cdb9e7
2bc99320-fe82-45c5-b58f-7844562d970c,7da8778c-b14c-4931-a1d9-6bd0261bb00c,702c5cb0-a610-4240-9bed-879c69cdb9e7
fbf08327-54ad-4fc6-8f55-ccfd03b4c2f8,c502a827-0438-4c71-a3c8-f26335212ae4,702c5cb0-a610-4240-9bed-879c69cdb9e7
2cdf7804-8c63-40ca-b1db-f4ccf893b1b4,d0b67012-0b4b-4478-9c08-7c18332dde89,702c5cb0-a610-4240-9bed-879c69cdb9e7
02fa3777-9f84-458b-840f-6f3452aa16e8,c062956d-e955-4cd4-a5fc-59a5f424f0f1,821f14d9-7bc0-4e9b-94af-b8fcb6e5280a
322df80c-5c6e-4a37-bf31-a83d79b4819c,5d22eb18-7863-4e50-a737-09c6f225857e,821f14d9-7bc0-4e9b-94af-b8fcb6e5280a
2c64044f-f06a-4dc4-a7eb-62682c75c2a3,997b7bcc-18f7-4ae6-bc67-ff0fdf37c8a6,702c5cb0-a610-4240-9bed-879c69cdb9e7
d556c4bd-eb13-4752-bd74-851ccf673b82,ed703596-9ff8-4df0-8370-57dea7ca4dfc,702c5cb0-a610-4240-9bed-879c69cdb9e7
c85d1662-9600-41b5-af17-1721c6d6ed3b,ac337b17-1dc7-48ae-8b57-72500af5e14b,702c5cb0-a610-4240-9bed-879c69cdb9e7
06622c80-6053-4421-b248-d0e1f8f05db4,b2cecd6d-b14c-4986-be9c-cc49378faf71,702c5cb0-a610-4240-9bed-879c69cdb9e7
4a091b13-6fc4-441e-9460-6370ce7b78c8,692fc3bc-1331-4d90-b5ec-84b60bc6a487,702c5cb0-a610-4240-9bed-879c69cdb9e7
3ef46536-4334-43ad-93b1-7d258e698b3a,5b4c5b52-f392-4830-a194-c2a2aeba5b73,702c5cb0-a610-4240-9bed-879c69cdb9e7
4036ed1a-cac9-4429-aec3-18132af1134e,f08ae924-24f8-41a5-a027-4727edd84efe,702c5cb0-a610-4240-9bed-879c69cdb9e7
1e5bfa0f-208a-42e0-afe2-fdbb0da6176b,59bd878a-7b00-44e9-8e93-d9bc5e7925f2,702c5cb0-a610-4240-9bed-879c69cdb9e7
5ede39af-9655-467e-a052-643f791fbde5,6ce40adf-6e7a-4ab6-92a2-948bdc6f386a,702c5cb0-a610-4240-9bed-879c69cdb9e7
867a6e7d-e2bd-499f-b114-c640dbf7b5fc,14d8555b-2cb4-4141-84f6-604dda4fa00b,702c5cb0-a610-4240-9bed-879c69cdb9e7
224806fd-8e0c-44b7-8430-eb1c7057553d,ff65eb84-f95e-4e32-9a8f-fd9d8d6cd650,702c5cb0-a610-4240-9bed-879c69cdb9e7
ab43aa36-ce45-4537-bcf0-594cb5d41c54,b3e70978-eb82-423f-b5c2-189cd2de17e0,702c5cb0-a610-4240-9bed-879c69cdb9e7
2ddddb27-9fc8-44b4-98cd-7e760b6c08ed,4795e57a-945c-4262-a3fa-7a7166b5db76,702c5cb0-a610-4240-9bed-879c69cdb9e7
164cc048-6dc8-4332-b3ef-6bdc792cbabb,53854b7d-08bd-4b13-a134-91b0c0d08bfa,702c5cb0-a610-4240-9bed-879c69cdb9e7
85ffbb56-67b8-41ae-bbba-738950a68ba9,831e03a2-ead9-4306-b3f2-67978c7a2d83,702c5cb0-a610-4240-9bed-879c69cdb9e7
78868f11-d7df-42f7-b819-4d831d7c4e35,a0897c23-e882-4b12-8d51-cb7487c1dce9,821f14d9-7bc0-4e9b-94af-b8fcb6e5280a
8b4cbe7e-d993-432c-b056-053f6f1bfbd3,e82dc33f-374d-44aa-860f-25b2927fdf1d,702c5cb0-a610-4240-9bed-879c69cdb9e7
5a84d95b-248f-4310-9de1-fc360a4d6a3e,a043b1e8-b57c-49d5-80ef-905053ce05c7,702c5cb0-a610-4240-9bed-879c69cdb9e7
5b9753b2-bda0-46cb-805a-33db4bbffd73,1856c080-1807-4fab-8565-ae3e0a0386ab,702c5cb0-a610-4240-9bed-879c69cdb9e7
d1e637e5-b71a-452c-b9f6-efd75a453eb6,e26c05b8-1755-4c16-9f30-a49615e7869e,702c5cb0-a610-4240-9bed-879c69cdb9e7
ebfbc76d-e33b-4a6c-9526-3558322e0aee,f75978bd-a701-4be4-b728-fa3ad14fc59a,702c5cb0-a610-4240-9bed-879c69cdb9e7
79782893-cb91-4167-8883-0524f485c980,b12914d8-f212-47f9-aa36-0853afe52d33,702c5cb0-a610-4240-9bed-879c69cdb9e7
c1772696-d3f0-4d74-87c4-c27c8e2d4c77,a19cdf34-fc2e-44c2-abdf-b15c65b34677,702c5cb0-a610-4240-9bed-879c69cdb9e7
33b48f44-73ca-4a98-bee6-5823dcb41ccb,205e3a7e-cccb-4866-934a-bde8f41c9126,821f14d9-7bc0-4e9b-94af-b8fcb6e5280a
4f843e46-cc89-4ab8-a491-8ef99814e9de,665f0f30-db0e-4985-ae89-d0b2b119372c,702c5cb0-a610-4240-9bed-879c69cdb9e7
dc883922-c9e2-41ea-9363-40b2430dfb35,067b44f7-8200-4f41-8b7f-e9a3dfe419d0,702c5cb0-a610-4240-9bed-879c69cdb9e7
2357cf4a-831c-40db-b05b-83426a402e7d,ebef5a07-df54-41ad-bb62-c25a64e5c406,702c5cb0-a610-4240-9bed-879c69cdb9e7
1302a6b7-867d-41bd-8dea-389ce6364215,4c56fb62-d2c9-4817-b73e-e676f2e40f1e,702c5cb0-a610-4240-9bed-879c69cdb9e7
3914330c-af55-409b-9c97-e1784044f570,b569af5b-e7e7-4890-95eb-21fb9db3add5,702c5cb0-a610-4240-9bed-879c69cdb9e7
b50680ac-0b4b-46b7-8547-a2cc6c9208fd,fcf5a044-4aa4-45f5-b0fa-2ff0f030d78b,821f14d9-7bc0-4e9b-94af-b8fcb6e5280a
5fd904b5-af46-48b6-87ab-2ae2179f5956,587ce378-2950-4f3b-a081-b9d6c3305ac0,4934dc25-aa95-4f0b-80f6-da9704d700d3
bf71fcb7-fbd6-4302-b2ad-18f8348ebc01,0e3bdd89-2d15-47bc-bbbe-7134e1213ced,702c5cb0-a610-4240-9bed-879c69cdb9e7
7f7ab97d-46bc-4153-a237-a539bb63588e,9589eac4-9a1c-48df-804b-8ce0cb0fabd8,821f14d9-7bc0-4e9b-94af-b8fcb6e5280a
2ad06c7c-eb1c-4805-af96-7d1f07f4677e,988210d7-6034-433e-9b09-1f5fb13235fa,821f14d9-7bc0-4e9b-94af-b8fcb6e5280a
64e73dc9-c7d7-4511-b6b0-3bd686d36b54,19926634-3c01-4eff-971b-955f73ed26e9,702c5cb0-a610-4240-9bed-879c69cdb9e7
992de4d2-2299-4dca-a68e-fdc557e1ff9e,3bb35a5c-573c-41f1-833f-5b9dcdc30912,821f14d9-7bc0-4e9b-94af-b8fcb6e5280a
729a6ebc-9136-4ad1-8c8b-b36e8c3cbe63,5b8c42d7-3013-43f0-9705-4465a788af60,702c5cb0-a610-4240-9bed-879c69cdb9e7
1b4e90fd-aef1-4fff-ab08-4a7ddaa466a7,6b757eb5-9740-404b-9e37-bebc9ad7c9fb,4ef94708-9c27-402e-9600-3eb5525b0ca9
d33c8f80-8ea5-4084-9de3-6e598e6b4b57,28c1e9d3-839c-4193-8afc-c1b2bcd68c44,702c5cb0-a610-4240-9bed-879c69cdb9e7
4ff6cc87-c2e2-4957-a8fd-8698e1e4eebf,0bce3c34-d9fd-43f4-8d10-ce00dc7917bc,702c5cb0-a610-4240-9bed-879c69cdb9e7
d1a83647-6a41-439d-bb89-1026cedd9824,e67af1e6-aed9-4b79-9217-0bcb53364091,821f14d9-7bc0-4e9b-94af-b8fcb6e5280a
10e29614-828d-42b3-89b9-ee340883d368,3d672deb-a1d4-464c-aad3-c0a7c49d78cd,702c5cb0-a610-4240-9bed-879c69cdb9e7
91eb9e73-3416-45fd-8325-141fd85caab0,ae0f5ba8-e427-4cdf-a748-a6834267f305,821f14d9-7bc0-4e9b-94af-b8fcb6e5280a
63a5033b-d29b-423d-8614-aebff73e6a23,36235cc0-bbd8-43d3-913f-ed91eb617f7c,702c5cb0-a610-4240-9bed-879c69cdb9e7
552f1c59-d7ec-422d-9c4a-9dfe8cc6e9c3,ada83096-1b17-4bbc-b7ea-db8777207239,702c5cb0-a610-4240-9bed-879c69cdb9e7
b4c10b10-f30c-4953-a5a7-8dadaff43985,cb64d8c8-1978-453e-8382-4e72d8427db7,702c5cb0-a610-4240-9bed-879c69cdb9e7
10ea1b9d-b8b6-43be-b662-c25bd0c4dc05,21779c67-807b-4244-b377-48ec865b1bb6,702c5cb0-a610-4240-9bed-879c69cdb9e7
6dff9f45-f502-4e0a-a34a-54c264c15287,975e9502-ce70-43c4-b545-32c6679b479d,702c5cb0-a610-4240-9bed-879c69cdb9e7
c254e7dd-0959-474a-b206-4b55592e99cd,771a012f-f5ef-4e0c-89dc-a7794bad5255,821f14d9-7bc0-4e9b-94af-b8fcb6e5280a
d14437a4-f9db-46d3-8653-aaa186c73d15,d53742a6-9b6f-4021-82d4-97e9a0970e58,821f14d9-7bc0-4e9b-94af-b8fcb6e5280a
3201cd9d-2dbb-41e8-944b-e0199560e96c,8948d225-3d62-48ff-a224-30860627f194,702c5cb0-a610-4240-9bed-879c69cdb9e7
e7ac5203-12f8-4d1e-a9c0-75ab540b0dd5,db7093cf-b32d-4a0c-a2fa-dc94fef0a746,821f14d9-7bc0-4e9b-94af-b8fcb6e5280a
6317044c-83f6-43aa-a4db-86c2544fa06b,1c934ee9-5f66-43e8-bbd8-87ac84b87ed6,821f14d9-7bc0-4e9b-94af-b8fcb6e5280a
4e933105-234d-42dc-931c-79abfe06e10a,f6f40bf2-8f1b-4652-b191-683741042da9,821f14d9-7bc0-4e9b-94af-b8fcb6e5280a
8fe9cc5b-20f2-434e-a848-9a40d396a07e,b07374b8-33fe-44a7-a39d-f8922cb84ba6,702c5cb0-a610-4240-9bed-879c69cdb9e7
f2e4f25b-0eea-43b1-a818-d82bf6d2f172,f4ab72b3-e5d8-4326-ac71-52b9296fc64f,702c5cb0-a610-4240-9bed-879c69cdb9e7
13c50d47-f1a7-4962-9d74-3388814131b3,2f44d250-58e1-4fea-8d00-a3588de2c579,702c5cb0-a610-4240-9bed-879c69cdb9e7
a01360b0-3c41-41a5-aced-b0c877856354,fcabcafc-c6c5-4d16-a618-0abc440c88c6,702c5cb0-a610-4240-9bed-879c69cdb9e7
1f5bf97f-1c3c-43ee-873e-d38b18c9e83c,cd32f1b9-f450-40ce-8865-92046edba946,702c5cb0-a610-4240-9bed-879c69cdb9e7
4960cabf-8d39-4d6d-a600-6f4fe90da6b4,e3bdeb72-db72-44f7-93db-8af110980b32,702c5cb0-a610-4240-9bed-879c69cdb9e7
3c12d0cc-ecb0-4a4a-bb84-9ed0a6a71d4e,0e907d1d-53f6-4b16-a2f4-7f2b07dfe418,702c5cb0-a610-4240-9bed-879c69cdb9e7
bfcabb06-9b0f-459c-8c34-c797bcfbbd2e,e3227521-a5ed-4429-8ef9-8687ae966e74,702c5cb0-a610-4240-9bed-879c69cdb9e7
af84ac53-9729-4c78-8ff9-5536f26dc1bc,4b61d5c6-8541-4366-81b7-70e4f5b1de02,702c5cb0-a610-4240-9bed-879c69cdb9e7
2bdde22f-ceda-49f8-9376-1ba7941e24a2,c768de47-3d53-48f4-aa87-f485456dd018,702c5cb0-a610-4240-9bed-879c69cdb9e7
7f862893-5dbf-4442-9bef-7961b3246222,9e86b4d4-84e3-4ad9-bc37-00e032c05693,702c5cb0-a610-4240-9bed-879c69cdb9e7
7c705dc2-0c7a-49cd-a599-3328f85f5e7f,30ff1800-c659-46cb-885c-b880b7256ae4,821f14d9-7bc0-4e9b-94af-b8fcb6e5280a
bea8a71a-77dc-4743-9aa3-2ea1c2af3e24,618f11a1-d34a-4451-9d71-39021f10c075,702c5cb0-a610-4240-9bed-879c69cdb9e7
20cb8263-ed12-4eeb-ad28-d5601c2c9827,833bff41-112c-4f3d-9005-8465edc3b265,702c5cb0-a610-4240-9bed-879c69cdb9e7
000b19a2-2cb8-47a0-a2c2-676aa26e23f5,a2d799ca-c673-4173-883b-3e05f4a1d97b,702c5cb0-a610-4240-9bed-879c69cdb9e7
ea1a9e93-4e71-43df-8e9f-54b975035598,b64f5b2d-e882-4b22-a994-13f6f8dce3e4,702c5cb0-a610-4240-9bed-879c69cdb9e7
4413b103-b4ba-403a-830e-952ab20569e7,6664de0d-5e8a-4c5a-b998-8671e99cd62d,821f14d9-7bc0-4e9b-94af-b8fcb6e5280a
fe81a81b-4350-4d91-922c-0e3b3d418f52,b207b5b6-fb66-413b-83de-8dd4a878ccea,821f14d9-7bc0-4e9b-94af-b8fcb6e5280a
cf120f9c-971d-41d8-9148-d7a96c20d11c,b13586d7-bd84-496c-b3cd-003215863b22,702c5cb0-a610-4240-9bed-879c69cdb9e7
f1a77007-e549-469e-8d7f-d55e55ee6aa0,91ea3b42-47a8-4beb-bd4d-b3b7a2119fd3,ed204181-0a5c-4ffc-aea7-05dc9d565ecc
8230440c-1cc4-4d81-977a-0889556e21f8,9ef3e185-838a-4a0d-985a-9c0b53d72a2a,702c5cb0-a610-4240-9bed-879c69cdb9e7
3cf24b36-31c5-4ef8-adb2-c85c70a8a782,1bb4c5b0-2a58-4186-994d-47f90bcbd2d3,821f14d9-7bc0-4e9b-94af-b8fcb6e5280a
1e4a1e9a-5024-4e78-b8ba-c51865e11e76,e0677b1f-42c6-41ca-abea-366ef70187e8,702c5cb0-a610-4240-9bed-879c69cdb9e7
b3f9c160-3618-4d68-b8ae-6f79c4933ec8,f8603d07-194d-46b2-8314-d4757499c83e,4ef94708-9c27-402e-9600-3eb5525b0ca9
6966ffde-1049-403d-ae5c-dcf17e5bc420,c9f8947c-f9a3-4fbd-9f25-cea2dd03fa98,821f14d9-7bc0-4e9b-94af-b8fcb6e5280a
883df299-2a2a-4d57-8c1a-236032f67039,18edcb15-eaf4-4f23-9d22-da3c35aa355a,702c5cb0-a610-4240-9bed-879c69cdb9e7
bf3992eb-32df-4539-b630-a0cd316af65c,a29b820f-7ef1-476f-8abc-bf2a036679c9,702c5cb0-a610-4240-9bed-879c69cdb9e7
e41bd60b-bd68-4045-96d9-10f0293e18f6,e64b845c-f362-4a2d-9751-b7b482eb0ed7,702c5cb0-a610-4240-9bed-879c69cdb9e7
3de94690-4c38-4dd0-b497-876d67ca6bdb,545e2842-9dcc-482b-bf7a-c50e3094cf52,702c5cb0-a610-4240-9bed-879c69cdb9e7
3e2b9ea1-cfbb-4b1b-991e-8042da8bc0fa,f7d48d40-b1e3-4792-90ec-1b64847fb594,702c5cb0-a610-4240-9bed-879c69cdb9e7
46d58fc0-2442-43bb-84aa-a64b13959380,479411ae-678e-4edd-a576-f2474e070a97,702c5cb0-a610-4240-9bed-879c69cdb9e7
fa8962dc-98f4-4c41-be4c-fc921a6b20d2,85f36ed6-9acc-4684-b88f-2723de9fb8aa,702c5cb0-a610-4240-9bed-879c69cdb9e7
dd06c265-8e46-4051-a65e-fabfaa8597e3,d4f52844-06ab-4785-9bdf-24794ea84b9c,702c5cb0-a610-4240-9bed-879c69cdb9e7
d714911e-312b-45c2-b472-26543821702e,d59eb5d1-5b91-4998-be7a-5299ba1d2676,702c5cb0-a610-4240-9bed-879c69cdb9e7
5e202779-b857-408a-893e-8952833fe6d5,d7db5cab-ae05-4b79-a069-4aeb4ef8a71b,702c5cb0-a610-4240-9bed-879c69cdb9e7
13876bc2-048e-4530-afe7-13ef1b1762e2,288a12d7-a7c8-4585-a207-6449cd333575,821f14d9-7bc0-4e9b-94af-b8fcb6e5280a
78956c99-64bb-46cc-a6fe-c4b5907ae2b9,e79b1ea5-d1ce-4b9a-96be-448830477266,702c5cb0-a610-4240-9bed-879c69cdb9e7
00421a5b-47ff-4d13-ab4c-e45f97cc7e9a,ca06af9c-c977-4b96-a41f-c35d0ac98564,821f14d9-7bc0-4e9b-94af-b8fcb6e5280a
ddc7ad7f-6432-469d-9780-f955b8c37b42,c1b455ab-5405-4ac0-a379-3d41b532673a,821f14d9-7bc0-4e9b-94af-b8fcb6e5280a
4b95c45f-20d8-449a-8e0e-64bf821a927f,a603447b-b5cd-4ad9-ab91-f91fd291adf1,4934dc25-aa95-4f0b-80f6-da9704d700d3
fe570b1a-b355-469e-82b0-e817e1447edd,7b505367-f418-4725-8bb0-3e0412a3a9ee,702c5cb0-a610-4240-9bed-879c69cdb9e7
720e4a86-69ea-44bf-ba91-2ef5351ee194,86ed366d-39e5-489c-8551-10346c18a35d,702c5cb0-a610-4240-9bed-879c69cdb9e7
81064b33-7add-4ac5-88a4-7209e3dbc01d,ee819e2f-9dfa-44fd-8acf-e95a0e90f084,702c5cb0-a610-4240-9bed-879c69cdb9e7
86c80de0-e7d1-46d3-85e8-fb8a9ab06e3f,502b79b1-7212-41dc-bfa3-436e5c519783,702c5cb0-a610-4240-9bed-879c69cdb9e7
16aedecb-de19-4bb1-a956-4b4ce7a468e4,c016b800-7094-44d0-b29e-950704d2d1f9,821f14d9-7bc0-4e9b-94af-b8fcb6e5280a
75e597bc-e0b2-4b25-a5dc-df44a404a733,f4ebe206-8636-45b2-8ee7-05c612e8ab2f,702c5cb0-a610-4240-9bed-879c69cdb9e7
a86d5e31-325e-4926-bdeb-7da11bfe4427,7f875610-82b6-442b-9940-831031a4c2ff,702c5cb0-a610-4240-9bed-879c69cdb9e7
7b8dd93a-e535-4072-b6f1-67520be5a0cf,e8a41bf6-728c-4149-bd04-3bfdb640cec7,821f14d9-7bc0-4e9b-94af-b8fcb6e5280a
e3a54782-85bf-42f9-9c74-49f868d3d026,3e7d755e-4d45-45c1-9cf3-04387bd8b788,702c5cb0-a610-4240-9bed-879c69cdb9e7
9a4a51bc-ccf7-40c3-a1a9-8e7aba3d2a3c,5dcde79d-3c7b-4bf0-a341-9b819ff77563,702c5cb0-a610-4240-9bed-879c69cdb9e7
d8322439-16b7-4a40-b83b-66af5685c03f,47124436-da4a-4010-b5a2-91be8bb93038,821f14d9-7bc0-4e9b-94af-b8fcb6e5280a
5720c9aa-eeef-4793-b345-c4d4927cdba5,611b3f2a-eed0-4cdd-860c-bb582b9e83a3,702c5cb0-a610-4240-9bed-879c69cdb9e7
5a1ffe4b-8bb0-457c-8cdf-c9cf505ad9a0,8123b675-6113-418d-803b-9c8b7a48d686,702c5cb0-a610-4240-9bed-879c69cdb9e7
7ae464c1-4130-40c7-a980-132eb51b0ca1,603e7b86-c589-4f90-a878-0975f758534e,702c5cb0-a610-4240-9bed-879c69cdb9e7
d9f99c28-f53f-4da3-a7ec-a0b5cc02cd19,a178f90b-db1e-4e6b-b249-37ada2662197,702c5cb0-a610-4240-9bed-879c69cdb9e7
d1012fdd-1e29-40c1-aa3d-4c4562c33035,afb3e8b1-9ffe-44df-ae18-146dcbd23714,702c5cb0-a610-4240-9bed-879c69cdb9e7
d50a7c4d-0007-46ca-a713-28b0da141513,554b861a-547b-4f42-8efd-c19780f389ca,702c5cb0-a610-4240-9bed-879c69cdb9e7
d693590d-b413-420c-956c-c583c4daabc1,4eba3019-65c8-42f9-8eea-f2de968443b8,821f14d9-7bc0-4e9b-94af-b8fcb6e5280a
8352d9c9-d78b-4a46-aeb4-4d1236e0649a,44e6e1db-cc40-498b-95d8-456558766650,4934dc25-aa95-4f0b-80f6-da9704d700d3
0595a754-37de-40f3-905e-99e4b9be4941,afa6d05e-7988-44a9-9dcd-5e42cca5631d,702c5cb0-a610-4240-9bed-879c69cdb9e7
9748c612-3cc3-47cd-9e67-64f8e95bd5cf,bbd41bb3-54c4-45c9-9630-d063ad1ba2e5,702c5cb0-a610-4240-9bed-879c69cdb9e7
1650d287-0662-456d-bfbb-c3a9713d9cbe,025125ed-edf1-41bc-96e1-1be878e5e2e2,702c5cb0-a610-4240-9bed-879c69cdb9e7
7c30d297-80b5-4dad-9919-c12f71e0e731,1ea8fdef-c633-4cc5-a419-4b11b2b660b8,702c5cb0-a610-4240-9bed-879c69cdb9e7
b14ff019-b363-4d9d-abee-bd6a9faa1f10,ae80455d-ad13-4826-8d0b-6aff339f0584,702c5cb0-a610-4240-9bed-879c69cdb9e7
9fea311f-6f62-4933-9a13-a95dea56fd79,c908b1b6-0c72-4c47-8169-3d355bde62e0,702c5cb0-a610-4240-9bed-879c69cdb9e7
f37a45a2-2668-4913-bb73-0c83548fac4f,cb51c53c-8b4d-49e0-b6f4-2ef03d56188a,702c5cb0-a610-4240-9bed-879c69cdb9e7
a3e82162-6c6d-43e2-bf34-6b622ec56cc3,620d7644-d5a9-4fc7-81b8-c386f2201630,702c5cb0-a610-4240-9bed-879c69cdb9e7
d34f30d8-8deb-4c4c-895c-8f78a10eef39,22eca896-4af7-4fb7-a464-ac3a0b5b4f4b,702c5cb0-a610-4240-9bed-879c69cdb9e7
5a2864d3-af03-4868-857e-6f8b8779be7d,b8f8b546-62b1-42b3-81f9-7ac221387397,821f14d9-7bc0-4e9b-94af-b8fcb6e5280a
204b44bc-2970-4293-b77b-59c627e374f1,776b9adf-df0a-439c-bc08-a2ed3c78eacf,702c5cb0-a610-4240-9bed-879c69cdb9e7
1b23f062-0340-4c03-8bea-ab1753787094,17eb685c-d380-449e-9156-9d6ec3dff083,821f14d9-7bc0-4e9b-94af-b8fcb6e5280a
57f0079b-1e56-4273-a4de-be9fd0e28966,48c852bc-8320-4616-871a-246abfecb2e2,702c5cb0-a610-4240-9bed-879c69cdb9e7
ae2328da-596d-4fc8-a10c-a51b26d41715,bfcf4509-aaa6-4e0d-b648-615828cf1306,702c5cb0-a610-4240-9bed-879c69cdb9e7
94cde31d-d6e8-4c8e-b065-9ae60aa0f9ed,ce06f811-4eaf-471f-8ec6-eff2f43bbcca,702c5cb0-a610-4240-9bed-879c69cdb9e7
60ba5cd9-1692-4af7-9222-a2fef8b5789e,b93e110d-8c06-47c8-a3c0-b453a40ac72d,702c5cb0-a610-4240-9bed-879c69cdb9e7
279d8899-d774-498a-a84d-29291a8aaae2,49caf624-7c70-455e-be09-0268cad70148,702c5cb0-a610-4240-9bed-879c69cdb9e7
1136c22b-47a8-4f5d-9751-ce00f4283ba3,70a1b67b-8c7d-47c4-86f5-9a08c0c1df57,702c5cb0-a610-4240-9bed-879c69cdb9e7
d52738c9-ed27-4f69-99ba-3a845f0384f2,0dc45482-26db-4867-b80c-cb37dcadf8a1,702c5cb0-a610-4240-9bed-879c69cdb9e7
11f14b3b-8c41-4fc8-bd08-f90b979f0af8,e872c576-9254-4255-b87c-5fe5fc272081,702c5cb0-a610-4240-9bed-879c69cdb9e7
2d4ce6f0-24da-4211-88c8-ce78ee99aed2,e68591cb-6a90-4014-a097-3b36d7631190,702c5cb0-a610-4240-9bed-879c69cdb9e7
fb9072c0-2851-4c99-a61b-0fe00a86128e,1e9dd3d0-e1bd-4da0-9fbd-358d1b0ac481,821f14d9-7bc0-4e9b-94af-b8fcb6e5280a
6d67d923-f2c6-401f-82a6-407feaf718af,966eadc9-59f6-4ec6-a8bb-3fe50b7f1197,702c5cb0-a610-4240-9bed-879c69cdb9e7
23808fde-a99d-4361-bd0d-3d687ebd9fe3,1c5b0a02-5924-4c18-a16f-8a77301e220b,702c5cb0-a610-4240-9bed-879c69cdb9e7
c6e08b07-bcdf-4124-9a62-dfdbc0c4e529,c3a6b9a7-b02d-4eb3-8ada-b31d6f1328bf,821f14d9-7bc0-4e9b-94af-b8fcb6e5280a
8c3e16bd-207f-4dd3-9ed2-f33708732ced,70eaa122-fa18-4fb7-afa2-6bd14026d28d,702c5cb0-a610-4240-9bed-879c69cdb9e7
eca2a0c5-fde6-4360-be91-82c76317e49a,50028e31-4d38-4413-a2e5-11863fa85677,702c5cb0-a610-4240-9bed-879c69cdb9e7
aa9bed6d-7699-4e4d-a739-0d1b964bad0f,abc40ed6-1d69-42e2-ad73-47211ac80b50,702c5cb0-a610-4240-9bed-879c69cdb9e7
526b6bbe-0046-4dce-9141-31a8dc696708,a9383c25-38e6-4dff-9696-513b461b9321,702c5cb0-a610-4240-9bed-879c69cdb9e7
988e63f0-3794-4463-abcd-5695dffbd26d,0980f40a-94b7-4556-99be-587a79b24542,702c5cb0-a610-4240-9bed-879c69cdb9e7
2fd682ed-1c94-4c24-ac20-8bab0d0d0abc,9bda90cf-527c-4ef6-bcc8-b017235c99c4,702c5cb0-a610-4240-9bed-879c69cdb9e7
92544010-faaa-4bbd-9881-983baef8cca2,04731be3-54b9-4242-a5f5-557ad47d60c2,702c5cb0-a610-4240-9bed-879c69cdb9e7
4111fec1-a91c-4166-91ed-0bb60b20e822,953f6e23-5c31-47e2-833e-7475024efecd,702c5cb0-a610-4240-9bed-879c69cdb9e7
aee789fd-26f7-4620-b65d-f2d2c8804d0f,96da5ef2-10f8-42e0-b191-5cc74e77cf47,702c5cb0-a610-4240-9bed-879c69cdb9e7
32d4ea68-3a2e-4e0c-9c38-cc449408ba4a,937f1ecd-cbaa-47a1-a564-2438d6827214,702c5cb0-a610-4240-9bed-879c69cdb9e7
b74eada9-b755-4d2c-9d92-2297d71200c3,ddc46d39-755c-49ec-8871-9c0ec7223d18,702c5cb0-a610-4240-9bed-879c69cdb9e7
529f52aa-cda8-44a3-8f55-ccc71dfca768,c59994f8-e7d0-4b66-bb86-b4613b13a51b,702c5cb0-a610-4240-9bed-879c69cdb9e7
15c9c212-8ee7-4b08-ac74-cde71b7dd4ac,14fa3ee9-697b-4a42-8b31-e0e4d2eb8981,702c5cb0-a610-4240-9bed-879c69cdb9e7
3879ef9c-777c-42c3-9220-be3a2a66092e,aa11224e-c34a-420e-b966-245ab1ce9563,821f14d9-7bc0-4e9b-94af-b8fcb6e5280a
481fe5ba-8cab-4e8a-b261-2cc5094c37c9,b904baab-7e0c-4945-8567-028b256f3773,702c5cb0-a610-4240-9bed-879c69cdb9e7
eac8d3f2-3d3d-4da8-ae65-24f1730552e5,f5c36169-27f4-4f44-9435-88161cdfbf16,702c5cb0-a610-4240-9bed-879c69cdb9e7
37acbb1d-61df-4e84-84b8-0370d846ecf3,9b2f5670-722f-42e4-9f58-a4dfa226ee8b,702c5cb0-a610-4240-9bed-879c69cdb9e7
ddc7131f-ffd5-4984-a94b-79c9eb29782e,d5b67ae1-9ae0-49cf-b6f4-45fc47d018dc,702c5cb0-a610-4240-9bed-879c69cdb9e7
87a94d35-11f9-4950-b6c2-4db75b0791cf,d0f7bf53-dca0-4193-8970-3a211b3eb8ec,702c5cb0-a610-4240-9bed-879c69cdb9e7
ff514d0c-6708-425b-b5e0-90c1e93fe538,7a1d6fab-c84c-4a18-b402-a4629af5a8d7,821f14d9-7bc0-4e9b-94af-b8fcb6e5280a
750984cc-c6bc-4dfc-9dff-55a2b8c9f844,d3034f80-05ed-4b31-8a4a-4966fdb43225,702c5cb0-a610-4240-9bed-879c69cdb9e7
2e7d8df9-192a-42cc-84e3-64320f980186,df271493-ec31-4152-83e5-59f1b54881bd,702c5cb0-a610-4240-9bed-879c69cdb9e7
a3054d5d-5c93-4bc4-a32b-f892a722cd98,a027c632-f6fe-49ea-be7a-493e352bd9bd,821f14d9-7bc0-4e9b-94af-b8fcb6e5280a
ac02b93e-7503-475f-b9ae-0e2a006d61e4,0d11f189-1c78-40f4-a900-d956d839c2fe,702c5cb0-a610-4240-9bed-879c69cdb9e7
6dfbba60-8dc8-48e9-848e-6bc003dd09d5,78687c38-c2fc-44c2-a8a8-8117cc736a73,702c5cb0-a610-4240-9bed-879c69cdb9e7
304cf07e-6118-4120-b201-a858b19c199c,4ce2f094-297e-4d0a-a26a-dc45cf60b765,702c5cb0-a610-4240-9bed-879c69cdb9e7
616fd6e1-7c12-44ad-98e0-155eaf51d828,e66db59f-d8a9-4e6b-a956-0abb2b8c59ff,702c5cb0-a610-4240-9bed-879c69cdb9e7
1d27737f-8125-4d6d-be55-dc254a6722a1,e1138982-49b2-4ff2-8d11-3af8009941ec,702c5cb0-a610-4240-9bed-879c69cdb9e7
aa93619a-5bbc-45b7-a607-520f9c94815d,aeb47bdd-db82-4c45-956c-7b5a88217188,702c5cb0-a610-4240-9bed-879c69cdb9e7
e095d0b1-90c1-4871-b048-fd68353c95d3,350225c7-52ea-4c69-8131-d958f5cab054,702c5cb0-a610-4240-9bed-879c69cdb9e7
ab40a253-4616-4d64-832d-9bd79843559f,99b0e252-88a8-4ac1-9a52-f6fcc93ac2ec,702c5cb0-a610-4240-9bed-879c69cdb9e7
0e21aac0-43dc-437b-bfaf-bd4d3b4c2ad0,e47042ef-08cd-4e3e-9ffb-e3e41b63509b,702c5cb0-a610-4240-9bed-879c69cdb9e7
fdd20309-1cae-45b6-870a-a6a3e39faa75,fd268c30-7dab-4557-9515-785eff41d10c,702c5cb0-a610-4240-9bed-879c69cdb9e7
134fa947-152c-4822-8a8f-8f837187810e,f9a3730a-5526-4feb-b80a-cf3f805db05c,702c5cb0-a610-4240-9bed-879c69cdb9e7
fcfcfc2e-4976-4f93-92d0-b81a1d6dfc43,b4703381-e476-4148-a599-d6d2ac3e1806,702c5cb0-a610-4240-9bed-879c69cdb9e7
f500c26a-75dd-4347-a545-d7c0a7d7e658,eb86089d-dc38-4b2d-b776-bc3ed4bbe21d,702c5cb0-a610-4240-9bed-879c69cdb9e7
902b8496-2f83-4631-861b-9d5ba9ec6a85,3c575763-2b54-4bc3-9014-9349173df655,702c5cb0-a610-4240-9bed-879c69cdb9e7
a847a1c2-d04c-4a06-ae54-8a1ca89c6e9c,3b55bdcb-32d7-42a1-96b6-eaa2187d7c10,702c5cb0-a610-4240-9bed-879c69cdb9e7
caa391b3-9b6d-424f-ac9c-a94ae85a6779,a701ba42-b0b9-49f6-8017-1d2dde5180d1,702c5cb0-a610-4240-9bed-879c69cdb9e7
1c974786-2060-4f0d-acd5-446ff01062be,1b981aac-50c7-4b8f-bb04-df282180e91c,702c5cb0-a610-4240-9bed-879c69cdb9e7
6f8a95c4-1d27-4443-b98b-28f196b7ebdd,fd05906f-440a-4de2-9498-f70828bc6f3f,702c5cb0-a610-4240-9bed-879c69cdb9e7
64afacb9-0b21-485b-9428-cb43d4a198da,da96d3a6-4ceb-4e09-b0fc-9fa7b66a7432,702c5cb0-a610-4240-9bed-879c69cdb9e7
7cef70ee-3bc5-4c7f-b0d9-54aa6f6ea2f5,8bc37a3e-8e29-49fd-8553-fac1d062bd4c,821f14d9-7bc0-4e9b-94af-b8fcb6e5280a
06a99b1b-de82-4ed7-a8e0-cd7552a04684,783d8fe6-66a9-4401-9272-d2a4cd42990e,702c5cb0-a610-4240-9bed-879c69cdb9e7
4582998e-e591-487f-b359-62e71e2bf854,1e155844-b3de-4748-a10a-e9473bbecfba,702c5cb0-a610-4240-9bed-879c69cdb9e7
c911cb32-3f76-4487-a35e-67ac160aabb2,852247f0-1e14-44b7-b4c1-fed04c6ceb77,702c5cb0-a610-4240-9bed-879c69cdb9e7
33d9d5e5-cec6-4995-b7c1-002fdc503321,bfaf2428-5f31-4f27-9aa6-ae945ff10600,702c5cb0-a610-4240-9bed-879c69cdb9e7
509a43c4-affb-4de0-bbef-18d1a33f06cc,6a63714f-2c08-4a39-89f6-cc8b9d7b529c,821f14d9-7bc0-4e9b-94af-b8fcb6e5280a
b5fdcb03-1fd1-4806-b654-52f636f2341e,e1c0b0e6-7ccc-48fd-8f88-28a66a61510a,4934dc25-aa95-4f0b-80f6-da9704d700d3
6314defd-7dd6-457f-b4f1-a1295cef4feb,fdb57e88-45a1-4451-b84b-f10bde6e6872,821f14d9-7bc0-4e9b-94af-b8fcb6e5280a
69de59bd-0bc9-469b-811a-447f7262290b,a440b115-1749-4ff6-b453-9c67d76d76ed,702c5cb0-a610-4240-9bed-879c69cdb9e7
0bfad05b-e8a4-4cfe-97eb-e39c8a7d2948,6255e185-f57f-42c7-a349-a581adcac3f9,702c5cb0-a610-4240-9bed-879c69cdb9e7
52d1f6d5-c9ff-434e-bf92-24fa3dcb135d,ac27c30a-775f-4667-b6fa-62d293dbfe2d,821f14d9-7bc0-4e9b-94af-b8fcb6e5280a
65d8d331-03ae-4971-b16d-e02f9b8fa6be,1f2c10b8-c953-4a17-8213-080f801c6135,702c5cb0-a610-4240-9bed-879c69cdb9e7
160fafcd-0f3d-4e23-9e31-22dbba3f4797,ba506612-b40a-4722-9d0f-aba667c8925b,702c5cb0-a610-4240-9bed-879c69cdb9e7
d12fdf97-0506-4684-8b4b-ed6d902b5c48,bcc50d27-5ea9-4580-a416-2fd48827f442,702c5cb0-a610-4240-9bed-879c69cdb9e7
e4480aec-fe58-42b2-8af5-d23095c961a1,f0e81631-1f74-4212-8882-823476dba24b,702c5cb0-a610-4240-9bed-879c69cdb9e7
50b6bfe1-3d75-459e-9f56-155764df74b5,6e1be23a-97d4-4068-989e-6e25c21b6e43,821f14d9-7bc0-4e9b-94af-b8fcb6e5280a
ce230ec6-74ca-4fbf-a439-b518feb76f03,1c0a8be0-6086-4d21-88cf-058c8dc1b3fd,821f14d9-7bc0-4e9b-94af-b8fcb6e5280a
78c5f66c-b6bf-41cc-88b5-38365ed6c447,26532859-98b4-479e-8dae-31e9487bf016,702c5cb0-a610-4240-9bed-879c69cdb9e7
aa9bee2f-8c68-41c9-bf7c-bdb4f11a87ba,1d0e56d4-bb00-4749-9b1b-4509fa1edbf7,821f14d9-7bc0-4e9b-94af-b8fcb6e5280a
932f6ec2-cb2c-4e10-a935-9efd36f1e111,6a4c105b-3517-429f-8cd6-53f240caad03,702c5cb0-a610-4240-9bed-879c69cdb9e7
0de1c745-183c-47a0-8666-0c8669bd17c4,881a1d3b-2f5d-4bbb-aa3e-c912cf9e2a02,821f14d9-7bc0-4e9b-94af-b8fcb6e5280a
10561bca-2ce9-4f38-822c-c30bc6662d11,40cebd1e-65f3-4d5c-83df-a2d508822d43,702c5cb0-a610-4240-9bed-879c69cdb9e7
2c824222-bdc6-479c-b925-022b71a604d1,85a017bf-f374-437d-a8d7-5d8038b0fb18,702c5cb0-a610-4240-9bed-879c69cdb9e7
b366e61e-d265-4375-8c81-bcac9b99bc8d,a7e3b4c7-4059-47fe-8d50-58e985e60922,702c5cb0-a610-4240-9bed-879c69cdb9e7
0db1e417-ece2-4c1a-9c18-dbd428df5f2b,3694d25a-a973-4147-8d40-c606c34a0300,702c5cb0-a610-4240-9bed-879c69cdb9e7
2d581a46-f3f7-444b-aa1b-2c7c075d9632,b6565794-63ad-4ee6-81b7-9c8b3670d880,702c5cb0-a610-4240-9bed-879c69cdb9e7
f5884aa3-a988-434c-92a3-0a18d16ee4c9,e7627810-a79f-45c1-9936-b30de76401c7,702c5cb0-a610-4240-9bed-879c69cdb9e7
8f0f22d5-731f-46fc-a4ed-bdcb4d393599,f7ceb636-035e-4bf7-b77b-d34f7a8c035f,702c5cb0-a610-4240-9bed-879c69cdb9e7
d400355d-b938-475e-9c81-c8084cb15a59,2b4bb720-7f15-4fae-90c2-de310e5ff13d,702c5cb0-a610-4240-9bed-879c69cdb9e7
5f935bb3-44d7-43b5-a726-73dba3667f66,670003bd-32dd-4273-9716-88f41f2d303c,702c5cb0-a610-4240-9bed-879c69cdb9e7
d36b6c44-39b0-47ac-a9e9-7b3dcd7ecd6b,9beeacb8-5adc-405d-905d-f0917bba65b2,702c5cb0-a610-4240-9bed-879c69cdb9e7
c8583a5b-8f63-4604-9d76-3fa2c999f7ae,47ecaea3-e72d-45de-86af-5dd884272f9a,702c5cb0-a610-4240-9bed-879c69cdb9e7
9365f7f3-2213-4883-80c3-86346c05c645,b2feebda-2626-4d76-8c84-e990ab0e6df7,702c5cb0-a610-4240-9bed-879c69cdb9e7
f50dc2c9-c1d2-4c45-b1f9-a3c7fae13dba,f63c5822-acec-4419-821f-c63858900431,702c5cb0-a610-4240-9bed-879c69cdb9e7
2cf82307-4f21-4620-88a4-07eed5a082b4,d1417461-a028-4258-a31a-fcfa56f01754,702c5cb0-a610-4240-9bed-879c69cdb9e7
1a5b07df-9471-4e90-a3f3-86cd9cf32758,64868315-2d1d-42be-a1ee-55b95776490e,821f14d9-7bc0-4e9b-94af-b8fcb6e5280a
9713662d-bbfd-4238-bf80-0a02813af15f,439f904b-779e-4974-9078-e4d8e871d238,821f14d9-7bc0-4e9b-94af-b8fcb6e5280a
f494ebe8-085a-47cd-abb4-157d6d6fcfb7,beb5c004-36ac-4c4a-b3d7-b25e58898abb,702c5cb0-a610-4240-9bed-879c69cdb9e7
216ed03e-320d-48ca-afe5-628439f45409,acb3f62c-6a97-4255-bfc3-6024ecb7f56e,821f14d9-7bc0-4e9b-94af-b8fcb6e5280a
058142a2-4a8e-4005-9615-7a7c841601f0,8f3028bf-983b-41b6-b683-a6a767a61e8c,702c5cb0-a610-4240-9bed-879c69cdb9e7
b714b098-ab47-4b5a-ba6c-2d85fcf52367,13b87087-874a-4778-b670-35666b6f4f50,702c5cb0-a610-4240-9bed-879c69cdb9e7
840a30af-c7b3-4545-87bf-eab318826807,b1087080-89ff-41e5-b016-931a0813e402,702c5cb0-a610-4240-9bed-879c69cdb9e7
793a9f0f-a739-4d2e-b42a-9aa87caab296,42c7c67f-34c9-470a-a99a-2dbe2417133a,702c5cb0-a610-4240-9bed-879c69cdb9e7
a8635656-1933-4724-996f-e209e8963751,b18811af-6b44-4fe0-9543-d9c5f9c1f529,702c5cb0-a610-4240-9bed-879c69cdb9e7
de7ee533-afe6-4894-aed6-5c6e820aebd5,390f73fb-7662-4d97-82dc-a281b359df7b,4934dc25-aa95-4f0b-80f6-da9704d700d3
4bfd594f-7011-4cf6-a93d-1d17ab3d6633,7c96c040-5ad5-49a4-9c8e-d54a56aebf3c,702c5cb0-a610-4240-9bed-879c69cdb9e7
60451c63-1ecc-4b99-8a7f-98a287383cb2,44ebbbcd-eed7-4264-ac49-fbb8321d1fc4,821f14d9-7bc0-4e9b-94af-b8fcb6e5280a
76d08612-ab8b-4334-be2d-f4e67cd047e0,e6438749-b473-48a8-a310-4b8c85d83a12,702c5cb0-a610-4240-9bed-879c69cdb9e7
08ec541e-94ce-4ab6-b999-5efcdeb94f87,7576a77f-dc6f-4d35-a286-16ff7923b498,702c5cb0-a610-4240-9bed-879c69cdb9e7
2cb5762a-8887-49ec-9f43-0e404a3ae35f,3b152e84-326b-4a06-b15c-7fbe1db0eb13,702c5cb0-a610-4240-9bed-879c69cdb9e7
a195859e-0f75-41fc-b41d-9e5129fd9b89,22a9e4f6-7fdc-41ab-9655-30eefea08359,702c5cb0-a610-4240-9bed-879c69cdb9e7
0d251460-fa31-4af0-bf4b-69311b61d317,217d7a80-6521-4ce9-9520-eaae745ad9f5,702c5cb0-a610-4240-9bed-879c69cdb9e7
9be18188-4a6b-4c8e-b275-bb8d8701ea56,813703c6-5597-4023-8c83-6e76a58156ec,821f14d9-7bc0-4e9b-94af-b8fcb6e5280a
0c8c7755-a668-4bec-bfcc-8b72d0564fee,f49944d7-6b0e-41e7-a2cd-d65e38fbc33e,702c5cb0-a610-4240-9bed-879c69cdb9e7
dc69a418-dab2-4b1c-8ab2-d2459cb14a95,eedae3b0-2126-4e59-9160-de5c0c916a40,702c5cb0-a610-4240-9bed-879c69cdb9e7
36ba9beb-d01f-4f49-91b1-f9f91b5ae738,c4538cf0-e737-4d2f-866f-e7a23cc89bde,821f14d9-7bc0-4e9b-94af-b8fcb6e5280a
da2f3b98-b19e-4929-b16a-bf4e5aeac47c,f3406192-b766-4812-b211-79439ed3a47d,702c5cb0-a610-4240-9bed-879c69cdb9e7
9139fa3c-0a11-4bca-a928-1ada1f6db16c,63d1447d-e7a0-468c-9bf2-e0755655d333,702c5cb0-a610-4240-9bed-879c69cdb9e7
f6d5435a-2eab-410c-ac5d-d018c9f69858,a0cea3a9-2381-4d71-ac78-79a72a19a1c2,702c5cb0-a610-4240-9bed-879c69cdb9e7
c0a69beb-a82b-448b-bfc2-d26395cd93dc,7b591c17-02bf-4463-8904-bd7d1b578d5a,702c5cb0-a610-4240-9bed-879c69cdb9e7
c9259a4e-e23f-4a2b-b6d6-de90ebe3cdfe,8b0b3224-7ccc-47aa-938d-f339a814e3d4,702c5cb0-a610-4240-9bed-879c69cdb9e7
3c4dd86f-0189-4cd5-a43f-16c3a14fe861,3b645a83-9e0c-40c3-8bbb-04ce475e9272,821f14d9-7bc0-4e9b-94af-b8fcb6e5280a
4128bdcc-3b4f-44dd-9bee-c7759cf4a7fc,d51a7ad4-524a-4708-8347-ae7d2060afba,821f14d9-7bc0-4e9b-94af-b8fcb6e5280a
524c2154-9e15-4039-b9c9-2e2e7f4be4bf,04449731-1831-4d8c-8d4f-3d409b0c8a73,702c5cb0-a610-4240-9bed-879c69cdb9e7
4c021f73-1443-4fea-8d41-bf993c7efd87,8934c0f1-8fd9-4fc7-ab6d-1d3c54b12b28,702c5cb0-a610-4240-9bed-879c69cdb9e7
7745470a-5dd7-4f6d-ae6b-578530d568e8,fd49b7c5-9074-4d28-aeb2-af65cf75f819,702c5cb0-a610-4240-9bed-879c69cdb9e7
61181ed8-124b-4220-b124-4d5d7c167782,5299517a-0dd5-4042-b38c-cd7e6cec5501,702c5cb0-a610-4240-9bed-879c69cdb9e7
ece15ed1-1f49-40fe-a195-0ca93b9d5bbc,fe1b033e-bb1c-4f5c-9b15-8254e05df687,702c5cb0-a610-4240-9bed-879c69cdb9e7
85ab56cf-3961-4769-bcd7-9dd1f52c9555,a4626155-f725-48f4-8608-7cc1b5728fdd,4934dc25-aa95-4f0b-80f6-da9704d700d3
13929896-5d9c-4dc7-887b-eb29c578c89c,95df01f9-0a82-4e3b-9efb-b3640bddd3b6,702c5cb0-a610-4240-9bed-879c69cdb9e7
8e5c33d3-590a-42cb-9051-6836d277e24e,9bc39141-2ed1-4334-97f8-87f04a5746ae,702c5cb0-a610-4240-9bed-879c69cdb9e7
ff916a1f-971d-46ee-baa0-39f337eaa418,7eed4eb3-2c99-4569-8d5a-3d2371b91b3c,702c5cb0-a610-4240-9bed-879c69cdb9e7
089f94c4-4fd2-4a5e-b457-fd7916627d1f,770fe795-556f-4c58-84d3-463f67e0b598,702c5cb0-a610-4240-9bed-879c69cdb9e7
eb816cd2-5fab-4695-adee-171b2d4e1a5f,7d8f35cf-373c-4a35-a5da-264567620d75,702c5cb0-a610-4240-9bed-879c69cdb9e7
071be0c6-3d51-45b4-86b5-bc91310d9d99,126af1af-3641-42a4-97e0-773d5e06efca,702c5cb0-a610-4240-9bed-879c69cdb9e7
65c7e7e9-fce1-43d8-8cb4-36f9bbbe5d1e,70f0073d-330b-4875-9a23-1f113ca4d918,702c5cb0-a610-4240-9bed-879c69cdb9e7
70309577-8908-494e-9797-e298b48c96bd,27095c8c-bfb6-4312-9026-e3f51f65aaaa,702c5cb0-a610-4240-9bed-879c69cdb9e7
c884dc6f-32e7-4bac-a346-6a2db4427e95,37490ab9-8c06-4c4f-8340-5c8c79925476,702c5cb0-a610-4240-9bed-879c69cdb9e7
b28e8937-9ecc-464e-9601-0e4e8c4f5618,b47201d8-af98-4333-8ded-edca04abc9ff,702c5cb0-a610-4240-9bed-879c69cdb9e7
626bb767-1b1f-4a5c-b8e6-9b9e60d6a7cf,4e3ef789-48bb-41f1-ab88-94df25077c5f,702c5cb0-a610-4240-9bed-879c69cdb9e7
efab2066-4504-48ce-ac70-7932cd40f378,70f0821c-3076-4bc1-91cc-7eacaecdfc69,821f14d9-7bc0-4e9b-94af-b8fcb6e5280a
250fa0dd-fa67-4f6c-90d3-665a6f6a3be4,f6797f66-4a43-4fdf-b112-86607be0b64c,702c5cb0-a610-4240-9bed-879c69cdb9e7
cdb0f26a-b34c-4647-8406-093415479c9d,f18371d8-2aac-4bb7-aefd-4725ed92aa30,821f14d9-7bc0-4e9b-94af-b8fcb6e5280a
d934801f-8a24-4991-92fe-2281db749cf1,9e3cb7ad-4842-4ead-91b9-1dfef16cf864,821f14d9-7bc0-4e9b-94af-b8fcb6e5280a
03159055-dc73-4018-b64b-5d2b7fd1565b,aac33eb9-918f-4e2c-ae40-ae5d31183ed4,702c5cb0-a610-4240-9bed-879c69cdb9e7
56318331-99d9-4c87-92d5-45530f29d9ff,a81863d8-aeaa-4cc4-8ea3-1cb7bc04a14c,702c5cb0-a610-4240-9bed-879c69cdb9e7
6b9f7274-c075-45ed-a6fc-08be41ce9adc,62ac9608-4fd3-4f4e-82f7-049ff5874e57,821f14d9-7bc0-4e9b-94af-b8fcb6e5280a
2fad3c33-45c0-46f8-b00a-e90d3eaee8ca,9f260dcf-f544-4b94-882c-edf3149dfd46,702c5cb0-a610-4240-9bed-879c69cdb9e7
6274807a-2793-45c4-86d8-d8a2ddae4acb,20dd3b55-bc0a-4246-bcd9-2796e5973d8f,702c5cb0-a610-4240-9bed-879c69cdb9e7
bed0cb23-4cc0-4694-8cc2-8dc76c0f961b,a82b8c35-1d68-435e-9f67-a1d03edbe158,702c5cb0-a610-4240-9bed-879c69cdb9e7
b8c75e87-844f-4508-b301-99dc6b85a017,9aa123f4-c0d6-4cfe-96dd-309c2be515ae,821f14d9-7bc0-4e9b-94af-b8fcb6e5280a
ac10d353-8f42-4898-b1fe-2b9dd1a0cb4c,c420a178-5b79-4aa5-bcda-16fab8e9b69d,702c5cb0-a610-4240-9bed-879c69cdb9e7
7457935e-a7a5-4919-b00a-6cc36e9a8358,633064db-5af2-4254-8a35-b151a40d70b1,702c5cb0-a610-4240-9bed-879c69cdb9e7
8e37c375-5a9a-49d0-b382-028d4a2e5df7,ab5d625b-508c-41ed-9bbb-aad2db6f05df,821f14d9-7bc0-4e9b-94af-b8fcb6e5280a
4c8b95e5-e740-4083-99e0-e4c038c4c70a,7a80c6a1-625b-44e0-b768-9f3ba221b954,702c5cb0-a610-4240-9bed-879c69cdb9e7
9a0683ab-5ff8-4284-9dbd-cdf86865d601,3d50f703-9d47-47b1-bb02-070d1072d3ad,702c5cb0-a610-4240-9bed-879c69cdb9e7
3f154f33-43f2-4eae-bc02-0eea39d295d2,7f11dc90-4da1-4fb2-ae5c-440afb0a923b,702c5cb0-a610-4240-9bed-879c69cdb9e7
a83d8ee8-eea7-4942-be4f-a80f5cf5e236,13fe1b3e-1cd5-4bee-b9ce-8aecf41ea67e,702c5cb0-a610-4240-9bed-879c69cdb9e7
4e11d577-9384-4110-8255-e6e95332f40f,32f59886-7103-44f6-8649-e467e68ffc1a,4934dc25-aa95-4f0b-80f6-da9704d700d3
80c1a46f-2e7a-42c1-886d-6fe132f4600d,7250e075-1f32-4d09-b9a9-a487052ee15b,702c5cb0-a610-4240-9bed-879c69cdb9e7
3cfe74a9-a39d-40c2-9b67-01bd6bd36f05,7bdbfc87-4586-44b8-b77d-f7d0ecf689fe,821f14d9-7bc0-4e9b-94af-b8fcb6e5280a
7eeaf670-4f2e-4873-a67c-5a0a78c1b3d3,be1f9e4e-895c-4f82-a96d-797cc18f7ce2,702c5cb0-a610-4240-9bed-879c69cdb9e7
9448580b-db0a-46e5-8bb3-ca7725457bf4,3f85683d-5dd3-4ccc-a726-6ef26d285913,821f14d9-7bc0-4e9b-94af-b8fcb6e5280a
f9af3a4a-834d-41a0-bb13-3f6038b083d5,6b346b14-d7dc-4497-8dda-34eba764dc2b,702c5cb0-a610-4240-9bed-879c69cdb9e7
6579441e-2994-4940-a26a-90ba3858e1fa,e74d7332-1256-4046-9dda-da15d6ea7ee9,821f14d9-7bc0-4e9b-94af-b8fcb6e5280a
dbe08c04-44e1-441b-8636-9c0ae0050b67,d301ae52-84b8-4793-94da-f413159c608a,702c5cb0-a610-4240-9bed-879c69cdb9e7
40cc18d7-9ada-4b64-9126-d39e5bcd989e,7d6f74ba-29ea-4938-9b98-c28b01f71f9e,821f14d9-7bc0-4e9b-94af-b8fcb6e5280a
999c0c3d-b9ac-479f-8e92-9c46e97a5380,cd66b510-47e2-4806-bf32-8cd51b1891a4,702c5cb0-a610-4240-9bed-879c69cdb9e7
720fbf75-6637-4f4f-b1b5-ff68b8e90f50,dd5ec2b3-6578-4e7f-823b-10ac7d8605b7,702c5cb0-a610-4240-9bed-879c69cdb9e7
89be7137-6c19-4aed-8558-396fdd914210,afd3bf6b-7003-4c02-b977-b500ab317d27,702c5cb0-a610-4240-9bed-879c69cdb9e7
5d547ef1-5642-4e39-82d9-51b3eb634f2d,fc680903-570e-4ce7-b243-c520d9c6e598,702c5cb0-a610-4240-9bed-879c69cdb9e7
8a481692-7e0c-45b4-bcc3-32842bea8225,f27ee210-1e7c-4929-84ba-63c5bdf1aa5d,702c5cb0-a610-4240-9bed-879c69cdb9e7
b4c10f26-3532-4eaa-bfe3-9b5722e9bd01,d6331e6d-38b2-422c-8cb4-6776669a7b62,702c5cb0-a610-4240-9bed-879c69cdb9e7
969659c7-f617-4d00-a5b3-780291a3429a,b730143a-5cdc-4172-96f7-32ab331c9d9a,821f14d9-7bc0-4e9b-94af-b8fcb6e5280a
b72bc9bf-0bef-42ab-a21a-08bd4681c04a,eba1afc1-c949-4a23-a261-59d39c4125d2,821f14d9-7bc0-4e9b-94af-b8fcb6e5280a
1fe5bb50-7622-4cdd-a6d7-040b0f8abc74,05b7cadc-72fe-4954-8c1c-6a4638c533cd,702c5cb0-a610-4240-9bed-879c69cdb9e7
5fd07068-ed82-43e5-b8eb-b91beaf97d9b,2b963c1d-2e8e-42bd-9a8d-4331185161dc,702c5cb0-a610-4240-9bed-879c69cdb9e7
6273126a-4037-4b1c-88a3-f2cb3d64bb15,81a1854f-7503-43ee-b7e8-4dd260c5a196,702c5cb0-a610-4240-9bed-879c69cdb9e7
6f8f67c6-ff10-4eaf-897d-9d5e835ca9b0,d3df7f93-6225-4cbc-b577-e8122f6a2864,821f14d9-7bc0-4e9b-94af-b8fcb6e5280a
af33777c-e0ca-43a0-a585-d1cbd9bd5d84,347fcf47-0919-480f-8136-37115d606b77,702c5cb0-a610-4240-9bed-879c69cdb9e7
a9fb8607-0c95-45e8-ab6e-f8706ff80258,e3b4a655-c6bc-4438-985d-9d9be026087f,702c5cb0-a610-4240-9bed-879c69cdb9e7
c80885ee-cb5f-4d6e-9e10-6f0a3a69d111,0326979a-117d-48ab-a2ea-cdcfba5c770e,702c5cb0-a610-4240-9bed-879c69cdb9e7
ab6af38e-0faf-4499-b10a-aedf0c16fcca,fdb2c4ee-1736-4767-8a61-9cb40db87be4,702c5cb0-a610-4240-9bed-879c69cdb9e7
b5042d41-ad38-4995-b1da-0b7b5080c3f5,c45c19b0-f841-4361-8298-8575f9338fc6,702c5cb0-a610-4240-9bed-879c69cdb9e7
cf649e8f-53e1-46a1-a136-1ed1ec2079fe,1dc98106-a161-4199-a7c0-f79f8ceea3e6,821f14d9-7bc0-4e9b-94af-b8fcb6e5280a
18ada2e2-138c-4c3d-8c0c-a4844a33a45d,2e76117e-a2a0-4059-bbd4-2c6648d3aea8,702c5cb0-a610-4240-9bed-879c69cdb9e7
f5f977ef-d0f1-4c23-b0ff-7adf38aee1ce,de804b9f-ea3a-4b28-9aec-829392fb25ee,702c5cb0-a610-4240-9bed-879c69cdb9e7
cf178f07-248e-4733-9e3d-ec6625bafbd9,55405b05-8710-43da-99dd-05938ab5fe41,821f14d9-7bc0-4e9b-94af-b8fcb6e5280a
3739482d-0c03-4540-a9e7-8863321a3c2c,76ac7987-9819-4ceb-b10b-428ca5896c9d,702c5cb0-a610-4240-9bed-879c69cdb9e7
a31baadf-fe55-412d-955a-9cc43e389521,428faec5-134e-4707-b153-1475de6c2195,702c5cb0-a610-4240-9bed-879c69cdb9e7
a173cfc0-4e14-42d9-b347-d8f41a1036cc,bdf46fed-2dfe-4530-8576-61a1bce3ab3d,702c5cb0-a610-4240-9bed-879c69cdb9e7
545a8eab-df2c-42aa-9e24-cc34d9d6a6ff,5a00ee65-22e8-4bfe-9acd-63ec6b2eb7c7,821f14d9-7bc0-4e9b-94af-b8fcb6e5280a
3f26df5a-1d85-4578-9751-c2af40c3fe2e,94842b5b-259c-46ef-aa15-289886a1ddec,702c5cb0-a610-4240-9bed-879c69cdb9e7
f30f85ee-81e2-4cdd-b2d2-f1619037c393,89d1d259-92bd-4175-9c01-34c93b11cc1b,702c5cb0-a610-4240-9bed-879c69cdb9e7
9d3ebb30-ab3a-48fa-8ae0-982952c39223,2967b2c8-6f77-4f08-bab8-78422d281934,702c5cb0-a610-4240-9bed-879c69cdb9e7
4643cc30-ba21-4e21-a6ff-bd54b89fd6a5,1560e16f-bf65-4b66-91ef-94b22a8665b4,702c5cb0-a610-4240-9bed-879c69cdb9e7
803a7e63-0786-421b-8744-53a44f9c3b0f,e66ff599-136b-4fe9-9f57-074a046663f5,702c5cb0-a610-4240-9bed-879c69cdb9e7
1f49c4f4-648e-446c-840b-40eedccc87b0,d785c97f-ed59-4b40-94f1-2a0869e34623,702c5cb0-a610-4240-9bed-879c69cdb9e7
890ac1e7-f487-423e-93c0-8d747ab98679,ea051813-f1b7-4e5d-92e6-caeecf490e38,702c5cb0-a610-4240-9bed-879c69cdb9e7
f569607b-d186-4540-b002-5e54ac39b575,8b68451a-3b04-4374-982c-92f3f27ffd38,821f14d9-7bc0-4e9b-94af-b8fcb6e5280a
fced2ecd-3b24-42b3-819d-d38c2933f253,b5750e5a-81c3-4cd0-8d54-4f8cc4b6128f,702c5cb0-a610-4240-9bed-879c69cdb9e7
22219f9e-f658-49dc-953c-fbbc54d430e6,ac6dbc87-9a07-4d5f-848c-902b778edb67,702c5cb0-a610-4240-9bed-879c69cdb9e7
af42f63e-a9bd-4048-8662-01baa06b2118,56d94afb-4f1b-4067-807b-81dd399aacab,702c5cb0-a610-4240-9bed-879c69cdb9e7
7a39982a-bc52-4d04-94e3-f0d9641109ee,e83e103f-b230-4a87-9f46-4beb0e3cdde3,702c5cb0-a610-4240-9bed-879c69cdb9e7
9d7dcb90-659a-4179-b47c-c0bec6d650a0,7c56dbee-25c9-4bff-a365-564c0a651ca1,821f14d9-7bc0-4e9b-94af-b8fcb6e5280a
bc2663d8-7603-40de-b077-49c94981fab7,55ccb96e-d35f-4d11-ac7c-ec02eaf9cb87,702c5cb0-a610-4240-9bed-879c69cdb9e7
49c5e4d0-c56c-47d8-a991-3061070df51d,a2e0462a-96c4-46a7-8d4c-762b0c8afffb,702c5cb0-a610-4240-9bed-879c69cdb9e7
c9f9c136-5f49-403d-88f4-b9a45d704044,c254d3e7-4114-4984-a75f-58dfc90a82dc,702c5cb0-a610-4240-9bed-879c69cdb9e7
b775575f-be9b-43b1-930e-8ef9c2097c4b,fb5c0e84-68db-4f7a-8129-3f66cdfba1b6,821f14d9-7bc0-4e9b-94af-b8fcb6e5280a
e0ac647e-142e-4cd9-bbaf-f351b737fb16,3060b86e-31d0-4a8e-86d1-d7f42c72cd7b,702c5cb0-a610-4240-9bed-879c69cdb9e7
dad6a6ad-de1c-4984-9065-0c7d9b65fb79,de01cc38-007b-4820-bfaf-20640d84b399,702c5cb0-a610-4240-9bed-879c69cdb9e7
e03e8b2c-24d0-4e1e-bdc9-a58647fd932f,bd65e165-818b-434d-9044-d2391dc82a12,702c5cb0-a610-4240-9bed-879c69cdb9e7
8744d1f3-2ed8-41d2-9871-4975f0b54c3a,42f3efb9-911e-4315-9c5e-31e6ab7c52fb,702c5cb0-a610-4240-9bed-879c69cdb9e7
21518934-cd94-44ef-88a7-e93eee826057,8c7d3f7b-57aa-458e-9392-23d0d776e5dd,702c5cb0-a610-4240-9bed-879c69cdb9e7
28593faa-d030-498d-9226-b7593c876b26,0c34cab3-dc2a-4927-8bcb-1570f0af2b35,821f14d9-7bc0-4e9b-94af-b8fcb6e5280a
1b84a55a-c992-4325-9295-470ecea91c62,756505f2-282d-44d3-a8af-fdb1e04d0dfd,702c5cb0-a610-4240-9bed-879c69cdb9e7
18e05208-7856-4b4f-9fe4-4ef3b37e596c,5c9fd9fc-637c-4532-92e7-5798f481f861,702c5cb0-a610-4240-9bed-879c69cdb9e7
9039c54f-2cee-4ea6-98d1-4b5fe9a1436b,8827ae53-4cfc-4818-a755-ddc0654e9b34,702c5cb0-a610-4240-9bed-879c69cdb9e7
4f0e1e6e-141f-4b00-a086-74643a40fab8,cf690d6e-a2f7-47e1-8e11-5f3a0b603216,702c5cb0-a610-4240-9bed-879c69cdb9e7
6d3807b2-6faf-41d7-9a30-ae41338c30e6,296b4671-1f2b-4eb9-9f16-7f39adf9a347,821f14d9-7bc0-4e9b-94af-b8fcb6e5280a
89ba6de0-8428-48be-be64-43fd4c2ec60b,d8896002-8351-44cf-8e9b-ecc3740c17aa,702c5cb0-a610-4240-9bed-879c69cdb9e7
4fe809dd-0ad4-496a-a265-e7ee12d90756,8a3ddd0e-ebb8-4aa1-998b-181d8d8d4022,821f14d9-7bc0-4e9b-94af-b8fcb6e5280a
b260e12e-8248-470f-bd3e-10160833e368,b161d25c-364e-4ea4-b9ca-eaa2a6b61dfb,702c5cb0-a610-4240-9bed-879c69cdb9e7
f989a4d7-a013-4a4d-8586-33eccc75a4f0,71467779-2edd-478f-b6df-329e21746971,702c5cb0-a610-4240-9bed-879c69cdb9e7
de6d458e-68d0-4eee-896a-e8d889875e1d,6169a5b9-a482-461d-8dba-221d25113149,702c5cb0-a610-4240-9bed-879c69cdb9e7
dd60e397-4b49-46a7-8528-9022d25dfa8c,998292f2-8bf9-47c0-adc7-ee149e642bf4,702c5cb0-a610-4240-9bed-879c69cdb9e7
366a38df-3953-4560-b7f8-aef9f876e450,7f541b80-cdbf-4d08-96c0-79549f0a9e1c,702c5cb0-a610-4240-9bed-879c69cdb9e7
77addb92-6a28-4c29-9d3c-b2ed6191650b,fcabe0f0-e628-4a6e-80a2-8c237b80a55e,821f14d9-7bc0-4e9b-94af-b8fcb6e5280a
56e17064-7485-4f06-b9cf-fe665170ed5e,cb7f4fe8-9ebb-4824-9d37-3607d2fc785e,702c5cb0-a610-4240-9bed-879c69cdb9e7
1140815e-fb16-4763-9633-a6cc38c80666,0394ef6a-53df-4c7f-a2f5-a6593569ae4d,702c5cb0-a610-4240-9bed-879c69cdb9e7
be3b4f2e-15c4-4102-86f8-decdd1b4e4ef,478823d6-24b7-4c4c-a674-c95ed8185ebd,702c5cb0-a610-4240-9bed-879c69cdb9e7
bee21680-49c2-44a7-abe6-e4ef2983f3ce,e188dc58-e0df-4629-9ac2-d35429e1016b,702c5cb0-a610-4240-9bed-879c69cdb9e7
63b18c63-754a-446e-9093-65c1a606895e,dea52280-6ffb-4fac-9d68-634a0123dcdf,821f14d9-7bc0-4e9b-94af-b8fcb6e5280a
bd307226-326a-40d8-a3d2-06cd50d65cac,2f6a731a-c430-4bba-9169-c8ef8b901620,702c5cb0-a610-4240-9bed-879c69cdb9e7
916d693e-e59f-4414-923e-20737a97fe3b,a64ed618-7eec-4333-965a-2b42e2b4c64d,702c5cb0-a610-4240-9bed-879c69cdb9e7
42e6b885-c71f-4f2c-9bb7-557aaedb4930,fda2b2d7-7f3c-4ab3-aa11-d1f39aa23fe5,821f14d9-7bc0-4e9b-94af-b8fcb6e5280a
50d450ed-b3f4-4e7e-88eb-d96eaa037ac5,ab696c19-5bcd-4411-9920-8968de97a00e,702c5cb0-a610-4240-9bed-879c69cdb9e7
bab014f9-c5b8-4126-b81b-260790c682c6,58ffca38-2979-429f-8816-3dbd50aa3b94,702c5cb0-a610-4240-9bed-879c69cdb9e7
94430392-7ec4-4835-b7e8-587374078471,5e241f70-0e34-4cc3-9d97-f8a85e550d5a,702c5cb0-a610-4240-9bed-879c69cdb9e7
e48e3df2-0e75-41b5-a977-36b826ab25f3,23429fb9-02ca-468f-9b7a-9ba5e63e00ef,821f14d9-7bc0-4e9b-94af-b8fcb6e5280a
bf2f9c60-199b-4db7-8a64-e61cb582f416,fecb5349-39b6-4c21-aca6-a59abda1556a,702c5cb0-a610-4240-9bed-879c69cdb9e7
b7380e70-e649-45b9-be83-fa926b28fd73,dd7947df-d37d-4ad7-9bda-b6e1dd56ded3,702c5cb0-a610-4240-9bed-879c69cdb9e7
99248c34-eba8-404a-9343-26f298c0f138,5b5e3692-dc2d-4184-aef0-856bf0cefde4,821f14d9-7bc0-4e9b-94af-b8fcb6e5280a
341cbe64-6048-4121-93bd-5de14a9b8e5e,6e2e8113-0a55-4771-bca1-c95da3bd93f0,702c5cb0-a610-4240-9bed-879c69cdb9e7
ef172457-fec8-4a63-9dcb-3a4c2669c949,27ccd800-264a-4132-855f-2eae7d4a3a0f,702c5cb0-a610-4240-9bed-879c69cdb9e7
92a1b261-b29d-46f9-9196-8052b9c0e9e4,b2631c25-1582-49ce-b775-658ada24b7f3,821f14d9-7bc0-4e9b-94af-b8fcb6e5280a
4bd27f8b-8dcd-47ce-a066-3248213d79d4,34d808eb-6510-4c49-84f3-81a2dc5a621f,702c5cb0-a610-4240-9bed-879c69cdb9e7
15ca9c8e-84ef-405a-a25e-0c0fb3ab2a95,a9da5e5c-f8ef-4617-9c74-75c32b8fafb4,702c5cb0-a610-4240-9bed-879c69cdb9e7
e1b6c2e3-f980-4561-967e-030def4b459f,c8a2e026-59a3-4aef-8119-9ff9e37bc3c7,702c5cb0-a610-4240-9bed-879c69cdb9e7
73404242-752c-4b4f-a47d-0d0a40801f5a,55063744-a841-465f-9cc8-0a3b442e38e9,702c5cb0-a610-4240-9bed-879c69cdb9e7
7711c558-2ab3-405e-ac06-9507c2ce32d4,aa7ba90a-ffa0-4ffd-8f6c-f2f2d9889e9b,702c5cb0-a610-4240-9bed-879c69cdb9e7
0287affe-8d3a-482b-a0b7-06cf2d8291e7,76d2cf04-91c6-4280-bc87-ef2a3d8741aa,702c5cb0-a610-4240-9bed-879c69cdb9e7
dfe61cb0-94d4-4813-940c-604aa7b66bc5,9abcbe2b-f693-4764-8e31-aa5c582b5ceb,702c5cb0-a610-4240-9bed-879c69cdb9e7
b37c3f0e-09cb-4f27-ac6b-576a279b4036,e298cb96-ab3c-494b-9386-e33456413e27,821f14d9-7bc0-4e9b-94af-b8fcb6e5280a
45d39983-9ca3-4e97-9c7f-90a60c45ab22,7530f1c0-8bc4-4a51-a20c-dd6941e51c21,702c5cb0-a610-4240-9bed-879c69cdb9e7
f851fe17-8cc5-4178-a7c8-bc78135ff4fc,97f24790-3e8f-46b3-911c-b451c1a048d3,702c5cb0-a610-4240-9bed-879c69cdb9e7
5f6e1133-d227-4be8-9211-c51ef7518973,85894581-28f7-466a-8be5-69b7c3132809,702c5cb0-a610-4240-9bed-879c69cdb9e7
1bb90a8c-5147-44dc-94f6-c8b558d10888,f97fb7e9-8e21-4206-a2db-4f0b0f74902a,702c5cb0-a610-4240-9bed-879c69cdb9e7
dc880156-cccc-4388-9aaa-bbaa19140f77,1417da8a-e03d-40d5-8d07-516f3ded6e03,702c5cb0-a610-4240-9bed-879c69cdb9e7
8817bac7-4e5f-43ec-aba9-6a074e58069a,9e3b4ad4-c76f-49c4-97da-235a7cce7409,702c5cb0-a610-4240-9bed-879c69cdb9e7
ba531df5-eb72-4efe-8515-5c7edca89906,e10d65d8-a8db-4a1d-b2dc-122d3a70255b,702c5cb0-a610-4240-9bed-879c69cdb9e7
b8497653-45a5-49b2-8748-a956029e4e4e,6c5a054b-fb03-4b51-a562-31d3e798f08a,4934dc25-aa95-4f0b-80f6-da9704d700d3
9083735a-6a0d-4bf5-8c2e-24844e329a9d,11abe4d1-5fa4-467a-9f14-7a5e08b5daf6,702c5cb0-a610-4240-9bed-879c69cdb9e7
67e8ddaa-900b-4850-bf65-4a5e36db2650,f8181804-81be-4ca4-b96b-8c9bb9a1faf1,702c5cb0-a610-4240-9bed-879c69cdb9e7
80a1c2fe-5bf5-48ad-bf86-f1613a9d1bda,16068fdd-493c-461b-b015-b8514e1db7a4,821f14d9-7bc0-4e9b-94af-b8fcb6e5280a
c08b3e99-5686-4de8-a465-794c7ba1a8b6,6260ad53-ad2f-4326-8a5a-02134c3bf5fe,4934dc25-aa95-4f0b-80f6-da9704d700d3
8204aa75-2253-4cd0-a938-7cf34eb09aa3,9473fe50-4d26-4ec4-abfd-22c687db94a4,702c5cb0-a610-4240-9bed-879c69cdb9e7
cfc7527e-9acb-405f-9bbb-8595bfd4bb1e,c44aafe5-9651-4bbd-ac66-18df23b90c8c,821f14d9-7bc0-4e9b-94af-b8fcb6e5280a
9b774928-b242-4b4b-af10-e1c985ce9500,df454634-ba4a-4c5e-ba00-9d2b4d993ec7,702c5cb0-a610-4240-9bed-879c69cdb9e7
f5f2b0bb-b02e-4fe6-8d6b-3364a673fd2a,7ac3473b-6004-4d32-9857-21d665c3c778,4934dc25-aa95-4f0b-80f6-da9704d700d3
0c90d6eb-6cce-47c7-80bb-af82f72d442c,817c3016-899c-432f-84ec-bd4138638952,702c5cb0-a610-4240-9bed-879c69cdb9e7
fdc50a85-f3f4-44ba-94dc-cfde1fb83be4,6afc3786-dac6-43ea-a7c6-cd9bd17db1f9,702c5cb0-a610-4240-9bed-879c69cdb9e7
1ce68956-aae5-46e5-99be-7a9e37da8a81,bfc2e990-9810-43fb-ba25-d452371080e1,702c5cb0-a610-4240-9bed-879c69cdb9e7
46fe054d-7198-4515-a51c-9ea8e0757231,78e329bc-5f7c-4e4a-83b8-655e6069971d,4934dc25-aa95-4f0b-80f6-da9704d700d3
f28d06c1-02ba-462d-961c-46051555d8bd,68285118-e783-4505-9c7c-5c841dac1086,821f14d9-7bc0-4e9b-94af-b8fcb6e5280a
3f267553-7632-46c1-9c1b-75b991f5f20c,d3707898-2f4e-4491-b812-5238464692ab,702c5cb0-a610-4240-9bed-879c69cdb9e7
39ad84e2-133d-4c19-89d0-2c4c6f155bbf,ca885b72-3539-4b67-a230-a69365085790,4934dc25-aa95-4f0b-80f6-da9704d700d3
2594ebc4-38fc-4a7b-947a-f830bc90d909,acbf4362-1231-4a3e-ac44-a74ca3b35c92,702c5cb0-a610-4240-9bed-879c69cdb9e7
5910f13c-0f31-4114-947f-ed6eb1b5e70f,743ab12f-fa7b-4dc9-86e3-3b109c03821d,702c5cb0-a610-4240-9bed-879c69cdb9e7
9d48d0cf-7dd7-4a16-9d70-b311ecb821bb,e25e4e84-d65d-4aa1-8205-28f35c027a5e,4934dc25-aa95-4f0b-80f6-da9704d700d3
55469239-3629-4c7a-9c4a-d1103c38e73c,cc1e0de8-b16a-488b-91cb-092d93e7dabd,702c5cb0-a610-4240-9bed-879c69cdb9e7
20bb3aaf-45ac-4d35-b5d4-e791fc85f63d,11bf28fe-e5b2-4ee2-990e-f2fda3b48c6b,702c5cb0-a610-4240-9bed-879c69cdb9e7
e66d5f76-5367-4c48-9def-8f310a852be3,1472ffd2-eb7e-4779-9610-0ed5d416ecf4,821f14d9-7bc0-4e9b-94af-b8fcb6e5280a
a15df0d7-6db2-40df-91a3-bab2dab80ec9,f680d3bf-f20f-40ee-bd86-cb81fa8d69a1,821f14d9-7bc0-4e9b-94af-b8fcb6e5280a
e97fad66-b53c-4907-b01d-88df3f6eb9cf,330188dd-6275-4158-8137-d7d51efdadce,821f14d9-7bc0-4e9b-94af-b8fcb6e5280a
c4f2446d-8b96-4d5e-9b82-eef04b3b1a28,db187066-566a-46a9-b1ca-f3c28899acc6,702c5cb0-a610-4240-9bed-879c69cdb9e7
c7b1aaa6-09e0-4494-b098-22bc617e1c88,56fcef5a-f63a-4b24-b4a7-6778158cac02,821f14d9-7bc0-4e9b-94af-b8fcb6e5280a
da30b735-484e-4f46-bfdf-e13789ecac52,64f78308-2996-4c1d-9f6b-e8a6a1090954,821f14d9-7bc0-4e9b-94af-b8fcb6e5280a
5a057a30-8238-4d36-9842-cc158c8f019a,5e0e6677-b178-4150-9cbe-8f0b413cc40d,702c5cb0-a610-4240-9bed-879c69cdb9e7
99816cbd-3dee-4d03-b8a3-6ae17b2485d3,891924f7-3e48-48b1-915a-1aa0223c8af5,821f14d9-7bc0-4e9b-94af-b8fcb6e5280a
48f11d27-43d1-490b-8063-91bc4cb4faa2,e2f39dc2-fcd8-4d62-8791-c344995a5a7a,702c5cb0-a610-4240-9bed-879c69cdb9e7
d7feaf7b-f8d0-4ce2-9a73-a9faafea8de7,3721cce8-4c04-447a-9f37-cd84e7538705,821f14d9-7bc0-4e9b-94af-b8fcb6e5280a
e9d8926f-378c-429d-a95f-d8f2bae5ac9b,a0e045b2-55cb-487e-8d60-cbddb9a888ac,702c5cb0-a610-4240-9bed-879c69cdb9e7
28001098-829b-43a0-895f-14b52872d658,cf1d478c-93da-4bcb-af2b-7e3847c41f7a,821f14d9-7bc0-4e9b-94af-b8fcb6e5280a
8985973e-fa6e-408a-8720-4208895657b0,fa925690-da4d-4b36-84af-7fb878f5f3b8,702c5cb0-a610-4240-9bed-879c69cdb9e7
56bcfd8f-d480-4b11-bdb5-98db907a1c7d,61cd0736-deb1-4efd-8eb1-afccf18c7569,821f14d9-7bc0-4e9b-94af-b8fcb6e5280a
26b7967e-ac3f-46ce-bd12-bb49604fda73,0eb84ab4-1536-4586-b387-8106fdfe9c0a,821f14d9-7bc0-4e9b-94af-b8fcb6e5280a
5e153680-dac7-4c3e-82fc-200ee6329445,06afeaad-05af-4d33-be39-6c77808920be,ed204181-0a5c-4ffc-aea7-05dc9d565ecc
410e20f0-fe4e-464f-aa44-6bde7543b91e,1b04c9b1-9deb-48b6-b8d2-0d474f7974b3,702c5cb0-a610-4240-9bed-879c69cdb9e7
92677cb0-3463-4974-b648-5f5bc55c2309,ea5ebfcb-0688-47ed-9384-c4055cc41d9b,702c5cb0-a610-4240-9bed-879c69cdb9e7
bd1ce6e0-f526-44d2-8085-2ec0a2d1dd58,f4bc308e-30d8-48a0-b0ad-4f529e4f1f7f,821f14d9-7bc0-4e9b-94af-b8fcb6e5280a
360334ec-ce9b-4fe3-bfcc-0c9fd42a98fd,2ef229ed-f6c0-4b37-b4ba-7c3f3cee5a86,702c5cb0-a610-4240-9bed-879c69cdb9e7
4236f15d-118f-4f58-aac5-44e5fe1173e4,a1db25d1-64c0-48db-a3b8-38d5a5894637,702c5cb0-a610-4240-9bed-879c69cdb9e7
9ad56e20-aebd-4827-845b-adb8ea0ada3f,f215f3fd-ca60-4599-8ab4-c6a1e574a174,702c5cb0-a610-4240-9bed-879c69cdb9e7
345ece89-9407-426d-a7e9-ae2b3f5f7ef5,5b312ec9-83b6-4468-9ae3-9ddcb8965f3b,702c5cb0-a610-4240-9bed-879c69cdb9e7
c1acdac8-cc77-47b9-89c3-1b901a16cefb,a1053d1d-daed-476a-94ae-be13c717ff39,702c5cb0-a610-4240-9bed-879c69cdb9e7
cdfecca9-a07a-4cad-a10a-706d85ca4e9f,0763dd1d-e49f-4445-add4-44b62785582d,702c5cb0-a610-4240-9bed-879c69cdb9e7
c8069809-febd-487d-b769-6ec5c14bddb8,333d6539-7c93-468a-9ed8-c5f1e189d988,702c5cb0-a610-4240-9bed-879c69cdb9e7
b5bd7b9c-b55b-47ba-9c13-c2d9e0e5b37a,3b4a730c-475f-48ae-9591-0962d3c6f628,702c5cb0-a610-4240-9bed-879c69cdb9e7
d494f063-97cf-4290-983b-3dacf999262c,7685b23a-6a68-424a-bb87-b3ad756ba271,702c5cb0-a610-4240-9bed-879c69cdb9e7
610c62e2-4dac-420a-9971-cc7f929e8ac9,9b02d769-d612-418b-88d7-98753624eb5e,702c5cb0-a610-4240-9bed-879c69cdb9e7
e9e6fbc7-6e74-4763-b4ea-f94eda8157f8,9f09ce0e-8159-4bd0-8877-a98acc4b3dbe,702c5cb0-a610-4240-9bed-879c69cdb9e7
a9163f5c-61fa-4303-b4f4-d03652f11d0a,d02e4e8a-f022-4bb6-bfe9-e3dcc5b9d4bd,702c5cb0-a610-4240-9bed-879c69cdb9e7
7f8b22b7-ffc5-43ca-9b8c-212a6e8295df,4268133c-5850-4ad7-8c41-fdab91e0194d,702c5cb0-a610-4240-9bed-879c69cdb9e7
7701f4ac-602f-4ff1-bdd4-5417397de78e,d2bca8b8-312b-4ac5-b773-cc982506f887,702c5cb0-a610-4240-9bed-879c69cdb9e7
5b8c6b57-259e-4966-94f9-0e028aa8d44e,5d08ae65-7c34-456a-8414-c65f995e1928,702c5cb0-a610-4240-9bed-879c69cdb9e7
29d2a5fe-c3f1-4508-8d4e-0add2858629f,8bbf35ee-ac4b-4a1d-baac-65c56c63627f,702c5cb0-a610-4240-9bed-879c69cdb9e7
24f6a134-bb53-440e-98b8-85ccdb0cafc1,45e3a61a-43b4-4df7-acf5-deb58955add0,702c5cb0-a610-4240-9bed-879c69cdb9e7
4173416c-254c-4cd1-9edf-a1664730e377,42f75bd3-8b81-4b99-97f1-fa9b8109b59c,702c5cb0-a610-4240-9bed-879c69cdb9e7
8e2120f6-dd5b-4a8f-a935-54026db1dbc8,78cfba02-8f24-409d-9a7b-5081e897ba64,702c5cb0-a610-4240-9bed-879c69cdb9e7
5501a1c8-b9fa-44a8-8992-d3265baefcad,1c4efedf-eaf4-40b2-9ae1-0aa5aeca2744,702c5cb0-a610-4240-9bed-879c69cdb9e7
33531202-a3b9-4945-bd06-6c79359e02b1,d063367e-8e56-4cc5-b61f-1dee0f14631d,821f14d9-7bc0-4e9b-94af-b8fcb6e5280a
e02e26aa-d635-4177-8753-0bffe3eee88e,7fde2d54-62ff-428b-8a35-c8fed964b14e,702c5cb0-a610-4240-9bed-879c69cdb9e7
99bc4577-77ad-4ac9-a2a5-7bfc3f20ff5c,eac997ca-d131-4676-9e1c-722f530df19d,702c5cb0-a610-4240-9bed-879c69cdb9e7
26b78171-0b92-43eb-b1cd-9773fcf25c12,772fe69c-6579-4f95-9cac-327d45dad492,702c5cb0-a610-4240-9bed-879c69cdb9e7
b2d55b9f-9355-461c-9da3-6c68c4f4ea46,2d4f16fc-0a24-4367-a2cf-6aae9ab6c258,821f14d9-7bc0-4e9b-94af-b8fcb6e5280a
52acb42e-b596-473f-a59b-d633ce999234,6cebcbfa-4991-4450-b6ae-c1970c5188f7,702c5cb0-a610-4240-9bed-879c69cdb9e7
5d0214fc-5446-4df8-b2e8-2ab7006bbfb0,79a8ca56-5398-403c-aed4-c960a90ac94b,821f14d9-7bc0-4e9b-94af-b8fcb6e5280a
2cbda7ce-16d3-4991-be0c-7c09061c4457,58feff05-030a-4612-8a6b-f78f8c956bd1,821f14d9-7bc0-4e9b-94af-b8fcb6e5280a
e2c276ec-7609-45c7-bbda-8688b348aa48,77478731-ecf9-45d0-bd2c-e1e520faabdc,702c5cb0-a610-4240-9bed-879c69cdb9e7
b43cbabe-6162-484e-abd0-ff5e4e6a504a,f083c8db-f172-4225-92c7-1404d2af949d,702c5cb0-a610-4240-9bed-879c69cdb9e7
fb62ea9c-fcb6-483d-b6f0-510f3786a8d7,91e40c61-a497-4ec7-9fcd-fb75dbb5a7ce,702c5cb0-a610-4240-9bed-879c69cdb9e7
c16a2816-8a33-4020-8806-5c0026b03692,1da1f4e8-0906-4a2a-894e-d39c0dc2bd29,702c5cb0-a610-4240-9bed-879c69cdb9e7
4f5bae2f-dd56-4bdd-bf2d-856226f7d880,00a1d958-8947-47c1-b4e1-f97228e6837c,702c5cb0-a610-4240-9bed-879c69cdb9e7
32bf00df-d72c-4b6e-b65a-ce942ccad074,56da52fc-7cce-4d9d-a370-42d6626f7b7b,702c5cb0-a610-4240-9bed-879c69cdb9e7
b9b43d4d-3de8-4974-a236-d1117a2068d5,61d8f6e8-af64-4375-b1a5-3d0781160193,702c5cb0-a610-4240-9bed-879c69cdb9e7
8eff4557-a912-4fe0-9607-2df43af1dab9,7cdc1f4b-c3d8-4ba5-9fa5-c88e33367aa1,702c5cb0-a610-4240-9bed-879c69cdb9e7
0f2f8e54-21e8-4187-b142-6fc58fc503ae,8496e1df-616d-4420-a3fd-a5c82fd636b9,702c5cb0-a610-4240-9bed-879c69cdb9e7
3abd753e-e1fa-4e05-a8c9-28606c301247,5d69ada4-4d57-4e35-a55a-9993b4f73a34,702c5cb0-a610-4240-9bed-879c69cdb9e7
dff48d4e-2d48-41a9-af7a-5e2c65e0c355,5e8e2d39-0a7b-400f-af90-7c4d5e92f80a,821f14d9-7bc0-4e9b-94af-b8fcb6e5280a
0f4121f4-b447-49e8-ab24-7e02ef43d4a0,f1a90788-d3ab-4c2f-9105-c088a78cc260,702c5cb0-a610-4240-9bed-879c69cdb9e7
c018c057-378a-425a-9e9b-3281e708b8c3,f853979a-6db1-4f53-9c6d-fe4593ba9f2d,702c5cb0-a610-4240-9bed-879c69cdb9e7
6d0f18fe-d2b1-4882-b5a4-e6afcab1353e,92f5de2f-58b7-4f63-a54b-a291020a891f,702c5cb0-a610-4240-9bed-879c69cdb9e7
a80d87c2-df44-413d-9dc3-e311861c5816,6944fd7e-a5c9-4e9d-ace0-7522fb486470,821f14d9-7bc0-4e9b-94af-b8fcb6e5280a
6da7067e-88b5-470f-8e77-563b829d8cdd,57cf0acc-3591-4979-ac1a-7cf1a95dc81f,702c5cb0-a610-4240-9bed-879c69cdb9e7
441beb41-9949-4ff1-97e5-68e95a4097d1,6e3703ac-426e-463b-986e-687577886d0a,702c5cb0-a610-4240-9bed-879c69cdb9e7
96a490b1-46f0-4d33-9ffb-6598f73e3f77,c0fcabe3-7214-4338-8cb1-f4fbf0aaef3a,702c5cb0-a610-4240-9bed-879c69cdb9e7
2a383984-c190-4f9c-9787-0f505e5ad00f,f26037b1-c5e6-4dce-bf70-e61cb2e743c5,702c5cb0-a610-4240-9bed-879c69cdb9e7
ddd0fcd2-a8e8-459c-8f87-8762d0147f5d,a4d21143-a04b-40f6-86c4-509016477c53,702c5cb0-a610-4240-9bed-879c69cdb9e7
225b648e-2f26-495c-b69b-4fc96102d01c,0ad6fd11-7cc0-4d8b-b04b-045d97b28fe4,702c5cb0-a610-4240-9bed-879c69cdb9e7
6f471fc2-f1cb-433e-b81d-18f17fb6017f,40dd2f58-8efa-4879-84af-99a498da69b3,702c5cb0-a610-4240-9bed-879c69cdb9e7
cf062529-cb89-48c7-8a0e-277cfa71d14c,b58457f9-2912-40f0-bd0d-5ce546e385ce,821f14d9-7bc0-4e9b-94af-b8fcb6e5280a
7c768c82-9343-42b6-8604-3b549fdf5c97,62dfdf12-d706-4b07-8826-12fa768c879e,702c5cb0-a610-4240-9bed-879c69cdb9e7
a24a4f9e-a762-4ec8-89d7-af7eee740595,a9658e93-0e19-451f-ab90-143be9557b8b,702c5cb0-a610-4240-9bed-879c69cdb9e7
a4240943-841c-422a-b743-4158ed28db94,084a8bcc-35c7-46a9-85ee-2bd8bdb2fdca,702c5cb0-a610-4240-9bed-879c69cdb9e7
c4736ba8-c049-497a-835e-c42baba43941,1dfcbe6f-12f5-4982-baee-6cf11874b022,702c5cb0-a610-4240-9bed-879c69cdb9e7
d2731aa8-439c-4ee0-828c-c16f566c6567,7367ec73-3822-46a4-ad33-d313c60eddf6,702c5cb0-a610-4240-9bed-879c69cdb9e7
9dcef984-df9c-4cd3-b18c-fddd610ca9da,2d424ba9-83ea-4939-af99-6b00d867f5d1,702c5cb0-a610-4240-9bed-879c69cdb9e7
6ce5f5ff-848b-4181-bb96-08fcdf910334,cd8b9b32-4e16-41e4-bef0-9ac571900ffa,702c5cb0-a610-4240-9bed-879c69cdb9e7
97fa1eab-9bba-4d20-83e4-e20f074135cf,cf617766-148d-4ef9-a5b2-f49e8529a47d,702c5cb0-a610-4240-9bed-879c69cdb9e7
708225d1-0cee-4315-997a-59476538df73,30ddb429-b04e-4abc-89ac-96fa00d759df,702c5cb0-a610-4240-9bed-879c69cdb9e7
7d80748c-5c39-483d-85cb-f8307b7dd202,72b6c157-61c1-4804-bb2a-faf5b0f0b5cb,821f14d9-7bc0-4e9b-94af-b8fcb6e5280a
5e9b4ab2-8016-48a5-a4da-ed16ec4589cf,88f256a7-8724-4ef3-973c-53b359853ac9,702c5cb0-a610-4240-9bed-879c69cdb9e7
48dbd474-397e-4182-89b5-2ea51c9a7a5c,f5d929b2-3b16-4aa7-88c3-ab403e9b8da3,821f14d9-7bc0-4e9b-94af-b8fcb6e5280a
22f72646-4d87-482e-89b0-3f239cc104fb,a87cc5e8-7965-486d-8c91-9fdf5725d511,821f14d9-7bc0-4e9b-94af-b8fcb6e5280a
ae97593f-da5b-476e-a8ac-7ca272f1d13b,e0fa18e6-05d9-4c95-a722-590a9704d873,702c5cb0-a610-4240-9bed-879c69cdb9e7
59c94282-bc65-401c-8160-9d9de382e395,bce6f1f2-55b3-4993-a135-7dadae957c8b,821f14d9-7bc0-4e9b-94af-b8fcb6e5280a
e8b3adb4-b170-47eb-a07f-3b6be928094b,69c814c9-839e-4588-a37f-5e340a123fde,821f14d9-7bc0-4e9b-94af-b8fcb6e5280a
23c06d9d-eaf1-4b25-a8ec-f8a60631553f,9727f951-463e-48b4-a1f1-adef7764cde9,702c5cb0-a610-4240-9bed-879c69cdb9e7
65b24587-1cdc-4a6b-b988-98f1c151a10b,6c4ae6d9-fc1b-443b-b48a-e663a325b27f,821f14d9-7bc0-4e9b-94af-b8fcb6e5280a
6de8a128-38c4-4b57-b139-9f48f3136091,4ce88fe3-6493-459d-a165-4d4fda9e346d,702c5cb0-a610-4240-9bed-879c69cdb9e7
9110f938-2aec-4b3f-a74f-5fe94ed342da,c676c049-98f3-483e-9ae0-2359c2d24c79,702c5cb0-a610-4240-9bed-879c69cdb9e7
83877d8e-5141-46f9-b0fe-83b184a79478,225bced4-efbc-49b5-bb24-dfe2bf4cd16c,702c5cb0-a610-4240-9bed-879c69cdb9e7
8a5f97bf-6cac-47e2-b343-b961916480fe,7a6a57e7-bdaf-49bd-a343-f313595b2fe4,821f14d9-7bc0-4e9b-94af-b8fcb6e5280a
ff0530c4-fb3a-473c-b13d-be25d3ba707e,e5ab7fd0-3a58-4628-9531-b5494d404ffa,821f14d9-7bc0-4e9b-94af-b8fcb6e5280a
ff0b0f39-d13a-4384-98c0-c15dc401ddc8,a2743998-4258-46e7-ad44-e85ea7364081,702c5cb0-a610-4240-9bed-879c69cdb9e7
45fb729c-bb0a-49b3-ae7d-02e2e922c5a5,4e7d2e0c-6f38-43f5-931d-130a52cb3915,821f14d9-7bc0-4e9b-94af-b8fcb6e5280a
62f87a37-d563-480a-8757-9fce630f5dd9,b1ec3a66-6ff3-4ee3-8164-e24d6a30b2c1,702c5cb0-a610-4240-9bed-879c69cdb9e7
6419ca5e-1763-4bc4-91c5-b340865cbf59,327696fb-34b7-4a89-b3cb-52c4b4b5ed27,821f14d9-7bc0-4e9b-94af-b8fcb6e5280a
f85e291c-30b5-4a91-8ccf-e3c8994f80e8,dce75f30-95af-4e3a-8ee8-501b837bd20b,702c5cb0-a610-4240-9bed-879c69cdb9e7
f1d18eb2-1d09-466a-9056-0a9f27fd726c,a5c762d2-20fb-4537-97ca-54bca158af10,821f14d9-7bc0-4e9b-94af-b8fcb6e5280a
33db821b-351c-4914-89b7-43f8540123a8,d767eb9a-e5b3-4dad-b177-8aff3c63cec9,702c5cb0-a610-4240-9bed-879c69cdb9e7
98228992-3db0-4cd2-888f-b914c8b45d94,426a12cd-7ab4-4289-966a-2fa6895d5b18,702c5cb0-a610-4240-9bed-879c69cdb9e7
811db655-12a3-470a-8bb5-0ec9a0e9f2d9,8dc7ea72-6660-4360-93de-ff89e55fe828,821f14d9-7bc0-4e9b-94af-b8fcb6e5280a
27f12049-9a4a-4015-be3d-46b453c9bbb6,0bfcbb08-45e0-49df-b10e-e7a69fc33c79,702c5cb0-a610-4240-9bed-879c69cdb9e7
4b5cbbc8-4d6b-4fa2-80b4-72dbed04a28a,3c7de19c-b487-46b3-94ba-41846fe3e968,702c5cb0-a610-4240-9bed-879c69cdb9e7
e6fba76f-efed-4d41-a8a6-4c4c2adf3698,355097b6-7bc7-4b61-8467-3e01e950cc2e,702c5cb0-a610-4240-9bed-879c69cdb9e7
8b4f62c7-c10f-4f21-ab8d-96c02eb326c6,6aa983bc-901f-4c21-b635-01f8c78566e9,702c5cb0-a610-4240-9bed-879c69cdb9e7
d8d5ae1c-1e30-4e1b-8028-ce652d240eb9,f3a55331-9340-46a0-a3dd-f6b932ef3a88,821f14d9-7bc0-4e9b-94af-b8fcb6e5280a
cf9aca42-0b92-4225-a70d-a14ac75e00fe,2810783a-47aa-4065-9a26-17043d3d4aaf,702c5cb0-a610-4240-9bed-879c69cdb9e7
690b452a-0fde-4c44-978f-6a9312fce8eb,66bc5de6-9ef1-49ff-acc2-047084461611,821f14d9-7bc0-4e9b-94af-b8fcb6e5280a
af239078-dfa1-4731-b392-b2461f9c3840,6013ea18-50c2-43b8-889d-94249de37dc7,702c5cb0-a610-4240-9bed-879c69cdb9e7
7de62b49-12f9-4e3d-9d44-b7b4c6745acf,80cc03a2-513d-4803-a0c0-70c412983aa0,702c5cb0-a610-4240-9bed-879c69cdb9e7
5c853cd6-5cd7-46ce-8203-6e7c0a161796,5efbcd37-8bdd-44f9-ba93-2e204f56a761,702c5cb0-a610-4240-9bed-879c69cdb9e7
e2019566-c00a-4c1d-90fa-d0c5dcd35194,31533cec-fadd-4adc-b3a1-6b885b32ad05,702c5cb0-a610-4240-9bed-879c69cdb9e7
83bda51e-21d6-4fbe-b396-bdc9b1fbc70a,5ef608b8-c54c-49cc-9693-4ed74c2c1247,821f14d9-7bc0-4e9b-94af-b8fcb6e5280a
d94102c3-4c8a-4883-af8f-4e26efef6175,580f382f-d390-4d4a-aabc-7eb2664a585b,702c5cb0-a610-4240-9bed-879c69cdb9e7
92df7552-3f55-4301-b728-11738d287bb1,81e3ef4f-1ff6-4673-8e87-5603c2f35e7d,702c5cb0-a610-4240-9bed-879c69cdb9e7
9db2d7d5-87f8-43c2-a0db-c47d0c178c75,63fb34b2-736e-4416-91b4-a7f14a9f4f13,702c5cb0-a610-4240-9bed-879c69cdb9e7
6b6c470a-e089-44c1-a92b-1e4c4b28f4d6,246c33c8-1ac6-4020-a213-e9c84685a9b8,821f14d9-7bc0-4e9b-94af-b8fcb6e5280a
fa672bf3-6ee6-47e0-ada7-61207a1b6109,ff320f69-3abb-442d-b52b-dddb1472f9ea,821f14d9-7bc0-4e9b-94af-b8fcb6e5280a
0a5a637c-5b78-402a-bbee-a97c7de131b8,d45de312-9316-4894-a24c-fa1075c8c7e1,821f14d9-7bc0-4e9b-94af-b8fcb6e5280a
3f798425-82ef-4486-b80e-07676bd2e755,67aecd2a-64d1-4213-a77c-6d8bb89dfedc,702c5cb0-a610-4240-9bed-879c69cdb9e7
aa6df040-661f-491a-8b6c-1eec917e0adc,4e0a83c3-2ffe-4470-a902-0743466b0ca2,702c5cb0-a610-4240-9bed-879c69cdb9e7
a3f3f517-423b-4467-9ff1-13d699b0c080,00af94c3-9366-46df-9245-c92f4886de8a,702c5cb0-a610-4240-9bed-879c69cdb9e7
3b94e8ef-3fe1-4e7e-85e3-4be197aad5c0,3e9d515f-4858-435d-84c8-a4f4d7cd3beb,702c5cb0-a610-4240-9bed-879c69cdb9e7
dd6297fb-5e82-4d0f-b601-6f1891137f78,6229b787-2ee1-4ca7-97c6-935d6724afda,702c5cb0-a610-4240-9bed-879c69cdb9e7
313ba444-f9c1-4055-af20-d785c082de9a,fc0c6541-2f55-4f60-a7e8-93485f7d5b86,702c5cb0-a610-4240-9bed-879c69cdb9e7
139b0eb6-6e4b-4212-aa8d-be0637fead41,d3084445-c30d-44ea-abe7-90beaa9befbf,702c5cb0-a610-4240-9bed-879c69cdb9e7
821a649d-5875-4e37-8117-30d3a95c3a1e,f4945784-04cd-4a77-ae45-d0d9c0e042d2,702c5cb0-a610-4240-9bed-879c69cdb9e7
1e5b699a-d49e-4e87-b07d-125f16ebf09f,1a5d8888-aaf3-4b6c-9b10-d041698e93d1,702c5cb0-a610-4240-9bed-879c69cdb9e7
918cd9e7-09c0-4cf4-8ef8-6be25d09ccf7,34fcd384-900c-4282-b588-9910efb2a290,702c5cb0-a610-4240-9bed-879c69cdb9e7
8722d8a2-1e0d-4f60-ab05-9cfe2810c4ee,668a1981-d817-47bb-bbf6-3d03b99a8955,821f14d9-7bc0-4e9b-94af-b8fcb6e5280a
a1b46369-ec1a-4bef-85c7-d8d12e0c6f75,3169706b-71e8-43ba-99b8-e167efd8e3ec,702c5cb0-a610-4240-9bed-879c69cdb9e7
ffed0911-f5aa-4f16-8611-aef1463b188d,8e21f372-f58e-401c-930c-1a1fc8d1e69b,702c5cb0-a610-4240-9bed-879c69cdb9e7
4644661c-c4ad-46f4-8466-8768d0291f34,f037409a-f8cf-4621-aec5-b65206a12364,702c5cb0-a610-4240-9bed-879c69cdb9e7
17756cb3-8106-41ed-9eec-76a7d87dc35a,befd5326-0797-45ca-8e17-a6fd2f90a7d1,821f14d9-7bc0-4e9b-94af-b8fcb6e5280a
0b32bbf7-2f27-4648-97c3-5b9049bbdd88,73055bfe-a909-478f-8052-d27c4c8f22ef,702c5cb0-a610-4240-9bed-879c69cdb9e7
84149f12-9a3d-4dea-89d8-919a31d239a0,773bc3ff-e5ba-4d82-a1e3-2263f015b958,821f14d9-7bc0-4e9b-94af-b8fcb6e5280a
982bdfbc-e150-45ef-b29e-f0a84287c461,bbe87ad3-426e-4525-a979-d651f08dfc70,702c5cb0-a610-4240-9bed-879c69cdb9e7
e6db0e62-0047-49fa-9dbd-d247b729f861,451b0735-53e6-4bb2-9530-8f5b1a59c9f2,702c5cb0-a610-4240-9bed-879c69cdb9e7
e9d2a3da-7e31-4948-92c8-8694ddea0c9a,ff5574c1-ba48-4233-a96f-ebc67864a8db,702c5cb0-a610-4240-9bed-879c69cdb9e7
765fe604-54ea-4723-a480-834621c3b954,cfaa59f3-f4fe-4812-9039-5db5843a6c5a,702c5cb0-a610-4240-9bed-879c69cdb9e7
d8582fab-152b-4a2f-8217-fa8822fbf833,893c5ad7-af3b-4eef-bd80-226f7838312f,702c5cb0-a610-4240-9bed-879c69cdb9e7
d8488ee0-26aa-4ba0-8e86-3a3bee898f65,ba392c2f-4d7c-4f72-805e-8366f7bdf0a7,702c5cb0-a610-4240-9bed-879c69cdb9e7
c26d6f8c-6003-42bc-938e-f9de0b8b9c8e,c11f969b-2a45-4c03-b192-3408e52ad911,821f14d9-7bc0-4e9b-94af-b8fcb6e5280a
8f04ce04-c895-4c52-a97b-7f0ef36be655,14f5d6bf-cba2-4075-a168-4da81960851a,821f14d9-7bc0-4e9b-94af-b8fcb6e5280a
20ee6d88-e855-48b9-b643-c4aa2def64d2,c8ab67e1-b4ef-432c-ae76-23f07c9e132c,702c5cb0-a610-4240-9bed-879c69cdb9e7
55d91117-3198-49a0-aa7e-96f97a25618b,08b8ee4a-b67c-4bb8-8680-d3268fc0e585,702c5cb0-a610-4240-9bed-879c69cdb9e7
8f1744d7-38e9-4136-9994-a9ba073dfaee,d59e72d4-87f5-4a38-bf3a-10dd1c130e6c,821f14d9-7bc0-4e9b-94af-b8fcb6e5280a
df8daa16-80f2-447d-b50c-4e299ae1306d,e2bf63e0-a619-48ec-bdd0-30f1f8d15eda,702c5cb0-a610-4240-9bed-879c69cdb9e7
ef792fe7-78b1-4632-a088-b9265be1adc4,366f2cca-234a-469d-92a9-e5ea7f97ab99,702c5cb0-a610-4240-9bed-879c69cdb9e7
31af70e1-0edf-49f1-a37e-505dddbd286e,f1a03c61-9d37-4c1c-98f3-65d0bcff2c1f,702c5cb0-a610-4240-9bed-879c69cdb9e7
851ad02b-757e-42eb-8126-c49b95006c65,294a2f5f-ccc6-4e45-8364-5086fcd85aee,702c5cb0-a610-4240-9bed-879c69cdb9e7
9d80eb4b-fbca-42eb-91b2-00757eae42cf,77a81e23-e149-46a6-b585-15b6762c32e7,702c5cb0-a610-4240-9bed-879c69cdb9e7
07edfcfe-dd3d-433f-a7f0-71b1fc2eaabc,445d8534-f486-4f08-9a37-b095f3ab8373,702c5cb0-a610-4240-9bed-879c69cdb9e7
821da140-4d14-4ccb-8831-d536efa01b14,ae458ece-9a39-4560-97cd-f601fc67bb24,702c5cb0-a610-4240-9bed-879c69cdb9e7
08991694-e283-45a9-9548-597cf40cce9a,8e6702e5-38b8-439e-9401-7bcc00de734c,821f14d9-7bc0-4e9b-94af-b8fcb6e5280a
d832cb13-0f7e-4a9c-9b10-1e91da9b278e,503ce2f4-db60-46f7-bcc1-091f9728e883,702c5cb0-a610-4240-9bed-879c69cdb9e7
ecb331a7-2c0b-472c-8514-84069172a09a,1bef2174-c7ed-438d-9ef2-f3a1b8b3c0b0,702c5cb0-a610-4240-9bed-879c69cdb9e7
96325aba-84db-461e-b34f-a3aa5b2e8a5e,c6c7bf42-1379-4bd5-bb90-c5ded528db54,702c5cb0-a610-4240-9bed-879c69cdb9e7
1db87299-0fc7-4f59-9e8c-7fdc6f81187f,495234ea-27eb-484b-84cf-d080c7ff7694,821f14d9-7bc0-4e9b-94af-b8fcb6e5280a
a66cbb7a-185d-4778-8939-783c1884132e,64c90e68-4b5a-4549-ae40-ee79e2eba3d9,702c5cb0-a610-4240-9bed-879c69cdb9e7
3770b2f3-c3e2-4abc-a605-f398e6b82ef4,00fad188-6855-48b9-9d23-823a4b41391f,702c5cb0-a610-4240-9bed-879c69cdb9e7
f909346e-3b94-46b3-9edc-4f8f72e07613,21fb0121-676b-4e58-b824-f93f041d9b1a,702c5cb0-a610-4240-9bed-879c69cdb9e7
fab00a57-4b44-490a-b580-9fe8692d9728,0d2ee003-0ae4-43be-ad93-4356d78786b2,702c5cb0-a610-4240-9bed-879c69cdb9e7
367e041d-affe-41da-94db-0da79d29a196,f96cfec3-befd-4cc7-87e7-096cb13e7c13,821f14d9-7bc0-4e9b-94af-b8fcb6e5280a
102b4991-a272-499d-8590-d8dc7d08a15b,e9fda1fb-d0af-4e3b-a963-39aece1bd8e7,821f14d9-7bc0-4e9b-94af-b8fcb6e5280a
15188a6f-e1fc-452a-bac0-7f9a918b9bf3,74dd0ce3-7300-48cd-8332-5ea5d1299600,702c5cb0-a610-4240-9bed-879c69cdb9e7
79c54fb6-411a-40fe-a56a-cbf723245e36,4e4ae487-0ef2-4e9e-bdf7-e4e795a650c4,702c5cb0-a610-4240-9bed-879c69cdb9e7
68707a4b-0856-47b8-8669-923c6296c1f7,ff5b3020-45e7-46c9-8673-6ea60d82752d,821f14d9-7bc0-4e9b-94af-b8fcb6e5280a
68b7a8b8-ed0d-4224-87ad-6f67e865e4e7,a247a38a-c2e4-4611-bf5c-8c8a44a011ea,821f14d9-7bc0-4e9b-94af-b8fcb6e5280a
c55417d9-5f07-4d8d-bd2a-e70494caefc4,d7917d5e-8aa4-4445-8756-ea4b380a46e3,702c5cb0-a610-4240-9bed-879c69cdb9e7
9826a544-4b27-4047-ae41-c2cec59a9468,cdd7e9b5-41ea-4a20-8224-d9abfda5a243,702c5cb0-a610-4240-9bed-879c69cdb9e7
d71c72de-eb54-4562-b5bc-2c7881d81a02,8e49d7c3-0ca0-4797-a77d-64128de65ada,702c5cb0-a610-4240-9bed-879c69cdb9e7
a688d016-725d-449b-a976-e218bbe592a6,11ca6e7c-ed89-4fc2-a8b3-fd9f489c3158,702c5cb0-a610-4240-9bed-879c69cdb9e7
da4de65f-ad67-4da4-871d-a663b6a8eb3f,413044dc-eec9-44a8-9e76-1cfac21000c7,702c5cb0-a610-4240-9bed-879c69cdb9e7
effcd94b-9ba9-405c-ab74-00a92404d67a,801166ab-a726-4e4a-b716-0c0b04016372,702c5cb0-a610-4240-9bed-879c69cdb9e7
055a31d3-ae8c-4207-a8fa-8b0053f28df3,6ca18b48-ed2d-4150-9d69-82ee33079e34,702c5cb0-a610-4240-9bed-879c69cdb9e7
bfdfeac7-d696-4144-a156-277bec8d252e,7419c32b-218b-48f3-967d-039d5521f34d,702c5cb0-a610-4240-9bed-879c69cdb9e7
d6f17b66-661c-4006-a076-a347744cb919,2b0b28f5-8441-4483-998f-5057e98801ed,702c5cb0-a610-4240-9bed-879c69cdb9e7
8026d640-af92-47d7-a323-ff8e5036f2b7,4b845330-cad9-420e-8f61-e823d87f70c7,702c5cb0-a610-4240-9bed-879c69cdb9e7
519ed58b-71bf-4cc9-ae79-f4a2d13adce6,b31856cb-e776-4c50-8ff9-7f6582c73085,702c5cb0-a610-4240-9bed-879c69cdb9e7
d4a4c332-35aa-4610-b656-53969d03a0f3,dba59d3c-cda2-4efd-8c85-5af26cfc3248,702c5cb0-a610-4240-9bed-879c69cdb9e7
18d0d678-bc06-4ea7-b63e-4336bfa8fabb,1935ca61-1ee3-4061-bbdd-2a4d0433ce32,702c5cb0-a610-4240-9bed-879c69cdb9e7
cae07c12-4dfb-4807-a53b-9d6ef57ea5cb,7760a8b6-7588-4471-b4dd-7aac8337c7d0,702c5cb0-a610-4240-9bed-879c69cdb9e7
8c0cd495-d832-4287-9c52-916239f670e5,f5fdc853-5bc8-4041-8b3c-23060a1b6d36,4934dc25-aa95-4f0b-80f6-da9704d700d3
23ae6962-d199-4167-adc6-9be673764e99,8ad15579-60ae-4ca3-9c0e-0330b0cd0ddb,821f14d9-7bc0-4e9b-94af-b8fcb6e5280a
02a9c7cb-b0bb-4398-bded-b04e6a545bf3,7c3ae3fd-9c1f-4f25-b63c-05c745fb4a4a,702c5cb0-a610-4240-9bed-879c69cdb9e7
db3df954-4c4b-405b-9d2b-6276fd274a5c,8c0ee802-529d-4391-b641-03eec7c30cc8,702c5cb0-a610-4240-9bed-879c69cdb9e7
ee186e60-5288-45af-a28f-97a279469dad,3ebd0fee-03ee-4ab2-8311-680e47655f7a,702c5cb0-a610-4240-9bed-879c69cdb9e7
85f643c2-65e2-4bbb-9fdc-2b3fa7343ae7,e9cafacd-b8c7-48ba-91d8-795956f6e41b,702c5cb0-a610-4240-9bed-879c69cdb9e7
701ef403-6c82-4b2b-a455-a8baf57a5272,a1395c4e-d7f5-4cec-8946-095170b5b480,821f14d9-7bc0-4e9b-94af-b8fcb6e5280a
44f106f5-384e-4330-8c71-e5c6ade778d3,e91e7039-3728-4c95-bc4d-6f99c2012150,702c5cb0-a610-4240-9bed-879c69cdb9e7
91d4f89f-c6c8-4527-8568-a546d00f2c62,e8a0e4bd-4555-4920-aa94-b2c690802fa8,702c5cb0-a610-4240-9bed-879c69cdb9e7
711a6c17-0a2b-4453-835f-41c0b48148fe,568cae26-5189-44a2-8d0a-5f2cf62b0686,702c5cb0-a610-4240-9bed-879c69cdb9e7
cdbcfa8c-7ed0-4487-9410-0b8984df7fef,084b7c47-7f70-4dc8-b7cb-b607c24fc406,702c5cb0-a610-4240-9bed-879c69cdb9e7
6f1579fa-67e5-4bc1-b8b5-1dd0a7779199,eed95518-e6d2-45ec-8548-a0b20c677094,702c5cb0-a610-4240-9bed-879c69cdb9e7
31cc41aa-b3d3-45f1-a9c0-00abaa14b79c,8f2e3efa-0dc4-46ff-a656-786924d84cbb,702c5cb0-a610-4240-9bed-879c69cdb9e7
a0dec774-4b08-4af8-a9eb-be61e94cdab4,4ae5ba69-178b-4deb-8f76-fc125c8b6df8,702c5cb0-a610-4240-9bed-879c69cdb9e7
f890e900-6816-427e-836f-759cc9803fab,f211f835-9830-4b8f-bd46-2a8d57537bc8,702c5cb0-a610-4240-9bed-879c69cdb9e7
db34dd00-dbf3-44bc-a5b1-866adfd2e81a,14d6a31d-86b8-4767-b058-3dbd2aa43c1a,821f14d9-7bc0-4e9b-94af-b8fcb6e5280a
15ad5e4b-7291-47e1-a8eb-37101414fc0a,5ff0d433-a929-4dc8-ac7b-a29ed6a87d4a,702c5cb0-a610-4240-9bed-879c69cdb9e7
cb21d6cd-9233-4a50-8115-fa4d08bd143f,7d3fc402-9d96-44ee-b527-cd382d9d650b,821f14d9-7bc0-4e9b-94af-b8fcb6e5280a
0ee4507a-6a11-4fd2-ba54-72ed2c761049,7d66d4cd-1890-4853-a158-4b240ca632e2,702c5cb0-a610-4240-9bed-879c69cdb9e7
f7054218-c1c2-4c67-af25-8591ede396b9,e05771e3-9370-4daf-bb3c-7407b4d653a6,702c5cb0-a610-4240-9bed-879c69cdb9e7
79b81b59-3515-4fe8-b0a1-7fc1cd67ec5a,fa8bf1a6-a977-47bd-9f43-39eefad02a6e,702c5cb0-a610-4240-9bed-879c69cdb9e7
e8ccbce5-fbf3-4cdd-9b33-4a243d3fc8ca,acea17a8-9beb-4f2f-96d9-6f05f491156e,702c5cb0-a610-4240-9bed-879c69cdb9e7
3ee98a8a-e79a-4beb-8783-aacafc0ba9f7,65372ac4-ae2d-4770-9398-8eba69903871,4934dc25-aa95-4f0b-80f6-da9704d700d3
091d6824-29c2-4824-8c78-81be8f4a498e,21866205-0ec2-440c-b36c-e8f7375f401f,702c5cb0-a610-4240-9bed-879c69cdb9e7
9820d7d2-92a3-4910-9916-90147fff925d,6b454967-c8b0-4d16-82af-3511cd8dba28,702c5cb0-a610-4240-9bed-879c69cdb9e7
a08ce15d-0b14-44be-a672-3205930eeafa,e781a9f4-f42c-42f7-9153-6c957c6d8a1f,702c5cb0-a610-4240-9bed-879c69cdb9e7
52a91906-f12a-4e8e-b17f-072579347444,f5b6278b-8b1d-4fca-adf4-e19d7f60ea2e,702c5cb0-a610-4240-9bed-879c69cdb9e7
e55c8aaf-ec75-40f6-bb02-7ab318589716,a5dc0f72-7017-4b67-9af0-d77308a80018,702c5cb0-a610-4240-9bed-879c69cdb9e7
d1d647b5-eb6b-475f-bf5f-1b176f6c9eda,b73a3c38-f0aa-4903-88eb-f02f8beb33a4,702c5cb0-a610-4240-9bed-879c69cdb9e7
be0c593e-4aea-4d22-879f-0438a5efd223,d6cf98f4-6505-4e5d-b46e-d2269a711cd7,702c5cb0-a610-4240-9bed-879c69cdb9e7
1f6de6ca-238c-4497-a15b-ee4402e337b7,bdc5804f-5f0e-4a7d-ba30-e355b6d79fbf,702c5cb0-a610-4240-9bed-879c69cdb9e7
0fe231af-df84-4b1d-bf11-b4d6659d5f0c,283f5fd0-c6e4-4158-ad83-ed51e3a2564b,702c5cb0-a610-4240-9bed-879c69cdb9e7
fdb74505-783b-4e6a-9604-a2b3c56baa8f,6055a873-baba-45eb-9221-4a87f8937b4c,702c5cb0-a610-4240-9bed-879c69cdb9e7
6bab5705-7976-49ba-a502-37c94f5bab1d,997e9eac-608a-427c-9cd6-66e1fa03392c,702c5cb0-a610-4240-9bed-879c69cdb9e7
da90ac9d-90a8-4944-922d-9babef595546,2354f5bb-b74c-4747-be53-b06a24284c79,702c5cb0-a610-4240-9bed-879c69cdb9e7
e3983d4a-5ba3-4a6b-9f09-fb7b736375dd,90a1b734-ff74-4dab-bd45-688bff86fb5b,821f14d9-7bc0-4e9b-94af-b8fcb6e5280a
1656c8f5-7977-4610-9c38-cb41f1c89bf6,0b73477d-7b3d-4ca1-a3af-63cc1e9fdc17,702c5cb0-a610-4240-9bed-879c69cdb9e7
cd04466b-1860-4058-863a-97d00fa95a8f,dd4903f5-7efb-4e58-b8af-873774f93ca5,702c5cb0-a610-4240-9bed-879c69cdb9e7
7472cc0d-fe43-49e0-b8d3-555e44927600,ccf7f814-f7a8-4054-8add-73048231d2ed,702c5cb0-a610-4240-9bed-879c69cdb9e7
65f3e168-8d08-4153-898a-eb80c05fabcd,87504c3d-aed8-4c2c-ae6c-7552f2bb1d37,702c5cb0-a610-4240-9bed-879c69cdb9e7
8027cdeb-a73b-4300-a35c-48009e572b79,c0f30592-4196-42e9-b5dd-9c9dd0a28d60,702c5cb0-a610-4240-9bed-879c69cdb9e7
f3d0f95c-e1ee-4ff9-ac61-5dc564f77285,c42e7097-eb51-4fcf-9c14-a77b8da97457,702c5cb0-a610-4240-9bed-879c69cdb9e7
11f3524f-7772-4941-9f15-ff2f3dc3b2d9,7ff20fee-baed-4551-bef6-4d9b0cd011d8,702c5cb0-a610-4240-9bed-879c69cdb9e7
98ec436f-1b7d-4151-a98d-96812e6c6908,fc10a81c-32ee-4f6b-82ce-4fc41ee9ce29,821f14d9-7bc0-4e9b-94af-b8fcb6e5280a
c338db3d-a427-4785-adbc-630e92434ded,445f0ebc-7030-4e55-ab1b-b1600403cfa0,702c5cb0-a610-4240-9bed-879c69cdb9e7
33fa77f5-889d-4f11-b7b4-00956299e4e1,8ec8ed52-2d97-43e2-8ac9-bd1221f70791,702c5cb0-a610-4240-9bed-879c69cdb9e7
a8841bb2-56d6-4172-8915-c5a856befe66,b12dadc2-3938-4859-af6f-6b68d8d36dbd,702c5cb0-a610-4240-9bed-879c69cdb9e7
f84b409e-24ac-4540-8878-3cf4bfaaa307,bb57584f-f46f-49f4-8f9e-147777364e7f,821f14d9-7bc0-4e9b-94af-b8fcb6e5280a
554cff55-af9f-4ea5-a325-f6e384c33fef,688898df-5395-4ec3-a0ed-cbe0b8464e4f,702c5cb0-a610-4240-9bed-879c69cdb9e7
79558054-8a69-41a2-9699-04f9de79ff16,af75a0bc-d6f5-4ece-b6db-00cc103a6cad,821f14d9-7bc0-4e9b-94af-b8fcb6e5280a
dda26ee4-3258-4a0d-a26d-a3b83c0abe66,1ee42471-3451-4aef-b763-4e22db5e065c,702c5cb0-a610-4240-9bed-879c69cdb9e7
f6ea9610-da07-49f8-ba31-89379f381646,194a1329-6171-4e64-b28d-cb3053a45d35,702c5cb0-a610-4240-9bed-879c69cdb9e7
b94f6e16-7b20-45cf-8551-eeed3ca65cc2,2068114b-4121-4fac-b808-f4658de3cba8,4934dc25-aa95-4f0b-80f6-da9704d700d3
3f3e4c51-62fd-4e7f-9a8d-ddcaf6e365ce,c753a2d8-60eb-4118-b675-ca310d89a8c0,702c5cb0-a610-4240-9bed-879c69cdb9e7
c31fe1c8-05b8-42e3-9ca9-6b01713d78ff,4e42b3cb-8968-4b88-99d0-c9265e14966c,702c5cb0-a610-4240-9bed-879c69cdb9e7
d28aa955-4f61-40de-8306-75e28d6ff5ad,5591c2fc-2fc6-4741-aefb-d4b6578bec95,702c5cb0-a610-4240-9bed-879c69cdb9e7
62002551-f5c8-4053-ad12-54edfac38bc1,c9a0c42a-b8bf-4a47-a0e1-e87ccc16174e,702c5cb0-a610-4240-9bed-879c69cdb9e7
510a2a7b-a45d-46a6-8276-dff045f3d7a3,2c349805-c85f-41c6-8179-6febf2ac877f,821f14d9-7bc0-4e9b-94af-b8fcb6e5280a
fba37662-b2a5-49fa-ae5a-0a895a6eff00,e3999e72-0067-4e24-8c75-e8502b56a1ea,702c5cb0-a610-4240-9bed-879c69cdb9e7
f192c5e5-f58e-4c32-80ee-341fe3fb3fb3,7c9ca56d-af92-42e2-9835-fea6bfd3775f,702c5cb0-a610-4240-9bed-879c69cdb9e7
83156026-0e92-43a7-9044-c1900261c663,c9e8593b-62fc-4ef7-8dc7-250eb307b0b0,702c5cb0-a610-4240-9bed-879c69cdb9e7
10a0fbec-3cfb-4b66-ab21-c57a4d6e324c,1863f289-55cb-48ce-83d5-93925a98c3d2,702c5cb0-a610-4240-9bed-879c69cdb9e7
f8156529-5cd7-486d-a2f5-61a5bba8abbf,7b3f04e9-9259-48a6-93aa-47da310e57de,702c5cb0-a610-4240-9bed-879c69cdb9e7
c947f342-d179-4dc0-83d0-695527a29925,0a93cb54-4e01-4246-93e5-565c7e9a251c,702c5cb0-a610-4240-9bed-879c69cdb9e7
d2913743-1fc6-4d3f-a977-5ba073f6aed0,10b3bb80-b3a3-42f5-9e31-0ff473621541,821f14d9-7bc0-4e9b-94af-b8fcb6e5280a
160ca954-30e7-49ac-b8ec-1d9542e311dc,d91f56e0-5f5e-425d-8a9f-a5534c5bd23b,4934dc25-aa95-4f0b-80f6-da9704d700d3
7c58cf3a-4f9a-4468-9f83-363828f4238f,0be8a1b7-bbc5-42c0-8581-7fcd76d0ec11,702c5cb0-a610-4240-9bed-879c69cdb9e7
1379de29-b1a8-4798-9267-f38c3e1fee85,49b7ea80-2d00-4957-8da1-239842d17138,821f14d9-7bc0-4e9b-94af-b8fcb6e5280a
2c7c772a-67de-4fc5-90ac-21a1a932cad6,188f39f4-3347-4285-a497-97b5ac316bf8,702c5cb0-a610-4240-9bed-879c69cdb9e7
a37f1592-98b2-4503-b23d-d80bd94a134b,8044bf19-edce-4e70-9144-a44482e37254,821f14d9-7bc0-4e9b-94af-b8fcb6e5280a
53065fde-b14d-4215-adc4-7f05acc627ad,ceb5dbcc-b4f6-428c-b82c-95ff6dc653c4,821f14d9-7bc0-4e9b-94af-b8fcb6e5280a
2a4f94ea-7064-4582-8c09-fe7d86def986,fce24d23-f787-4e64-975f-ae9c44fd4c21,702c5cb0-a610-4240-9bed-879c69cdb9e7
1e61a914-86ea-49b5-a1ae-43acc7935d6d,e3d78367-42b5-4b99-9ad0-50c6c7377dfb,821f14d9-7bc0-4e9b-94af-b8fcb6e5280a
5f6e424f-78b4-4938-9889-120844bfbeef,0b71fcb0-ec7f-4869-8fec-7e3ac3a1ccfb,702c5cb0-a610-4240-9bed-879c69cdb9e7
33a294b5-a1ec-4d60-8c77-6fdfd7365b1f,e44d1cb1-4062-40ad-aefb-d09675b28973,821f14d9-7bc0-4e9b-94af-b8fcb6e5280a
6285fa6b-0eb0-49f4-a673-37c567ead1d3,37934dad-672d-4228-8754-a200d3c3166f,702c5cb0-a610-4240-9bed-879c69cdb9e7
9222b06f-5fbe-4c64-bfd4-9cdfe525f10d,7ba333e7-7222-4272-bd4c-8ec88ea19e07,821f14d9-7bc0-4e9b-94af-b8fcb6e5280a
5a2fc470-4133-40a9-b430-09440b7e09b7,22ff5012-9d2c-454c-9af6-ab4f5445195e,702c5cb0-a610-4240-9bed-879c69cdb9e7
af62f63c-6fc7-4d05-8631-66364aa779a9,b1f295c4-b36d-467d-a623-455d4eaf92ec,702c5cb0-a610-4240-9bed-879c69cdb9e7
1514598a-aee9-406b-b1a5-dbcca24aa509,1dcb39cb-d089-4f42-b1ff-a00ae3b75b8e,821f14d9-7bc0-4e9b-94af-b8fcb6e5280a
ec55ae28-41ec-4d45-9b33-bb994a2fe572,7ac27b0c-c96f-409f-80aa-6ea10b31ffb5,702c5cb0-a610-4240-9bed-879c69cdb9e7
73d7da91-8a53-46c2-bf72-3d2d3719ab69,314643c0-cc15-49db-863e-813cb6d15d06,702c5cb0-a610-4240-9bed-879c69cdb9e7
3f5eceeb-00b5-468b-bf16-dba9f9115136,d31df107-8564-4df4-9ea9-b936a565643b,702c5cb0-a610-4240-9bed-879c69cdb9e7
49272d42-451b-479b-a98e-4ab52ee5795e,ff48750a-42a2-4735-b969-c20068c76041,821f14d9-7bc0-4e9b-94af-b8fcb6e5280a
80999ce2-a362-47e7-a89e-39ad0cdd830f,909f5731-8a4e-4e38-bf29-3cfb89e0a5cb,702c5cb0-a610-4240-9bed-879c69cdb9e7
aa951c5f-6f96-46a3-90b6-5011f7d1d295,34cd31e3-d45b-4995-b929-b2875d14d35e,702c5cb0-a610-4240-9bed-879c69cdb9e7
3492bf1a-701c-4e9d-b662-e4237b6ea39c,dfd33a35-70d9-4cda-827d-74bebb2b77c3,702c5cb0-a610-4240-9bed-879c69cdb9e7
9ee6fdad-9448-4fba-9037-d85b14748ada,0cbdc961-7a36-4ef2-b467-1a08f648f89c,702c5cb0-a610-4240-9bed-879c69cdb9e7
23f9a251-bbf0-4423-bad5-c97a8dc521f2,6a2965bb-07da-4d8f-802f-764d6fc5980f,702c5cb0-a610-4240-9bed-879c69cdb9e7
27b0c477-c57f-4472-8c2a-0118259caf17,ad6e5fc1-c51f-4c5b-bcb8-e766528899f9,702c5cb0-a610-4240-9bed-879c69cdb9e7
719ec545-143c-4ec2-8cb8-e67974be560e,4e74b039-ee99-41b4-a1ce-5e699100a461,821f14d9-7bc0-4e9b-94af-b8fcb6e5280a
807d70ba-f6ea-459c-a214-e75de59d2436,77180cc7-8c76-4cd5-a55a-1cd781e9e665,821f14d9-7bc0-4e9b-94af-b8fcb6e5280a
b74096db-9ca3-4215-ae24-e1bc9224f822,aeef2406-1117-4dab-a6a9-12a21388a7ce,702c5cb0-a610-4240-9bed-879c69cdb9e7
2ee60565-8d06-4c48-9e70-df3a1a3e24cf,b6922822-274a-4862-af0b-981c6d9e4227,702c5cb0-a610-4240-9bed-879c69cdb9e7
c0f15126-0ecc-4ed7-bc3e-2aec1eb74ccf,7e7dc820-9edd-4163-b513-8518e8753435,702c5cb0-a610-4240-9bed-879c69cdb9e7
7aa2decd-d929-4bb3-88b4-4af053306348,53a3dc8b-3ae9-4c19-92c7-6157d674bcb6,702c5cb0-a610-4240-9bed-879c69cdb9e7
7e165ccb-e91d-4a01-a513-3df3363a0ad9,6c8504de-9a04-4620-9543-050768f78d44,702c5cb0-a610-4240-9bed-879c69cdb9e7
bb209e85-cb4e-485f-9e5b-631a854a8e2b,e8cf9be2-5e96-4f53-9c6a-589cafef1f5f,702c5cb0-a610-4240-9bed-879c69cdb9e7
e3ecd039-7a5e-4ad5-8fe0-4dec92eb67d4,e5c70077-aa0b-403e-864e-6248b62fd34e,821f14d9-7bc0-4e9b-94af-b8fcb6e5280a
a20bd1f8-798e-4f74-86a5-0503d59bd280,4940fba6-2853-4514-a7b6-116c81d9a17b,702c5cb0-a610-4240-9bed-879c69cdb9e7
766551ed-3ab1-4355-b18b-20b791b121f7,10c57a7e-d8b0-4ab9-baa3-c545079c70cc,702c5cb0-a610-4240-9bed-879c69cdb9e7
b6362fc6-1168-4c2e-b270-94de8d7b37bb,8a7222e9-aded-4d25-8601-2ab1e39e2238,821f14d9-7bc0-4e9b-94af-b8fcb6e5280a
0c6d85a7-98ab-419c-bc5b-b22d5661518b,e9dbfa83-0e89-4f3f-b38c-03ddf1a39259,702c5cb0-a610-4240-9bed-879c69cdb9e7
38a8717a-978b-4896-9cbe-df4db3c3949a,fb5fcb67-7944-4138-8886-214f94e260ce,702c5cb0-a610-4240-9bed-879c69cdb9e7
eca58494-4986-4010-8f31-e7a2be3061da,e7b9bc0d-0558-419f-8b6a-ea1d708766c9,821f14d9-7bc0-4e9b-94af-b8fcb6e5280a
d27d9bef-b7ec-41b5-88c0-026e162ac5fb,2d3ea3de-e20d-4a3d-963b-401c55a8956f,702c5cb0-a610-4240-9bed-879c69cdb9e7
9a808340-2151-4270-880f-3145a0ed8e79,249e8a94-792e-439f-8514-57c2937ae225,821f14d9-7bc0-4e9b-94af-b8fcb6e5280a
d8f7c692-ea3b-48fe-a20a-8df5a5cf810e,a722ee03-6aa9-4e8f-bbb4-c7cee5be3e76,702c5cb0-a610-4240-9bed-879c69cdb9e7
3f04419e-4920-4932-a1de-73413e245af5,c3204955-7225-49f3-85c0-853040a2c533,702c5cb0-a610-4240-9bed-879c69cdb9e7
fc656aaf-cbb7-4571-a865-c59649c7b2c2,89ffe1d4-4ca9-418d-adc0-c0da9028e429,702c5cb0-a610-4240-9bed-879c69cdb9e7
dcf331df-3b7e-4bb9-8f0e-84663ac7dc55,e09e73f5-fc02-4ddf-887e-e26069127858,821f14d9-7bc0-4e9b-94af-b8fcb6e5280a
8f947300-0f58-4d70-8c66-86be676c7c82,b791fff8-9b63-49cf-896f-cbd98223fc2a,702c5cb0-a610-4240-9bed-879c69cdb9e7
f1499a18-c73a-4421-9085-caa13e75738e,4a9c7b76-e13e-4a54-b85b-94a1efe83c60,702c5cb0-a610-4240-9bed-879c69cdb9e7
55dfe3e9-d126-454d-9952-d0f61136c82d,55eed74c-8699-4e4a-8189-bdaa2e1daa38,702c5cb0-a610-4240-9bed-879c69cdb9e7
c877a340-6d3e-418c-b4ac-3ecd48fa0560,03c18480-488d-43b2-9b46-cc26b3f066fb,702c5cb0-a610-4240-9bed-879c69cdb9e7
133a337e-82ee-493d-9261-45e454e6afdc,3efbe327-4743-440c-baaa-ba76d184b704,702c5cb0-a610-4240-9bed-879c69cdb9e7
a78f7887-553c-4122-8663-9b7770222aa0,d04d823b-0fcc-47ed-a605-af6501300515,702c5cb0-a610-4240-9bed-879c69cdb9e7
77388701-8feb-4276-9a1f-63953e4c2b82,9e3b9881-14fb-4119-8dc2-97fc67dd3a7b,702c5cb0-a610-4240-9bed-879c69cdb9e7
aebd255d-2c42-4509-b820-eea2ea04d026,3d5eb35d-5a14-45fe-8fa4-14164b1a6e62,702c5cb0-a610-4240-9bed-879c69cdb9e7
e1d421ec-ac55-4e9f-a92d-8579b3eab3e1,b54ce0f6-f317-4ab5-b142-316977e70c4a,821f14d9-7bc0-4e9b-94af-b8fcb6e5280a
6e1e2083-95a0-433a-b6e8-b5a61b3f6f5d,95c207a7-f98d-4931-b547-777d3be4f916,821f14d9-7bc0-4e9b-94af-b8fcb6e5280a
4b5598b8-0db3-4017-a3b4-a8cb42654746,9b01bc0b-f368-498b-9741-fe0e98db128d,702c5cb0-a610-4240-9bed-879c69cdb9e7
98035c2f-cf75-4465-9e21-434405343db2,2df1acff-c12d-4f55-9633-d91ac5757cc8,702c5cb0-a610-4240-9bed-879c69cdb9e7
d212a2d5-4825-408b-95b6-ac9928b48f14,d91c2790-ce13-4594-993a-fecbd34360f8,702c5cb0-a610-4240-9bed-879c69cdb9e7
68061c34-c59d-486d-95f3-2c7d29fbd7d6,2083dbf4-1834-4c41-821f-04cdd5b0199c,702c5cb0-a610-4240-9bed-879c69cdb9e7
d4f0337f-4ae2-4230-b750-852dc0cb93bf,a36990b4-568d-4e13-bb71-ee6e8ca536b2,821f14d9-7bc0-4e9b-94af-b8fcb6e5280a
b06c7859-047b-4025-9ba6-3c7fd1bca260,a5c58abe-130a-4eeb-9c4e-60696936a90f,702c5cb0-a610-4240-9bed-879c69cdb9e7
279d0c93-e77a-4b62-84fe-04530a7b4f80,c43cbf05-7150-485b-9d62-ae38bd8c1a86,821f14d9-7bc0-4e9b-94af-b8fcb6e5280a
f1449b9e-08dc-48ae-8694-7b363478a451,6147e29a-687a-4aba-8bd3-0e54481f78d9,821f14d9-7bc0-4e9b-94af-b8fcb6e5280a
a99fac94-cd2f-41c0-a4df-7490138877cc,560f936b-94f8-42cb-bd1a-0624379f93be,702c5cb0-a610-4240-9bed-879c69cdb9e7
6476469a-bd86-43ef-a1a3-9996a2b815f9,1ddc9c39-2887-46d6-9436-bcfef6f24dcd,821f14d9-7bc0-4e9b-94af-b8fcb6e5280a
d9cfcf68-d0e9-4ec9-96be-b8b86264cd88,28855fba-a222-48b3-a598-0012f583d675,ed204181-0a5c-4ffc-aea7-05dc9d565ecc
7c53793d-deca-4015-b434-ad49fd0d0650,43435908-1dd3-4553-a1fb-b6b15a534003,702c5cb0-a610-4240-9bed-879c69cdb9e7
629a5c6e-2983-4c77-84ab-d0406de18ad3,b4c69be8-7115-4902-b2f8-0a02c9686bd1,702c5cb0-a610-4240-9bed-879c69cdb9e7
17b0c4d6-1e51-4219-a951-066266b04e0c,247ec70b-a4d8-4e8e-bae6-a9efe1bef084,702c5cb0-a610-4240-9bed-879c69cdb9e7
6581accd-ddaa-410f-947d-aafe6e589611,c4c3cc4a-5c58-49f9-96c8-cd998e8cf261,702c5cb0-a610-4240-9bed-879c69cdb9e7
497e4237-54b0-43d0-b63e-98f3a0c7abed,d7bd8ec7-b77b-4f76-b360-774587f99015,702c5cb0-a610-4240-9bed-879c69cdb9e7
065b09ef-93a2-4b0b-a19f-16d7a387f972,3ba99b73-f2b1-4856-a605-0286a35321c5,702c5cb0-a610-4240-9bed-879c69cdb9e7
52f20951-d5a5-4c0f-9bbc-a8df12121cee,46a850b8-5423-47e1-a28e-01173f5ac57b,702c5cb0-a610-4240-9bed-879c69cdb9e7
5bc09f64-e00b-4edc-8de5-0e2b98a08ccb,e7ac314d-d1fc-4206-becc-9839fc6ca742,821f14d9-7bc0-4e9b-94af-b8fcb6e5280a
0ddb7e91-38ae-4f10-b4a5-eee9a6f89c1e,b15ecdac-4bcd-432d-997b-e09addbe9aa5,702c5cb0-a610-4240-9bed-879c69cdb9e7
c3dd9a24-bd8f-42e3-928e-068f9ffe1707,997a7944-5e24-44dc-8e9c-57aeda142a05,702c5cb0-a610-4240-9bed-879c69cdb9e7
aff5e88e-ba07-4fd3-94eb-f8ae6511387d,3504300b-b9d6-4234-94aa-ddd60db00441,821f14d9-7bc0-4e9b-94af-b8fcb6e5280a
0ec22326-7015-4646-aa67-296488df5950,18c9124d-1473-47b1-b814-a0dfdb780de4,702c5cb0-a610-4240-9bed-879c69cdb9e7
a54ef2d5-cba7-4fbc-8e88-b38fcbd76aa8,5bb83071-0c10-4dcf-b27d-425771de7664,702c5cb0-a610-4240-9bed-879c69cdb9e7
fccb6fd5-0f35-4a5e-bda5-ac05656d92a9,18acf934-4862-480b-9d58-27e3c2ca77db,702c5cb0-a610-4240-9bed-879c69cdb9e7
7b925b43-34a3-408c-84a4-2d31123d7a65,c2870851-4d2b-4fb9-9fbe-cb740aab94f6,702c5cb0-a610-4240-9bed-879c69cdb9e7
39de2820-d8ad-4c89-afc0-839407ba2af1,431ad46e-9fc0-4863-88da-30297635e82e,821f14d9-7bc0-4e9b-94af-b8fcb6e5280a
03036a4a-bba4-44b7-b6c0-13cc0268d07f,c23e11f9-3ac8-4180-9283-4dfed19784bb,4934dc25-aa95-4f0b-80f6-da9704d700d3
a162660f-c512-4b70-b41a-4c051f00779f,e678a807-7504-4bde-a4c7-247354ca2358,702c5cb0-a610-4240-9bed-879c69cdb9e7
29e76841-c163-4757-8d01-06a132de2f33,fabbf1f3-8eb0-4f81-a02f-43133bdccc98,702c5cb0-a610-4240-9bed-879c69cdb9e7
812e7cd9-0612-4b97-bdce-1ef6aa86259c,9fd5c5d4-82a8-40a2-aad9-5876801f9f01,821f14d9-7bc0-4e9b-94af-b8fcb6e5280a
25140a1e-2af8-4750-953b-605c3dc70132,4ae870ba-b63b-4269-844f-4ea50de046ac,702c5cb0-a610-4240-9bed-879c69cdb9e7
95bc3c14-cd6b-49e0-a5e5-cf9d6fd13012,e7e59456-48df-4aba-8407-c29e9525a8d7,702c5cb0-a610-4240-9bed-879c69cdb9e7
528a358d-b130-4b88-90b1-2fbb5fce2593,a083a01f-3a58-48c1-aa05-9306c95f0364,702c5cb0-a610-4240-9bed-879c69cdb9e7
a09641b6-59c3-45d0-8acb-13b9595c1ceb,3cea9da1-a690-45d2-ab2b-e3e22304c93a,702c5cb0-a610-4240-9bed-879c69cdb9e7
53192818-7795-4a6d-98ac-fbc649fabaaa,ae716f26-0bbc-4854-9bbc-7eb37809ca8c,702c5cb0-a610-4240-9bed-879c69cdb9e7
71bdbd87-6c76-424a-b6af-bdb5839e5971,9f3c04c6-d84e-40e9-889d-6656e20cda97,702c5cb0-a610-4240-9bed-879c69cdb9e7
d651fce5-7418-4f43-ac5f-984a92c51127,d9b6c64c-f1d7-4d55-947d-3dab66291a6b,821f14d9-7bc0-4e9b-94af-b8fcb6e5280a
8f6ac50b-95ad-4f4c-b349-1222056611d4,518f76b2-6cda-413f-8fc4-3071b3ce2f77,702c5cb0-a610-4240-9bed-879c69cdb9e7
13d53a3d-bda5-4066-8263-0186787e2286,eae5c7cb-a820-4691-9329-592da7ad1047,821f14d9-7bc0-4e9b-94af-b8fcb6e5280a
550e8d1d-229b-4736-a1db-cb0bd5a80879,66f8969f-b259-478a-ade9-794245155442,821f14d9-7bc0-4e9b-94af-b8fcb6e5280a
7ef82102-c210-451e-adaa-a16f91fa5ab7,06b87e03-89ee-48e7-9c3c-d58384a96ece,702c5cb0-a610-4240-9bed-879c69cdb9e7
434ec6b8-9c81-45cb-9197-07f3bd3ed3eb,0b4e6902-9fde-4dc4-b7e9-1a8d80b437fd,821f14d9-7bc0-4e9b-94af-b8fcb6e5280a
f286f27a-173c-44a8-abfd-d502f5a7ea8f,81d85a5d-6cf3-45d7-93ad-d8967a2f4211,702c5cb0-a610-4240-9bed-879c69cdb9e7
bdb413fa-dcd9-41d1-aa86-fffec71a2301,e657805c-5727-4117-a133-708134208e56,702c5cb0-a610-4240-9bed-879c69cdb9e7
46d9b1cd-5744-4136-ab4f-677870481561,ad0d26dd-51c8-4ebc-a6e6-131bbfc5daf3,821f14d9-7bc0-4e9b-94af-b8fcb6e5280a
837f00ed-7810-41f9-9ead-053d518e0078,5ffb4b35-2c78-4876-823e-95dbb0ae46a1,821f14d9-7bc0-4e9b-94af-b8fcb6e5280a
fdc1723f-5ac6-45c2-8898-6a03fd7f5a9b,d9042298-ff0a-4a77-80ca-374107d7c59e,821f14d9-7bc0-4e9b-94af-b8fcb6e5280a
5182046a-5635-4d41-a5bb-44f6e415b871,82993fd0-fd81-4718-8181-42422b3e4c25,702c5cb0-a610-4240-9bed-879c69cdb9e7
6685c918-aaf3-4915-a0b2-953d64801bdd,8943ce7a-40e3-47e7-b119-6ea773151f0d,702c5cb0-a610-4240-9bed-879c69cdb9e7
916f6c38-8d4d-4fcd-a8aa-1ad6e742201a,bf251b7c-911c-4783-8896-5a8fec895128,702c5cb0-a610-4240-9bed-879c69cdb9e7
568dfe9c-c394-4f7d-8d81-f864ebebc2d9,07bef691-19b8-45d4-8113-50b4c535b0bd,702c5cb0-a610-4240-9bed-879c69cdb9e7
a5acc9a5-b5fa-4a66-9fe8-97bc98893119,d1c798cc-b9aa-46cc-bf8e-952f84af393c,702c5cb0-a610-4240-9bed-879c69cdb9e7
5837e4da-f485-405a-b9c2-090391c7139d,6b2964f9-977d-4cd9-accf-5304a684970d,702c5cb0-a610-4240-9bed-879c69cdb9e7
0a6e4278-78d9-4a5c-a662-c7e16cbd11b6,2c7c1b0f-0221-487c-84c8-e33b93899c9a,821f14d9-7bc0-4e9b-94af-b8fcb6e5280a
d0f66964-a451-4617-9079-953f38c7ac5d,4e0c02b4-1337-4b49-a36c-5aaa46c280da,702c5cb0-a610-4240-9bed-879c69cdb9e7
2af32182-3f4b-4a4a-aab4-e69735995518,44e83a05-da28-4bb8-adee-bc87d7e7b640,702c5cb0-a610-4240-9bed-879c69cdb9e7
751afd78-cb15-4a1c-86a1-8800f504c65e,aaae90f4-7be7-486c-9fff-e2ea93909d97,702c5cb0-a610-4240-9bed-879c69cdb9e7
b486b24c-6b9b-463e-8a7f-36cb284c56b9,4257fc9a-3133-4ade-91e0-04e13e629b5b,821f14d9-7bc0-4e9b-94af-b8fcb6e5280a
f3412f5a-3cd6-4c4a-b871-b3e551639c69,c05b542f-8bb8-4686-9d37-21d211de5859,702c5cb0-a610-4240-9bed-879c69cdb9e7
5db4d58c-f07a-4b00-b5b3-605f9e363817,696c6000-7c24-4a65-a8dd-cd8447db059c,821f14d9-7bc0-4e9b-94af-b8fcb6e5280a
a301cd3c-0c21-4ac4-8593-6dee419fe823,ffdb0efd-4086-445f-9c94-ed4d7304fbf9,821f14d9-7bc0-4e9b-94af-b8fcb6e5280a
bb36469b-a3ab-44a1-95ef-31b25e590f7e,aa577a37-9705-45fe-93ca-169eb7f63be1,702c5cb0-a610-4240-9bed-879c69cdb9e7
2ac28a71-9c61-4d97-91b2-060e2f2dbc15,90a187d4-4e67-4069-9a07-54ec89f81415,702c5cb0-a610-4240-9bed-879c69cdb9e7
a442491d-794a-4e6b-b1a4-ca0bfd45f3da,a50395ca-4587-406e-b64c-cfb89869977e,702c5cb0-a610-4240-9bed-879c69cdb9e7
86f703eb-b21e-48ca-bbd5-8e57c254ff81,42c30bb2-c40e-4f7c-b712-d824019ffed5,702c5cb0-a610-4240-9bed-879c69cdb9e7
eedcdda4-ffe2-4fbb-af3e-69afa3ff0575,eee7b7ff-2e5d-4542-a3dd-f0195b2cb4d8,702c5cb0-a610-4240-9bed-879c69cdb9e7
c1df128c-1db3-4008-996e-d605b0d1bbd7,ef6a27a8-aad0-4338-affe-2b64ec3e71a8,702c5cb0-a610-4240-9bed-879c69cdb9e7
da73d6d1-7ab7-4d87-aaf1-987b89cb96d1,26033184-c21d-48e6-b21d-0a6fdad73a06,702c5cb0-a610-4240-9bed-879c69cdb9e7
97d05d0f-9a80-487b-81a2-8e7b4d185455,8784ce1e-6ffb-436d-a3ee-3f36fef67d29,702c5cb0-a610-4240-9bed-879c69cdb9e7
3549c9cb-c059-4eed-ae83-0ec9cc40c7f0,63065efe-96e6-485f-a5fe-d0d9634aedbf,821f14d9-7bc0-4e9b-94af-b8fcb6e5280a
07b62a10-b1d8-4b34-a0fb-a3afe09cfe0e,0a2a7453-8fd2-4f4a-8c5f-75b6ac7932ed,702c5cb0-a610-4240-9bed-879c69cdb9e7
e1620d7c-cecb-47da-8cda-ffcabdf3890f,99eb18a2-742f-45c9-b551-4a07b3530232,821f14d9-7bc0-4e9b-94af-b8fcb6e5280a
572b70bd-bb97-464a-b2f7-288728b5a934,a04edf91-fd4c-483a-9445-29db80b8a8ff,702c5cb0-a610-4240-9bed-879c69cdb9e7
da46c3b4-4cf7-439c-a079-800d6a6e3fda,22a91c43-b425-47aa-9843-a08f327f15fd,702c5cb0-a610-4240-9bed-879c69cdb9e7
ba0ae884-1551-41e1-b835-4f57842a9345,a58a2b02-709f-404c-a146-ec32e59c2459,702c5cb0-a610-4240-9bed-879c69cdb9e7
abe82e53-8871-4ecd-a161-1a3e99923dfb,8bad6970-21c6-4a32-9290-e88ad42a9b4a,702c5cb0-a610-4240-9bed-879c69cdb9e7
e884a144-f6de-4e14-b125-191bf561f80c,ce822977-00fa-48c7-acbf-77177d1695b9,702c5cb0-a610-4240-9bed-879c69cdb9e7
7502d0be-7da6-4a31-bb9c-dc96427f1bff,94320bb9-b68f-470d-b43a-0a2056c1d863,702c5cb0-a610-4240-9bed-879c69cdb9e7
d8e36231-764b-4682-bac7-beeb96c545b6,0367734d-4383-4a8c-a579-959f96ac54b3,702c5cb0-a610-4240-9bed-879c69cdb9e7
ec53ae76-a915-49ba-b6f0-cd6dc0305bfc,7eb80987-e90d-4539-ac25-29defc5d6fde,702c5cb0-a610-4240-9bed-879c69cdb9e7
08cce0aa-761c-4c66-9783-97a2984237ca,b1b7d289-3c18-4db7-a63d-dd950501ba76,702c5cb0-a610-4240-9bed-879c69cdb9e7
d6ca28da-94f9-4462-b13a-2ba31e35bc4b,2ae3d7d7-251e-4fdb-b067-84ccfd686938,702c5cb0-a610-4240-9bed-879c69cdb9e7
1bdee26e-2e1a-4839-84a7-d62f78251c54,8bdd7849-50a4-47ad-a9dc-7513ff403cf7,702c5cb0-a610-4240-9bed-879c69cdb9e7
a78aa757-f97f-476a-8119-45d167a13b5c,62ccb3f6-695b-4ba3-a83e-0ba868fa1ecf,702c5cb0-a610-4240-9bed-879c69cdb9e7
1727efc6-e9dd-4b96-82af-3e665dd2f223,f9884a63-0ef7-4af2-97a6-91f78d32281a,702c5cb0-a610-4240-9bed-879c69cdb9e7
e0c72f5b-cf79-4f1c-b37a-847b9840a717,4c07ec60-527a-4fef-8072-84ebc1819b97,702c5cb0-a610-4240-9bed-879c69cdb9e7
f3dbed7e-d9a6-4189-93b2-9e3815fc29cc,86082915-7d91-4a7a-b61e-c51a4846fc10,702c5cb0-a610-4240-9bed-879c69cdb9e7
b56789e6-95dd-4dda-a2a9-9fb151905ff5,69efa5fd-2921-4fdd-9804-33439ede0720,702c5cb0-a610-4240-9bed-879c69cdb9e7
62510890-13f2-4f4d-8431-6c365894ee77,9317104d-c95f-41e4-8439-b113bc20909b,821f14d9-7bc0-4e9b-94af-b8fcb6e5280a
b96bc234-d193-47c8-98d5-2a4f4980b85f,4c3407ef-815b-45e6-9eae-5a0ec4e83e49,821f14d9-7bc0-4e9b-94af-b8fcb6e5280a
c268458c-8128-4a92-bec5-f7e16ee9a0df,50774530-80a6-470e-a68b-dc1f85a78ebe,702c5cb0-a610-4240-9bed-879c69cdb9e7
acce81fb-b09e-4da1-8a9c-8b743aa925b0,917477f5-2f9f-4265-806a-6de5e38cbb20,ed204181-0a5c-4ffc-aea7-05dc9d565ecc
bcc0a2e5-9d75-4e71-a59c-48693074f44b,122a1755-4a55-4e9e-b91b-fcb643c0411a,702c5cb0-a610-4240-9bed-879c69cdb9e7
44ab627b-f7c1-4217-afd6-bd4072010a58,fab1b7c5-6fe1-4714-bc1d-704bc2663ef2,821f14d9-7bc0-4e9b-94af-b8fcb6e5280a
8458ca67-23b5-4bdd-9678-52f0734b5d27,f4a331ea-5b15-45c1-aa21-5e745680eeb5,821f14d9-7bc0-4e9b-94af-b8fcb6e5280a
563fe412-fa5e-4ab6-b065-b0925d2b579a,c996a8f8-a213-4df3-a7a6-6e69a70f86ca,702c5cb0-a610-4240-9bed-879c69cdb9e7
fa3da4cc-cf74-4015-9ffa-4de6525b3e7e,9afdcd1c-ce40-435c-b82e-7a9be09fb232,702c5cb0-a610-4240-9bed-879c69cdb9e7
75384352-903c-44ad-aaac-f477efe978e5,24769323-1b31-4f1c-8685-2ee4e970236e,702c5cb0-a610-4240-9bed-879c69cdb9e7
d7da1cf3-8c30-4d34-bb6d-98809dc5d775,77217613-7363-460e-b2c7-4d16b77ca467,821f14d9-7bc0-4e9b-94af-b8fcb6e5280a
3910cd9c-4a81-4c75-b566-40a841596e56,1d91f187-e174-4d2d-a93b-a527368950d3,702c5cb0-a610-4240-9bed-879c69cdb9e7
1b86b869-0387-4c6b-91f3-b78595d44ca4,d8c7b6d5-1039-4eb1-896f-2fb2b31aeef9,821f14d9-7bc0-4e9b-94af-b8fcb6e5280a
207cdda5-bc43-422d-ba4d-cfbcbc4053d0,7ae01079-5242-4e2a-9e24-9537ea6ecf91,702c5cb0-a610-4240-9bed-879c69cdb9e7
9cf4c8d2-8c24-4916-b73c-d0c325326dfa,cbeb2d28-b04a-49ec-986f-0c404279baa6,702c5cb0-a610-4240-9bed-879c69cdb9e7
c3abca24-3761-4bbf-aa04-3ac7ca2c903a,b40ff41b-86fb-42b6-bffc-52de1ef6bf81,702c5cb0-a610-4240-9bed-879c69cdb9e7
497052cf-a39a-4dee-97bc-646c836431b1,0a30173b-b77b-4620-bc66-f04d16e8b54f,702c5cb0-a610-4240-9bed-879c69cdb9e7
cd9cecd8-2fc1-4c0f-8c38-062029846ab0,2ca8111c-6745-4d9e-aea2-2e500f6066a3,702c5cb0-a610-4240-9bed-879c69cdb9e7
0fc169aa-85e8-468e-88fd-327da26dff31,78b2c755-d03c-4249-b005-ae5b96831666,702c5cb0-a610-4240-9bed-879c69cdb9e7
3ef8394c-cfad-43e3-a585-4ba8e40b91e9,fde1e7d4-0bdc-44d1-9fd6-d6513935184f,702c5cb0-a610-4240-9bed-879c69cdb9e7
916b40ce-6a69-42fc-b785-6ca47c78225a,f31fdd4d-d7fc-4ef8-bcad-ef612332b733,821f14d9-7bc0-4e9b-94af-b8fcb6e5280a
3d4cc96b-360c-4994-a66b-6d7e7deff63e,ba83f983-64e3-4f42-8ac4-b592351ea8a6,702c5cb0-a610-4240-9bed-879c69cdb9e7
1e54b2c8-24e2-46c9-b5d7-4b8ec8e43fa2,7dd88e64-0710-43f6-bed0-f1ae3b18a2fb,702c5cb0-a610-4240-9bed-879c69cdb9e7
1b9dff3a-e1a8-4b3f-b2d4-9251cd1d998a,88644dc3-4f55-43c7-b1a8-6045626c1c9e,702c5cb0-a610-4240-9bed-879c69cdb9e7
7770f9e0-5ee7-4edd-a99c-1e1778a135d3,9aadfe5e-747d-450b-a4a9-308fe78dd602,702c5cb0-a610-4240-9bed-879c69cdb9e7
5a39b540-620c-4052-8291-c01ee12f8ce2,a8ee58d2-f3f3-4d9f-8fb7-615b3fbcb0d7,821f14d9-7bc0-4e9b-94af-b8fcb6e5280a
ac33cc0b-c794-4447-8b89-96eaf650f48a,86bbcccb-0ca3-4f21-bc78-4107d6e413d6,702c5cb0-a610-4240-9bed-879c69cdb9e7
7d8eae1f-1aac-4f27-91e6-66f1e25f7e0d,ca0634b6-a282-4359-b768-38885d54721b,821f14d9-7bc0-4e9b-94af-b8fcb6e5280a
d10424a6-0bbb-431e-995b-40dbb2f18c1c,9691a54b-100a-4193-abc7-e78af6c2ffa2,821f14d9-7bc0-4e9b-94af-b8fcb6e5280a
3701e1bd-6056-4c56-8211-26280b37f2a7,fc419a58-9958-4e0d-880c-938dea725e32,702c5cb0-a610-4240-9bed-879c69cdb9e7
ff96e55b-1310-4d9b-91b8-82571a6992a7,41849122-39b6-4fd3-af39-2a8fe1cb7e41,702c5cb0-a610-4240-9bed-879c69cdb9e7
45c1f8da-f22a-45a7-9ac0-3b27bbfe0984,9e8a3b72-a1cd-4416-a0f7-3f3783c8574a,702c5cb0-a610-4240-9bed-879c69cdb9e7
babfe599-a87a-44a6-90d0-66f2d516ecfa,00e9e5e0-6141-4096-8733-f7dcbede6d50,702c5cb0-a610-4240-9bed-879c69cdb9e7
18efa900-d0af-47ee-80a5-30a7b4c64e31,5fdb121b-6a36-4f96-b861-8bf1c923c908,702c5cb0-a610-4240-9bed-879c69cdb9e7
12989496-02af-4e4a-b6ed-e69dad1ac1c7,a5dd7b3f-880a-4de9-a6e3-416700e9e7bb,821f14d9-7bc0-4e9b-94af-b8fcb6e5280a
aaa8a14a-ba7c-4154-a992-31b98fa8900e,c8914819-c3b6-4a5f-8c72-150c3d5d172a,702c5cb0-a610-4240-9bed-879c69cdb9e7
a9d472db-f3eb-4663-b343-33c9d7442fa6,12fc5155-4fba-4e6b-a430-2b20be0dfb5b,821f14d9-7bc0-4e9b-94af-b8fcb6e5280a
386ca9a0-f1f7-44b6-9887-45c80f8a3fd8,b58e6e6c-ad6d-4a81-a078-55d952b3d1b4,702c5cb0-a610-4240-9bed-879c69cdb9e7
56ace8cc-e372-4348-b587-17a4642d34df,4277d04f-8425-4e9c-8ad7-85990888894a,702c5cb0-a610-4240-9bed-879c69cdb9e7
a6c4ce70-4585-494d-8f8d-7b1e8d478c8d,a78a792b-7ada-4728-b07f-13aec1619cd8,702c5cb0-a610-4240-9bed-879c69cdb9e7
04fd3c98-a2e1-4d68-b9de-ae478566e852,8ca5fa58-70f2-4455-b247-52213e54145e,702c5cb0-a610-4240-9bed-879c69cdb9e7
5ad0202a-a8eb-434c-b09d-5c43e3f5343c,7f567c42-d41f-40d0-baf6-9b364d0e231b,702c5cb0-a610-4240-9bed-879c69cdb9e7
fa5d8b1d-8078-49d1-bf97-7b6895d409cb,4ce2ecf8-5114-4034-a185-dde12a816123,702c5cb0-a610-4240-9bed-879c69cdb9e7
b99d9c45-a7df-4ece-96ed-95c16d656018,55b5b424-04c5-444d-9c2f-cd133bf077c2,702c5cb0-a610-4240-9bed-879c69cdb9e7
bae91c34-5860-498c-98e9-c14536fe8a73,550c0ec9-5d12-4718-a65e-b3816bea96e1,4934dc25-aa95-4f0b-80f6-da9704d700d3
26529eea-6999-4616-aa92-7ac24e6fc8ee,97592f31-7cb3-4f64-b337-582869700b47,702c5cb0-a610-4240-9bed-879c69cdb9e7
d3ff2c6d-5ac0-49f2-8aaa-a6afeb1fcbcd,23bcd42f-ead3-4350-9cff-48a872b6ece9,702c5cb0-a610-4240-9bed-879c69cdb9e7
85f1c472-15ba-490e-beee-0ff5eb63929c,706b9476-1c12-4abe-8312-00d97ce5f133,702c5cb0-a610-4240-9bed-879c69cdb9e7
b281061e-7cbf-4ec1-b7f2-1c50f5273ee0,a04036eb-12c6-448b-8d82-557ec80bf769,702c5cb0-a610-4240-9bed-879c69cdb9e7
7eeaeeec-3a51-417b-b7b7-c4b517c7f61a,dfd38010-2d42-4329-a918-d62af0793925,4934dc25-aa95-4f0b-80f6-da9704d700d3
f5121da3-a9f7-430b-a0f4-74c6aad97a35,b698d27d-7075-4fd9-a40c-ee14d616ce5b,702c5cb0-a610-4240-9bed-879c69cdb9e7
3bc1170e-33f7-4664-afec-b4cc9ab02c6e,5326ffb9-e3d3-4c2a-9ec7-7a19bf1f2cae,702c5cb0-a610-4240-9bed-879c69cdb9e7
3527f71a-1dfe-4dd1-9e46-9dd8ddd22b81,5b3f8c95-6722-411e-a27f-4595a25dc192,821f14d9-7bc0-4e9b-94af-b8fcb6e5280a
3ccabd67-7bc0-4aef-988b-4a6e425452c8,661c2d16-17c9-4d26-a58f-dfa6dbdd9c0d,821f14d9-7bc0-4e9b-94af-b8fcb6e5280a
ed8776cb-dc14-4cbb-a45f-c431e0bf8f9d,51b885e3-925b-46ec-84ff-1caeaf98f2fe,702c5cb0-a610-4240-9bed-879c69cdb9e7
0c050f45-3dab-417f-9dd2-e37f5279fce5,6bed535c-2cd3-4e83-bb01-530929e37cc6,702c5cb0-a610-4240-9bed-879c69cdb9e7
5c12c443-5639-4296-a972-c13b568b1f93,ba08867f-e393-4032-8f1c-083a1bd7fac7,702c5cb0-a610-4240-9bed-879c69cdb9e7
a61c823a-d1fb-47a6-8488-ed1e7c77d812,b20506db-562c-49ab-8efb-eed18139fa26,702c5cb0-a610-4240-9bed-879c69cdb9e7
b204aa5e-5b8c-45ce-aad4-c0a0b33bc961,a8f727dc-0bcf-4257-ad17-5f5683f6c70b,702c5cb0-a610-4240-9bed-879c69cdb9e7
8200aa3c-1497-4ac2-900c-3900f36c4942,b1e53f5c-7504-4e15-a9cf-ebac7646ae97,4934dc25-aa95-4f0b-80f6-da9704d700d3
e716a3e2-b91c-42cb-b7af-4b53ca8dd07d,36eeaceb-c626-4e57-a292-b342af9b6f6e,702c5cb0-a610-4240-9bed-879c69cdb9e7
96a2d847-206a-4156-999c-35f9d1d20566,e591734c-5837-49ad-a83a-c5178bdcc860,702c5cb0-a610-4240-9bed-879c69cdb9e7
955a99f1-7b3e-454f-9d12-ecc8cd844c5a,4fb09d8a-f482-4216-8e4b-17cc73d7cf89,702c5cb0-a610-4240-9bed-879c69cdb9e7
ffc20291-084b-4d90-93de-df4585f296db,bc026737-8ed9-49fc-8aca-299a15937581,702c5cb0-a610-4240-9bed-879c69cdb9e7
56e8a96e-7302-4640-afcf-222a08354778,91e334e8-3d3a-4a2d-a694-307ef7ff46fa,702c5cb0-a610-4240-9bed-879c69cdb9e7
d0518e25-46b7-4a72-b927-bd8fc2f33873,184bfb1a-6406-48c5-b386-b93dd412e5b8,702c5cb0-a610-4240-9bed-879c69cdb9e7
7559f50f-5a88-424c-9081-061264238e14,9501a397-1899-4996-8e7e-8633cb5f01e6,702c5cb0-a610-4240-9bed-879c69cdb9e7
b4cd7f5c-f974-486a-804b-3a92d6782bdf,dacf17fe-ee4d-45aa-97df-20d7a8143201,702c5cb0-a610-4240-9bed-879c69cdb9e7
3342e64f-690a-4e97-a280-0490d8fdebef,b647de9c-9b72-4afd-89d9-9737387723b3,702c5cb0-a610-4240-9bed-879c69cdb9e7
21412016-ded0-4a81-8acf-542af12b4393,fe691d0c-94d2-44b3-9627-194ac1b899d5,702c5cb0-a610-4240-9bed-879c69cdb9e7
923dd158-a9cf-44c1-8cc2-88dac34a097e,73bf37d8-3580-4fba-9738-6d441f7dca8b,702c5cb0-a610-4240-9bed-879c69cdb9e7
478a2d6c-9a76-4c61-aeca-64f299fa1f2c,ff9ecf60-7a0b-4b77-af19-e8bea2ca7f04,821f14d9-7bc0-4e9b-94af-b8fcb6e5280a
eb3fb178-da73-4f2c-95e8-b2e14ebd2745,63d2fbf4-4573-40c1-91e1-c60565acfc44,702c5cb0-a610-4240-9bed-879c69cdb9e7
2d271f82-17a0-4b67-a8fe-b34d89c8ed25,ce396b6e-154a-49d9-a117-be93c83de7f0,821f14d9-7bc0-4e9b-94af-b8fcb6e5280a
c538e2ec-96d2-4286-ac8c-63152de7153f,88d2dee6-f297-4378-b535-8a482c524f83,702c5cb0-a610-4240-9bed-879c69cdb9e7
784b0d57-eb70-4c30-8b75-4d6e61d87d48,e3bf6da9-db1f-4b6f-855c-5b5d6831e77d,702c5cb0-a610-4240-9bed-879c69cdb9e7
450cef1e-794f-420d-962c-17e9f7a27f7f,8049b570-fbee-4fd6-b01b-83c1a34878e6,702c5cb0-a610-4240-9bed-879c69cdb9e7
85669adb-e452-427f-bc22-5c73de39e788,8f42410d-03ef-48ef-a64e-fc9a964fadf2,702c5cb0-a610-4240-9bed-879c69cdb9e7
f81ed46d-8900-4f51-aa95-41d07350bbf7,84289f7e-da05-418a-9ed4-533b8361bf43,702c5cb0-a610-4240-9bed-879c69cdb9e7
977b3ada-49b9-4995-bbb0-bf1c9a2b48b0,e753f573-17e4-4877-b09e-afac87316945,702c5cb0-a610-4240-9bed-879c69cdb9e7
e75f979c-b5ed-461c-9076-5ec6f4f35edb,f25cd8b0-9b35-405a-aae8-86825b486a06,821f14d9-7bc0-4e9b-94af-b8fcb6e5280a
a4198a3a-027d-45da-b1c0-1d34c02345e7,ececb5d5-08ca-4894-88ca-068a70c477c6,702c5cb0-a610-4240-9bed-879c69cdb9e7
eee70dc5-ab46-4ff5-ac07-44f97c585711,cfcd7d5d-f487-43b5-8d6b-16ab4c2484eb,702c5cb0-a610-4240-9bed-879c69cdb9e7
0be16b12-e9fa-44cf-a606-f0018f03f520,194ecba1-325b-4034-a8cd-b43c40a2de2b,702c5cb0-a610-4240-9bed-879c69cdb9e7
f3bdc5cc-1212-4e80-a22f-0992b1bb4a14,b3401409-a27c-43ef-85d1-db083f194376,702c5cb0-a610-4240-9bed-879c69cdb9e7
2f447742-5cdc-4aaa-9234-d8a29174c436,ed71e570-bae9-4478-9349-87d57040f8ac,702c5cb0-a610-4240-9bed-879c69cdb9e7
659ef529-e6f7-4fd0-b079-687f0e7a0dce,edafa142-9678-46e6-8747-883c2a0c8706,821f14d9-7bc0-4e9b-94af-b8fcb6e5280a
7137e80c-302f-4ddc-9b55-f174bdbc3275,bcd54867-5985-43ee-9742-29116b25f1ef,702c5cb0-a610-4240-9bed-879c69cdb9e7
cb0a7703-ced8-439a-89c9-039f17a80074,1f9d6e5b-177c-4c73-8d5b-059fad5fb9a1,702c5cb0-a610-4240-9bed-879c69cdb9e7
7f15bab1-0eaa-4eef-a274-b6c77e00c736,fe3d84c3-ae78-46bf-8f8c-95dc4e17ee0c,702c5cb0-a610-4240-9bed-879c69cdb9e7
dffaebcb-67d2-47f8-8ae9-0b6e649a2f53,3d668047-38d4-4e3a-b8f3-5176fb35bc43,702c5cb0-a610-4240-9bed-879c69cdb9e7
c7e76bf0-15ce-4717-ad5d-eb25ec323498,b17b70d7-fa86-49d7-afe2-796df8ca1918,702c5cb0-a610-4240-9bed-879c69cdb9e7
13a1bd99-e90f-4fcd-853a-ae37d56e0d57,8fe71f54-80e9-43b4-9e5f-3f4a5bc3654d,702c5cb0-a610-4240-9bed-879c69cdb9e7
8a4394a9-a04f-401b-9f77-fe2efafccb31,83f4d242-ea75-408d-b9d6-fe71193559de,702c5cb0-a610-4240-9bed-879c69cdb9e7
7bec2809-98bd-42fa-8d51-447bc0ac1c76,8caa0fe5-9a95-4e9e-83f7-0129896c80da,702c5cb0-a610-4240-9bed-879c69cdb9e7
8f069520-8172-4033-adca-7e3b099eab67,ae29b6b9-2b08-4b46-acc2-2a435ebd6fe3,702c5cb0-a610-4240-9bed-879c69cdb9e7
1d4569ad-7ad2-4bb5-86f0-629c333f603c,817e96e2-b37a-4f61-b820-66784cef9df7,702c5cb0-a610-4240-9bed-879c69cdb9e7
035d0757-51d8-4ad9-96d6-d4a0af7799f6,8fc97263-93d0-4860-95b3-5eec0692ff2d,702c5cb0-a610-4240-9bed-879c69cdb9e7
7d26e6a6-e015-4a1f-b7b2-bd22483e5ccd,a29e258f-5992-4f69-8e80-ac1e9a866592,702c5cb0-a610-4240-9bed-879c69cdb9e7
211d42e4-7a87-4641-b640-5163285c6ac5,ecf8010b-db50-4a10-b569-b82eeb4b6142,702c5cb0-a610-4240-9bed-879c69cdb9e7
4dd50f37-223f-454b-bcb4-494925dc3b91,eb2b48b0-9cce-47db-bce5-c0cfbe4d92ab,702c5cb0-a610-4240-9bed-879c69cdb9e7
65ddf5c4-8642-4fa2-98b6-cf2ab04bab71,dcbd8275-1807-4fcb-b133-3edb0b2c39a7,821f14d9-7bc0-4e9b-94af-b8fcb6e5280a
db640d0a-d226-4f78-a155-816bf882dee9,76663dc4-a39c-4714-a5f1-cce282214c5b,702c5cb0-a610-4240-9bed-879c69cdb9e7
f90b186d-9e08-43c1-af31-760db414f5ae,a6436ba7-a209-4bc2-b34f-5d992c3d40f2,821f14d9-7bc0-4e9b-94af-b8fcb6e5280a
bce7c951-01de-4150-806d-a18ea215fa1c,ad55ee06-3a74-4576-a11c-94e6a9527f9a,702c5cb0-a610-4240-9bed-879c69cdb9e7
e2c4e679-bddb-4373-bac2-797c22c183dc,d63d1800-d8a8-4caa-900a-d041bc1b21a3,821f14d9-7bc0-4e9b-94af-b8fcb6e5280a
92c2dccc-7937-40a4-ad8b-1913a11dbefe,21f250dc-3fcf-46ce-bd3c-7f89fcaf953b,702c5cb0-a610-4240-9bed-879c69cdb9e7
e3b6bece-956d-4998-aeae-99a756209112,d73e635e-1039-4322-a856-a0ef051edd42,821f14d9-7bc0-4e9b-94af-b8fcb6e5280a
8e40dd38-4106-4d67-a88d-21ddee727744,c50bab4f-d513-477d-aff8-93d74ce34035,702c5cb0-a610-4240-9bed-879c69cdb9e7
2b20faac-d454-4c5a-87cd-a75b2ad0f4de,157e9b14-00bf-48c9-b8ee-96305e1dd7ee,702c5cb0-a610-4240-9bed-879c69cdb9e7
c3dc8b03-c95e-4a21-b54c-e02eaeddac26,e2a83b46-1c96-45af-bfc0-c0ed348c3aac,702c5cb0-a610-4240-9bed-879c69cdb9e7
b81e2800-5864-4ff9-85d4-3ec8be92513f,7576fcce-0ef2-4d6b-9abb-171d1a7495a0,4934dc25-aa95-4f0b-80f6-da9704d700d3
7b82cf49-a85f-47c8-aedb-c9016c9d7114,733b44f5-e95a-45ec-beda-32836ab7ad3e,702c5cb0-a610-4240-9bed-879c69cdb9e7
e9dff53c-72e0-40bf-9957-715848942ad4,5850fd41-3f21-475b-bde1-07de821ea2cc,702c5cb0-a610-4240-9bed-879c69cdb9e7
77e51270-a3d1-4285-addc-896145ce5234,be921bdd-1cf3-4cbe-b618-648f51ac2459,702c5cb0-a610-4240-9bed-879c69cdb9e7
55fb25a6-5b9d-4ad1-aeee-e2e7068407a2,23ed1a4b-9ad6-4eeb-861c-d5033ac5b24d,4934dc25-aa95-4f0b-80f6-da9704d700d3
5481bdc8-77eb-48a2-851a-42db17933e66,96725875-97f7-47b7-9bfb-48eef85856c6,702c5cb0-a610-4240-9bed-879c69cdb9e7
73ddf4fa-f186-45ac-8edb-2f302cc06649,76d92702-db00-462c-a0bf-46c438da42b8,702c5cb0-a610-4240-9bed-879c69cdb9e7
b3dcd374-4c7a-426b-b1ba-7e6d009894a8,aaa26301-f173-4ffc-96cb-48bdb3014fcc,702c5cb0-a610-4240-9bed-879c69cdb9e7
9814b7d0-ae0b-4d48-a04d-fe1a8a531688,a0c817c5-0a46-4295-8bc5-91bee8c82e8c,702c5cb0-a610-4240-9bed-879c69cdb9e7
b1d46318-502a-4ac5-8da5-fa7c14d60741,30c0e5d1-a507-415c-9f47-75a5ff07982d,702c5cb0-a610-4240-9bed-879c69cdb9e7
750ae603-2b0d-4fc2-9deb-4f2ab05642b5,de042818-21aa-46c3-a5f8-656016b43476,702c5cb0-a610-4240-9bed-879c69cdb9e7
3c7f1fc7-6396-4092-8f8e-caebfe58e956,2e2ff4fd-6223-4ffa-8574-72dceb070f84,702c5cb0-a610-4240-9bed-879c69cdb9e7
9172ac2f-dad6-467f-a265-b01b3bd1c83d,86e8157c-6615-4695-b554-d4944c81c75a,702c5cb0-a610-4240-9bed-879c69cdb9e7
c4115797-7aad-42d8-b7d9-1de99af2d26b,0e52035c-0d3e-4183-afbe-d3c00c317244,702c5cb0-a610-4240-9bed-879c69cdb9e7
e2131ae3-d38c-4fdb-8a1c-e3b590f59eef,7a3211aa-a448-4b03-b681-ec2879fc7827,702c5cb0-a610-4240-9bed-879c69cdb9e7
a68adfdb-c982-4c3e-a47f-1b90818b4837,6e9b590c-b24a-4d0c-a1af-dd0ed62937c0,702c5cb0-a610-4240-9bed-879c69cdb9e7
92c2b16a-e911-4ecd-bfa5-872c84dc5e1f,0e33af2d-39bd-410c-964b-94bf8138a023,702c5cb0-a610-4240-9bed-879c69cdb9e7
0d92f654-0b2d-45ac-9fd4-ae85fbc10e34,236075d5-86ab-4967-b3cd-f7d3e17a7cad,702c5cb0-a610-4240-9bed-879c69cdb9e7
1f88fe4d-49f3-4190-81a8-0da9abab48cf,dbc939c3-e38e-4f5a-86d1-c5d3c9a9de00,702c5cb0-a610-4240-9bed-879c69cdb9e7
5758d54a-f61d-44da-96be-eae69c758e2a,90817a05-cf6f-4087-afac-016ccc8bb7c0,821f14d9-7bc0-4e9b-94af-b8fcb6e5280a
cbf7b17d-203c-47c9-8d4b-e051a0a2410f,1d038192-4fa1-4391-8da5-6e37469b8b35,821f14d9-7bc0-4e9b-94af-b8fcb6e5280a
948a1cad-5a50-4bb4-a83f-b1bd484e705f,f29c2ccc-cf0e-400a-bbc3-85ee515d931f,821f14d9-7bc0-4e9b-94af-b8fcb6e5280a
c02cd63f-cfab-4d7a-b2de-fd3fc067c791,fc0667e1-5f99-4daa-a559-8803eb20a354,702c5cb0-a610-4240-9bed-879c69cdb9e7
b5a990f6-533b-4d96-a29b-ab5a1acaa298,5cf81ac0-9e8d-4f2c-b81d-6d90ef25c1a6,702c5cb0-a610-4240-9bed-879c69cdb9e7
bf30b686-64e8-4fe6-b936-64a9989d610c,060a08d3-ceaf-44ee-8097-f9a6d18e4162,821f14d9-7bc0-4e9b-94af-b8fcb6e5280a
a96cca39-b385-4cbf-a57a-407eb5e74db1,1c48717c-2a24-4037-8ea0-2d906f3d662b,702c5cb0-a610-4240-9bed-879c69cdb9e7
24ce403d-bb8d-4aba-bf92-814ab75aa680,79cd2c9b-7c6f-4620-8054-9286d1cccfe6,702c5cb0-a610-4240-9bed-879c69cdb9e7
38d7d991-090d-4a94-b6b1-dbb2627031f1,9b270eda-0682-49dd-8c89-d3b493529f9d,702c5cb0-a610-4240-9bed-879c69cdb9e7
c4991730-c01e-4272-a63a-fe7c90bd612b,462a6d5a-a9cb-40c2-812d-aba1464ca3cd,821f14d9-7bc0-4e9b-94af-b8fcb6e5280a
6ecbb018-82d1-4cd6-b973-085616ee8558,a02aa8c0-5543-4527-a2c1-777a626bafa5,4934dc25-aa95-4f0b-80f6-da9704d700d3
cabb4aec-f37e-49e4-8145-d5bb7ca1098f,4c13e673-ef7a-431e-b097-0eb0558acac2,702c5cb0-a610-4240-9bed-879c69cdb9e7
738c0e42-b8f0-411d-9291-8756e9d8ff3d,d6a64596-0c34-484a-8c89-7dac1ffdcf05,821f14d9-7bc0-4e9b-94af-b8fcb6e5280a
c6c88b17-4fee-4ed6-809f-df2fdaff93de,9665ecb7-5825-439e-97c4-d162facd7a99,702c5cb0-a610-4240-9bed-879c69cdb9e7
606cfb59-0d0f-4e13-8f0e-87c131c12749,a0b147ff-f0d4-428c-86b2-15b43e039ad4,702c5cb0-a610-4240-9bed-879c69cdb9e7
d9b93b7d-8e9e-4277-852c-e4395039d2e5,60baadc2-6220-4747-be24-b344b4276ccb,702c5cb0-a610-4240-9bed-879c69cdb9e7
492b4bc3-5340-4106-add3-127dcadedab9,df746619-af14-4d0e-81d4-cac7b222f332,702c5cb0-a610-4240-9bed-879c69cdb9e7
78132e21-d3b9-4828-b21b-c32de0355cac,eba67d00-339f-46cd-bd6f-892904976d6c,702c5cb0-a610-4240-9bed-879c69cdb9e7
a717e83f-86fc-4684-a24d-0115c44f77e5,aa33b005-03e8-4550-85a8-a87a8ae43dcb,702c5cb0-a610-4240-9bed-879c69cdb9e7
6afcc397-2634-4160-b43f-c37affbd20da,6efea697-7d3e-4456-ab33-24a19d6a2f5e,702c5cb0-a610-4240-9bed-879c69cdb9e7
039eabe0-3254-4e7f-a478-9df402c2c4d5,a9bc859e-7b08-4536-9f23-64b71eb89f43,702c5cb0-a610-4240-9bed-879c69cdb9e7
60f6d765-c334-4da9-8e31-5a7a68ba6d28,f6dc9ae7-080c-48c4-9719-50567fc931f4,4934dc25-aa95-4f0b-80f6-da9704d700d3
33c8924c-0f1b-4db5-ab24-3e3cb230d312,8f27af3a-0714-4605-8c95-e64a2281fb6d,702c5cb0-a610-4240-9bed-879c69cdb9e7
370be427-e2b5-4729-9b3b-889392c4e03c,38729bf7-f2a7-414b-9af1-b327b7e5f30c,821f14d9-7bc0-4e9b-94af-b8fcb6e5280a
4183b9da-1acf-4aed-a1d2-494644eeb506,6016a602-ba95-4dbf-8c38-4ac4a9455c17,702c5cb0-a610-4240-9bed-879c69cdb9e7
25bf96dd-1726-4ea1-bcd6-7b5ace9a4354,b48dbc10-6b9d-47b5-abe3-8fc5046ef158,4934dc25-aa95-4f0b-80f6-da9704d700d3
0cb26736-05b7-4796-8ae2-2667ead8411a,c9e56f4c-da54-4f6e-8fa5-9f1d854c5eb4,702c5cb0-a610-4240-9bed-879c69cdb9e7
4902e857-ccff-4228-865b-4e4ba004d53a,1e467e08-17d3-4a36-8baf-3742257c2f14,702c5cb0-a610-4240-9bed-879c69cdb9e7
1251a10b-21fb-456d-a2c4-ae19697e9ae9,01a60718-e16d-428a-96b9-42e9c4c4dbdd,821f14d9-7bc0-4e9b-94af-b8fcb6e5280a
8af0e77a-d1f3-4d39-9a60-bb47feb637da,f1ab0c1b-a397-4efe-bca5-186b8c0aa294,702c5cb0-a610-4240-9bed-879c69cdb9e7
b06cbc71-f36f-4415-a903-e4e3b8437257,53741444-4e66-4130-ad2f-d90818043abf,702c5cb0-a610-4240-9bed-879c69cdb9e7
74967aff-6fb1-4a4a-a02e-0051709964f5,cfd7cccb-269d-4863-92a7-b97824c017b1,702c5cb0-a610-4240-9bed-879c69cdb9e7
f2c5cbe0-bc6b-4f3e-8260-f62b9cc76b29,a5be87e3-e480-473b-b624-3db641c7d55e,821f14d9-7bc0-4e9b-94af-b8fcb6e5280a
979f1a26-8e59-4d63-b31b-08bfe4db8559,0ef7591c-383b-4e11-8693-1731ea1e0457,702c5cb0-a610-4240-9bed-879c69cdb9e7
12696c74-344a-4b4b-914e-66471c3f0df6,42f87a78-523f-4d6d-a748-553528ccb92b,702c5cb0-a610-4240-9bed-879c69cdb9e7
93012c6e-0b83-40b0-be5b-4f39bddff67f,3e876c86-ca9d-4cda-8252-acdaa034fe56,821f14d9-7bc0-4e9b-94af-b8fcb6e5280a
3ac73212-80eb-4ff2-b820-e4d48c9a968e,9d22df60-9cf3-40dd-9c11-b7f5b8971999,702c5cb0-a610-4240-9bed-879c69cdb9e7
decd3721-92df-42cf-bb43-e903078fc92f,0dbc820e-be7b-438e-a180-567a0c233440,702c5cb0-a610-4240-9bed-879c69cdb9e7
be0d3578-fced-4999-8626-2b15191855d3,fd6ea890-1ee8-4d03-8515-7ced33070a20,821f14d9-7bc0-4e9b-94af-b8fcb6e5280a
7a2be1fd-c0f4-482b-8228-f07b914b65f1,81fc5097-cedb-4d74-8678-b20367917b30,702c5cb0-a610-4240-9bed-879c69cdb9e7
3769a52e-3820-4f04-8e3c-b50680a25aac,e8b66c88-0a11-43dd-8123-748d3450627c,702c5cb0-a610-4240-9bed-879c69cdb9e7
004be9ee-4101-4597-aab6-0c9d3f51e729,c64358df-002e-4593-90c4-3e93a5372272,821f14d9-7bc0-4e9b-94af-b8fcb6e5280a
f41c93cb-2ae4-4815-92eb-b437f90bcb50,a44ba535-981d-45ab-842b-6261c019e388,702c5cb0-a610-4240-9bed-879c69cdb9e7
824b0d34-9f54-4aec-9467-2bf01deea63d,1fc201be-f908-476c-b723-5eaccd7fcb2d,821f14d9-7bc0-4e9b-94af-b8fcb6e5280a
0d38df57-1952-4daf-a420-2cfe2efc62ef,bc2709dc-550f-4d66-9068-5bfd3ac7ad51,702c5cb0-a610-4240-9bed-879c69cdb9e7
8e87d92b-bc05-4fa9-8613-03bcb2d95d23,c307eb23-eef7-47de-8e80-645b5209679a,702c5cb0-a610-4240-9bed-879c69cdb9e7
d83ff038-862a-4ecb-9471-d627290ce94f,90c97a71-2bac-4be1-a90a-9a7a14ab7f8b,821f14d9-7bc0-4e9b-94af-b8fcb6e5280a
c1b3ae1a-c53a-4a4a-b569-294bc359e35a,0ded03c9-8007-4e3a-90fd-e9fa4997a95c,702c5cb0-a610-4240-9bed-879c69cdb9e7
056d0f03-e37b-4e42-b1dc-a050d965fd98,032e6fdc-3d02-4ff3-b5f1-af742c164e0e,702c5cb0-a610-4240-9bed-879c69cdb9e7
58ef8d98-a3ff-4481-b33d-9b63e12f0897,30cac744-ed82-459c-a059-b85df44f1794,702c5cb0-a610-4240-9bed-879c69cdb9e7
0750b4c0-d96e-494f-b29b-f884e9f1d193,9c66620f-be58-41bc-bb0e-a5cd7c4bbe94,702c5cb0-a610-4240-9bed-879c69cdb9e7
ed59d92b-f836-4435-82a7-5ee15284e291,70c69f4f-2c55-4851-a931-6de348d8dde9,702c5cb0-a610-4240-9bed-879c69cdb9e7
c7b2af9e-24e9-4970-afa4-640410bc465d,e21c0979-edf7-4bd0-bfe6-9795457356c7,821f14d9-7bc0-4e9b-94af-b8fcb6e5280a
1f3ec9f8-2c6e-45f7-94c3-2e90e659cc11,8e6661d1-be56-4356-9f56-67795609cad4,702c5cb0-a610-4240-9bed-879c69cdb9e7
ee32bc78-7417-4e82-84da-6d4143ca7ea9,dbe11500-ddab-475b-bce0-ab74b25d7163,702c5cb0-a610-4240-9bed-879c69cdb9e7
c9a5f5be-7377-420b-bc66-5cd4f9c7f851,6ddbb19e-f78d-4085-b3a9-aa0870744fa8,702c5cb0-a610-4240-9bed-879c69cdb9e7
44c6f1e5-8331-4941-b1b8-c64d41f5a23b,95425b0f-8cab-49c5-bf1f-9075842f3b08,702c5cb0-a610-4240-9bed-879c69cdb9e7
63f195af-42ac-42ee-948a-0c5c0c8fd98c,84e2a752-5765-422b-b4b2-9222bb7beccf,702c5cb0-a610-4240-9bed-879c69cdb9e7
cbe98ebb-4b20-45c3-a8ec-d52a4220ae1b,e9fba3b5-b6c2-4186-ac0d-b5ca87b0a04f,702c5cb0-a610-4240-9bed-879c69cdb9e7
417e16f9-f31d-459b-b890-77816bd640e2,9ed18a0e-df33-4a5c-b1f3-eaf75f91bcc2,702c5cb0-a610-4240-9bed-879c69cdb9e7
49165176-55e3-42bc-b251-007cc8802067,a8937954-b6e4-4321-9613-864c87839b05,821f14d9-7bc0-4e9b-94af-b8fcb6e5280a
ff67d3f2-c3cd-4661-b43a-dada0e782a84,6dfd2d61-c706-4e4d-8603-7e31b8b091b0,821f14d9-7bc0-4e9b-94af-b8fcb6e5280a
aa0f7799-0d6a-4ded-b3aa-af99f9ea9804,f6cc5039-2a60-4222-a880-e1bfe21792a9,702c5cb0-a610-4240-9bed-879c69cdb9e7
ae78b69e-d399-4efe-92dc-e7925314404e,b10b15c3-4586-4d88-999a-7e7c38859db9,702c5cb0-a610-4240-9bed-879c69cdb9e7
e66a77d5-8230-4e43-b0c3-c039a9cc9a26,74f40a68-ab5b-46c5-9e07-76fe76c1f80a,702c5cb0-a610-4240-9bed-879c69cdb9e7
deb23291-aa3f-4b7b-9e24-8a29e51ca5d4,5ba98aa3-86d5-488c-b2fa-2fd620a09398,702c5cb0-a610-4240-9bed-879c69cdb9e7
5d4a45ba-0e02-4f21-963a-594081332909,c3d513c9-fd6b-49f4-9a06-6576e009f963,702c5cb0-a610-4240-9bed-879c69cdb9e7
99d7ee3f-10d1-4f42-b7ef-f72fdac61eab,9fc69206-5c01-4313-a2df-2767cb75fdc4,821f14d9-7bc0-4e9b-94af-b8fcb6e5280a
a28b0462-9c41-4c17-b437-ebd22c1f690d,da476e43-daea-44b4-9970-64d77460d03a,702c5cb0-a610-4240-9bed-879c69cdb9e7
3d0f4579-f709-463a-9a5c-078f1f90bcdb,7f7eae1a-88f7-4dc6-a574-40f64e331024,702c5cb0-a610-4240-9bed-879c69cdb9e7
c066dba5-0860-41b4-8fb1-e84da22d3b33,f09470aa-d8de-413b-b568-6186c60f80fa,702c5cb0-a610-4240-9bed-879c69cdb9e7
707888b1-79e2-45b4-b533-64ef8624fc78,368f1e64-9930-45ce-bc40-05671fa5a631,702c5cb0-a610-4240-9bed-879c69cdb9e7
979a472b-81a5-4956-8883-eea570e908d3,4db6be99-a7f2-4fd6-89b0-6964fce2ef6a,702c5cb0-a610-4240-9bed-879c69cdb9e7
8a594c9d-c8ee-4679-a89e-d92f0da00a5f,c183779a-3ffd-441c-86a5-c773f58f6e1a,702c5cb0-a610-4240-9bed-879c69cdb9e7
eb3f3492-0759-4553-98d0-e46369c4b3ac,c5d107a4-3f5a-49d0-9918-3ea584449c2c,702c5cb0-a610-4240-9bed-879c69cdb9e7
edcbfda9-eb01-42ac-a815-5f04c9510cb4,67ef56f2-0ebe-4296-b117-79b1b09b3ec9,702c5cb0-a610-4240-9bed-879c69cdb9e7
b3440f66-9c42-46ae-b000-c4259b6acbfc,057c01b9-83fc-4c2f-b098-4fbde736eae4,702c5cb0-a610-4240-9bed-879c69cdb9e7
4174a56d-210e-46f0-8406-91e2b72281fa,f6bcc4ca-c881-4843-8fad-1ed020891b84,702c5cb0-a610-4240-9bed-879c69cdb9e7
90bb26f6-082f-4efb-ad5b-a3f3b24d171c,cd3063d8-b9ee-4603-bb7e-3382b2c76911,702c5cb0-a610-4240-9bed-879c69cdb9e7
3d1261c1-df32-44c1-9794-c0cd698eb93a,5fc89cf2-ce65-4a2f-b533-8056b16dc7ec,702c5cb0-a610-4240-9bed-879c69cdb9e7
fa703a21-ad83-4c6e-ab40-c440a335c899,fac14a01-745b-4ae0-a597-7405bf9237a4,702c5cb0-a610-4240-9bed-879c69cdb9e7
5b634ae9-90be-40a0-b80b-e4dcf434ae0e,a64c414a-c2af-43d8-b380-3febcb143dad,702c5cb0-a610-4240-9bed-879c69cdb9e7
9176c539-2731-488f-91a3-9a521ddc0a91,4cda9323-b4ac-493f-842f-839157656d18,702c5cb0-a610-4240-9bed-879c69cdb9e7
592d1289-f4b1-47bc-a29d-6fbb2a780165,6705de6b-ac1c-458f-a20f-79b23dc9aa38,702c5cb0-a610-4240-9bed-879c69cdb9e7
4c86968f-369a-48ba-8fbe-72c63c8d6b7d,05432912-0873-48c4-8966-ea82804c0fb5,702c5cb0-a610-4240-9bed-879c69cdb9e7
6636b763-2d1d-4481-bd96-a28eeeb5dbbd,3de7865b-8d19-4664-b24d-028a60a806d9,821f14d9-7bc0-4e9b-94af-b8fcb6e5280a
c45ce62b-8c00-45e5-9c46-5a6ae7ec173e,76bd046e-97ec-4f11-aa87-80a317df613e,702c5cb0-a610-4240-9bed-879c69cdb9e7
0b23f218-96ca-498e-b130-1d25e40b626b,8df7da20-8e49-42b1-a564-83e86be80997,702c5cb0-a610-4240-9bed-879c69cdb9e7
b7ea74c6-aa7e-4a6d-84da-71dc38e15b8d,3a04b6d2-f7eb-4825-a0ce-52788b8fdfad,821f14d9-7bc0-4e9b-94af-b8fcb6e5280a
12cfabc0-032a-432f-92c9-09309d027bc4,00a14e75-15e8-4ef8-89a7-5268abe747b0,702c5cb0-a610-4240-9bed-879c69cdb9e7
c098d2ae-abf2-4cde-85bf-87160ae9890e,7b0be627-4706-44cb-9ff5-649eb0b5f702,702c5cb0-a610-4240-9bed-879c69cdb9e7
adc79016-33cc-49ab-aa15-4f6cc71d5d76,d27565f8-a78f-4dba-b14a-77efd8565f98,702c5cb0-a610-4240-9bed-879c69cdb9e7
12f85798-dd33-4ea4-b8c3-599524befe9e,b474eeaa-56ec-4f04-99b9-6db9706570a3,702c5cb0-a610-4240-9bed-879c69cdb9e7
eff467aa-403c-4cc1-861d-6e56ba7ffa7f,5d903e6a-4a88-45c0-a36b-b8ba74316d5b,821f14d9-7bc0-4e9b-94af-b8fcb6e5280a
56af5637-7a1e-4b2a-a3b2-746cdb87e4d7,f2c1ed36-6516-4ff3-911f-472ae34f4872,702c5cb0-a610-4240-9bed-879c69cdb9e7
d2aff5e4-fea1-4137-a5f3-332596f15a5c,6fb15aba-b253-4640-99c7-28dc1ca2fe24,702c5cb0-a610-4240-9bed-879c69cdb9e7
36abd554-81df-4e74-bcd6-9da27663c4c4,b234c9ca-78ae-4b6b-9403-7ff495ab7831,702c5cb0-a610-4240-9bed-879c69cdb9e7
d7926d38-6c0a-4f50-9607-c1c547ea9485,3e781df1-f69d-41d6-a159-edf3efc59b41,702c5cb0-a610-4240-9bed-879c69cdb9e7
4ff53565-b549-4302-bc6c-82a9bff96bf9,8dd42437-2442-4557-8413-6494550a20e9,702c5cb0-a610-4240-9bed-879c69cdb9e7
d7758bd3-ad89-4b67-b338-4d70c6b4b3e4,e2739a3f-59fa-40da-a2d9-fea58ab53642,821f14d9-7bc0-4e9b-94af-b8fcb6e5280a
71d6dbd1-c895-4cd4-acaf-129c1f046093,7a56e119-ad3f-4868-897c-cf97d4de1dc7,702c5cb0-a610-4240-9bed-879c69cdb9e7
b470586c-0ed9-4514-8157-7ea344c7e204,ea1cb689-f71d-4f7d-a128-aafcb8587e44,702c5cb0-a610-4240-9bed-879c69cdb9e7
c4fa6dad-ccd5-4915-a56d-c7aa681ae66b,8e56f325-e1b3-4ed7-9b6b-5c532227faae,702c5cb0-a610-4240-9bed-879c69cdb9e7
80716842-ae33-4146-af62-a1e4958a6d86,91f7a184-fd4f-499b-809b-6592a092dd9d,702c5cb0-a610-4240-9bed-879c69cdb9e7
1fdfb87d-681b-49c9-a571-e0f6a4843b78,88db63b8-f2c9-4e35-8e2d-6fd6dba33104,702c5cb0-a610-4240-9bed-879c69cdb9e7
7f015f1f-22ec-4046-93f2-5363b9241a2f,72037feb-34b4-4370-bfaf-824193533a94,702c5cb0-a610-4240-9bed-879c69cdb9e7
f48071e3-4e4b-474d-90c7-c116bb0801f4,387d2dc7-317d-472a-8bca-6d5e17c08cbe,702c5cb0-a610-4240-9bed-879c69cdb9e7
cbb733b0-13b4-4e13-8ac2-01db7eacadaa,d6c54725-0c76-42b9-842a-fc9ea17d2b1d,702c5cb0-a610-4240-9bed-879c69cdb9e7
b6bc2ddf-9672-4ca4-9128-d9081934531c,df0aeac6-992f-46bc-aaff-63e9a1bb24db,702c5cb0-a610-4240-9bed-879c69cdb9e7
5b8131c5-279a-4005-9951-fe15f17e9efd,abf44676-9966-4f79-ae26-1cde296738a9,702c5cb0-a610-4240-9bed-879c69cdb9e7
4c684a03-442b-4a73-9e71-79e695690816,68e54261-0d0c-4a98-a436-df6e7216f794,821f14d9-7bc0-4e9b-94af-b8fcb6e5280a
878fbcf3-3685-49d5-a506-bf1d7c3dcfb8,dd344d7d-ecfb-4e74-bc44-3325dc6a51f8,702c5cb0-a610-4240-9bed-879c69cdb9e7
3d4014a2-fb8b-4158-9b49-db8f9898050a,ce90e2c9-54c8-46b4-952a-9993516144e2,702c5cb0-a610-4240-9bed-879c69cdb9e7
755e0aac-c062-4606-9054-c0599a8b9512,8a9393f9-a2c3-4315-b31b-612052f6c881,702c5cb0-a610-4240-9bed-879c69cdb9e7
91cc7e93-6b7c-41f4-9c33-797cffef63b5,740b73ea-99cb-4085-af02-cc6e664e0651,821f14d9-7bc0-4e9b-94af-b8fcb6e5280a
58266f58-6309-46f3-91ed-ebe47f12d723,c64a174d-69ea-4ee1-8fb6-bfc8cdd740dc,821f14d9-7bc0-4e9b-94af-b8fcb6e5280a
65bb2cdc-4ac5-4ada-9747-68efa00227dd,d54341f3-ea59-4777-bf2f-77fe513d6e4b,702c5cb0-a610-4240-9bed-879c69cdb9e7
06054f64-99db-47cb-a84e-683f72879f96,b8ed0ee9-8c10-425b-b225-22310ed3456b,702c5cb0-a610-4240-9bed-879c69cdb9e7
ad3ecd97-9fb7-4cf7-bee1-54ca55c04884,eecc82ba-4f5c-47b1-afc8-0c9e99089599,702c5cb0-a610-4240-9bed-879c69cdb9e7
c6f8f4d9-b150-43a5-a226-c48302165ef9,d2082105-082d-466f-955e-e49c84e4e136,821f14d9-7bc0-4e9b-94af-b8fcb6e5280a
53129dab-807f-4d5d-a289-d5c57e5de86d,974ae4f7-3a7e-4d86-ad60-4d60f776710d,702c5cb0-a610-4240-9bed-879c69cdb9e7
db3278a4-8370-405a-b499-d9dfd3190720,8703c8b8-db65-49a6-a69a-f02884777902,821f14d9-7bc0-4e9b-94af-b8fcb6e5280a
a0e2199b-f0bc-4fe3-bc4c-a585ad02957e,d336cb5a-34bd-4f99-a0ae-ce10788b8a85,702c5cb0-a610-4240-9bed-879c69cdb9e7
32209ae9-d78f-48c2-ae31-bad5d937ed86,317a69ba-5511-43fa-8501-25f8baa52822,702c5cb0-a610-4240-9bed-879c69cdb9e7
b3d338cf-268a-485c-a33d-33c4c59cc03c,5458c840-b498-4d21-90ad-1dc06d3f7559,702c5cb0-a610-4240-9bed-879c69cdb9e7
cf351d98-5377-471b-b09b-8e0ed5b586f1,e88b5632-8b05-4ea3-aa52-dbb79d9f8c84,702c5cb0-a610-4240-9bed-879c69cdb9e7
80592baa-2071-4646-a8ab-3aa5e89d223c,acac1de2-ad9b-45f3-8201-b549a475eb1f,702c5cb0-a610-4240-9bed-879c69cdb9e7
78caa663-3a0b-44fb-b42c-dd8694d58211,40046739-3b3f-4362-adb8-098bfa0e0711,702c5cb0-a610-4240-9bed-879c69cdb9e7
84a146fa-7538-4f2c-8c6f-8559d086d23d,d1b54a0a-b3c5-49c6-8b68-609883c2e9b9,702c5cb0-a610-4240-9bed-879c69cdb9e7
6c9bfa9a-0432-4ff2-9e47-2d3e8799cf4e,bc2abe94-4995-4dd6-9e76-336faab6de4a,702c5cb0-a610-4240-9bed-879c69cdb9e7
fc4ab0e8-84b6-4163-b852-1eda2c88fb34,853ceceb-506a-442d-8550-25d2803158ef,702c5cb0-a610-4240-9bed-879c69cdb9e7
4f7dd045-915a-4aa3-b491-368499ee5b93,3f8b0c93-be4b-4a9c-9fe2-1048c7789d1a,4934dc25-aa95-4f0b-80f6-da9704d700d3
18c4b21f-5c37-43b0-9e74-2415b026644c,8de40056-cc27-48b2-9fc2-c5d813780546,702c5cb0-a610-4240-9bed-879c69cdb9e7
16b7a1ca-4829-4b2f-bc91-a1523f63231f,1ece0f65-6874-4708-85d9-5056c79e4b49,821f14d9-7bc0-4e9b-94af-b8fcb6e5280a
84df17a1-0cef-4183-b5d7-947b7f7e1207,8f4e4c96-2978-4090-804f-36d1e0bca19f,702c5cb0-a610-4240-9bed-879c69cdb9e7
83bbf643-8792-4f5f-b5f9-d1fcf894e86b,aa14c2dc-0bd7-4455-90b9-d0beca49298a,821f14d9-7bc0-4e9b-94af-b8fcb6e5280a
4a356c95-4beb-4f6e-83cf-4236bea176f9,d85e4a67-a28f-4832-8ffb-d11b88762a3e,702c5cb0-a610-4240-9bed-879c69cdb9e7
9a344d53-4735-402d-a1bf-47b902da8d87,9d057588-52a4-4e8a-890f-3cdd2e5fc2d2,702c5cb0-a610-4240-9bed-879c69cdb9e7
6374898d-d363-405b-9c43-44ae6d56873a,e05b38b0-57c0-436c-a6f7-3e6907f78ee5,702c5cb0-a610-4240-9bed-879c69cdb9e7
1288a96f-8c21-4f12-9617-9142bd19ef4b,28ca1180-941a-4d8c-93c2-914e59973364,4934dc25-aa95-4f0b-80f6-da9704d700d3
7d136227-143f-48c6-afb8-9399e82281cc,d42e2265-239d-4d10-9bc0-a18bc5d60bb1,702c5cb0-a610-4240-9bed-879c69cdb9e7
3c5d93cf-5830-4498-8b63-73fff6b24dbf,1a5c3aee-7678-4f58-bd4f-46a8d413171d,702c5cb0-a610-4240-9bed-879c69cdb9e7
8e1500e6-359a-4ae0-b42b-62b71fadd174,8f431af7-3159-4229-96f2-e9950d61adea,702c5cb0-a610-4240-9bed-879c69cdb9e7
541ccfa5-b2ba-4ae3-99a0-a23441a73682,e406503b-b38f-430c-aa57-2b62ca64644f,821f14d9-7bc0-4e9b-94af-b8fcb6e5280a
0e609f95-3b57-4d80-b842-bd8264cba767,cdb17400-187f-4997-bdd2-55509c9f2e39,702c5cb0-a610-4240-9bed-879c69cdb9e7
e6724742-28d7-4d02-a901-25c5655a1624,a41105a6-fba4-48d4-b768-b04d7e076a68,702c5cb0-a610-4240-9bed-879c69cdb9e7
fadccc28-b33c-4feb-ae52-798431e4897e,6c079914-6f03-4b47-a256-5effc7faa7f9,702c5cb0-a610-4240-9bed-879c69cdb9e7
854e7523-ab17-4e61-9f2d-62cd694b5e3f,4ae41156-be7e-41f5-b612-803514b08103,702c5cb0-a610-4240-9bed-879c69cdb9e7
ec35c194-bc5b-45bb-b9f9-ae818e8e7452,dda4d8dd-68f9-4921-9330-2e0894e324a0,821f14d9-7bc0-4e9b-94af-b8fcb6e5280a
a865e174-98e7-4e37-a693-2f736d9e4237,c5bc958a-6d79-486e-bb58-b0f7e1686530,702c5cb0-a610-4240-9bed-879c69cdb9e7
d4c55c57-13bd-4b5a-9b78-6980304be640,b412a7a2-516a-416c-aeec-4f7a7ef62c0a,702c5cb0-a610-4240-9bed-879c69cdb9e7
49977465-bbe2-47da-857a-ea9dc5f85d5c,08e326e5-5f61-417c-8c5a-5b558aa58a01,702c5cb0-a610-4240-9bed-879c69cdb9e7
3b32e816-9391-41bc-8eaa-dce5a9856051,1abaf38a-4c7e-4bfc-a7bd-dadc2813a77b,702c5cb0-a610-4240-9bed-879c69cdb9e7
635cf21e-28ab-4b6c-b797-ef3edc910aff,b4180342-8f4c-4adc-846e-f37ed8521aea,702c5cb0-a610-4240-9bed-879c69cdb9e7
3debfd2a-93ac-4bf8-9536-fbf87eeb13ba,d9bbd630-84a6-4893-80bf-b50031de3985,821f14d9-7bc0-4e9b-94af-b8fcb6e5280a
4b4c6bd3-c659-42fe-ad78-c9b1b1193eec,1cc65980-a830-4f85-808d-42ed43375f41,702c5cb0-a610-4240-9bed-879c69cdb9e7
ca46260f-a49d-4ee8-a324-f548fc0edcf8,e32f1f58-5c6b-4490-b4aa-f8cd76a7ac22,821f14d9-7bc0-4e9b-94af-b8fcb6e5280a
9ee285a9-8e29-41e8-a504-9fd1a648c81e,6d1c0f26-fc72-47cc-aae0-2742a4bae00a,702c5cb0-a610-4240-9bed-879c69cdb9e7
fba523d2-c21e-415a-b091-35366605ad73,e7220a71-493f-47d2-bad4-1a585d7e1791,821f14d9-7bc0-4e9b-94af-b8fcb6e5280a
4ee22984-8b14-4317-996a-a72d4a1b3290,f578ac33-7291-4678-b1eb-ffba94190ca7,821f14d9-7bc0-4e9b-94af-b8fcb6e5280a
e8491eac-91d3-45c0-91f6-499bf7baa515,7d08610b-f61b-468f-a247-e6dd6a02860a,702c5cb0-a610-4240-9bed-879c69cdb9e7
d7824c5f-f0c9-436b-bd8f-bfd7a236cf9f,533ed1e1-2f10-47b5-969a-3860f65f38cd,702c5cb0-a610-4240-9bed-879c69cdb9e7
3b410c32-c4bc-49ed-9aa7-72a0569301da,2ffacaee-669f-477e-8f3d-89cbbda6272c,821f14d9-7bc0-4e9b-94af-b8fcb6e5280a
bbf6ae90-9a4d-4b9f-ae19-dc930a0c35ae,2c4eb30e-395e-4a3c-ba4d-b0db64c38df6,821f14d9-7bc0-4e9b-94af-b8fcb6e5280a
a7c8a3c4-517d-441b-a5c2-f372c90ada2d,688fea54-a5c8-487b-882b-41aee7496a27,702c5cb0-a610-4240-9bed-879c69cdb9e7
2c657ab9-9ed2-4514-b8b8-808447758b86,916bdb0c-9fac-4840-a8f9-09225ce3169f,821f14d9-7bc0-4e9b-94af-b8fcb6e5280a
bc6a5ae9-4619-4ff6-9773-5dc9975ba6c9,0d0e13b2-65f0-41bf-9a7c-bd01bf3ed9c9,702c5cb0-a610-4240-9bed-879c69cdb9e7
af9df69e-2327-4a65-9724-714e1ebda862,efc618bf-4164-48e9-9437-7deb6e446928,821f14d9-7bc0-4e9b-94af-b8fcb6e5280a
03adcf6c-387e-4cac-ae62-f315a559eb66,e43a5227-4c52-4d6b-9f35-1ff3fb688b7f,821f14d9-7bc0-4e9b-94af-b8fcb6e5280a
7b5dd426-b591-4fe6-97fd-a7ea380f81ea,47d64cab-d83a-4457-b454-9124613b67e3,821f14d9-7bc0-4e9b-94af-b8fcb6e5280a
46e5d030-a757-49d2-a739-fc25d2e7d897,934dd18c-a85d-4cd1-b297-8a9dbc41cdb6,821f14d9-7bc0-4e9b-94af-b8fcb6e5280a
86354f87-805b-4aba-b0e9-40c963c3def3,7cdab834-08db-49f1-ae77-b61ab17dc2f4,821f14d9-7bc0-4e9b-94af-b8fcb6e5280a
9a5aae69-2719-475d-b6d6-e1698e70e544,b5fbcfd6-4916-4c4e-9a2a-ac399ff66651,821f14d9-7bc0-4e9b-94af-b8fcb6e5280a
ef257b3d-7818-4ec7-96dc-f54bd8065da0,c4ff5714-3d74-4701-92a5-10162a4f6b32,702c5cb0-a610-4240-9bed-879c69cdb9e7
f0d3bdd9-1478-4b39-9253-7331d296d555,e408a19a-df17-4b35-9051-f7c3b24f8e11,702c5cb0-a610-4240-9bed-879c69cdb9e7
f2aac3f9-c34d-4bf2-803b-fe9689704377,c9c19935-ee3d-46d3-91ac-41393d2313e8,821f14d9-7bc0-4e9b-94af-b8fcb6e5280a
4dc4c653-e8bc-4c97-8ff5-1906f6c081a6,d531e4d1-1812-45df-9a0d-542f0dc5746b,821f14d9-7bc0-4e9b-94af-b8fcb6e5280a
80bb491e-81ca-4f68-8ec4-b84cd31bccf3,da05ab35-2466-416b-b93d-9c75711a951c,702c5cb0-a610-4240-9bed-879c69cdb9e7
eb5b440f-5437-421e-9b70-046f00409a21,e3b1c6cf-a950-468f-bcbf-5f99e370cdb5,702c5cb0-a610-4240-9bed-879c69cdb9e7
aa6ca425-4048-427a-abec-706b6d36cf20,c4b5ef9b-cffa-472c-a10d-6204ad912e62,702c5cb0-a610-4240-9bed-879c69cdb9e7
c475d489-e458-4c35-8731-5280b31a0f98,cae3cf9f-dcac-445d-af36-50be6f06d990,702c5cb0-a610-4240-9bed-879c69cdb9e7
b4e45474-f48d-42cd-8ea9-b0d280fa4eff,d0f3d514-7ce1-4506-a1be-a006ce3bd987,702c5cb0-a610-4240-9bed-879c69cdb9e7
e344eb8e-16ea-47a1-9771-1659029fb213,fe8a468f-7324-4b33-82db-9c277af3bf0a,702c5cb0-a610-4240-9bed-879c69cdb9e7
4fbe843d-e3a6-4e6f-9b27-a099fa599ec1,6ca19ff1-895f-4563-838d-d27316fcb15e,702c5cb0-a610-4240-9bed-879c69cdb9e7
5e1cbc8e-8725-45a8-92b8-c5e4f69dcbd4,8bf4e093-ce37-4da4-907d-345df6ace0af,702c5cb0-a610-4240-9bed-879c69cdb9e7
d6e14c4d-ca26-43e4-ac76-2adc154cbd94,4d0da48d-f6ae-4aba-b0b5-2356eb32b559,702c5cb0-a610-4240-9bed-879c69cdb9e7
c5186031-ade3-40eb-a865-40bdd392b4be,beb11299-dd03-4f23-b792-0c76b893e2c6,702c5cb0-a610-4240-9bed-879c69cdb9e7
7856ee62-cf45-423b-9bf3-9c2d3374cd91,3befcb1c-a3ad-4baa-bda2-073bf93b9a69,702c5cb0-a610-4240-9bed-879c69cdb9e7
ab13f0c5-ac11-4b48-a52f-8fd7cb8d3cca,181f8fa8-d50d-4462-9f67-c83a56652ec4,702c5cb0-a610-4240-9bed-879c69cdb9e7
d4d2bca8-d20e-4424-98ca-10c792c4f9d7,12bffb5f-2843-4f48-9282-839e36a88724,702c5cb0-a610-4240-9bed-879c69cdb9e7
878a4d8e-0cce-4d78-ac35-768cb133cd09,84afe9ba-48c9-4413-9cbb-4dde7bf77e1c,702c5cb0-a610-4240-9bed-879c69cdb9e7
57f96c7a-f2f4-493e-8e81-21526d73ac91,8dbae92e-9e02-4651-95d0-5e1d1fd3584c,702c5cb0-a610-4240-9bed-879c69cdb9e7
dd2197c3-b8ae-46a4-90df-0b096b139399,e124bb53-eae8-4e96-8eff-322bca6d96ca,821f14d9-7bc0-4e9b-94af-b8fcb6e5280a
1a8c56eb-9786-48eb-ad02-c40e970fcc34,e791c698-afa2-4b67-abbb-1fddcd09d5d7,702c5cb0-a610-4240-9bed-879c69cdb9e7
eb2bb02a-2d7e-4027-9471-ccebd419692c,8f17ec59-29d4-4950-aeed-8f26a06ea797,702c5cb0-a610-4240-9bed-879c69cdb9e7
5efa0f94-e06b-4ce4-bf6b-b250518edb40,b904e4b7-f953-4d63-84e9-8adc4d1d8a4b,702c5cb0-a610-4240-9bed-879c69cdb9e7
c0d49c9a-fc3c-4c64-bed5-5c3bd1357fbe,4826f34f-ce14-4651-9cbd-335fd9d7ee1f,702c5cb0-a610-4240-9bed-879c69cdb9e7
3c07ec00-5cbc-4c42-9a91-57f612e38ba0,cfc8dd85-f659-47a9-b1eb-7a704b6a12d4,702c5cb0-a610-4240-9bed-879c69cdb9e7
2137a796-bf44-4074-81dc-c5e8474374b7,65d3f72f-1cdc-4955-808d-05a66d442c7c,702c5cb0-a610-4240-9bed-879c69cdb9e7
38b69ac3-ce05-465f-9a50-f596dd3b3a74,5b7f4124-576d-432e-b8fb-069c5482832d,702c5cb0-a610-4240-9bed-879c69cdb9e7
92a17a2f-9fb4-42d4-a4ab-57e7ad9c6dba,8f65c347-c10b-47d4-8757-ae1bf47cc492,702c5cb0-a610-4240-9bed-879c69cdb9e7
93965b9d-33bb-4afb-b29f-cdad1c6ac51b,57ceb67e-62ff-4c2d-93f7-c97e7c6d0128,702c5cb0-a610-4240-9bed-879c69cdb9e7
aaf630f0-9869-460f-85a0-e786dce35a33,75c7e05d-3e4a-434b-9419-df2bcab7547f,702c5cb0-a610-4240-9bed-879c69cdb9e7
20463a70-39a1-4c3e-af23-4acf90df0792,93e68e16-8a67-4190-826c-b17da9ab463f,821f14d9-7bc0-4e9b-94af-b8fcb6e5280a
e088568f-c96a-40ba-8f74-7e64238e33d5,b088b119-94c2-4ddb-b9ce-cd7e5eb0665b,821f14d9-7bc0-4e9b-94af-b8fcb6e5280a
7e93ca82-385a-4459-92bb-2f6965f24926,ea779faa-9c5d-4258-a41b-6366a2e49bd2,821f14d9-7bc0-4e9b-94af-b8fcb6e5280a
30c9b266-601b-49e3-9325-76351f22e0bc,8b466c25-cd43-4f80-95b5-90772dab3003,702c5cb0-a610-4240-9bed-879c69cdb9e7
51062fda-fdb7-4146-8e4e-47820871f69d,44b8e925-dc92-4518-9de1-51c91dc5629f,702c5cb0-a610-4240-9bed-879c69cdb9e7
4de7e3fa-74aa-4e85-826d-2a640103bc1e,80ec2d82-744e-4120-b8c7-329b2c1a86cb,702c5cb0-a610-4240-9bed-879c69cdb9e7
1904b34a-139e-4d9d-90ce-a6f053057a46,f762bd76-e837-4133-815b-b601f454af50,702c5cb0-a610-4240-9bed-879c69cdb9e7
ff88394e-f84a-47a7-a214-3b969f5f0b68,1f0af733-c207-4b1a-911c-d738fa79b593,702c5cb0-a610-4240-9bed-879c69cdb9e7
866a2649-15ec-4524-bca3-c75d677f8b00,a28cfad2-7dca-4a8a-ae24-c9224d43a65c,702c5cb0-a610-4240-9bed-879c69cdb9e7
24998678-961b-4123-a0c5-72aef906e9a0,a3366498-a5a7-49f1-bc91-86deb2761d44,702c5cb0-a610-4240-9bed-879c69cdb9e7
c855b81f-67a7-48d7-861f-dbfd65a5c5ee,8621d7ee-7472-4018-b8fb-c78ecef13a65,702c5cb0-a610-4240-9bed-879c69cdb9e7
79b90e05-c3c3-4fc3-b8ae-7f6bdf6c425d,e8b5c0a9-edf0-4929-84a1-c8609c1908b4,821f14d9-7bc0-4e9b-94af-b8fcb6e5280a
7cc739b5-02fc-49ad-9bcb-f0c7ca5865a6,ecd4504c-a7fd-4ca4-b886-86f0dc0c0a39,702c5cb0-a610-4240-9bed-879c69cdb9e7
84f50cd7-34be-4130-a47a-76f473d65c54,beef4ef9-f91b-4dc9-9e1f-93047971b4a9,702c5cb0-a610-4240-9bed-879c69cdb9e7
7c7252a3-298f-455b-9622-f8cb9d2cd2f6,ab12eeec-a6f1-4a8e-8375-f66661232524,702c5cb0-a610-4240-9bed-879c69cdb9e7
c62a35d1-a367-468b-ac73-9ab058d8ae86,23e6d387-66ff-42b4-85c4-9a05cd6c35a5,821f14d9-7bc0-4e9b-94af-b8fcb6e5280a
6985b9cb-999a-47aa-aaef-948e0f5a96ee,eedd0002-7c1a-4175-b29f-961757e0f675,821f14d9-7bc0-4e9b-94af-b8fcb6e5280a
a3e55217-ed59-49f2-add4-d2773f9865e0,5739a549-b44a-4334-bb56-d8c3fed0d69d,821f14d9-7bc0-4e9b-94af-b8fcb6e5280a
d3f3675d-321e-45a8-9cd2-5fa6abdb0d56,28fae457-8494-4499-8650-603416df61df,702c5cb0-a610-4240-9bed-879c69cdb9e7
52d60e46-4ba1-4fb0-a5f7-3a233675cebf,bfe2ba66-057d-4c33-9829-1f6107554b90,821f14d9-7bc0-4e9b-94af-b8fcb6e5280a
c5dfaa65-db68-47fa-a229-94e58a72dcdf,7cce869a-92dc-452d-bc5a-358396d91b9b,702c5cb0-a610-4240-9bed-879c69cdb9e7
391bc425-2345-40c3-8318-8e5fa92af432,7aa609c1-fd6a-4c06-9571-1243b9d18878,821f14d9-7bc0-4e9b-94af-b8fcb6e5280a
09d3b35e-db26-4337-b596-bb75ac422045,88a8f778-6179-44ea-a043-0f3387deeb08,702c5cb0-a610-4240-9bed-879c69cdb9e7
f8e9625e-e08e-4462-842d-bb62e8fa4626,77facee4-f887-4aed-b7a8-1fe3cc3685b2,702c5cb0-a610-4240-9bed-879c69cdb9e7
4a41917b-6a1a-4410-9b7c-26e72f306250,b54222db-d4d4-4705-8695-fefa6712d655,702c5cb0-a610-4240-9bed-879c69cdb9e7
36cf5fd7-052b-418e-8b8a-d312d2431266,3f73fb7b-04dd-400c-8ec6-bf2e3b98fc94,821f14d9-7bc0-4e9b-94af-b8fcb6e5280a
45904172-aff8-41f8-8825-1e0d2eb028c9,019bec26-bfb8-4483-9f12-2c014a71d916,702c5cb0-a610-4240-9bed-879c69cdb9e7
a47838ad-9a35-47a5-a32d-289b13a4d431,ff69c664-94d9-4ee4-8ab8-d4027ea9fe62,702c5cb0-a610-4240-9bed-879c69cdb9e7
addeb18a-234d-468c-b5eb-4912a3ebac59,e45632d6-131e-4d52-aeda-578d063dab9d,821f14d9-7bc0-4e9b-94af-b8fcb6e5280a
a62ba78f-6348-44e8-9c8f-a184647a7241,1792af8c-c53d-47b8-96be-415a7cf1b5b6,821f14d9-7bc0-4e9b-94af-b8fcb6e5280a
8eaad819-06ec-4f79-a2c5-1826126fad54,1a9a87ec-19c5-4e16-bc7c-111ce3dc6385,702c5cb0-a610-4240-9bed-879c69cdb9e7
a8d509ca-b070-45ce-81db-db3536121b42,b2dcb135-51f3-433c-ab7c-735dd80edb42,ed204181-0a5c-4ffc-aea7-05dc9d565ecc
0bbbbc1c-826c-424d-896b-e307e15e80dc,f30d1202-c909-41ed-85d3-7d311385dbbc,702c5cb0-a610-4240-9bed-879c69cdb9e7
d69ba2a3-7dfc-4932-b903-1571d8879b54,22e0338c-721c-4cc1-8ecc-42a2069ea7e1,821f14d9-7bc0-4e9b-94af-b8fcb6e5280a
0255e63b-50b0-4f9a-856b-1a6db38063d9,f184b361-4200-4ac6-b106-d99d232a266c,702c5cb0-a610-4240-9bed-879c69cdb9e7
57e54b5b-e91f-4191-a3e4-d05120869d6d,5251e451-c517-4385-8703-1e7174694d16,702c5cb0-a610-4240-9bed-879c69cdb9e7
76bea55d-2d47-4436-938b-8c42dc29c294,972b2144-0c68-4474-acf8-194232867469,702c5cb0-a610-4240-9bed-879c69cdb9e7
01e0346a-adf2-45dd-a13c-dd7b93462e23,1f2088d7-60b4-4e6b-8908-d8050f414f8e,821f14d9-7bc0-4e9b-94af-b8fcb6e5280a
be15da05-00d9-439e-8ef5-be597d95c158,174dc7b4-c1a3-42a4-a2a4-67163a496a5e,702c5cb0-a610-4240-9bed-879c69cdb9e7
ae0d50c9-fa59-41d7-a094-703f57206aa2,ed99d147-76b1-49f9-88ab-44c025125f57,702c5cb0-a610-4240-9bed-879c69cdb9e7
64dd94a6-9da7-48c5-bad0-954470998a1c,4d254a27-821d-4b08-a285-c0c3d91ef279,702c5cb0-a610-4240-9bed-879c69cdb9e7
cbf2e490-415a-4164-a328-9426a3aaee18,d45176c8-1ea9-4074-ae79-6a2f9ded0c30,821f14d9-7bc0-4e9b-94af-b8fcb6e5280a
afcd3fc5-ecdf-44eb-82e2-9934777132d4,21e61909-a02b-4c59-b841-4dae8fc0844a,821f14d9-7bc0-4e9b-94af-b8fcb6e5280a
3b638ac3-9dea-4420-a348-a6e62740bf6f,1a054142-0a01-4768-99ca-99a3fcb07628,702c5cb0-a610-4240-9bed-879c69cdb9e7
bc0e88d6-3b2e-4eb9-8c28-116836c82a9c,24b3ac29-68b1-4715-8642-12a31f500398,702c5cb0-a610-4240-9bed-879c69cdb9e7
ed83bee3-da6d-4e70-893b-f7a419f7ff3b,2c14ee0b-4cc6-4a61-ac1b-9f4affca206a,702c5cb0-a610-4240-9bed-879c69cdb9e7
21f418a2-fa53-4339-8f1c-c4f93044b15e,476c70b4-1285-4c35-9c86-88175eb7116c,821f14d9-7bc0-4e9b-94af-b8fcb6e5280a
b7d27b42-116f-4c96-82eb-1cf219393fae,437b4e63-77c1-499c-b34b-49de1bf5d408,702c5cb0-a610-4240-9bed-879c69cdb9e7
dcfe55fd-ed6e-455d-98d1-b26b5ed98d38,caabb14d-0451-4124-b50d-147ff51b8b54,702c5cb0-a610-4240-9bed-879c69cdb9e7
48ad060d-bee6-499a-bfc1-e9f042b7d31d,1afd90e3-5811-49bf-81f0-fdd9f90c0393,702c5cb0-a610-4240-9bed-879c69cdb9e7
4e62e38f-cc40-496d-b75b-146f6c56593e,74be96e4-fc5c-4d80-81c3-82eb6762884b,821f14d9-7bc0-4e9b-94af-b8fcb6e5280a
495f29ec-5565-4a4a-9af6-364cbda3f5fc,5ce1e5b6-a6e1-4254-9743-08bc352b612c,821f14d9-7bc0-4e9b-94af-b8fcb6e5280a
3cc1a0c6-5c53-4c3c-9760-5e47ab21f957,a942b73c-9b7f-4682-bb4a-23d8574ef2b0,702c5cb0-a610-4240-9bed-879c69cdb9e7
74a7f795-b74b-4c38-b982-eac3a14bb2cd,ee7c11e9-8280-4279-aec5-356b2b687b98,702c5cb0-a610-4240-9bed-879c69cdb9e7
6947f778-e720-433d-9bbb-c5237bc1c0c0,ea15fa87-b331-474b-890c-f00c26096a06,821f14d9-7bc0-4e9b-94af-b8fcb6e5280a
0907b924-069f-4a79-87c3-f1d1d306a98b,7f6a8e1d-7590-461c-8562-8801eafb062a,821f14d9-7bc0-4e9b-94af-b8fcb6e5280a
04b316e2-db61-455b-a1d2-b608446532ed,b761cf9b-c6e9-423e-9af2-4a2166e483f2,702c5cb0-a610-4240-9bed-879c69cdb9e7
ada27f68-97ed-492a-83e3-be5bd3fb7525,2fe586eb-eb5f-4c7e-8263-4569c713fb94,702c5cb0-a610-4240-9bed-879c69cdb9e7
3a8f925e-96a3-49ae-a085-f68bece9138b,e436e7f8-a07b-4a58-8826-a6988bd23aaf,702c5cb0-a610-4240-9bed-879c69cdb9e7
7b2df45a-c076-4804-99e0-f10680d5d0f3,55f88b68-d777-47d4-9b53-edc086f8f6c9,702c5cb0-a610-4240-9bed-879c69cdb9e7
07e1eb32-c454-4349-86bf-b9d893b8b929,bef100fc-09c6-465f-bba5-fb5a3d3670d4,702c5cb0-a610-4240-9bed-879c69cdb9e7
3b020d3c-52f3-42a8-91d8-e5aa04c0dde2,3519c95a-3691-4167-b5f5-6d7920526d1e,821f14d9-7bc0-4e9b-94af-b8fcb6e5280a
6ccfc834-75f4-4ec4-8489-ce0c88163989,32647c3a-1f81-44f1-b7dc-0746f76cdaaf,821f14d9-7bc0-4e9b-94af-b8fcb6e5280a
dbc3592b-74ee-4878-a48e-2c40871a0566,5809508e-6f8e-43ce-8edd-00c43f5afee6,702c5cb0-a610-4240-9bed-879c69cdb9e7
ed8156f6-6c85-45a1-9519-7ee312878c4e,7c64d4e9-c9de-4397-a831-2393d558426e,702c5cb0-a610-4240-9bed-879c69cdb9e7
01b8e4eb-f089-4a52-99b1-48b965c92123,4d25b1cb-d9a7-468e-b647-f8e959723797,821f14d9-7bc0-4e9b-94af-b8fcb6e5280a
5c421f48-8e94-4de5-9f69-2cffda9a3c4b,129ff946-2faa-4b3e-9780-3bcd81c9a499,821f14d9-7bc0-4e9b-94af-b8fcb6e5280a
98d87a29-0863-42ac-8a5a-21c1a1f41e91,1c565308-7ce1-4d93-a4a7-fe0190744ef4,702c5cb0-a610-4240-9bed-879c69cdb9e7
dc6d931e-d840-42b3-9714-23b3b18b822e,7e1ca8d5-966c-4d5d-b19d-abcb0a080a0f,702c5cb0-a610-4240-9bed-879c69cdb9e7
75bd9128-57d4-4d36-b4ca-cf7802571805,35c8300e-2445-4c1f-bf6a-d152f29671bc,702c5cb0-a610-4240-9bed-879c69cdb9e7
ab803630-7d8f-4efd-ab08-91e263d0c1f8,8a56a314-f394-442f-8c7c-684bcdf0fe1a,702c5cb0-a610-4240-9bed-879c69cdb9e7
3819b990-ef36-4633-94f5-ea93ff2cb671,19140760-75f6-4b6a-9da5-78397851a826,821f14d9-7bc0-4e9b-94af-b8fcb6e5280a
38e51954-57ae-4f1a-97f5-29d0ee719206,cdadb41d-3adf-405c-b6f4-2b006c30a176,821f14d9-7bc0-4e9b-94af-b8fcb6e5280a
541eb705-62e6-4e6c-bb64-429e736058b4,e6da6805-b855-4326-9208-af57187826d0,702c5cb0-a610-4240-9bed-879c69cdb9e7
eef397cd-b9f3-4497-8f5b-98c215fb0539,0c7bd0ff-61dd-474e-8fd7-6364af52a4db,702c5cb0-a610-4240-9bed-879c69cdb9e7
debe5206-8ba1-4cb4-b5d7-631a27b3ba79,aa148ec0-9153-49df-b0cc-1d00400ff827,702c5cb0-a610-4240-9bed-879c69cdb9e7
2b721f09-6391-4770-941a-bb9c764739ff,af977997-217f-49b2-9d04-cfaa3879296a,821f14d9-7bc0-4e9b-94af-b8fcb6e5280a
e75a2ea1-47ee-446c-bbd6-c10ec4a2ebc2,45a815da-6c04-4284-83c7-be19728a3f1d,702c5cb0-a610-4240-9bed-879c69cdb9e7
506646fd-5987-4166-8bf1-265c3895fd5a,22a6564e-b3d0-4b9d-ac55-bb29a06f27c8,702c5cb0-a610-4240-9bed-879c69cdb9e7
397ff0a9-434a-463f-b1b6-1f34b9abe19a,7690dd6d-5687-4116-9215-a4cfd211f54e,821f14d9-7bc0-4e9b-94af-b8fcb6e5280a
f4f9e91d-7a8a-42ea-aa9a-ba1a387a153b,5d920b1e-09b2-40e8-b9cc-9f5860244214,821f14d9-7bc0-4e9b-94af-b8fcb6e5280a
bf854726-ab04-43ad-8281-fefa78b57aad,e1e5ebc1-a818-4dce-9ec8-baf769d8b3e0,821f14d9-7bc0-4e9b-94af-b8fcb6e5280a
abac8a01-1ff3-4006-a111-fef2980535ef,f994af5a-3835-47b0-ac32-805593d8d816,821f14d9-7bc0-4e9b-94af-b8fcb6e5280a
e6d39212-4c19-4daf-88e2-086ef0e08858,7a0d00de-e13f-4c3c-ae08-22f3f2b45335,821f14d9-7bc0-4e9b-94af-b8fcb6e5280a
10740b0a-2447-4814-bbca-465ced86b446,232c8b8c-b3dc-4bdb-aabd-e5dbac09b677,702c5cb0-a610-4240-9bed-879c69cdb9e7
c7bf7d0b-2a58-43a8-a990-ea984ea8e243,2f4df381-9128-417f-ba82-85d5737d8f80,702c5cb0-a610-4240-9bed-879c69cdb9e7
3cdfe9a6-56ab-4198-9379-aab586208f53,e311470c-0d7b-417d-a71c-ce8439c6dc17,702c5cb0-a610-4240-9bed-879c69cdb9e7
2afbba5c-7f97-4d1b-9b42-f0c93171cafc,283ec52d-7188-4041-b523-836dd90710af,702c5cb0-a610-4240-9bed-879c69cdb9e7
7af4f2ec-2781-4127-862a-9efd3b731934,6e73465b-61b4-4f83-bb27-adb910e36529,702c5cb0-a610-4240-9bed-879c69cdb9e7
982634f6-d8ed-48f8-bd6b-fafdee558154,0da70cbf-33b8-44d2-bdb3-0149cd586af4,821f14d9-7bc0-4e9b-94af-b8fcb6e5280a
00e6e71f-a0fd-45ec-8b7b-9a97da47b3ef,2213562b-ddda-46df-a5dd-07e5fcb4c2c2,702c5cb0-a610-4240-9bed-879c69cdb9e7
4c719a41-9ede-42af-acc3-82e8fc7c2fd4,c4c0bb96-5556-43f4-aba5-e072aebdf0bb,702c5cb0-a610-4240-9bed-879c69cdb9e7
58888ee2-7b60-4b62-9fec-4c62c107bc0d,5fa8801a-2c58-49f3-9bc5-2cc50cfdaf25,702c5cb0-a610-4240-9bed-879c69cdb9e7
90ec4731-0ee7-4174-bfd6-41dab3b5bf9f,fd37a9f7-ec7f-4929-9cc7-3b4734c2e9c4,821f14d9-7bc0-4e9b-94af-b8fcb6e5280a
7ee6cd91-6ba8-4a03-931d-797acb049ce7,063f452b-28e6-4837-a15f-bf5786063ead,702c5cb0-a610-4240-9bed-879c69cdb9e7
744b802e-9b9a-4778-98cd-489816bcf228,c4a980c4-0dde-4aea-8abd-32a66f46ea55,821f14d9-7bc0-4e9b-94af-b8fcb6e5280a
9d7615e2-591e-4ccf-aa17-95bd80ae6166,1eb0f70f-028c-40ff-9e9d-c1c830adbfd9,702c5cb0-a610-4240-9bed-879c69cdb9e7
9f42df12-dc3e-4aa3-a62b-065bab820a30,f01f3519-ac6d-490c-8283-7ae4fde2e9ef,702c5cb0-a610-4240-9bed-879c69cdb9e7
05965f91-20f5-4e47-906d-0741ec009083,a943498d-3b7f-4265-9441-f54f60cc023e,702c5cb0-a610-4240-9bed-879c69cdb9e7
92098a69-6680-4631-8167-8e04756b4db6,9c76fe59-35bf-46ef-b46d-08ebfb7de703,4934dc25-aa95-4f0b-80f6-da9704d700d3
838d331d-e0b5-4bee-9132-070df2ed8115,e09f440e-c16e-4699-9eed-a01aeeb27d29,702c5cb0-a610-4240-9bed-879c69cdb9e7
eef4d9a6-0398-463d-bdba-8ea0b9fba22b,fa7cbbba-9f4a-4cbc-8698-cc15f640b77a,702c5cb0-a610-4240-9bed-879c69cdb9e7
c0255d89-9b08-4988-a353-04b8859a1576,701f02d4-2f2f-4ebe-bfe3-aed54c435498,702c5cb0-a610-4240-9bed-879c69cdb9e7
569485b4-91ea-4edb-af32-b40d5a5acdb7,08d014bc-f751-48e8-ae90-e890b51efcbf,702c5cb0-a610-4240-9bed-879c69cdb9e7
7366f26d-b6c7-4d32-aa27-89ca9c8a611f,5eb784b0-2298-46fd-b814-a9f7a3a0c8bb,702c5cb0-a610-4240-9bed-879c69cdb9e7
ecd43adb-0109-4919-a264-3080c0b75884,fad1ddff-b4cb-4c10-9ec0-5bb9801f7c25,702c5cb0-a610-4240-9bed-879c69cdb9e7
4aa2bbc9-f6ce-4b8e-9667-6ab3a1333a3c,fae1e603-cbe1-4978-a6f0-7f3d814bb967,702c5cb0-a610-4240-9bed-879c69cdb9e7
7bc850e3-2ae9-49f7-b369-65dae185fd5b,a6f738a9-8499-4998-b37f-f683f16772cd,821f14d9-7bc0-4e9b-94af-b8fcb6e5280a
55f89d4d-492c-4a46-9934-c3a03a65aa1d,07aa0b54-3dba-42bc-be08-a29f14688b22,702c5cb0-a610-4240-9bed-879c69cdb9e7
d2f84e5d-c0de-4ba8-9b0c-67a5d432847f,084586f7-7edf-449d-a18d-34880350a79a,702c5cb0-a610-4240-9bed-879c69cdb9e7
df1e32b9-c7e9-4e54-ae8c-a10510026e4c,26a89650-b49c-48a4-9b35-19d7a7edbd07,821f14d9-7bc0-4e9b-94af-b8fcb6e5280a
045af402-ff3c-4d71-aa46-6d59f1afb64a,ea6447f2-b177-4450-a8b9-ac9ef59e76ba,702c5cb0-a610-4240-9bed-879c69cdb9e7
c24dc088-f4e4-44e4-ab1d-43516b0f6a4b,2731f47b-ba33-4d55-82a9-39b049e29e47,702c5cb0-a610-4240-9bed-879c69cdb9e7
246729b8-a367-4507-8668-7f70f82fb128,8ecd39db-8aed-4b83-878d-eedb8d041864,702c5cb0-a610-4240-9bed-879c69cdb9e7
93f7fb57-60e6-4cdd-a5d1-ccc19909a50a,1cf937f9-a954-41e5-ae02-597c61f4e207,702c5cb0-a610-4240-9bed-879c69cdb9e7
ef700793-919c-4905-ac9e-e64f9dbc393b,9d8183bd-760b-48f9-849c-e20757a8914a,702c5cb0-a610-4240-9bed-879c69cdb9e7
93eb8b68-5de5-4133-b15e-a78bf1c9c391,7164b4d3-65b9-4633-bd5d-f2b04394f103,702c5cb0-a610-4240-9bed-879c69cdb9e7
fa79acfa-527a-4237-8213-7bb761f4b7e7,f876d802-dab3-418b-9fc2-a8c6562cc48b,702c5cb0-a610-4240-9bed-879c69cdb9e7
841c626b-50f5-43f1-a6da-48a4973bf2b8,baabd13a-ec62-42e7-9537-63791cc54e68,821f14d9-7bc0-4e9b-94af-b8fcb6e5280a
b2599dbc-4f43-4a90-9f2f-d12d4bc576bf,b6a8f580-93a6-4025-a28a-18d4687d6010,702c5cb0-a610-4240-9bed-879c69cdb9e7
96328d6b-1d27-4e1b-a09d-2762af785717,a126e96c-69a9-41ff-b489-280afe3eb4ee,821f14d9-7bc0-4e9b-94af-b8fcb6e5280a
f9afa02b-ee59-4939-a268-577a63c5550d,cfb79481-2627-4460-8fba-ecbe93d1deaf,821f14d9-7bc0-4e9b-94af-b8fcb6e5280a
f6321618-b676-4420-b195-31fd044b3aee,f42ea4f8-dcb5-4221-be38-7048e35df1a2,ed204181-0a5c-4ffc-aea7-05dc9d565ecc
d6fc3f59-6db2-4fc6-8d3e-09b35f69dc6a,31fc4073-219c-4df3-b30f-d37d25988910,821f14d9-7bc0-4e9b-94af-b8fcb6e5280a
51815aa5-8be2-4f76-b709-698d88331d05,fe069421-65e3-4d5f-bd3c-7829814c48fa,702c5cb0-a610-4240-9bed-879c69cdb9e7
70102ba9-54fc-4e7b-91c4-4268a28c2094,663bdda5-70d5-404a-945d-8cedefeabddb,702c5cb0-a610-4240-9bed-879c69cdb9e7
919c6829-2527-4f3e-a6af-f1ed20ba7138,18f6ef8e-a1f6-41c9-bc5b-99885c5acd62,702c5cb0-a610-4240-9bed-879c69cdb9e7
15f0d87c-4d8a-43b9-9d13-7f41fca5199a,698790c8-8094-4931-8c13-e556558bea62,702c5cb0-a610-4240-9bed-879c69cdb9e7
65cddba1-07f0-44bc-b799-0a68572d7d74,bbaa0bee-0ce4-4114-b089-e19e02d3b2e0,821f14d9-7bc0-4e9b-94af-b8fcb6e5280a
87a9ccd6-7f1c-4941-b52c-fd9656b1a87a,3feef821-43ff-4148-9af7-222d141e6b18,702c5cb0-a610-4240-9bed-879c69cdb9e7
613f064f-854d-4d74-b3c7-15a3dbda6cd2,263acc91-01ef-4c48-828a-8f21a9aebb02,821f14d9-7bc0-4e9b-94af-b8fcb6e5280a
54e1a7fe-3b32-4ac7-bbae-302d3fa07ba7,fed0f32d-3fd9-478f-9187-4f57baf4a0a7,702c5cb0-a610-4240-9bed-879c69cdb9e7
bae4479d-78da-453b-97ea-c15ea66977cd,a044b8d8-c823-425a-b13b-6861f01ea1e1,702c5cb0-a610-4240-9bed-879c69cdb9e7
5f1a97a1-23e2-4dc7-9fb7-e345b59bbc96,9e6e29a6-22ad-4695-90f1-5052b853c1cd,702c5cb0-a610-4240-9bed-879c69cdb9e7
aa619121-e39e-4435-a611-df47f04d42b8,6cd8c959-d4c0-44a3-a25e-565a3114a1e2,702c5cb0-a610-4240-9bed-879c69cdb9e7
24243725-450d-4c78-80f4-f875b662c6f1,0879ee4c-2f5d-4094-ab1d-345e5ecb88fe,702c5cb0-a610-4240-9bed-879c69cdb9e7
b47774fe-1848-4aeb-a0da-20b82789289b,8e190bc8-d692-4292-bb37-849df35bd257,702c5cb0-a610-4240-9bed-879c69cdb9e7
9085d53f-c200-41db-b5bf-c4dede40e39d,ecd5acae-ed52-490a-9dcc-1f45ae7c696e,702c5cb0-a610-4240-9bed-879c69cdb9e7
da3b2d65-6601-4619-a1d0-39a1d033b122,e19ac7a1-0215-4d46-8b62-babcd95e3525,702c5cb0-a610-4240-9bed-879c69cdb9e7
05b0e6ad-afcc-46a3-9a9d-6c7992baa60b,253b5c27-eaa7-4bdb-bcc3-1bb4174a1995,702c5cb0-a610-4240-9bed-879c69cdb9e7
a7907517-539f-4691-bd72-a7b791b42a3d,82ce2223-979c-4727-8c92-6fdaf2705a19,821f14d9-7bc0-4e9b-94af-b8fcb6e5280a
3555bfe0-8e28-44cb-bc8d-9f5af5f05e4f,20d2e357-e96a-4523-9ec7-a6eaf6a16562,702c5cb0-a610-4240-9bed-879c69cdb9e7
39c8cfd2-74fd-40bf-8314-a669c5bef0e5,2ed96006-9e64-4bea-b13e-74b8f947bb9c,702c5cb0-a610-4240-9bed-879c69cdb9e7
85f08803-f913-46f5-a08f-c0167b50fa8a,8441d620-9b62-4d6a-854f-71de01409206,702c5cb0-a610-4240-9bed-879c69cdb9e7
f0649de4-938c-49d3-a143-3ae72f693535,7b9486c4-0e2a-44c4-b03d-be25262622ec,702c5cb0-a610-4240-9bed-879c69cdb9e7
66b072a9-d114-4091-bb23-e309019daf21,e5d57cdb-fc05-4f2a-b917-a560b610ab39,821f14d9-7bc0-4e9b-94af-b8fcb6e5280a
7eedc679-aaec-48ac-9619-dabed620d72e,0eed7b44-cfc8-4e61-b4a3-ce1ffdebc7cc,702c5cb0-a610-4240-9bed-879c69cdb9e7
a112339e-fc9d-4d9b-af35-04ac32454c2e,b895220d-e85e-4b81-b17f-f7d307a5fe6f,702c5cb0-a610-4240-9bed-879c69cdb9e7
1ec24450-2e9a-4246-8261-01fda852c3e4,61d26b7b-f63b-4a20-97a8-dbd14f12c1d5,702c5cb0-a610-4240-9bed-879c69cdb9e7
e25409ea-4375-41b5-8a6d-837490b48a33,3376d30f-d70f-44c1-95c4-7e9880708977,702c5cb0-a610-4240-9bed-879c69cdb9e7
09a1d751-02e5-43c2-a7ec-9e5784f9974c,ccc3abc2-1021-432a-b186-a33eaad50835,702c5cb0-a610-4240-9bed-879c69cdb9e7
3d16e41f-fb81-47ae-b343-40152d6294a8,f4de87da-157f-460c-848d-8323610b1b36,821f14d9-7bc0-4e9b-94af-b8fcb6e5280a
4ecec32b-692c-432a-bc24-6e0aee881467,029c9da4-7ad5-4691-9e7b-15b30b0c4a2d,702c5cb0-a610-4240-9bed-879c69cdb9e7
e1eb08d0-3d8a-47d0-8b5b-d9719fd36a62,0e58d8e2-fc1a-4832-8641-56b496c92f3d,702c5cb0-a610-4240-9bed-879c69cdb9e7
42a5ce5a-fa78-4d1c-96e3-8b57ace0aad1,18d380e1-e48d-4d8a-9c94-1ceaf7982c1a,702c5cb0-a610-4240-9bed-879c69cdb9e7
6c535cae-fc4d-413d-a401-b79c402eae07,2ee55db2-69dc-4592-94e8-02cad20a9e30,702c5cb0-a610-4240-9bed-879c69cdb9e7
53f65a06-2ef5-48d0-a2d7-11972fb0d4ae,39f3bc3a-3b54-498e-b64d-14fb5c3d29fe,702c5cb0-a610-4240-9bed-879c69cdb9e7
7964ca1d-fbe9-403c-badc-679c7f3ed970,e540e8eb-5701-462c-bb74-1b8dc817f4d1,702c5cb0-a610-4240-9bed-879c69cdb9e7
6babac2c-93e4-4aba-809a-c8955e4eee6c,cb8a6b22-61cb-47e9-b8bd-317d77168ccb,821f14d9-7bc0-4e9b-94af-b8fcb6e5280a
8c88322d-56be-4db5-8d53-4c23ec43e699,19f097eb-56dd-46de-b5c4-05800cb295d2,702c5cb0-a610-4240-9bed-879c69cdb9e7
9eea4214-4896-4b4e-9044-e6d9e9e739ff,7b1cf171-3559-41ec-b362-a6c057b56698,702c5cb0-a610-4240-9bed-879c69cdb9e7
f7c72ffc-95d1-4279-b153-efe27d0b51c1,84813f90-c537-475a-a277-9843483e310b,702c5cb0-a610-4240-9bed-879c69cdb9e7
5cb6b1cd-62d0-442a-acad-3520e280cbe8,79ccd9b9-4140-498d-a0fc-e3fa01069e9e,702c5cb0-a610-4240-9bed-879c69cdb9e7
c00a707b-d19e-41f1-bd5c-02fe20284d19,5f98a3f6-9b5f-472a-aa73-fd9f29e283d1,702c5cb0-a610-4240-9bed-879c69cdb9e7
254b1070-1ed1-4c4b-8250-00c2c2d7cc70,03436a38-e42a-4368-90c3-07b91480aef9,821f14d9-7bc0-4e9b-94af-b8fcb6e5280a
67c730e0-6aaf-413b-8011-a5d21a9e82d3,7d56b66f-b755-46c2-871a-279885b56a67,702c5cb0-a610-4240-9bed-879c69cdb9e7
b70ca189-a5ee-4dd5-86e4-bda1f8c4fdc1,ee87681e-6955-48c4-b5bb-4108f4a23a7a,702c5cb0-a610-4240-9bed-879c69cdb9e7
04844218-b63e-487a-97f6-85a4f01b8082,a9ee5476-2711-4a24-bcf1-f4d955682856,821f14d9-7bc0-4e9b-94af-b8fcb6e5280a
19bc1bd1-1958-4661-acbd-162cffb1cc6f,24cf29a5-5223-42ea-8ebc-539886a29ccc,702c5cb0-a610-4240-9bed-879c69cdb9e7
ce938fb2-0744-448a-877b-9357c89e8dbd,5884553f-ad1f-41bb-9d85-416b2e60a16a,702c5cb0-a610-4240-9bed-879c69cdb9e7
a87630dc-9528-41d3-aebc-7c91a2e34707,2bc2532b-6ea6-4a2d-b984-a05317234e4a,702c5cb0-a610-4240-9bed-879c69cdb9e7
52505fd8-f492-4e4c-a58f-51f2ee70dd06,eee3783e-723f-46b3-bbd8-5251370e1b33,702c5cb0-a610-4240-9bed-879c69cdb9e7
56f88fc1-64fe-44a3-bbd5-def291bebb0c,af5a2f02-dcfc-401c-9e4d-08ad5bf54c37,702c5cb0-a610-4240-9bed-879c69cdb9e7
b614bf95-316f-4c39-b5e6-006660e81126,82193cc4-5189-45b0-b0ce-fe794908e15d,702c5cb0-a610-4240-9bed-879c69cdb9e7
89b0762d-c66d-46b8-9395-9cfd7121fe89,e9399682-6f73-47c5-8a6d-c4e0efffd447,702c5cb0-a610-4240-9bed-879c69cdb9e7
6da63933-ecb4-4379-a6c4-bef46ad3ca65,6d62e1c4-5233-4462-8a0b-39ecc4a716bf,702c5cb0-a610-4240-9bed-879c69cdb9e7
79c689b0-6ac1-47cd-a282-285dcec42595,2457745c-c2a8-42d1-98b3-db75f31ed7f6,702c5cb0-a610-4240-9bed-879c69cdb9e7
01f4c5f8-9557-47ba-8e96-4bf7efa2e5c6,b0d08f10-d9f8-430a-881f-ce22e0a5a9e2,821f14d9-7bc0-4e9b-94af-b8fcb6e5280a
2ba7a4e5-bce6-456f-bcb3-603a5055e6be,b59fa2a0-dbc8-4ae6-bc26-4c3b3c34f99b,821f14d9-7bc0-4e9b-94af-b8fcb6e5280a
326ec1d9-b36c-47b5-90d7-27ea138255e6,68639f3b-1bfd-45b5-bd3e-8760123d3c57,702c5cb0-a610-4240-9bed-879c69cdb9e7
01c5d26e-3ceb-49c1-bd51-b0edc09c94a7,4c5cbb18-5fc1-4672-9019-98b8f604a23e,821f14d9-7bc0-4e9b-94af-b8fcb6e5280a
220bd789-78af-42c0-88cf-21f037275099,a0bdc93f-2e0f-45fc-9b2a-5e66641da4c3,821f14d9-7bc0-4e9b-94af-b8fcb6e5280a
3c4d428c-2e69-452e-97c2-f2bdd0c0ac61,c5617f73-65ec-4e89-bb46-2ede80db4f8b,702c5cb0-a610-4240-9bed-879c69cdb9e7
5e1ff46b-92f9-492b-b85d-ff114ea02927,65b488bb-81db-4d6b-bb4b-716b34b4ccee,702c5cb0-a610-4240-9bed-879c69cdb9e7
7a5723ed-0856-4a6a-9d8e-a25569755061,f808f3f0-8195-4e0f-a7f9-57eb8922bd95,702c5cb0-a610-4240-9bed-879c69cdb9e7
f8962461-f58c-4214-8756-12f55ebcc1ac,ac9d8768-fb0f-40f0-b275-6bc852fd7d2d,702c5cb0-a610-4240-9bed-879c69cdb9e7
82127888-8d1f-4b44-9e92-b5f25f5af23b,aa4e1903-c3da-4988-aa98-8561867b312a,702c5cb0-a610-4240-9bed-879c69cdb9e7
3c0fff4d-7a58-4988-a21f-4a10698a3e8b,c5db8705-852b-4f27-bf4a-6fedb39366da,702c5cb0-a610-4240-9bed-879c69cdb9e7
28de0a70-3b0d-4d82-9a6f-fed71493c879,89a99eb0-f412-41e6-ba77-4393c30d8dc9,702c5cb0-a610-4240-9bed-879c69cdb9e7
edfec3f0-09e1-41f1-9082-37c214dee28f,c57b4ddb-c043-4715-85c9-2b3f788d433b,702c5cb0-a610-4240-9bed-879c69cdb9e7
49b2bb62-c1b8-4546-a98b-79b5cad6d5da,534b614e-a8fb-4781-8185-6dbd0b540094,821f14d9-7bc0-4e9b-94af-b8fcb6e5280a
c7daf51f-80c9-482f-b616-426bac33abbe,e0c1be19-88dd-4c51-a9d3-c1b32d12994d,702c5cb0-a610-4240-9bed-879c69cdb9e7
33b53f66-e631-4bb3-928e-39893a6b79ad,97b32418-93ae-406a-b39f-7df8f38a9723,ed204181-0a5c-4ffc-aea7-05dc9d565ecc
f776236f-264d-485a-a66b-a43a59ce79ed,f3e73991-3e54-498e-b6c2-9328d3d468de,702c5cb0-a610-4240-9bed-879c69cdb9e7
d361bcfd-d61d-4cc4-8132-8e31e1b81539,ce0d92c0-57da-4617-a503-d8371b34cb55,702c5cb0-a610-4240-9bed-879c69cdb9e7
f9c221e5-199f-4d9c-b349-c984f63cba15,9a392922-ff86-4290-901e-f0eb8efeeaba,702c5cb0-a610-4240-9bed-879c69cdb9e7
86db5932-8881-49a9-8e78-3b803dbbfe82,07ff839b-674b-4fcf-a9e2-35642f55bc5b,702c5cb0-a610-4240-9bed-879c69cdb9e7
1c3fac38-1d79-43e5-9c57-bfdabb445595,3925738f-1a65-45e1-8859-97ceef6b455f,702c5cb0-a610-4240-9bed-879c69cdb9e7
c6090b57-3715-454c-9ba3-2b6862e09422,dd3c9616-14c1-4223-989d-fc03a015625f,821f14d9-7bc0-4e9b-94af-b8fcb6e5280a
54f09b76-14a7-460f-98e0-d2f7b5f15ed9,9d15152f-9c83-40ce-916a-bcaff496ee6d,702c5cb0-a610-4240-9bed-879c69cdb9e7
f2a4277e-d3a5-4f5c-8e0d-e5dd49427e85,18cfa794-99c4-488f-8a4e-66ebb955dcd0,821f14d9-7bc0-4e9b-94af-b8fcb6e5280a
4f7c9f57-5a15-4e2b-839e-6895fdbb07ff,f39a3413-963e-432d-9957-c24cd6e73520,702c5cb0-a610-4240-9bed-879c69cdb9e7
327d9a16-775e-482b-bc5f-f2f2770b0bab,1d83a2ba-d691-4f9c-9fa1-8b9dfcf5a00a,821f14d9-7bc0-4e9b-94af-b8fcb6e5280a
80fece31-387d-4021-9958-475e22bb9b4e,9623d7b2-1c8e-44a7-bbec-23fab4fc8da5,702c5cb0-a610-4240-9bed-879c69cdb9e7
a87bc855-9155-498b-aeaa-52646dc692a6,729625c1-eca8-4f49-95dd-76dcccbd00d0,702c5cb0-a610-4240-9bed-879c69cdb9e7
44719030-627b-4b28-82a7-410f29d9f8fb,48a5f7ce-3fe3-4bef-95ce-9f80b8b7f5c8,702c5cb0-a610-4240-9bed-879c69cdb9e7
92a625cb-c487-494a-9096-790ebbca738f,86e9e728-7e51-4af7-83bf-759c3433b6d9,702c5cb0-a610-4240-9bed-879c69cdb9e7
e11b64ad-40dc-49bd-9d60-816e264fdb2c,863d342f-51a3-4e79-9166-c1b4efe420d2,821f14d9-7bc0-4e9b-94af-b8fcb6e5280a
8804c777-98ef-4cf7-81ee-f345caaa94dd,fc5515ca-c8e4-45e0-9438-02ca2293a951,821f14d9-7bc0-4e9b-94af-b8fcb6e5280a
1e3d02d6-a59d-491c-8062-3b209f40dd2a,60fd4409-6e74-42d8-bb74-afa0e68c1e0b,702c5cb0-a610-4240-9bed-879c69cdb9e7
3803ebc0-30c9-4069-8baf-69f4dcd6a10d,22429e9e-2f04-47d1-aba2-38f8e2a88794,702c5cb0-a610-4240-9bed-879c69cdb9e7
f2538518-99ec-4285-8073-fdf2b411c731,6819f52e-6e33-4baa-baf0-c4d9f7b790a2,821f14d9-7bc0-4e9b-94af-b8fcb6e5280a
aa6487ba-fcde-4faf-932f-5b035790cbe0,56084b99-5df0-41c0-86ee-eaeaf783116b,ed204181-0a5c-4ffc-aea7-05dc9d565ecc
b761c9f5-52b6-4c23-a26f-aa80a64c3d48,b79ac885-0944-4fb1-bd9d-900b6234a1f4,702c5cb0-a610-4240-9bed-879c69cdb9e7
51a6218a-7f29-45be-b22a-7aac2c04b7b8,93c2d10b-3547-4998-8aac-bc6054237a97,702c5cb0-a610-4240-9bed-879c69cdb9e7
7a7d2461-4b3e-4a38-be57-63616e1a39da,6a91d53c-7dc7-420e-a40d-6f73874fe902,702c5cb0-a610-4240-9bed-879c69cdb9e7
02162fc3-617d-403a-b441-40d682df6fd0,484a4cab-41dd-4fa6-92fd-0bbe7d3817f2,702c5cb0-a610-4240-9bed-879c69cdb9e7
39a3a91e-7005-43d5-9bf5-f7e226347d01,2ea38920-fc57-4007-8f5d-8a6d0fa2d63b,702c5cb0-a610-4240-9bed-879c69cdb9e7
d6964445-0568-467e-af4b-0fa12b7f8e1a,c050c42c-9f7e-4ad1-8bf0-2c68bb6733d8,821f14d9-7bc0-4e9b-94af-b8fcb6e5280a
783a9ea6-7a12-443f-a7f2-a24ad841d2ed,efbc651f-4af1-4628-93f5-ac773493986d,4ef94708-9c27-402e-9600-3eb5525b0ca9
e1c95ab3-d4bf-42ec-b38d-b595128a50c0,6abfd41c-ec05-49be-a645-53b27be3f65f,702c5cb0-a610-4240-9bed-879c69cdb9e7
b8aac0e9-6fdb-4013-ac44-b661c2b1845c,faee175f-32c7-41d6-a282-8d3191888146,702c5cb0-a610-4240-9bed-879c69cdb9e7
db398033-2dcb-4f99-b7ec-23e2f984a488,9c4cf1be-c835-4cc5-bac8-0ad1d47aaba2,702c5cb0-a610-4240-9bed-879c69cdb9e7
b43c5f2d-0d9a-43ff-9af1-4f5904d094f5,1bc2711e-92d0-4d4f-bca4-16e7ba4cf58f,702c5cb0-a610-4240-9bed-879c69cdb9e7
43c465f4-25cd-4fd9-b309-82e3c7ac64b8,d6d9f7e8-8a03-429e-b558-23c24b80bb3a,702c5cb0-a610-4240-9bed-879c69cdb9e7
ce8711b7-da1c-4da0-abcd-78d7765609c5,9a31eae1-11c9-4291-9f16-6102a8dc1f8a,702c5cb0-a610-4240-9bed-879c69cdb9e7
d8f5fd40-a5a9-4429-806a-752f9b551c6b,8ddbf099-b095-449a-8cb6-ca3b002e38fd,821f14d9-7bc0-4e9b-94af-b8fcb6e5280a
c2a3162a-382e-4e38-b244-5da11e06dd1e,b5e37bdc-cbd4-4ad3-aebc-c84e081f6317,702c5cb0-a610-4240-9bed-879c69cdb9e7
0d646ed9-2001-4cdf-b007-fe92ad8bd1ed,15deca5e-36d8-4d99-94fe-bfc65cc69634,702c5cb0-a610-4240-9bed-879c69cdb9e7
b1bb5e90-8080-4439-8918-0a0972c30b1f,9dfc33ed-e2e2-4ed7-a87d-05f77513b995,702c5cb0-a610-4240-9bed-879c69cdb9e7
d3d0ff84-f3cf-4d79-98ab-8eac5a25baa4,8a8b8e4c-d969-4ef0-ba99-86528a2417ae,702c5cb0-a610-4240-9bed-879c69cdb9e7
a0424cd7-6bac-4a00-aefc-3bf71cd24a12,1a4de49c-153e-4d16-87ae-4734afd25459,702c5cb0-a610-4240-9bed-879c69cdb9e7
c4598c6f-1524-4cbd-b25b-46ad692cbb27,f9a3ffef-b80c-4171-ac0b-14489766143f,821f14d9-7bc0-4e9b-94af-b8fcb6e5280a
cd53662b-ba3e-44d5-ae4f-ec7cbad04be1,75c738a1-738d-47e2-807e-896c14046172,702c5cb0-a610-4240-9bed-879c69cdb9e7
35d10ab1-92f6-4d42-91d8-fb81bc52736d,66e9d118-3c02-4fc2-9a7b-c762de55a3df,702c5cb0-a610-4240-9bed-879c69cdb9e7
32d8dfd1-4de1-467f-a025-792065004ded,9948870d-92b0-437b-96d9-b10df88cde52,702c5cb0-a610-4240-9bed-879c69cdb9e7
aa451f78-b8d3-423a-81f5-c18e8b8a73a1,f9cff961-27ca-4c6f-99fc-6bf62fe8b2d6,821f14d9-7bc0-4e9b-94af-b8fcb6e5280a
2721e233-6996-41ec-8809-82cde384fe88,786140f6-196c-49df-a072-9dfeb22caf41,702c5cb0-a610-4240-9bed-879c69cdb9e7
9d59f10e-ed44-4c04-90a2-9792c23e3613,84eadf05-227b-4d39-812e-f602820364f0,702c5cb0-a610-4240-9bed-879c69cdb9e7
e6977406-4ea3-4598-9bcf-23c08e5c319b,789f7504-b012-410b-82f0-824ba257c3f7,821f14d9-7bc0-4e9b-94af-b8fcb6e5280a
4b54c973-83a6-4bf0-8939-c01a5bded5d0,609f576f-e552-45be-9f3f-1d5819b95ff9,702c5cb0-a610-4240-9bed-879c69cdb9e7
82f115f6-1f6c-4cbf-862d-404f66ec9730,57a72f04-1ddc-471e-822b-040254ca70ab,702c5cb0-a610-4240-9bed-879c69cdb9e7
bfdbb689-2155-42f1-a1ea-3f53d9603823,4b537ec9-303c-4b78-9fc5-27cff2bc4716,821f14d9-7bc0-4e9b-94af-b8fcb6e5280a
70b38b61-2bae-49d5-a194-d4f47095f000,0d2b158a-4892-4b0c-93cd-278683f923e6,702c5cb0-a610-4240-9bed-879c69cdb9e7
d813ab20-f8a7-435c-b8b7-bfa6366074bc,7044ba1e-0c27-44bf-919d-6767104f4f2a,702c5cb0-a610-4240-9bed-879c69cdb9e7
2617d94a-2bf8-4fbf-b6e5-2f4595aef98b,afee6e58-6179-4db8-8fcf-10e021ff340c,702c5cb0-a610-4240-9bed-879c69cdb9e7
a91860b7-588d-4844-a7f4-05f0e7a74cc9,a2da6de4-e5cc-41a7-aa9d-819737a406a4,702c5cb0-a610-4240-9bed-879c69cdb9e7
a9206313-d745-4dcd-afaf-841d2ed1805e,3d371cd6-495e-4c65-b62e-dfe38824f61a,702c5cb0-a610-4240-9bed-879c69cdb9e7
95a47c2c-6881-4b78-80c9-8dc1a1656fed,e78fbbe6-6623-49d5-8bc5-ea509321c4f1,702c5cb0-a610-4240-9bed-879c69cdb9e7
ae15b820-2a48-4df8-a5cc-6713ee4d1bbb,69db46bc-c9a3-4a6a-a75d-8907c893395e,702c5cb0-a610-4240-9bed-879c69cdb9e7
3fdf26b2-fa0d-4c82-9b0d-dfe26675c787,cecf3d01-5b22-4f83-ad49-acf122e9c417,702c5cb0-a610-4240-9bed-879c69cdb9e7
5a52fb4b-bca1-4920-abcb-d7f25d99c24e,50e2384f-217a-41c8-87b9-e429556687b0,702c5cb0-a610-4240-9bed-879c69cdb9e7
e417a042-e806-40b5-b782-e882ba57285b,540822ee-8b16-426d-8672-a07b4eeaf350,702c5cb0-a610-4240-9bed-879c69cdb9e7
109f56e7-9098-4b3e-9527-2d61ad6c23d0,e57c3049-fcb4-45a6-8bd3-816aee31c9eb,702c5cb0-a610-4240-9bed-879c69cdb9e7
8ab7580a-5263-44a8-b5fd-ddee250d018e,0196ded9-e904-4158-b555-2d7cf5bc1078,702c5cb0-a610-4240-9bed-879c69cdb9e7
a21df371-e84c-44cb-88d3-46468453e8f1,b82a618d-e038-4677-849b-4137bdcdf72d,702c5cb0-a610-4240-9bed-879c69cdb9e7
ef203d78-8b8d-4250-8b02-5ed8e9774d0a,70ef138a-9fa1-4e7e-ab05-c590a4b15d71,702c5cb0-a610-4240-9bed-879c69cdb9e7
88657ebb-e51f-44a5-8295-a32d1002329a,b0c6a57c-6c65-4ca7-a380-84aa72761086,821f14d9-7bc0-4e9b-94af-b8fcb6e5280a
c28058a5-311a-474f-8fd2-44d52357545a,2e176f59-fe1f-446f-b08a-5aaf4b741900,702c5cb0-a610-4240-9bed-879c69cdb9e7
e78457a7-b534-44f7-8b5f-0cd7a44028e0,ea7773b8-f831-49e7-bb54-9e1d3ebf38a5,821f14d9-7bc0-4e9b-94af-b8fcb6e5280a
41cee5f8-32d9-46ee-9c29-0ded02287e3c,60d1706d-6c3c-44e1-a878-4b204833e17e,702c5cb0-a610-4240-9bed-879c69cdb9e7
6fda4329-8cfa-4cfd-b70d-192a65553f75,728c5948-71fb-4921-9b03-3aed6eb13ce7,821f14d9-7bc0-4e9b-94af-b8fcb6e5280a
255701c9-7d23-467c-b500-ef06f9d80504,e7535ca5-46f6-4344-8d20-8e0a8a8b8caa,702c5cb0-a610-4240-9bed-879c69cdb9e7
5d9a367a-d2aa-46bf-8a92-7fcf51f75669,a6b6a890-2eb0-4c33-bc81-6c4c2c79c6cd,821f14d9-7bc0-4e9b-94af-b8fcb6e5280a
f285f211-bfa6-4ee2-b0f2-59f52efee95e,65acecff-0f2c-4c83-bf36-99ce2a9ad39b,702c5cb0-a610-4240-9bed-879c69cdb9e7
eb53240f-e567-4e0a-a55d-b146152ba360,d622f556-2357-4125-be28-1028fb61d285,821f14d9-7bc0-4e9b-94af-b8fcb6e5280a
e9062087-bdb2-4ada-a4ad-63027b2a7057,9de5459e-6eaf-423c-ae49-d9be4f184b6a,702c5cb0-a610-4240-9bed-879c69cdb9e7
c9f85d0e-c1bb-4318-97ea-e1091cbe4eeb,f2d8776f-efc3-4114-bea4-86c24c34b81f,702c5cb0-a610-4240-9bed-879c69cdb9e7
16d87a1d-1dfb-469e-ae2f-4b02d2167dfa,ad1c6c88-288c-470b-b82a-55e6a5003019,702c5cb0-a610-4240-9bed-879c69cdb9e7
a1a19b1b-67dc-4467-8962-1ad81e1866ad,6f3537d7-8181-418b-98c2-5a9c8d06693e,821f14d9-7bc0-4e9b-94af-b8fcb6e5280a
77fd073f-f754-4798-a7b3-c9690328b470,3cc67b5e-bbe3-4fa0-8056-8dcbdec8aab0,821f14d9-7bc0-4e9b-94af-b8fcb6e5280a
2bdeea66-9b85-4c22-b53b-a8c1b51cb4a5,023c4e08-b11f-44ae-a210-73274271930a,702c5cb0-a610-4240-9bed-879c69cdb9e7
c2576c44-9904-4b8a-a11a-b04c96f3f96e,1cf50f4c-86f8-4880-bf10-cdee13807813,821f14d9-7bc0-4e9b-94af-b8fcb6e5280a
4a8d8adb-73de-44e7-8d67-a41f0c926406,62774d0e-a07c-4293-9918-8c0bd2b6edad,821f14d9-7bc0-4e9b-94af-b8fcb6e5280a
16ed3996-02a4-4425-a74d-9909bad2c67e,e8eb5cb9-066c-4b34-bd92-93c452354d4e,702c5cb0-a610-4240-9bed-879c69cdb9e7
bf492fea-f40f-426f-8d6c-0babbe461acf,a556083d-b031-4833-b9af-bd0432795356,702c5cb0-a610-4240-9bed-879c69cdb9e7
80764db6-36a4-4fa7-85ab-f4d4e0253c1f,8d1f9c14-7b65-4a30-9946-512e6302a431,821f14d9-7bc0-4e9b-94af-b8fcb6e5280a
3e2a012f-84cb-4592-b794-1bf6b92e03ba,a3a08c75-c95d-4466-859d-436dccacec0b,702c5cb0-a610-4240-9bed-879c69cdb9e7
cbfd5fd2-2738-4f7e-a0c6-1a3645f06d14,c12fcafc-4b49-4050-9807-3f17b3c3c256,702c5cb0-a610-4240-9bed-879c69cdb9e7
36e93e9a-e5bc-4933-953e-92809c72afe5,d4519fdf-ae80-456b-84f4-61474b48a0eb,702c5cb0-a610-4240-9bed-879c69cdb9e7
8e74202f-9091-41e1-af79-2032f747b159,4dae1c86-6197-4b80-a74f-df81e3433d0b,702c5cb0-a610-4240-9bed-879c69cdb9e7
2db1ec81-cedc-47c5-b04c-ef887e0daaca,0dfb9e54-5130-4abe-9442-a7f7b38a139d,702c5cb0-a610-4240-9bed-879c69cdb9e7
a348e7e4-7eae-4ffd-93c0-de443c7ab4e2,54d0c6b0-f24e-4258-845f-95fcf4627931,702c5cb0-a610-4240-9bed-879c69cdb9e7
cabcaa47-7ecc-4f3d-aca2-a330aae3c3be,3df3431a-149f-4845-852b-2057d1b7252f,702c5cb0-a610-4240-9bed-879c69cdb9e7
d0e1237f-2352-40f8-98a9-5c64ab136373,6d4cb747-d73f-4262-8d63-38d2ea2e6609,702c5cb0-a610-4240-9bed-879c69cdb9e7
50235794-6b69-4209-966d-9ee8343ba05f,64078490-8f86-4fb0-b9e8-2d207b516ae9,702c5cb0-a610-4240-9bed-879c69cdb9e7
ffa58795-0692-4c07-9e5b-69919da255a8,04be152f-5b2f-4768-b01e-9f11b64da4cd,702c5cb0-a610-4240-9bed-879c69cdb9e7
ade3fe8c-066e-402f-b227-1cbcc9e236d0,09b0d422-cba8-4b5a-bbca-a84539f02af1,702c5cb0-a610-4240-9bed-879c69cdb9e7
431329ef-6940-4566-9acd-844899b52dee,4f68743d-8160-440c-b6ea-ead4ff1b6486,821f14d9-7bc0-4e9b-94af-b8fcb6e5280a
21d20e32-e338-4cad-ab27-46f893645763,f03b2d44-1c44-494d-a87c-ecb2edad4b4c,702c5cb0-a610-4240-9bed-879c69cdb9e7
5b802589-27bd-41b8-bc1e-3bd09f32ce79,da73c54a-e063-4747-bea9-f2b81c30b960,702c5cb0-a610-4240-9bed-879c69cdb9e7
db38981d-e403-4606-80c5-b9385d313c8e,45e8071e-5150-4e21-bc76-1246310bc457,702c5cb0-a610-4240-9bed-879c69cdb9e7
48aaeb19-14d0-4bec-a312-bcd549fd81a5,6a2071dd-d67b-45c0-8d5b-e62b37d6754a,702c5cb0-a610-4240-9bed-879c69cdb9e7
3ba9736d-32e9-4fb1-864c-b77eeee95c79,b243a20d-362a-4974-877b-33fb8e051d23,702c5cb0-a610-4240-9bed-879c69cdb9e7
1dc50822-28a8-463f-86eb-3d62911fb1a8,2d619572-e1b6-42ab-8691-9a19b20ca4de,821f14d9-7bc0-4e9b-94af-b8fcb6e5280a
8966a74b-9cf6-4de1-81aa-0af9c6309764,8c23989a-8b79-44d9-8e42-626010d1369c,702c5cb0-a610-4240-9bed-879c69cdb9e7
8069979f-81d9-4d41-abae-06afe2be35a0,a878ad4c-29e5-48ba-a959-042ed92da5c7,702c5cb0-a610-4240-9bed-879c69cdb9e7
2b7e8edd-bbb3-48c9-9759-9ae5519956c0,3d34e77e-e4fa-48e9-af98-35ac942c7acb,702c5cb0-a610-4240-9bed-879c69cdb9e7
8ba0411e-b419-4c0f-87fb-7efe59998a20,23cd7408-f4ca-47d0-baaa-c5a95b6af7c8,702c5cb0-a610-4240-9bed-879c69cdb9e7
3e3bee4a-d5bf-4091-b3bf-03eb8e2ebc33,58ed2ade-be88-4583-b244-e08abd4f5129,821f14d9-7bc0-4e9b-94af-b8fcb6e5280a
aeea749f-b9a8-406f-81de-ca922cfb1fe5,c22d053a-97f1-4e4d-8066-2b43a0796d50,702c5cb0-a610-4240-9bed-879c69cdb9e7
466cf716-ab95-4681-a164-9702263f7e5b,47b684b4-0773-4aba-ac57-0cc28df9dff9,702c5cb0-a610-4240-9bed-879c69cdb9e7
650216b7-16bb-418d-a4f0-d2d800b736fc,cb97a539-8769-45c2-9657-99f2c377289f,702c5cb0-a610-4240-9bed-879c69cdb9e7
9e1e94e4-4cd5-4c55-ba9f-d21a23661655,adc7a378-db78-4747-a1b3-866aa56fed00,702c5cb0-a610-4240-9bed-879c69cdb9e7
83768800-b4c0-490d-b12f-95e08c04d9de,13eb04d6-f827-4128-8261-16c72c48440e,821f14d9-7bc0-4e9b-94af-b8fcb6e5280a
9cdbc4db-8c94-4ba0-af67-146a2dffd5cc,01ffd8e4-3af6-452f-bd76-6bb7048e06aa,702c5cb0-a610-4240-9bed-879c69cdb9e7
6194328d-9e9b-4d3a-ba09-10379bdae9f7,0eb9a9aa-8298-448f-a1f8-ac17e96ee421,821f14d9-7bc0-4e9b-94af-b8fcb6e5280a
c31533c6-7b19-4a16-b5fc-265a917805ab,1a074497-289d-4ae6-a8b7-21ec6f824cc5,702c5cb0-a610-4240-9bed-879c69cdb9e7
8296e883-93d5-4a34-b6b8-3032274b6aa3,dcd330f3-cdf3-48d5-a871-7dd4f6b0d92e,702c5cb0-a610-4240-9bed-879c69cdb9e7
f7d0c0b6-0cea-4528-9724-ee3305ca5697,48f3f231-dd02-43e4-93c4-214787b37d4a,821f14d9-7bc0-4e9b-94af-b8fcb6e5280a
28ef5d7a-0d18-4cfe-a78e-c8bf2845876b,06a309fc-6d25-48f5-8e5a-4d70100c7ba8,702c5cb0-a610-4240-9bed-879c69cdb9e7
462a9082-4af0-4375-bb61-dc238ccda538,acaebec6-4e4f-446d-9340-45dbfca27bcb,702c5cb0-a610-4240-9bed-879c69cdb9e7
9f39e7d5-b6a6-453f-a8a8-d94903634a9b,fc2a57e1-7411-4468-992a-3354385e13bf,702c5cb0-a610-4240-9bed-879c69cdb9e7
b17c932c-ca91-4213-ae42-52a5ca9c207c,45d025e7-6e29-4ffe-8a8c-290c75bbc0e2,702c5cb0-a610-4240-9bed-879c69cdb9e7
b2a5368b-e14d-42d1-b513-5c2ff2d9379a,5ab25511-a4aa-41c7-98e4-3bbcad797800,821f14d9-7bc0-4e9b-94af-b8fcb6e5280a
9eb89208-0715-4fe4-a05e-d6283c924fbc,4a08412b-42ef-4dcf-977e-87073f3e4ca0,702c5cb0-a610-4240-9bed-879c69cdb9e7
6842b889-1255-42a6-b4e2-4387d79f2401,cefcfa72-d87b-4bcf-9ac5-3079ed65e3a9,702c5cb0-a610-4240-9bed-879c69cdb9e7
7add0e53-1d5e-44b7-b9de-887680dc4c83,e1ba0a74-2bcc-4c9d-8d3b-6e0a038867cf,821f14d9-7bc0-4e9b-94af-b8fcb6e5280a
2611df98-ec25-4988-979e-819beebda2ff,62508061-b170-4e0b-8503-883eaf009eff,702c5cb0-a610-4240-9bed-879c69cdb9e7
d67aa3ab-560b-4c93-bc8b-14733ef5358a,38ed2086-0167-4582-8c67-19e9782df245,702c5cb0-a610-4240-9bed-879c69cdb9e7
2f3628e1-cb6c-4ba1-8602-a01f8dc19c1f,dd75dc94-ac09-4a0e-908a-0842cd178ed5,702c5cb0-a610-4240-9bed-879c69cdb9e7
8bedcf1e-b0a3-401d-8f29-30a306e5ada0,471fb23d-444b-48f6-964e-d1307621b687,702c5cb0-a610-4240-9bed-879c69cdb9e7
9d793286-d778-47c0-95e7-0bfce6a72ac8,b9371de3-b0c3-4c8d-a58b-4eda177d8ae2,702c5cb0-a610-4240-9bed-879c69cdb9e7
6e1e6c12-79b2-4e53-83f7-63bb5ecc5da9,67269779-30bd-4819-bae6-5e925efa391a,821f14d9-7bc0-4e9b-94af-b8fcb6e5280a
6fc2d0f4-182f-45de-85a2-63c9fddacd31,5a494cd2-cad1-4023-82da-752989a8dba3,702c5cb0-a610-4240-9bed-879c69cdb9e7
9b21bc6c-2681-4c0e-a8f6-aad964f14f30,3029250d-50a5-4ef1-a65e-54e010f4d08d,702c5cb0-a610-4240-9bed-879c69cdb9e7
0849f3c0-d304-4713-a976-aeea16f97084,ea6f9a03-3050-4a62-939d-18a888fd19ae,702c5cb0-a610-4240-9bed-879c69cdb9e7
2a7ae4f6-c911-4c2f-96e1-e83078bc9a1d,94d0b3cb-6a6e-47fb-a880-97c60c7a7b62,702c5cb0-a610-4240-9bed-879c69cdb9e7
7aae0b65-d30a-4a7b-aa3a-b5b2690de8bd,eef9aa59-ecfb-4327-8be2-ff2c17df022d,702c5cb0-a610-4240-9bed-879c69cdb9e7
435c72f7-c1c1-4f26-82f2-52ae6d15f5b7,50e9d19c-3d3d-4d73-ae6d-8544a2cf708d,821f14d9-7bc0-4e9b-94af-b8fcb6e5280a
7495a94d-cc30-4d66-a763-b92f363115d5,47bc193c-7c96-4ac6-8292-570c181f7892,702c5cb0-a610-4240-9bed-879c69cdb9e7
12464734-ac2b-4bc9-995c-494a64d4ab1f,d48c16b4-bd44-449f-ba66-4af6a4c688c6,702c5cb0-a610-4240-9bed-879c69cdb9e7
71e2f507-c56e-4d7d-8306-db44dafff939,395f6964-cbb5-4d2c-bb70-d3e8db4f688f,702c5cb0-a610-4240-9bed-879c69cdb9e7
684d681f-4ee4-484b-8246-d213a7080069,103f72d1-f028-40e7-920c-d86e5e24c6db,702c5cb0-a610-4240-9bed-879c69cdb9e7
9d39bf34-62ca-41a3-bfad-d790a1858b28,e9d99e31-2def-4579-b28a-69a921d74891,821f14d9-7bc0-4e9b-94af-b8fcb6e5280a
e8ddb391-557b-4886-827d-cbb488110bae,d2cc1700-3a97-4c33-bd3c-755aa1d36c42,702c5cb0-a610-4240-9bed-879c69cdb9e7
2540f961-7ec3-449e-aecb-fe99c9547403,8fe94e5f-738e-4323-9f1c-fa34ef7e9e69,702c5cb0-a610-4240-9bed-879c69cdb9e7
e74bfa38-b2cf-44f2-abfa-f391b32cbd68,042544b2-2f12-4b4c-86fc-cb7720112b59,821f14d9-7bc0-4e9b-94af-b8fcb6e5280a
42707d90-244a-4fa6-9500-a9f458cfc21a,dcf0d575-32f7-4766-8547-7007d6e296e7,702c5cb0-a610-4240-9bed-879c69cdb9e7
3348330f-1b86-4969-a122-9afef3fa13d1,7cf75d77-6fa7-4149-98c1-671c4f967b43,702c5cb0-a610-4240-9bed-879c69cdb9e7
423b1842-8faf-48e8-8801-f637c7f0b890,3584ecb2-4058-406e-91ec-f55c29097244,702c5cb0-a610-4240-9bed-879c69cdb9e7
344789d7-8c4e-413d-926b-b1c9bd1bebeb,fb37f4ec-1e39-450a-857d-55b2fe868e4b,821f14d9-7bc0-4e9b-94af-b8fcb6e5280a
2b5c3e81-4b3e-4657-9b88-b26997f2751f,de5165cc-7363-429a-a078-cc96e601a51e,702c5cb0-a610-4240-9bed-879c69cdb9e7
f1bf6c2a-c780-4844-8b91-08465b4de029,63b0df08-410c-4dde-9246-32e294c86b90,702c5cb0-a610-4240-9bed-879c69cdb9e7
1e63b973-a594-42e8-a20d-966b9c3662e8,131febf5-f972-474c-87a2-6f2bc34e5ddb,702c5cb0-a610-4240-9bed-879c69cdb9e7
d641e82a-e47f-4f21-a736-ec86d009b709,2d2b8ae1-13a7-491f-accd-26e3d798be8e,702c5cb0-a610-4240-9bed-879c69cdb9e7
5d43c2d5-6b9b-414d-a77f-dfb778820524,fd77ed59-f2fc-46ae-aaf1-cf9aac199cb8,702c5cb0-a610-4240-9bed-879c69cdb9e7
337899a7-7971-478c-acff-459a8ab6f1af,a9ea8c88-4fdd-41db-8967-37b45627f205,702c5cb0-a610-4240-9bed-879c69cdb9e7
2c3e5204-2c19-43ff-a5e7-cf6d5ecbbd5f,6f6d5f92-f0fa-4450-9f6c-293bfaa04250,702c5cb0-a610-4240-9bed-879c69cdb9e7
965e5ca2-3bce-46fc-b528-52aa9cdcd4de,c006f543-6a9d-44d6-a424-c731b0f1cec6,702c5cb0-a610-4240-9bed-879c69cdb9e7
0cc7762d-a54f-4614-8463-7e712f1517fe,45052186-5a30-4b98-ac5c-8a4ebd5ad681,702c5cb0-a610-4240-9bed-879c69cdb9e7
454644f8-6a2b-499e-80b8-f27068bbfd4b,b17f7c82-0565-4ef1-a8ca-9ae133f2b240,702c5cb0-a610-4240-9bed-879c69cdb9e7
4726d99a-0d9e-4865-b378-1b922a639db8,3986cbfb-9264-4e13-ad5b-19d66af2edf3,702c5cb0-a610-4240-9bed-879c69cdb9e7
a698e8d9-9690-4b56-98d6-30c882bff31b,7a3221a4-2eef-4718-a223-b873cf4ef1a2,702c5cb0-a610-4240-9bed-879c69cdb9e7
17184444-fc01-4c5f-b8df-96c91fac2db3,2c758f4d-a3b4-4bdb-9f6e-85ddcf223d09,702c5cb0-a610-4240-9bed-879c69cdb9e7
66357196-4a8d-4bfd-9489-8e5443cb847b,a042abc0-8598-4139-be9a-876e5b6427eb,702c5cb0-a610-4240-9bed-879c69cdb9e7
16669933-07f5-437b-97e2-daf9862c5a47,2e198e95-6906-4e2c-a525-2294ae8057f6,702c5cb0-a610-4240-9bed-879c69cdb9e7
1169495c-3552-4b07-95ce-8d52e9773e2c,feac1a32-4338-4069-931a-3a92f7113bf5,821f14d9-7bc0-4e9b-94af-b8fcb6e5280a
a953caca-802c-4a94-b6a2-7fe20275c941,4ca8741b-77a9-418e-8023-404f633f1379,702c5cb0-a610-4240-9bed-879c69cdb9e7
ef4f27c7-fbc1-4b3d-a640-ce9b70b4e50b,8dfea387-20c5-49a5-9084-2066f25970d2,702c5cb0-a610-4240-9bed-879c69cdb9e7
7ba6cc09-affc-41a5-b7c4-300807c6db38,f708fe4c-a3cd-4e20-b4f5-adabd58e896f,702c5cb0-a610-4240-9bed-879c69cdb9e7
a7f1b378-5de5-4782-90f5-72a3a9a8b552,50295b96-4424-4ca2-ac7d-fd03feeb12a0,821f14d9-7bc0-4e9b-94af-b8fcb6e5280a
c1286cee-a0c0-4728-a36c-0cbaa9960167,569d0d67-e727-494d-b0df-18d3aaf8e625,702c5cb0-a610-4240-9bed-879c69cdb9e7
c8144830-afd8-463d-bd7a-c7850b133a46,7efcb409-984d-40d6-bd93-6e6d2bbafba0,702c5cb0-a610-4240-9bed-879c69cdb9e7
626cc626-387e-4887-96f9-bd593e5f5ad4,515ed0a3-8456-43d6-aa28-034c6638c7e2,821f14d9-7bc0-4e9b-94af-b8fcb6e5280a
f51f29fb-bc97-44a0-ae82-907e17c477e9,dc27cddf-0bac-4024-bcdd-93ac0dc8167f,702c5cb0-a610-4240-9bed-879c69cdb9e7
56d11451-e796-44f5-b354-39a5832fde10,200b30ca-4480-46bd-8b52-7c70a73e0b57,702c5cb0-a610-4240-9bed-879c69cdb9e7
02002e37-7ab9-4f50-8847-7490a43c2ec2,254488fc-5211-42f9-923c-87014d02c10c,821f14d9-7bc0-4e9b-94af-b8fcb6e5280a
6afe1d1b-fd81-4bcf-b6dc-52d375928e6e,aef9973b-6b25-44d5-a9a3-6b7c045eb503,821f14d9-7bc0-4e9b-94af-b8fcb6e5280a
0c2ba0fb-bf55-446f-b4d7-4aeaccf61511,8c33cf82-201b-483d-9913-ab79fd433668,702c5cb0-a610-4240-9bed-879c69cdb9e7
5748e061-fa72-4f30-a4ae-90a78d1f30cf,f2208253-85b9-47d3-b026-df74384916e5,821f14d9-7bc0-4e9b-94af-b8fcb6e5280a
04810274-3e47-44cb-b316-211362ada0c3,5d70f584-3ba9-4f1b-9f72-01bf2c0671b1,702c5cb0-a610-4240-9bed-879c69cdb9e7
1e8f07ce-53d2-4a49-8903-162d29fb855f,1c24cf0f-7b06-4079-ac56-a511a99a1803,821f14d9-7bc0-4e9b-94af-b8fcb6e5280a
4cdd4a9b-8e95-453c-894a-274561b79a0f,4012322d-828a-4a2c-8c18-062f1350419d,702c5cb0-a610-4240-9bed-879c69cdb9e7
0ec90bcf-201e-42c8-996c-c42e139c20f2,5961386f-72df-4813-8bd4-f2d59a8e6fb0,821f14d9-7bc0-4e9b-94af-b8fcb6e5280a
a2c9cc92-e8e4-48a9-a264-85a6ceb32841,31395c3a-c5c4-4147-b05d-3b53519db705,821f14d9-7bc0-4e9b-94af-b8fcb6e5280a
b3a9d8e4-b3e7-4162-bd7c-af7c9e65b160,a5aae363-589b-4417-b72d-a4d684972ebc,702c5cb0-a610-4240-9bed-879c69cdb9e7
47d1bb50-e12c-4595-b85a-b6e58f2c0364,0c06f540-ba3d-46dd-95a7-3743352ca022,821f14d9-7bc0-4e9b-94af-b8fcb6e5280a
70901498-2078-4464-9e68-2fae6783bc41,c5d61115-9468-4396-a116-5963ae66c985,821f14d9-7bc0-4e9b-94af-b8fcb6e5280a
4a76cb0a-e2ce-446e-86f8-c864ca47f696,e38260c6-f7f1-4c25-ab9e-156f00aa90f7,702c5cb0-a610-4240-9bed-879c69cdb9e7
72e05300-74cc-4946-b667-3390cd1fa5e7,b0750e45-8f3b-4f28-8c8a-1a76a04962bc,702c5cb0-a610-4240-9bed-879c69cdb9e7
706f5e7b-d245-42fa-be2c-6d5ac9b353cf,856ff83a-1b04-433c-a649-1f2b7e4a5af5,702c5cb0-a610-4240-9bed-879c69cdb9e7
ef2b6107-2eb0-4faf-9194-9f72479de13f,15f27d0f-9651-44ea-ae48-bf8b9d5be5d8,4934dc25-aa95-4f0b-80f6-da9704d700d3
d939b21c-3514-48a0-a145-e26b289e960f,c124ee10-07f7-43c7-83a9-6a6717c354b6,702c5cb0-a610-4240-9bed-879c69cdb9e7
738575c3-fe84-4394-97b2-5ce0ab482848,f8dcd6db-3379-423f-852f-87c483b43925,702c5cb0-a610-4240-9bed-879c69cdb9e7
7079de1c-5781-49e4-93c0-81b47b397b17,24da3e67-c058-4381-80c9-6700d47c3754,821f14d9-7bc0-4e9b-94af-b8fcb6e5280a
b8d5e37b-2171-470c-8ef3-d6112cdb0589,778d2467-29f2-4928-8ec1-b9a0df26c5d6,821f14d9-7bc0-4e9b-94af-b8fcb6e5280a
677eb5e5-52f4-4dca-854a-7d543369f184,c81be8fd-78f6-4113-90ab-622348540023,702c5cb0-a610-4240-9bed-879c69cdb9e7
aa994c91-3c2b-42c9-a18c-be0e4c0ee1d5,72d32f28-e843-43d8-847f-63bd22c9d062,821f14d9-7bc0-4e9b-94af-b8fcb6e5280a
459b361c-2ca6-4a4f-929d-7ff84eb845c9,3a5cfd38-a36d-4d2d-b6dd-58e4db0e2cc7,702c5cb0-a610-4240-9bed-879c69cdb9e7
a5b0faae-1bf7-49c5-a889-b26cfee06397,1cebbf3b-82f5-416a-b1bc-d2dd18399059,702c5cb0-a610-4240-9bed-879c69cdb9e7
ada8097f-9354-412d-8fb3-3c2e4f54bdda,05708e33-f2b3-4967-a730-649b3d6b6cf8,702c5cb0-a610-4240-9bed-879c69cdb9e7
cb1dcfd8-3dd6-4258-bc01-5bd816e4af5e,0e068f5f-10ae-4e01-9807-2c3b67b0e9b2,702c5cb0-a610-4240-9bed-879c69cdb9e7
6d8d5838-5a5e-4a2b-a5db-23f6bb1c8a4f,306bebc1-601a-466d-88d9-db45a1ef4df7,702c5cb0-a610-4240-9bed-879c69cdb9e7
87dfde5f-1f7b-45d6-aa45-f31f539928b4,fa601c16-5f6e-40c8-8b52-ffe5efa164f4,4934dc25-aa95-4f0b-80f6-da9704d700d3
b3ef45f4-780d-4ef6-bdea-9713abb26a2b,8360f3ba-6cd9-4040-ba30-78577b6831eb,821f14d9-7bc0-4e9b-94af-b8fcb6e5280a
da9b925e-23ec-4d66-8a5c-48ba2af2fe16,75505d33-1d53-434b-8322-d306abe4192e,4934dc25-aa95-4f0b-80f6-da9704d700d3
56fa06c1-1b14-4a3b-b72c-fa3b6b7a584b,c375f8d7-ba70-4b03-81e2-c9ca6ce5fd4e,702c5cb0-a610-4240-9bed-879c69cdb9e7
49eda1aa-c809-44ae-9864-b693d69069d4,1e6351fe-e8c4-4b1b-b8d7-7b06f55c05b9,821f14d9-7bc0-4e9b-94af-b8fcb6e5280a
f448a999-5536-44da-8052-75f08ceaeef5,b01c6c8a-599b-447c-8a7b-acbb4d754126,702c5cb0-a610-4240-9bed-879c69cdb9e7
7ade476e-bdc6-4c32-98a8-4815d9c21d8d,8e1d1923-087f-4dd8-9cd8-13660219923a,702c5cb0-a610-4240-9bed-879c69cdb9e7
f7cb28f2-158c-417d-84eb-4dd72e5bd872,ed8fe14b-b84d-4f4f-b085-14b4c69e40ab,821f14d9-7bc0-4e9b-94af-b8fcb6e5280a
2790bacf-4cb7-4557-b9a8-aee8ce34becc,36ab3a51-e379-4307-9b57-5537f759c32c,702c5cb0-a610-4240-9bed-879c69cdb9e7
86e74944-dcd3-46b4-9bab-257ef33fb55b,c71fdfa1-5b88-4a16-b982-f3d898ccdccc,702c5cb0-a610-4240-9bed-879c69cdb9e7
a91b77df-ae81-43d8-894b-230060f5ad6b,cfe96cf5-2994-4565-89ad-b3454a079a77,702c5cb0-a610-4240-9bed-879c69cdb9e7
da483fbe-d5d8-435f-b4cb-77c0c0ba28a2,74ecdf94-fa9f-4a30-bf6d-c88139966774,702c5cb0-a610-4240-9bed-879c69cdb9e7
73ab1818-7ef3-4677-ad1d-c133c2efe9d8,69ab8c09-e3ec-4ef9-9029-49d27ec57623,821f14d9-7bc0-4e9b-94af-b8fcb6e5280a
d23754fc-42d4-4228-aa3d-755fbeeced4c,dd015ee6-a275-4e5f-a853-ea3759d08b5a,702c5cb0-a610-4240-9bed-879c69cdb9e7
df2cc1df-1de1-4f5c-a470-3a797c8973c7,a542552c-9776-4f4e-aa7d-4368bf521b30,702c5cb0-a610-4240-9bed-879c69cdb9e7
68f642d5-5c20-4ed4-a5c9-43f06941d126,0861c626-6d7a-4428-a944-5cf958179b00,702c5cb0-a610-4240-9bed-879c69cdb9e7
5fd8448c-4379-436a-bdb3-0e4e7b76004e,464a52ba-d98f-4b2a-b81e-2f8b48b91fb4,702c5cb0-a610-4240-9bed-879c69cdb9e7
72f0c40a-3c58-4afb-8e06-d1353598a8be,60c3df2b-c2ac-4f7f-bc0e-37f91bd27eb4,702c5cb0-a610-4240-9bed-879c69cdb9e7
9a429287-c373-42cf-99ee-73645c6f3e7b,3d883cfa-1ada-4e92-9103-bab95dc64ba0,702c5cb0-a610-4240-9bed-879c69cdb9e7
57bf2b14-5c10-49b9-8cac-81eda371f2f1,d4e2359a-6dd7-4a8c-83df-d9eb93cb9a3b,821f14d9-7bc0-4e9b-94af-b8fcb6e5280a
c5904483-7e21-4423-910b-a3287cfbeedb,6867fc82-af2f-491d-b409-c990a02c5fd3,821f14d9-7bc0-4e9b-94af-b8fcb6e5280a
e512b25a-af77-45e1-92f2-ec84802c6085,e80e849e-5f58-40a6-af5f-4d7438dbd16a,702c5cb0-a610-4240-9bed-879c69cdb9e7
151546df-4a11-4057-9bed-c85937d75119,8db79bee-475e-431a-a370-eff1047b6c36,821f14d9-7bc0-4e9b-94af-b8fcb6e5280a
b7f3d6d1-565f-42c2-ba2b-446e915d488f,24f7198f-35bc-4a2a-8170-c3a3e69a36e4,702c5cb0-a610-4240-9bed-879c69cdb9e7
ad126124-eed2-47f1-a400-509272de21a2,21e56e72-4221-4c20-9580-ae8670675576,702c5cb0-a610-4240-9bed-879c69cdb9e7
56be8cbb-5f65-4c89-9745-5ed081431fcb,eb85589e-33b8-4673-9930-fbf23d7ea5c9,821f14d9-7bc0-4e9b-94af-b8fcb6e5280a
940a1479-b8c5-441e-890a-0d4b2ee396c8,c3c1b76a-7931-4483-b981-3f0263e095dd,702c5cb0-a610-4240-9bed-879c69cdb9e7
d3cd6d7e-e542-4144-89e6-5fd21427d5bd,1a19f1d3-c83b-40f8-afb9-fbd8562c3bea,702c5cb0-a610-4240-9bed-879c69cdb9e7
f60793a5-dd7b-4aa2-8648-ad09cc991cbd,e17889ee-87cb-45d7-b5db-fe5973a262ed,821f14d9-7bc0-4e9b-94af-b8fcb6e5280a
719c47b8-61c5-49f3-83db-e337fd5ed1d6,576c4acb-ae50-40d1-951d-447fa64fe5dc,702c5cb0-a610-4240-9bed-879c69cdb9e7
faf2803b-5782-442c-a07c-6ba27abc6f78,30d02b38-913e-4be8-981f-d575de50332a,821f14d9-7bc0-4e9b-94af-b8fcb6e5280a
a5b130fc-725b-469b-bd08-9712de4ab8c0,b65e6ef6-6ac0-4328-b4a2-1d34721b7ec6,702c5cb0-a610-4240-9bed-879c69cdb9e7
ed6da657-a224-4cd0-aead-99b70d199805,c2718cce-c065-403d-9fec-972927666114,821f14d9-7bc0-4e9b-94af-b8fcb6e5280a
201e3d51-9cdb-4977-80f0-05dec497cfea,1aa89873-0abf-41e5-b9cb-ca0de63d96ce,702c5cb0-a610-4240-9bed-879c69cdb9e7
8df3fa14-303b-4353-b595-3eff04a45a59,35e164f1-0a8f-41d0-94bb-511dea4592b4,702c5cb0-a610-4240-9bed-879c69cdb9e7
f6227545-63ee-4b09-8655-1d16716540e8,d0c3d74e-ad60-4cdf-9bf2-771c7629d8bc,821f14d9-7bc0-4e9b-94af-b8fcb6e5280a
50f1a48a-a339-45e4-b0f3-89c54c7ca98c,d1e9f00f-6ef8-4609-bb03-3db7a86f497a,821f14d9-7bc0-4e9b-94af-b8fcb6e5280a
3a9bf53c-d878-45e6-92b0-c7fb2277af86,f82ae15d-ab1d-4a7b-a569-9ffe5ae28e15,702c5cb0-a610-4240-9bed-879c69cdb9e7
e0a08337-c685-435f-962b-8980fc1376d3,f18ca0a0-974f-42b5-a2e5-2d41838db666,821f14d9-7bc0-4e9b-94af-b8fcb6e5280a
c82ee686-aad3-4888-a60f-8fe60de870d8,e6914c88-a6ce-43de-b596-bb918bbf8043,702c5cb0-a610-4240-9bed-879c69cdb9e7
b98eb0b0-8595-4d11-aa00-277991dcf193,cacfed95-cb64-4c89-a13a-02e60d925787,702c5cb0-a610-4240-9bed-879c69cdb9e7
e5fb4e2b-6870-4b97-80b1-f064f174a8ec,f2419d3d-ebbb-44d8-842c-e98ccc65fff4,702c5cb0-a610-4240-9bed-879c69cdb9e7
ba257fed-9f82-4734-b17a-9139031165c5,22e4c766-4d5b-4574-a934-353e08e8ee08,702c5cb0-a610-4240-9bed-879c69cdb9e7
d7578c37-8af4-4c5f-a3c0-d90fb320abe3,c7b8640d-3c9a-4e10-82eb-d682fd73b677,702c5cb0-a610-4240-9bed-879c69cdb9e7
668ea328-59ee-4324-bac6-71928172fcbc,5c5037af-18bc-4137-8528-3f8738a5070e,702c5cb0-a610-4240-9bed-879c69cdb9e7
d3c900be-1f1a-4b20-844e-53eb1a129d14,53d69ce8-8d8e-4172-aced-17ba3f1c2477,702c5cb0-a610-4240-9bed-879c69cdb9e7
7d36cc46-e7c9-4101-8f01-2430c84804a0,078b53ec-0a83-4736-add2-89ff6d596922,702c5cb0-a610-4240-9bed-879c69cdb9e7
397d3929-c6b4-4c64-b033-39cf36f25f53,bd8c8e65-18e7-4a0a-b977-41b9ecac6e2b,702c5cb0-a610-4240-9bed-879c69cdb9e7
c7c95e51-071e-445a-a683-c131979b089c,d69461af-1e58-4de8-b2c5-eaa0a1f0a8aa,821f14d9-7bc0-4e9b-94af-b8fcb6e5280a
6858101c-43c9-422e-a7c8-2e8bf60ea369,61fe189b-4240-4d73-b32f-4de3ddc990be,702c5cb0-a610-4240-9bed-879c69cdb9e7
097793cf-8f8e-4194-8329-f9f942c04819,b7565f84-c691-4e7d-98bd-be6cf0596ff4,702c5cb0-a610-4240-9bed-879c69cdb9e7
053b331a-73f9-49d0-b509-ca2ce79bc06f,da60fd87-2824-4ea4-989b-83fe93315e77,821f14d9-7bc0-4e9b-94af-b8fcb6e5280a
a3c0bfcc-b5b2-4516-873e-c13e5668317c,3d3a7ab8-f5da-45ea-977b-28094adfa9db,821f14d9-7bc0-4e9b-94af-b8fcb6e5280a
96ba99ae-37e0-4c1e-8d6d-409459277123,8cd994ec-0eef-48cc-825b-e319f630b37c,821f14d9-7bc0-4e9b-94af-b8fcb6e5280a
c89ff135-f17a-46e3-93eb-9981c094fc9d,99e35637-1b6a-49cb-a29f-5a8ee6e810d5,702c5cb0-a610-4240-9bed-879c69cdb9e7
f9fbfa75-18cf-4c23-890d-5f8907d410e4,0f542cea-263e-4538-aeda-0031f76c8f2d,702c5cb0-a610-4240-9bed-879c69cdb9e7
3b70fc8d-76f2-4171-b39c-d886d96c64f4,5ecbf529-1bfe-4ec3-b58a-f039fff0039a,702c5cb0-a610-4240-9bed-879c69cdb9e7
2d069eb1-55e0-4968-8a64-2bcc85c11435,df9869a4-d67e-48be-bccf-fcc17f8144b1,821f14d9-7bc0-4e9b-94af-b8fcb6e5280a
620e8d13-353d-48ef-a0e6-9a2cb58d5467,3bc20d9d-0134-4e6c-876a-d035a0e49cea,702c5cb0-a610-4240-9bed-879c69cdb9e7
1bbdfd0a-e338-4187-b295-eba47c9572e8,1477a804-cb0d-4fa6-bb41-6bc9c6dc83a2,702c5cb0-a610-4240-9bed-879c69cdb9e7
1de83509-a967-46d5-b82a-9952bca5ef66,ef0cc9f4-e463-48b4-8d31-5969bf17029c,702c5cb0-a610-4240-9bed-879c69cdb9e7
62c69df6-edf6-4b7e-8dbf-df47b7cebffa,4c131c4e-0565-45fd-aa24-2bb37fe8376a,702c5cb0-a610-4240-9bed-879c69cdb9e7
78ca1246-4291-4e1e-ae37-5eea88a422bb,88d93469-edde-4565-a67d-eb1119acdf10,702c5cb0-a610-4240-9bed-879c69cdb9e7
3d7140dd-858b-413d-b66e-c85a290dac4a,d76889f8-6eb4-4532-b203-a058ebab5497,702c5cb0-a610-4240-9bed-879c69cdb9e7
c7125d42-ace8-4158-a471-34b77ee1d34f,1167dcd7-53bd-45da-9e8b-bac0ea3f2857,702c5cb0-a610-4240-9bed-879c69cdb9e7
398b01a5-6126-4828-9e29-19f30aa4f8cd,b407d377-8690-46a5-bd0e-c1f000bf0bf1,821f14d9-7bc0-4e9b-94af-b8fcb6e5280a
a349aa72-690e-4697-b736-b5fdae2a5f98,6f93f7fc-f407-454c-a66a-db015afea244,821f14d9-7bc0-4e9b-94af-b8fcb6e5280a
b94069dc-a7d1-40ea-81ae-74b561a20ab6,058a1e81-a2f3-46c4-aaf6-5821062f2aa4,702c5cb0-a610-4240-9bed-879c69cdb9e7
0614d55f-3fa1-4096-8635-887fb8c68879,660410f5-1551-4981-9ea7-db59eca6d4f4,702c5cb0-a610-4240-9bed-879c69cdb9e7
c08e5b62-b91f-4881-ae4e-21d2507fd647,46af943c-ddab-477f-9a23-ca10ff48daa5,702c5cb0-a610-4240-9bed-879c69cdb9e7
a5dbdbec-a17d-4e52-837d-7e1653b00c08,3d07ccd7-985c-418a-8288-910d2236d6ad,702c5cb0-a610-4240-9bed-879c69cdb9e7
50ec48f1-b487-4220-aa7d-da45e7e2b8dd,829cc255-08a2-4844-aa31-a60dd45ad047,702c5cb0-a610-4240-9bed-879c69cdb9e7
f2764d0f-7026-45b4-afc9-cabbd1939586,44d740ef-b2fd-4fe6-aa9e-5fe6d0aa35bb,702c5cb0-a610-4240-9bed-879c69cdb9e7
c3d97f1b-fdc6-4d0d-942d-dda05df49e23,2ea4ede1-ccfc-49b1-99ca-9260184df77b,702c5cb0-a610-4240-9bed-879c69cdb9e7
cc945ca8-c799-4465-99ce-4874d688e9ab,8c2a3dd4-0e5f-4501-9917-99daf5da35f0,702c5cb0-a610-4240-9bed-879c69cdb9e7
e6529990-0df5-4b1f-af47-b298ac48fe8e,f5d2bdba-7c86-4d4d-bf1d-e45fa06ecf46,702c5cb0-a610-4240-9bed-879c69cdb9e7
3ae44e86-f099-43aa-877c-44d3ff1c3240,91cd250e-ac70-490d-a654-c7b050dd750c,702c5cb0-a610-4240-9bed-879c69cdb9e7
6efe579e-78b5-4201-8782-7b68991583b6,c398e2e4-61f0-4335-abcd-067799fa197b,702c5cb0-a610-4240-9bed-879c69cdb9e7
6a68d130-cf43-4b73-9d93-b15d734019b7,54b60d3a-eabf-4fba-8c10-51650b6beedc,702c5cb0-a610-4240-9bed-879c69cdb9e7
fa48a354-bae1-464e-938b-b924b0314860,0fb3ac59-3364-456c-8c4c-01fba2f7c439,702c5cb0-a610-4240-9bed-879c69cdb9e7
657a0954-292e-4e7b-aba4-3c58a0602159,57173aa1-f7f3-47ec-b251-92940b80ec5c,702c5cb0-a610-4240-9bed-879c69cdb9e7
4870534f-91aa-4639-acd6-e88ed266c4cc,4a8437e2-078a-44c3-9a07-28191c381ca6,821f14d9-7bc0-4e9b-94af-b8fcb6e5280a
49d55020-6d49-448d-ade3-bd8dcc5fca20,d1d3f59e-0943-47bc-9479-d5a5c359c30a,4934dc25-aa95-4f0b-80f6-da9704d700d3
49a47458-2255-4363-84a6-0afb1c3425dc,2c51cb9b-abad-40a2-979a-dee046bb8424,702c5cb0-a610-4240-9bed-879c69cdb9e7
f131edfe-16b0-41f5-9144-0fba478422fa,bc988bd6-de31-47a5-b107-db2be7314b93,702c5cb0-a610-4240-9bed-879c69cdb9e7
dd70e8ff-01da-40d3-a502-6d1210eae79c,0a7d3ebc-d61c-407f-9df1-a5483f1889b6,702c5cb0-a610-4240-9bed-879c69cdb9e7
0aa0b869-3ac9-438e-95fe-a30b3edfd3cb,4a38cc51-d10d-410d-b338-32f0ea3d8140,821f14d9-7bc0-4e9b-94af-b8fcb6e5280a
db2f4a66-ea8d-4cd7-ab14-66b238de90b2,c76fd280-b240-4ada-8f62-d9ddff4df233,821f14d9-7bc0-4e9b-94af-b8fcb6e5280a
c3bd8742-c1fd-43b1-8e56-afeb0e64aada,525cb59f-4ac0-4de1-a076-33a42d3af277,702c5cb0-a610-4240-9bed-879c69cdb9e7
4fb1361f-8605-401f-87a9-4b9e151b2dbf,987f9999-6f0d-4372-8c97-5aac58f6ad89,821f14d9-7bc0-4e9b-94af-b8fcb6e5280a
a69b8863-80c0-4529-a70c-2841a6802129,bcf2941d-0d93-41be-87cf-6a2266eceb07,821f14d9-7bc0-4e9b-94af-b8fcb6e5280a
ead060e7-672d-4855-9bba-9a4e22be948e,2b645836-bf21-4b7d-b492-443f91f9580b,702c5cb0-a610-4240-9bed-879c69cdb9e7
a212fddb-929c-4c4a-9d5d-6efc1d1b8423,0f79d6d6-2859-44d2-a605-9eab8a5c176c,702c5cb0-a610-4240-9bed-879c69cdb9e7
d88f6e53-2e98-4e81-857f-57b407f2c4d8,b5ea7566-ed5e-4253-9ca2-5582ed4474f8,702c5cb0-a610-4240-9bed-879c69cdb9e7
25b08949-15fe-4719-943e-93085dac3c01,f1a481f7-99b1-4dff-88dd-85d17ad1b26b,821f14d9-7bc0-4e9b-94af-b8fcb6e5280a
a136ea57-4ec8-4986-a0c1-f9744461adc9,aafc17a0-b5f2-4424-9709-36443304ca6a,702c5cb0-a610-4240-9bed-879c69cdb9e7
23896233-e37b-43d8-9ba5-46f7743088ba,c30ee7ad-8215-40db-b19a-3b7e35394b40,702c5cb0-a610-4240-9bed-879c69cdb9e7
6a4b7729-3987-46a0-b6ff-97f386b2f46f,f975f442-30ca-4534-8ea6-222259b3e097,821f14d9-7bc0-4e9b-94af-b8fcb6e5280a
20c337e9-6366-44f3-8564-ea15dcac2f72,409222bc-4605-4cca-bb74-bf5c763fe559,821f14d9-7bc0-4e9b-94af-b8fcb6e5280a
8f70a564-80fb-430a-af34-24d6b7298d11,623cc4e1-8069-4c7c-aec9-a9a453fb5ad5,702c5cb0-a610-4240-9bed-879c69cdb9e7
b72673fa-439c-45d6-8b99-0b950da75d08,0a82dd16-1704-4d99-b574-05420c71c5ae,702c5cb0-a610-4240-9bed-879c69cdb9e7
6f06bb17-a750-437e-b0bf-0aceba14e2f8,36a017db-6519-404d-b8cd-5fb9139d578c,821f14d9-7bc0-4e9b-94af-b8fcb6e5280a
1595ce05-b4ff-4d3b-ae15-036551dd606b,e23cd0b0-c645-450a-8e39-17a5fef8d8da,821f14d9-7bc0-4e9b-94af-b8fcb6e5280a
e9e46cb1-cd38-4d06-87cd-ccfa82b4df5e,8487f76d-30d5-457d-8d3f-ef2f105ed69f,821f14d9-7bc0-4e9b-94af-b8fcb6e5280a
06571801-fa10-4ef9-87d2-55716080848f,7c8e92f0-d41a-460a-b9ca-e6900349fd77,821f14d9-7bc0-4e9b-94af-b8fcb6e5280a
21c0da90-9cf4-4e6b-9ec8-0012229303a1,6e833823-c0c8-44ea-a6b2-de9215a8dc97,821f14d9-7bc0-4e9b-94af-b8fcb6e5280a
f8d9ef35-0751-4f34-a2c5-078fa062800a,9f76e36a-9448-48b0-a002-0c14152490ab,821f14d9-7bc0-4e9b-94af-b8fcb6e5280a
a68daf72-f5bb-4875-9119-093b2e2da99d,11adba18-70ed-4f4a-80be-f257ea98a831,702c5cb0-a610-4240-9bed-879c69cdb9e7
dba773b8-956d-40b3-847e-5a85c669b70c,47e55803-efc5-47aa-a135-b21dc5890545,702c5cb0-a610-4240-9bed-879c69cdb9e7
94ab3b97-2c45-45a2-98ca-15de7aff3e69,f8a51743-6cf3-49b7-bb06-753b0d7c9eb2,821f14d9-7bc0-4e9b-94af-b8fcb6e5280a
66e30c3c-7506-497b-b2e0-6960418bf508,69ebe7e4-acab-454a-84f2-669c06bcde85,821f14d9-7bc0-4e9b-94af-b8fcb6e5280a
9f729d79-34ec-4f14-9f6e-a082fd3c3a17,ee0c1028-4568-4462-9406-188b19888799,702c5cb0-a610-4240-9bed-879c69cdb9e7
3dd51726-2776-4f17-9787-fdfa075e0a72,15635b55-e50f-42d0-a913-0e7c2d518dee,702c5cb0-a610-4240-9bed-879c69cdb9e7
56ee6fea-619f-42a8-8318-54a03f436153,6f71ad22-2bed-4272-9439-4c015d17f757,702c5cb0-a610-4240-9bed-879c69cdb9e7
dfe3c3b1-b45b-48c9-8af8-8632ff7ff127,6d85bd64-7dfe-413c-9edf-ca467dd9282d,702c5cb0-a610-4240-9bed-879c69cdb9e7
2ddb258d-1b3c-4a9b-a4cf-50b26ffafda9,f35dfbf8-b141-4a3b-9786-c76280a6bf34,821f14d9-7bc0-4e9b-94af-b8fcb6e5280a
9180bb92-d1dc-46a8-8de1-852f053b94f5,8d061868-d6ac-4b14-b42a-728dee1369a8,821f14d9-7bc0-4e9b-94af-b8fcb6e5280a
77cb0614-aab6-4984-9d08-04e4cf080104,04987ad2-41d5-4e42-aa24-0404b7acaf6d,702c5cb0-a610-4240-9bed-879c69cdb9e7
052aaccc-3b2c-4fe1-a345-53f6e3addef5,6db41dd4-3701-4eba-8ac6-67093bde29ac,702c5cb0-a610-4240-9bed-879c69cdb9e7
56205986-0926-4cc6-ba73-c8899fe5bad0,bdaad4cc-ebd5-4c55-a1dc-a526d62d107e,821f14d9-7bc0-4e9b-94af-b8fcb6e5280a
527a9d0d-9d70-4cf9-a676-b22c548b41b2,06c632f5-e9fd-4420-b8a0-9d8a661a5adc,702c5cb0-a610-4240-9bed-879c69cdb9e7
69934919-6290-49bb-b4cf-f5456826536e,b114db92-c984-4554-a3d5-b51263de079f,702c5cb0-a610-4240-9bed-879c69cdb9e7
e2e32b39-8f7c-43f2-88df-f0f1377039d3,6f5cf5ca-df76-4d0d-ac3d-1181fffcd4b0,702c5cb0-a610-4240-9bed-879c69cdb9e7
f5ae7aa5-43c8-44e5-85d6-a6009dfbde10,0e7f28c1-eaab-43cc-bccc-8518f3483dfd,702c5cb0-a610-4240-9bed-879c69cdb9e7
869d0f05-5a98-42f1-96c7-3c396053561c,87e2d9fc-8496-46b5-87b5-ee0c414289a2,702c5cb0-a610-4240-9bed-879c69cdb9e7
bc58b8e6-3fe3-4413-aa34-0132825ba764,7694eb00-6b9f-46fa-b415-c627146b513f,702c5cb0-a610-4240-9bed-879c69cdb9e7
7fe88157-903f-473a-9c28-9a9544377a02,e277fd4f-a280-4045-bb11-74b7448c2592,821f14d9-7bc0-4e9b-94af-b8fcb6e5280a
61877c81-7ca6-4543-b21b-c1e73b9482fe,acb99a44-de38-4238-9ca8-6988febe5163,702c5cb0-a610-4240-9bed-879c69cdb9e7
34d9a5cf-24ca-494f-8bd2-0185852f5531,eda935e2-d8f5-4d51-8ae1-6740c6a2dc98,821f14d9-7bc0-4e9b-94af-b8fcb6e5280a
111dccaf-3a32-457c-ac54-b8a914f08be6,a5a612ec-b206-4b9e-8451-f5fb365a7fd3,702c5cb0-a610-4240-9bed-879c69cdb9e7
b37536ec-88ff-4f66-8bc4-b45c3d5729c7,b898cc76-b603-4307-86a6-faebf7895405,702c5cb0-a610-4240-9bed-879c69cdb9e7
7b7f642c-6f42-44fc-b951-fc0803fab4f2,f99e2c3d-426f-4c8f-8b28-e3a423154968,702c5cb0-a610-4240-9bed-879c69cdb9e7
02eb4562-4cdd-465a-869e-d135f47758d6,f30dbc44-6663-4050-96c7-1e16f9cd331c,702c5cb0-a610-4240-9bed-879c69cdb9e7
5ab0501e-08cc-453a-97d1-dcb79d16d733,8c896a50-f0e7-493d-b837-9ee8ec82ac3c,702c5cb0-a610-4240-9bed-879c69cdb9e7
447d8bb4-622e-4c13-9454-84948ff92f31,11eb4b1b-0f1c-43fd-996a-829767d7ea80,702c5cb0-a610-4240-9bed-879c69cdb9e7
c673c929-210e-46c1-b866-8928253d901d,06838546-e1d9-45c7-aa4c-615fcc7892fd,702c5cb0-a610-4240-9bed-879c69cdb9e7
7e64f031-d83a-48a3-ad20-e80868b6b389,59a278fc-f654-4306-bad6-b753b028eefc,702c5cb0-a610-4240-9bed-879c69cdb9e7
8128bd67-62df-4f36-b407-4417a699e2f4,774a86f3-47a4-449d-a22d-7be18df5708a,702c5cb0-a610-4240-9bed-879c69cdb9e7
0b16c0db-ee89-48f7-8d4f-4f8a6c18d385,be12dbc7-1677-4367-97aa-9cd48a15d3f9,702c5cb0-a610-4240-9bed-879c69cdb9e7
b8e0679c-6be0-43df-98d2-5a509a917d57,382075b2-c5cc-47de-a9b8-0722c9606eca,702c5cb0-a610-4240-9bed-879c69cdb9e7
c07c45c8-fbc4-45f9-a08f-8ea009611869,c0a42dad-f0da-4095-8cb8-038522335450,702c5cb0-a610-4240-9bed-879c69cdb9e7
9f25853a-e978-47d5-95b4-7a67f2e542f2,9034723d-6831-461a-b419-55acd6cf6aa8,702c5cb0-a610-4240-9bed-879c69cdb9e7
5f348b55-b945-442b-b461-3c7b4c8c80f0,ef9233fd-f765-4818-b7e6-550c39f14931,702c5cb0-a610-4240-9bed-879c69cdb9e7
2c960385-ef19-4051-9db5-08b203708467,fcc465ce-25a6-4a6d-9d6a-bb1d26dcb3b6,821f14d9-7bc0-4e9b-94af-b8fcb6e5280a
66057c90-6883-49e2-be1d-16bafe215007,7110830a-0072-440d-8dd9-6881b4eddd18,821f14d9-7bc0-4e9b-94af-b8fcb6e5280a
9c27f785-edf5-4d92-b9de-5e38bf737cec,aba13778-47be-42bd-a318-06ae494cec7b,702c5cb0-a610-4240-9bed-879c69cdb9e7
1a850028-cacb-461e-b92b-2025d4077650,878fb369-58b0-4bcc-8aac-327f2a3531f2,702c5cb0-a610-4240-9bed-879c69cdb9e7
396f3dcc-a779-4063-af3b-13a9fffb4912,b3d67ee3-36ac-49ef-ae10-f0f005a17051,702c5cb0-a610-4240-9bed-879c69cdb9e7
7e4dbd74-9741-4cd6-99d3-97d1c5ef6c55,62e2a018-6c88-4599-9c12-0cc478aaa66c,702c5cb0-a610-4240-9bed-879c69cdb9e7
407616d9-8b7f-4452-b8fd-ad557d6b4a54,fb8d9e23-7b66-4b15-bc90-f8fc005ec33c,702c5cb0-a610-4240-9bed-879c69cdb9e7
e79f9bab-d5c1-4b4e-b605-f279c41ae6ea,f3902efb-5430-4500-b0a9-d8a4a8e6df9a,702c5cb0-a610-4240-9bed-879c69cdb9e7
f55ce6b5-0578-4b32-8053-0245fe4dff87,5e2973c0-27e6-426d-89be-921cd0e840d0,ed204181-0a5c-4ffc-aea7-05dc9d565ecc
70680e9b-70fc-495d-9824-a4f6b88e4276,381d3520-536e-4e24-b174-29113282e59c,821f14d9-7bc0-4e9b-94af-b8fcb6e5280a
82ba50eb-538c-440b-8b9e-4494248a4e17,a195374d-ab7f-4bb1-b4e9-4e009dddb440,702c5cb0-a610-4240-9bed-879c69cdb9e7
4d1332b1-54dd-434c-bde4-d0925b646fae,8044201f-84e6-402d-b394-e67a09e17f6c,702c5cb0-a610-4240-9bed-879c69cdb9e7
c8b07ff3-f3ce-4f20-8037-a49c59428d1a,88f8b2de-2c5b-4494-bb0e-e6dda7c709b6,702c5cb0-a610-4240-9bed-879c69cdb9e7
84b482f8-3e0d-4623-9b40-0abd33546a4b,1c3bf796-1627-4dd2-a536-758f3fa4a72c,702c5cb0-a610-4240-9bed-879c69cdb9e7
b9f74bc1-d278-4cc6-a453-e87f5688d1d2,bf81a48c-d341-4ee2-965f-4917a76ad7d9,821f14d9-7bc0-4e9b-94af-b8fcb6e5280a
6e970fb1-e322-4f34-8206-3473b2164bbb,2e4680ce-02f6-4a2c-a27d-970204de06e2,821f14d9-7bc0-4e9b-94af-b8fcb6e5280a
7ef9c6ac-0236-4870-be3c-131c1c2d3cba,bbf89ee8-4bea-4264-8c58-d6d7f5487d68,702c5cb0-a610-4240-9bed-879c69cdb9e7
316e9da0-8d04-4c52-b8f2-4f126f66d445,fa0f3e93-4437-4826-b026-f5263e19a1b3,821f14d9-7bc0-4e9b-94af-b8fcb6e5280a
56692ad6-71c2-4e6f-8c5a-f1a7345a4c77,613d1673-15fe-4b3d-8a4a-e27f76c2f360,702c5cb0-a610-4240-9bed-879c69cdb9e7
4fb94fe9-ad6e-4d65-9972-783176163d2c,f11e81f0-a5d8-4976-a680-071894fc9a1e,702c5cb0-a610-4240-9bed-879c69cdb9e7
eed9e77d-5edf-4ae0-954f-d731779826fc,8eb3e77d-7994-4c76-9481-2d9be4142351,702c5cb0-a610-4240-9bed-879c69cdb9e7
c020bc1e-526d-4a10-93fd-0ae1d1c6a961,c661f612-c4d6-4732-9d3e-53efc97e5d2b,702c5cb0-a610-4240-9bed-879c69cdb9e7
1c17d914-d9d3-4cb3-9504-6d5dabce2f8a,9479b6a8-521e-49e5-9aac-2c89d7916b30,821f14d9-7bc0-4e9b-94af-b8fcb6e5280a
eb42ce94-7163-46b3-9ada-4b894a6a2aea,cd570c79-8373-4ae1-8fa2-2e45449c4a00,702c5cb0-a610-4240-9bed-879c69cdb9e7
0b44f473-2aa4-4305-97a7-0642a1b59b08,57356fbc-a092-4a83-8737-447acdc71e71,702c5cb0-a610-4240-9bed-879c69cdb9e7
a908298c-ad2c-43fc-b8b1-52f5fa4f0436,65068016-200e-4c9d-b532-694402f1a5b1,702c5cb0-a610-4240-9bed-879c69cdb9e7
3096a9b1-2445-4a0d-9860-c05f46db73b2,ac5a8c90-8c03-40ea-af62-57895370405a,702c5cb0-a610-4240-9bed-879c69cdb9e7
fcc2d889-0a2c-4c72-a013-04b550aef86b,ef8672e0-6892-4c08-a48f-d8551e7c07bf,702c5cb0-a610-4240-9bed-879c69cdb9e7
a6433872-cae9-4ade-82ff-aedfe52977dd,24d6bdbb-8f02-4e12-90fa-25d4c9dd94ab,702c5cb0-a610-4240-9bed-879c69cdb9e7
c3e5337d-8768-4d92-ae02-d2a8d4f10e6c,bf5748fb-1029-49de-b86f-71eca6a72c22,702c5cb0-a610-4240-9bed-879c69cdb9e7
0c06d44f-bb2a-46c2-b4dd-9652450b84b4,cca6f781-499f-4d98-9745-8f71c55bdd92,821f14d9-7bc0-4e9b-94af-b8fcb6e5280a
ffdd082d-2f38-4b5c-9f41-bc1623193ff5,f6fc2ce4-47be-4e1a-b0b8-253d403d9c97,702c5cb0-a610-4240-9bed-879c69cdb9e7
d5320eb6-f8f0-4b8b-9f74-c828cbd1e840,f275b8d2-69b2-423b-ac83-59fdcb8af25f,702c5cb0-a610-4240-9bed-879c69cdb9e7
0bbdb0f8-4a38-4f1f-bac7-655e7a5f38ef,7f403b19-e97b-4298-819f-c48778929467,702c5cb0-a610-4240-9bed-879c69cdb9e7
e7bef383-b154-4e80-bb12-faac5d8fb3c1,658c9451-d32a-4fe5-8b83-cde2e9ef2287,702c5cb0-a610-4240-9bed-879c69cdb9e7
7848ac26-d3e5-4d67-9ef0-db0ac31db5f2,60e47bbf-fcf7-4c66-9e1c-7f5f90d0d2d8,702c5cb0-a610-4240-9bed-879c69cdb9e7
d40bd5cf-d810-438c-8066-b2e3c25dd668,b7557506-cff9-4e9f-8212-f5c86997e883,702c5cb0-a610-4240-9bed-879c69cdb9e7
8982d10c-d381-4256-8025-f1a578d38159,9038be83-990a-41d3-b3ed-a623a00ca915,821f14d9-7bc0-4e9b-94af-b8fcb6e5280a
ea477582-f95c-4a20-9ae8-04ef33f81b4c,b82eef57-ebf5-403a-812d-f97b8a86da6c,702c5cb0-a610-4240-9bed-879c69cdb9e7
f08e03a1-597e-4d10-af8b-aa1f65a00d95,ee741d71-dc85-458c-b85b-ceddcdeb6327,702c5cb0-a610-4240-9bed-879c69cdb9e7
8669a6db-761b-45e1-b1d5-a858fa71bd87,bda843f9-60a2-432d-89a7-be5ffd42b6e9,702c5cb0-a610-4240-9bed-879c69cdb9e7
173db61a-2708-4aed-9bf7-e56ee0c8ea47,445e55d7-aa72-471f-9cd6-db78e86adf50,821f14d9-7bc0-4e9b-94af-b8fcb6e5280a
793a08ed-144e-4b1f-9883-c5da5915a6f6,4b861f6b-6295-4734-8613-21949dde03d9,702c5cb0-a610-4240-9bed-879c69cdb9e7
0e9ede88-8632-45de-ae82-ed25bbb91322,b24de35e-69da-4cc9-9ff3-67ec3fd4b2e0,821f14d9-7bc0-4e9b-94af-b8fcb6e5280a
76295dfd-3776-4a1a-899a-45bf43ee94e5,adc74b4d-dce8-47aa-b8f0-20ede38ca3a7,702c5cb0-a610-4240-9bed-879c69cdb9e7
43c433bc-733e-436a-bc72-5e8bfc378b56,47a8392b-36cd-429c-a43f-37b032b0d70b,821f14d9-7bc0-4e9b-94af-b8fcb6e5280a
c3a59044-12c6-4bea-b4c1-0c5b0df3ea47,8d8e0b0a-e982-4a2c-9df6-601a99f35c33,702c5cb0-a610-4240-9bed-879c69cdb9e7
f54a70d4-f32b-4496-937b-59a42c75af2e,cb64a457-09ba-4b97-9212-72e5c7f6edd8,702c5cb0-a610-4240-9bed-879c69cdb9e7
a5c973bd-5ac2-4a58-b8c6-d53f24bf727a,01fcc212-4c86-4e1e-affb-c95db6cf3097,821f14d9-7bc0-4e9b-94af-b8fcb6e5280a
d74907d7-e911-4d5f-933b-7c0591fc0db1,321e0f62-f34b-434c-9893-aa5a2ed973ad,821f14d9-7bc0-4e9b-94af-b8fcb6e5280a
3163bf80-9603-4d6f-8c78-10610408c8ad,9ff1da96-01e3-4fdc-83c5-8b96a7b46709,821f14d9-7bc0-4e9b-94af-b8fcb6e5280a
b7938759-a9b3-4dc7-b020-8a1751fa5b84,c6ad43ff-9d14-4b56-aea7-e89f3fb4c649,702c5cb0-a610-4240-9bed-879c69cdb9e7
2f9b4532-1166-4f77-8bcf-13990cf39622,31bf7465-8a35-4da5-86ef-75e34e829f8e,821f14d9-7bc0-4e9b-94af-b8fcb6e5280a
7b6f9e41-e521-4d00-9d17-ea3f8dbffc0f,97b6b2b3-7f01-4ed8-ab92-9ad9c5edba77,702c5cb0-a610-4240-9bed-879c69cdb9e7
d99bcd11-98e1-49aa-8bee-680f599a8d1a,0ef444ae-f883-451b-b910-c0cecfac57cc,702c5cb0-a610-4240-9bed-879c69cdb9e7
07fcb645-9ed6-41b0-95b2-1d67f78f175f,c2cb39de-1a6d-4693-bb44-9501f4c642d7,821f14d9-7bc0-4e9b-94af-b8fcb6e5280a
7b939e63-7aa7-4015-a290-e2a655153646,87b13303-f6f3-4e9b-9e5d-f28128340f19,702c5cb0-a610-4240-9bed-879c69cdb9e7
e6e3e4d8-597c-42d2-af6f-754e08046110,003bcdd0-2278-4c8e-8290-6254b4329be9,702c5cb0-a610-4240-9bed-879c69cdb9e7
3c65688c-f162-4cb0-bdc3-136bfb006b92,4964ffef-e871-443b-b8c6-5e9a6d9251db,702c5cb0-a610-4240-9bed-879c69cdb9e7
2c3cc2ee-aeff-448a-867c-90b43aa11080,c7529a3d-ae6f-4ff5-a2e8-53cb4c3d3af7,702c5cb0-a610-4240-9bed-879c69cdb9e7
50cc78db-86d3-4852-b2ff-ebb6da262b99,ba69930b-a5d5-465d-ac8e-5c739065dddb,4934dc25-aa95-4f0b-80f6-da9704d700d3
cdee3c59-5fb6-4ea6-a8f9-bec843b33f87,c7cdde3d-f850-48d5-8622-2816738acbc5,702c5cb0-a610-4240-9bed-879c69cdb9e7
d9c3ab9f-484b-4bc7-b70d-32e428a9afdd,7daea2b6-3b5a-4bfc-b51f-71605f538cb4,702c5cb0-a610-4240-9bed-879c69cdb9e7
6de1321d-bbe6-4171-a9be-e2e718e434db,b8f93fb0-ff15-4ac8-a8bb-5b0b652cb2bb,702c5cb0-a610-4240-9bed-879c69cdb9e7
93e35f07-5fcf-41af-9111-729cec93af33,63d9ec47-13f0-4fa1-84b3-86d226bdb3df,821f14d9-7bc0-4e9b-94af-b8fcb6e5280a
81761dca-64f8-40a9-8bcc-0524a3db26ec,9f4d47b5-5de5-4e62-8794-4ad2c51846dd,702c5cb0-a610-4240-9bed-879c69cdb9e7
0d30f407-8b24-4ff4-852f-f6c0f104ec26,7b021ecf-d6b1-4e0b-a360-abb6c63e5b30,821f14d9-7bc0-4e9b-94af-b8fcb6e5280a
05f8d3f3-25f7-4b46-bf41-b45cf84bffa9,b5208718-d432-4848-b8c0-9e36234727bb,702c5cb0-a610-4240-9bed-879c69cdb9e7
6a45e45e-2347-41cf-acd6-07ff8e6fb12b,a1194110-a9dd-4a02-b4be-d88db7e22068,821f14d9-7bc0-4e9b-94af-b8fcb6e5280a
817afffe-f087-4bad-9614-bb99f25cfd17,afc4383c-5992-46b7-b723-f9568f8360c1,702c5cb0-a610-4240-9bed-879c69cdb9e7
6145109e-b499-4a31-8eab-0c0a6098973e,eb16a37a-d9f9-4984-a3ea-1a36746aaab2,821f14d9-7bc0-4e9b-94af-b8fcb6e5280a
ff7363fa-cd71-4b74-9915-865d9d9240ea,a9abae97-1542-482c-af38-1b0705e1d47e,702c5cb0-a610-4240-9bed-879c69cdb9e7
46f3b90b-5746-4502-a5ec-8863edebe578,d517c69c-6485-449d-b77b-ac2b94039f89,702c5cb0-a610-4240-9bed-879c69cdb9e7
e126b938-217c-4210-a0e5-66e1ea20e0aa,ce3b3591-4b14-48bb-919c-7f968c54746c,702c5cb0-a610-4240-9bed-879c69cdb9e7
5d324f84-0291-49c2-ba46-8dbd3b1c845c,8e0df415-bfc5-4694-8490-fa7b26d73a1e,702c5cb0-a610-4240-9bed-879c69cdb9e7
33f945a0-2876-4a8e-ad64-9e768dbfa205,bad14ec5-1713-4eaf-8ac3-62a29d73388d,702c5cb0-a610-4240-9bed-879c69cdb9e7
4800fffb-438c-48ec-a7ff-17142b9d8f0d,cd4c155e-8784-45f1-a2e7-4cf1a9e538c4,702c5cb0-a610-4240-9bed-879c69cdb9e7
368a2df7-d9fc-4398-aa10-d2b70463d893,9a70523b-643d-40c1-8093-0d956a645651,702c5cb0-a610-4240-9bed-879c69cdb9e7
01512ae1-1b30-44a5-a7e0-b596e54e6b8e,f78a4ebb-63cb-465a-a010-115a06cd52dd,702c5cb0-a610-4240-9bed-879c69cdb9e7
78a1be1a-bd6a-4aac-9559-bffefbee4983,6a81b356-632a-4293-bc8f-7b987f01c9cc,702c5cb0-a610-4240-9bed-879c69cdb9e7
cd2d70c0-127c-4131-9db3-928ff30273fc,43c71235-0ee3-4f5f-8654-ace192405ce1,702c5cb0-a610-4240-9bed-879c69cdb9e7
6dd785f3-2988-4b75-b336-d06849140db0,d7011b68-c91e-4ae8-9682-ffbf02241d9a,702c5cb0-a610-4240-9bed-879c69cdb9e7
383cdb5e-8fee-4d05-aaaa-18757b0f4167,4d6bbb52-7cbf-462a-b2ff-5398aac26d50,821f14d9-7bc0-4e9b-94af-b8fcb6e5280a
c0e03665-980e-4a27-803a-ab041d4fac66,f9a68273-f7eb-47b7-b2f6-0dd2eca52bb4,702c5cb0-a610-4240-9bed-879c69cdb9e7
7979384e-ce07-4358-8b1d-67e7e01c7ba6,2497dbd6-1375-4531-9e93-3be5eaf878bc,4934dc25-aa95-4f0b-80f6-da9704d700d3
e8f33134-24f3-4710-a49e-4b783d06d455,abc18d65-3e75-496f-aeb9-8e36211cde34,702c5cb0-a610-4240-9bed-879c69cdb9e7
3c13858a-eb08-4d0e-8066-52e6ca86ecfc,f2c4de46-4e46-4982-ad26-eb36ec92cfe5,821f14d9-7bc0-4e9b-94af-b8fcb6e5280a
d84b3c59-c250-4499-9311-fe0764766661,038d4862-2424-4ec1-b3a6-33907c7b5505,702c5cb0-a610-4240-9bed-879c69cdb9e7
32ba0ac3-eee5-4dd8-96be-4680ff39fcfc,abf155ee-58e0-41eb-996a-07de4f4027d0,702c5cb0-a610-4240-9bed-879c69cdb9e7
71d60231-d8f5-47b8-b91c-c57a7b0f1a99,55763724-46eb-4e59-b9e4-88fdf0257077,702c5cb0-a610-4240-9bed-879c69cdb9e7
9001b342-09d3-437b-887c-142127481da5,9afebde3-9c7a-4bd6-9116-1ac875acc35a,702c5cb0-a610-4240-9bed-879c69cdb9e7
63b6f1c4-ae04-4eb2-8fda-31ff3ad8ffab,e58747dc-57c7-435a-88cb-5aaa5199fdcb,702c5cb0-a610-4240-9bed-879c69cdb9e7
3abb16e0-0bec-4fc5-8b4d-5dad353328c2,93c20006-a5a4-4e9f-9b1e-6b4b4f6fabb6,821f14d9-7bc0-4e9b-94af-b8fcb6e5280a
bddfd535-f0d3-4a07-afaa-5e7a86766861,566dd39a-09ff-456d-8425-14e69b0221a1,821f14d9-7bc0-4e9b-94af-b8fcb6e5280a
668b9eaf-0279-4696-bb42-71c19fae59f0,5f4adfda-1cef-4598-8016-58e7c7c12676,702c5cb0-a610-4240-9bed-879c69cdb9e7
952f7f22-fe03-4085-aa41-b7a5635c5d9b,2b083b7b-b87e-4681-8c31-50686a548a97,821f14d9-7bc0-4e9b-94af-b8fcb6e5280a
f82349d4-a302-4d55-a470-6a0cdda985a3,a50396fd-8d4b-48b0-a4c5-62dbdcf5184c,821f14d9-7bc0-4e9b-94af-b8fcb6e5280a
bd9eb012-e628-4142-9d43-0973f9879740,bb84451f-c1b9-4064-8bad-126722c20134,821f14d9-7bc0-4e9b-94af-b8fcb6e5280a
68dbffa9-0cc3-4ad0-8f2f-2696aef2c5cd,68e5c688-5e02-42b4-9e8b-4e822a4da4e1,702c5cb0-a610-4240-9bed-879c69cdb9e7
d24dfed8-8a98-462c-b959-709aabda4208,0672fd72-9476-45b3-a160-bfeb49e95633,702c5cb0-a610-4240-9bed-879c69cdb9e7
58594415-10a9-4d50-8e43-0774585f3974,ae160c7d-6b23-4b22-a67f-46f6c1328545,702c5cb0-a610-4240-9bed-879c69cdb9e7
aadd203f-dbad-4d63-9071-17b653ad6088,3f7a732a-df13-45eb-9b87-d3cd84f3dc18,702c5cb0-a610-4240-9bed-879c69cdb9e7
7b936613-633f-4784-9f17-d0e01ac28e31,4b458295-c3f9-41c1-903a-728c6f74b7a5,702c5cb0-a610-4240-9bed-879c69cdb9e7
49f306f0-0c08-42d5-8c08-03050c3334aa,9f90c531-cba3-4234-a564-0541c62503ac,702c5cb0-a610-4240-9bed-879c69cdb9e7
f7d75699-714a-4bfe-8dae-2ba3df2dbf7b,9e15f699-6e24-4f69-8de8-c2b819041023,702c5cb0-a610-4240-9bed-879c69cdb9e7
924a542f-98d0-4645-ad32-503b6f56c5f8,63f82b43-5e08-4802-890a-35b985a9f824,821f14d9-7bc0-4e9b-94af-b8fcb6e5280a
01d9687e-580d-4775-b8a4-fe07de794dde,e82215e6-5432-4502-9e32-52cbb1229f4b,702c5cb0-a610-4240-9bed-879c69cdb9e7
ebf203b7-a2a5-4e13-8b98-77d980a3c42d,2c129ffe-6e0f-479b-bfdb-9cb7befb340c,821f14d9-7bc0-4e9b-94af-b8fcb6e5280a
ad60542e-ea7d-4e45-a5e2-9c58435b6d75,9e040bc6-d95d-4ebd-a6cd-42034ffaddad,821f14d9-7bc0-4e9b-94af-b8fcb6e5280a
18bdb3e0-7a0d-4468-addf-f737872e7657,537ff1dd-3cae-4e3f-80fc-ee01590fc69b,702c5cb0-a610-4240-9bed-879c69cdb9e7
24ce3a59-376a-467b-a593-389eb09f2270,5a8b8e53-0dec-4acb-ad86-26305245cd57,702c5cb0-a610-4240-9bed-879c69cdb9e7
d9183f1e-47b5-4866-8dcc-9e9b596489af,ef41b8c1-c7c8-4f50-9387-bae452585adf,821f14d9-7bc0-4e9b-94af-b8fcb6e5280a
b507b15f-c29e-4d40-9da5-614fd936f118,f5becb19-b8eb-4337-9ed8-ade2442eaeb1,821f14d9-7bc0-4e9b-94af-b8fcb6e5280a
ee2b37e2-cdce-4b9e-a57f-58d02e4e6365,b28ce2a4-405c-4d4d-80a1-3f0956de07a5,821f14d9-7bc0-4e9b-94af-b8fcb6e5280a
e3a8f290-f87f-42a3-9397-d6d6ef9e8c12,414ac596-3156-49a0-b355-be819e84a844,702c5cb0-a610-4240-9bed-879c69cdb9e7
a47f91b7-dbb6-4127-a43b-9123fbed8644,4cd586ef-2f8e-4ce6-b2ed-397b38757928,821f14d9-7bc0-4e9b-94af-b8fcb6e5280a
3fa7edd7-382b-431c-8b50-e9aeb27bf610,c8c2db13-8d00-434d-adba-d840d997ea62,821f14d9-7bc0-4e9b-94af-b8fcb6e5280a
1fb88078-81b1-46b4-a939-def772b2f0aa,fc266b3f-9fff-455c-a67e-328e5944f91d,821f14d9-7bc0-4e9b-94af-b8fcb6e5280a
d0861935-df6e-435c-9ddd-9885b799bdee,e1ef107e-6dbc-492b-a94c-626e1655a60b,702c5cb0-a610-4240-9bed-879c69cdb9e7
a1f5f620-8b05-45b5-89af-1b110d8409f9,e180a95c-710f-45eb-aea8-5cc3cd06376b,821f14d9-7bc0-4e9b-94af-b8fcb6e5280a
2b710608-ae70-4b15-a38d-9fd8bf61734d,06364688-0c82-455c-85a0-4827552de81d,821f14d9-7bc0-4e9b-94af-b8fcb6e5280a
e8af210c-6229-4ecf-ae35-3d39ecf95c1a,69b1096a-a3a1-417c-9321-bab130398260,702c5cb0-a610-4240-9bed-879c69cdb9e7
b0d771cb-af82-40bf-ad42-d3719a045a49,c7dd0091-dd99-4bf4-b295-d804379dea92,702c5cb0-a610-4240-9bed-879c69cdb9e7
7cf673e1-2961-448d-91c1-b9697bff2f18,f6a92ff8-8885-468f-993b-9b44bd9f48a3,702c5cb0-a610-4240-9bed-879c69cdb9e7
629497f6-b2ac-4a25-a8a0-7bd994fa1669,dd394ebb-9ab9-4c11-8e7f-7af391b48784,702c5cb0-a610-4240-9bed-879c69cdb9e7
788ae861-53f2-4d81-8c2c-4d0569e3d44f,498546df-2112-4cdc-86d6-d07a0d82e58d,702c5cb0-a610-4240-9bed-879c69cdb9e7
f7bb3a00-96e0-4023-a86e-47184e2dbe10,30b6ddb4-0f8d-42ce-8308-8400176e6812,702c5cb0-a610-4240-9bed-879c69cdb9e7
bab7808c-ba35-4211-9a10-adca5c1cfdae,aef01b9b-565d-487b-95d7-d08124bef0cc,702c5cb0-a610-4240-9bed-879c69cdb9e7
fe5b5bca-5f9c-45aa-bade-671dd510d0ed,dc11b49c-2f88-492c-a68d-e50bbd8de3cd,702c5cb0-a610-4240-9bed-879c69cdb9e7
c29c3aa8-beee-4e48-abc9-458dd41cf0be,3ce861a2-f032-4ded-89fd-7cfeec21a122,702c5cb0-a610-4240-9bed-879c69cdb9e7
d0fafff0-06ef-4b65-8559-ba676456f27d,855aecf7-537b-4eeb-a8dd-a1ba46a04776,821f14d9-7bc0-4e9b-94af-b8fcb6e5280a
1654cfd4-5ce0-4c26-b326-0a182091d6ec,dce8d03d-157d-44f6-b7b6-f750604eca9b,702c5cb0-a610-4240-9bed-879c69cdb9e7
6efe5355-7755-47dd-97ec-63dd922435c8,1fdb6c67-48aa-4de1-872e-0c1e298a38f2,702c5cb0-a610-4240-9bed-879c69cdb9e7
0345b1ba-177e-4731-a870-46ecd564ec89,cc7a7718-e168-4844-8063-191a4820bd77,702c5cb0-a610-4240-9bed-879c69cdb9e7
baed75cf-2757-4b7a-ac86-be177a9e5104,a74ddbec-b54d-453d-ae2e-e36fa00a40e6,702c5cb0-a610-4240-9bed-879c69cdb9e7
e4a4681e-693e-4a98-8af0-7422e94359dc,862a8657-a433-4bbb-8a08-3c244c395d12,821f14d9-7bc0-4e9b-94af-b8fcb6e5280a
61690f3d-0141-4718-a861-4066cb015fc3,b47728f3-2395-4aaf-835c-2a7052858773,702c5cb0-a610-4240-9bed-879c69cdb9e7
058b8395-65e7-4678-82ca-8ce7197f09dd,daf50ca1-c13a-420f-b989-5220a8448a53,821f14d9-7bc0-4e9b-94af-b8fcb6e5280a
b28882cd-7e89-4d3a-8905-d68ecc0fab55,bfaffecd-c5a4-4d15-b19c-4ae87ec08d6f,702c5cb0-a610-4240-9bed-879c69cdb9e7
b92a74a2-a6ae-4f1a-b632-10460d050f70,6230b9ad-085b-4412-86c6-8e2c63cb2ce2,702c5cb0-a610-4240-9bed-879c69cdb9e7
f9aa3706-d013-4e1e-90eb-47c51f14777d,afc8f02f-ffe7-4b34-bb3e-2d9a0813b27f,702c5cb0-a610-4240-9bed-879c69cdb9e7
8786ec3c-f40a-476a-ad41-da6c2e1f8269,c8c6564f-dade-4471-a95e-ba604407a3d2,821f14d9-7bc0-4e9b-94af-b8fcb6e5280a
d6daa223-4fca-4d54-82f1-105904d86ee9,fd812544-3ac5-4493-836e-39402a05f0cc,821f14d9-7bc0-4e9b-94af-b8fcb6e5280a
6bd84886-6ed4-45e5-b8e6-47735d40f6e9,07f959f6-803d-4465-88b9-910ecd18ec09,702c5cb0-a610-4240-9bed-879c69cdb9e7
bda85c8d-f538-4fdd-8c0a-4e5268c106b6,da8f4837-236a-435c-86f5-af64216d5364,702c5cb0-a610-4240-9bed-879c69cdb9e7
d632c877-9e91-46f3-973b-899493e0b73f,c2bdba46-f6b3-48e7-8795-cebf343740d5,821f14d9-7bc0-4e9b-94af-b8fcb6e5280a
b9b846de-c2f6-4d04-b96f-9d49b1e31aaa,5f06baaa-386c-4758-a5cc-acb9fcaea012,702c5cb0-a610-4240-9bed-879c69cdb9e7
7b8ca231-adaf-4dab-a103-62964caa335a,5f154802-6976-4e68-9798-e96c62f53ad9,821f14d9-7bc0-4e9b-94af-b8fcb6e5280a
d277e44a-85dc-4678-bfd7-f629811c58f4,b906d2dc-bad2-4320-b848-ec9fce73e3dd,702c5cb0-a610-4240-9bed-879c69cdb9e7
e395285e-d3d0-44a4-b56f-8651f0683652,eaff4045-c6ca-40ee-b3ed-623cf275adcc,702c5cb0-a610-4240-9bed-879c69cdb9e7
357e7094-3191-49e3-8996-2ed8af2545fb,b592250b-2259-4bba-a65d-d6cd50dd2ee0,702c5cb0-a610-4240-9bed-879c69cdb9e7
3a6dc43d-18e9-4ccf-a53c-de85ba963877,923e2ea9-84f1-4f11-989d-4e1afc739acc,702c5cb0-a610-4240-9bed-879c69cdb9e7
5aa7b15a-a6c8-4af2-be6c-08f4cae34317,65c29473-f3ac-4c1c-a216-1a2b473b1172,702c5cb0-a610-4240-9bed-879c69cdb9e7
871d47be-53fd-49de-93c9-d520a24e1970,7683a258-fbc1-4dd3-a1b5-ad6a65c63553,821f14d9-7bc0-4e9b-94af-b8fcb6e5280a
4ee64fc5-e1df-41eb-88a0-0b4ef9a659b4,a216e586-aa14-4626-a30f-e744cf9070d1,702c5cb0-a610-4240-9bed-879c69cdb9e7
381c4b50-baaf-4c7a-b3e1-1b0695e02ee7,e36bb54a-557b-43f5-8e1d-3c06353cacdf,702c5cb0-a610-4240-9bed-879c69cdb9e7
faa4862d-48f7-4fb1-af73-4f73cfde7962,0da880a6-934c-47d5-bc9c-010454ea2d83,821f14d9-7bc0-4e9b-94af-b8fcb6e5280a
c2dbcaf5-f483-4e57-88f0-d6ccc543f42f,6cb5e450-f15f-4855-9186-8899efd7aef9,4934dc25-aa95-4f0b-80f6-da9704d700d3
2af0d217-8b80-4a5c-9cb2-f5905b87a8d3,410417cb-ceeb-4149-acf4-bd6ea7de3f50,702c5cb0-a610-4240-9bed-879c69cdb9e7
5250e018-d6f6-4d72-95e6-1a4c4b3720ef,3def18b7-d810-403a-a1de-a2d8623e2696,702c5cb0-a610-4240-9bed-879c69cdb9e7
869a6ec6-7307-4736-8f53-b64a94afae73,5bf171d2-e6ce-4171-bc93-56680b9da328,702c5cb0-a610-4240-9bed-879c69cdb9e7
7f9c24f8-5f2c-4e5c-a7b9-5f9c7ced7f48,a0e39f2a-6c01-404a-855b-938cdf234d9f,702c5cb0-a610-4240-9bed-879c69cdb9e7
e413eb83-6738-4b5e-a724-d77897408a4a,8f1a114d-5394-4696-8709-7313edd989a6,821f14d9-7bc0-4e9b-94af-b8fcb6e5280a
9dc066e0-1a49-45f1-bfa6-4a4aaaca372a,2e677284-6e75-4efc-a9ae-cd68c7ba4914,702c5cb0-a610-4240-9bed-879c69cdb9e7
45d7d3ca-6e3b-4382-8943-2540d34fb475,6fd2140f-c03d-465a-aa13-09b8fa8debb0,702c5cb0-a610-4240-9bed-879c69cdb9e7
222a5535-a15f-4933-821c-ea4564b4ac7e,7c6856b3-6e34-4add-8fb6-2fffddf62e79,702c5cb0-a610-4240-9bed-879c69cdb9e7
fd21697c-e13f-4bec-9641-74c2ead0b102,d16f079d-9496-4196-9d4e-8cefaa71f047,702c5cb0-a610-4240-9bed-879c69cdb9e7
4f0e0ecb-1fd7-47f2-b8d8-6dbe5a048a47,59a3761d-53ce-4ca0-bbe8-7e3fd45257e1,821f14d9-7bc0-4e9b-94af-b8fcb6e5280a
d92ce12d-aa31-4937-b378-1502b2de569e,1aa94da4-9d02-48f1-8e79-14e622d8ad2c,702c5cb0-a610-4240-9bed-879c69cdb9e7
a5dceac8-bf26-4430-aba7-c7d4e921817e,04fd515b-68ad-4b35-b779-ae93164c40f7,702c5cb0-a610-4240-9bed-879c69cdb9e7
a0abbb7f-7ce9-4639-b447-3e50d4078b05,674571c5-d739-42a2-af16-95bdf8d4142f,821f14d9-7bc0-4e9b-94af-b8fcb6e5280a
58cc0861-353d-47ec-8fd3-c531bfbc0a45,0cd2e2df-f5a0-4e0a-b7bf-3a52a22da04b,702c5cb0-a610-4240-9bed-879c69cdb9e7
e3d92893-b595-44f3-84b6-9585ce8f49a4,b6e35ccf-e641-4b8b-9085-e4730da4e88b,821f14d9-7bc0-4e9b-94af-b8fcb6e5280a
3ed9fcb1-8bc0-4935-921c-9ae334fcc0ce,d05faacc-45de-4efb-94bb-3d5191545f5b,702c5cb0-a610-4240-9bed-879c69cdb9e7
1f6ecc5b-f1cd-48fd-9a71-727debe7f237,5d6a26e1-0d1d-4c8d-9b61-c93f480316a3,702c5cb0-a610-4240-9bed-879c69cdb9e7
aa33ff35-65d9-4c3a-a1ff-46267257bf56,5317ed8b-235a-4d34-a60f-e029ac69baca,702c5cb0-a610-4240-9bed-879c69cdb9e7
919e09b4-735f-40fb-9cc8-4bf49ab59f44,68d5e16e-abfd-4075-8205-1fbefde9fda4,702c5cb0-a610-4240-9bed-879c69cdb9e7
3cf0b6b9-b5d2-4287-8a38-849cf62d94c4,a3c050f9-6e16-462d-850f-34f98b70a56a,702c5cb0-a610-4240-9bed-879c69cdb9e7
fe017c33-7496-4422-b017-497758376673,ceddc513-861d-40a6-85b9-cd5c3c0a3fb2,702c5cb0-a610-4240-9bed-879c69cdb9e7
9a188285-3c20-4a56-9c97-69df95b62363,69d8b8f1-580a-48a2-9ab8-310507480ef8,ed204181-0a5c-4ffc-aea7-05dc9d565ecc
2c27f659-1efd-4498-9fd2-0ef2381173f5,a44b777e-cd19-49aa-9054-47fb1b494699,702c5cb0-a610-4240-9bed-879c69cdb9e7
bff318b0-f8a7-42bd-af9e-ea0e50d6af59,d0fc9933-00b5-46b1-bd1a-8948a711425e,821f14d9-7bc0-4e9b-94af-b8fcb6e5280a
190abba1-55ae-4809-ad35-8b313e670c1a,f231c58a-5603-4ef9-bf42-805edf83917f,702c5cb0-a610-4240-9bed-879c69cdb9e7
19a26e8f-cff4-45db-b687-87fd187c5af4,ec657179-8077-4c90-80d6-0ba00421cbf5,821f14d9-7bc0-4e9b-94af-b8fcb6e5280a
456c5690-cf36-43d5-a07f-4b263c43e960,891094e0-a883-4a50-b2b0-02f9629ba1a3,702c5cb0-a610-4240-9bed-879c69cdb9e7
e4b8380c-dd7f-49d9-9df4-97e52372dd73,f6c93c32-e013-479e-b7cc-e1a754a4cef5,702c5cb0-a610-4240-9bed-879c69cdb9e7
e8429fa8-dfd6-4c84-87f9-ce50d6323097,8ca91368-8f11-4fa0-b59a-673742eb96c2,702c5cb0-a610-4240-9bed-879c69cdb9e7
97c7640b-4619-42ab-bd82-037cea362464,33f7d88f-9138-4849-8cd6-c530d13eb85d,702c5cb0-a610-4240-9bed-879c69cdb9e7
91a0f162-4e45-492d-9f7c-2b0a13ecd1be,faa61825-77a2-40e5-a700-d1e2e26b1427,702c5cb0-a610-4240-9bed-879c69cdb9e7
74c60df5-baa7-47e8-808c-84e21d478463,a87c94ae-e95d-4673-9e33-175a1ec241b4,821f14d9-7bc0-4e9b-94af-b8fcb6e5280a
ec268b35-5a18-4718-a3b5-ae1634d0835a,a3b3e88d-ecd8-416e-905d-610c43734fed,702c5cb0-a610-4240-9bed-879c69cdb9e7
c4d89752-df07-41eb-865b-eee164421769,17145617-c1c4-4bd1-8111-5114bd0a8603,702c5cb0-a610-4240-9bed-879c69cdb9e7
08f9e9ac-9807-4011-a6b2-876575145c85,27d7d9a6-4b88-4b57-af03-1546bfcf83f5,702c5cb0-a610-4240-9bed-879c69cdb9e7
1542b1b9-490d-48ee-b8ec-971be4fb3513,8c5e7791-e10d-4da8-9983-bb56d56e8a43,821f14d9-7bc0-4e9b-94af-b8fcb6e5280a
270376f2-3f0b-4d3f-b0ee-4e04b174b5af,ff70b090-e64e-4a2b-880c-c4f5d105245a,821f14d9-7bc0-4e9b-94af-b8fcb6e5280a
9e515a22-655a-4a13-b955-5a6a317ac9ee,06be74a0-1840-4d66-90ba-329eeb088f03,702c5cb0-a610-4240-9bed-879c69cdb9e7
865eadc9-2009-437c-adac-dc56d012b3d0,9a78d200-c405-4a57-826c-2d08974b5111,821f14d9-7bc0-4e9b-94af-b8fcb6e5280a
1efe539e-e3ae-427d-8d36-654d56a44304,de5fe9a4-e604-424f-ae8a-a13e45047677,702c5cb0-a610-4240-9bed-879c69cdb9e7
0f96a06d-326a-401a-b5a4-581227876ede,587eb0f6-a68c-4c12-9d25-d12f308be397,702c5cb0-a610-4240-9bed-879c69cdb9e7
fa1a2efd-7c10-40db-919c-939f4aa138c6,cd3db313-ae1f-4ba0-bfb6-eb4e15e33f2b,821f14d9-7bc0-4e9b-94af-b8fcb6e5280a
7654507a-1dd2-4b9b-995c-db8c1e428575,d630292f-eef2-4d30-9c7b-5a047b5d7d96,821f14d9-7bc0-4e9b-94af-b8fcb6e5280a
f054e767-a235-4a4e-b4ba-7a012931be9d,51839154-6f41-40d4-970e-41f12e8ee5b3,702c5cb0-a610-4240-9bed-879c69cdb9e7
89860f70-5bd2-4cd7-b2f4-3c06fd342e9f,5d1488f0-bc62-439f-ae86-6f8507f48018,702c5cb0-a610-4240-9bed-879c69cdb9e7
f7102420-5be0-460e-a717-450abb1bc374,c33e702d-7b19-423a-b445-53d300d05ba8,821f14d9-7bc0-4e9b-94af-b8fcb6e5280a
c4e17e3f-0a61-43dd-878d-cdc7ff0f76b8,05e20ebc-a243-4e24-a0c6-3ee66bff2ea5,4934dc25-aa95-4f0b-80f6-da9704d700d3
4b554c29-a1d9-42ad-b311-f33d587ad8fc,527e7ea1-83a3-4ecc-9a81-0be086bf9e88,702c5cb0-a610-4240-9bed-879c69cdb9e7
840d04dd-26e2-4c35-a709-53f8fc9fc25f,1933e6d9-174d-4adb-b0f5-a06420e90892,702c5cb0-a610-4240-9bed-879c69cdb9e7
5f03b902-0e2c-46dd-8794-4ce55eeca8ef,89fc8f8a-06f4-4392-80df-ba0da9309e0d,821f14d9-7bc0-4e9b-94af-b8fcb6e5280a
bcb56dfc-0022-413f-ade1-da1acde680c8,63d7fd41-1b6a-424d-a1d1-a7cddac9b562,702c5cb0-a610-4240-9bed-879c69cdb9e7
9293bc7d-e2c5-4406-b173-dd7e50ff9d2d,b26b284e-9dce-437f-876a-c6d76b12227a,702c5cb0-a610-4240-9bed-879c69cdb9e7
95158e63-bcdf-4150-a839-580e4ea8e2e3,c268f7c3-2e1a-4c3d-96c9-84c0cba36f58,702c5cb0-a610-4240-9bed-879c69cdb9e7
73d3383d-8d70-4f6a-8dde-14990db47797,46d1f9c2-c403-4d8a-8555-edf163572744,821f14d9-7bc0-4e9b-94af-b8fcb6e5280a
2ac24b42-35da-4345-ad2b-18fff42918e5,fb1855f8-e2f7-427a-a05b-a3b05785d67b,821f14d9-7bc0-4e9b-94af-b8fcb6e5280a
d3177266-ff86-4844-9421-eba87c47e6fb,fa36b896-73be-4c9e-a7e3-3f33b807cab9,821f14d9-7bc0-4e9b-94af-b8fcb6e5280a
c25b52bc-34d3-4629-933c-5b3ef67beb24,41168c8b-6cbb-45e7-80dd-ec2224496fea,702c5cb0-a610-4240-9bed-879c69cdb9e7
6adf5bb0-11db-4af5-99bc-d52c0e0a0f5f,70e358e5-391d-47ca-8b79-1b7f988b9d4a,702c5cb0-a610-4240-9bed-879c69cdb9e7
a8019ddb-db42-4e9f-ae38-04d8be3b7b42,3fe1dc1a-8c4e-4bb5-8768-076be7c1dbfc,702c5cb0-a610-4240-9bed-879c69cdb9e7
6ec754df-482f-430c-ae34-116efc910bac,60bfb613-9761-4e73-b0b3-d85babaf4f94,4934dc25-aa95-4f0b-80f6-da9704d700d3
26774a74-768f-4915-a5f8-65c79557f142,bf7a9687-fdb0-440b-8822-96f6c398b637,702c5cb0-a610-4240-9bed-879c69cdb9e7
5e26cff7-fc93-42b3-9d8c-b25a893e4b09,45f94554-3cc6-4d03-97f5-8586cdccb8c6,702c5cb0-a610-4240-9bed-879c69cdb9e7
0e6f1f37-dfd1-4cac-9571-352dcb89fd4f,555e46ad-7892-4a98-8c11-55b50aa7141b,702c5cb0-a610-4240-9bed-879c69cdb9e7
63249173-8eff-40a0-b369-92fd587bbb85,ff0dcf74-09bc-4f2b-8f9b-8ad87b2ebf41,702c5cb0-a610-4240-9bed-879c69cdb9e7
3e998217-3d14-4f77-91be-6f8bba317915,aae5d0a0-6999-48e4-a01e-6fa4f82eb5df,702c5cb0-a610-4240-9bed-879c69cdb9e7
ff4cdd8d-0b12-45b6-aaa1-6d33cdbeb968,7bf33472-8f5b-45ed-94cd-32115d34098a,702c5cb0-a610-4240-9bed-879c69cdb9e7
c76a4b28-ef7e-404b-a0f4-88490f3db394,c7514477-bac1-439e-aa91-bac6c229217c,702c5cb0-a610-4240-9bed-879c69cdb9e7
6d89eaa9-e373-499b-b4cb-80e03f6470c4,1038c34d-e9b4-4b90-866d-57910db0c31b,702c5cb0-a610-4240-9bed-879c69cdb9e7
03cbf7ae-2432-4593-a3bc-a03c95da4a73,610f4ef0-0a12-44f1-a509-0d6b096e306a,702c5cb0-a610-4240-9bed-879c69cdb9e7
53af15ac-d445-440f-9c12-7158e8c01a56,fe533611-e69d-4221-8239-1753327614aa,702c5cb0-a610-4240-9bed-879c69cdb9e7
2102df0a-10ea-481f-a66b-88115aaa912f,aa437cc0-1da7-4895-b538-e9ae85b68592,702c5cb0-a610-4240-9bed-879c69cdb9e7
2a7a8885-61eb-42db-a054-29cccc7adc87,6476756f-3352-40da-969c-13521d124a58,702c5cb0-a610-4240-9bed-879c69cdb9e7
c07b138b-4a66-42ee-9a05-cea749c4befb,a5a34196-5c06-46a9-b917-dc7472456a60,702c5cb0-a610-4240-9bed-879c69cdb9e7
e81a8d25-701d-499d-8f95-65b35d9bf0ed,15b905aa-7ce1-4cf6-bac7-ad4a7ca74caf,702c5cb0-a610-4240-9bed-879c69cdb9e7
32cc5d22-294e-4cea-8796-b1ed5f20853e,8b5d0b91-f09b-4230-a5ba-7babb85a86f8,702c5cb0-a610-4240-9bed-879c69cdb9e7
b0fd3d24-ede5-4d06-a2ae-0cb62717186e,05f53643-ea5a-4e75-8189-5e6b0a85bec4,702c5cb0-a610-4240-9bed-879c69cdb9e7
31e8e4ce-3f34-406f-a694-5f2f8298f053,16c79260-8a5a-42fe-a36b-a4ed397dbe59,702c5cb0-a610-4240-9bed-879c69cdb9e7
3eed2b4e-b050-4fcc-998b-5962501b6498,f92e0b47-5520-4698-8d9d-53824b3244d1,702c5cb0-a610-4240-9bed-879c69cdb9e7
72dda3d7-a774-4cd5-8b08-295096a05859,40d62f28-76a7-47f6-b018-20e282c56643,702c5cb0-a610-4240-9bed-879c69cdb9e7
3b6e4cdb-8320-4ec6-9543-27fdfe5b21f5,cba94483-377b-48cb-bdc2-6d70c55c25e3,821f14d9-7bc0-4e9b-94af-b8fcb6e5280a
a997c78d-a841-4a37-ab18-6a0be8008656,558aab5d-b788-4504-8750-4e693c9b26ea,702c5cb0-a610-4240-9bed-879c69cdb9e7
ec73221d-6f1e-4441-b999-5b128c5015bd,bcd530dc-9067-46f8-a508-e8e2e7343ac9,821f14d9-7bc0-4e9b-94af-b8fcb6e5280a
bfb3683d-817a-473a-b7bc-c9f79dcfaca4,948c2ed5-d659-4a4d-9a9a-f2d672324bf8,702c5cb0-a610-4240-9bed-879c69cdb9e7
de8e49d3-8108-4691-932d-388e72e6e0d5,e8a7b8ba-ccda-4bff-831d-6cce829ceca8,821f14d9-7bc0-4e9b-94af-b8fcb6e5280a
e2337c95-e4f2-42f1-88bd-7ef72e440444,ac127d71-3819-4a7f-8e21-b63387cbbb49,821f14d9-7bc0-4e9b-94af-b8fcb6e5280a
c3e4a289-7a33-4736-9551-acfd0a2a1fad,cb0a46c3-6623-4292-b959-74c258862d6e,821f14d9-7bc0-4e9b-94af-b8fcb6e5280a
d70b0c72-0dbf-47d4-ab54-e24a8e968cd7,8a52e3a2-632a-48ad-b27d-271cbc419056,702c5cb0-a610-4240-9bed-879c69cdb9e7
ac1695ae-c4d8-4e3d-913a-d2b83256e7c2,4645ef5f-7547-4be9-97fd-b142ef6c5629,702c5cb0-a610-4240-9bed-879c69cdb9e7
8f7f0006-b694-4e9a-af3c-3581cf17917a,a180d919-1de0-414f-a6da-239686bcbec4,821f14d9-7bc0-4e9b-94af-b8fcb6e5280a
d11cec14-856c-4c3f-bca4-50cc4c82e7f6,f5bf036c-d76c-40e3-bb09-5df7a723bbb0,702c5cb0-a610-4240-9bed-879c69cdb9e7
f370f36a-0a47-47df-821c-6f0c296c0484,bc7c494e-ac76-470b-84ac-46a4d401f7eb,702c5cb0-a610-4240-9bed-879c69cdb9e7
5016c1e5-fc4f-402c-ab57-75f8450b853f,b75d7442-0583-4b96-bb31-37bbabe3a0f6,702c5cb0-a610-4240-9bed-879c69cdb9e7
a5870c45-28b7-4484-828f-ba577c241158,2cd682fe-3e37-454d-9ea4-1044b538bb29,702c5cb0-a610-4240-9bed-879c69cdb9e7
0348330a-735c-4c9e-98e1-6d6de8ebc899,b3db9a91-9550-4864-ade1-a7e06ec33eb5,821f14d9-7bc0-4e9b-94af-b8fcb6e5280a
c174bb24-e174-47fb-8517-ef1d7b9e8a20,2c9d6377-50cc-4f9a-a04e-c4df7b2b61ca,702c5cb0-a610-4240-9bed-879c69cdb9e7
17737386-172b-4c47-b1b8-1a8dc9a4a23d,f56420b1-2234-405a-bfa7-0184610f3e73,702c5cb0-a610-4240-9bed-879c69cdb9e7
6ac071b5-68cf-4a02-a339-e5cfa99cc8ca,398d286b-31a5-4877-8e6b-99148090916c,702c5cb0-a610-4240-9bed-879c69cdb9e7
2ac5d4a8-006d-4693-910d-97e993986940,e3bb3c1b-6c17-4745-9ed3-527d95f84b58,702c5cb0-a610-4240-9bed-879c69cdb9e7
7360d624-7e37-46ed-851f-a2d1b18008e1,92714ee7-6ad0-45f3-a9a7-9ada91b3c2d0,821f14d9-7bc0-4e9b-94af-b8fcb6e5280a
b05fecd4-c48b-4886-ad4f-fcc5a543008e,6a19cf9a-918b-4e15-8856-9f1e22af690d,702c5cb0-a610-4240-9bed-879c69cdb9e7
2d7c30e9-c952-407f-a3a1-4fe31b08b446,db98cbb8-e068-48b6-a14f-084ac77ad17b,702c5cb0-a610-4240-9bed-879c69cdb9e7
1eebf0eb-b865-4e78-95f9-e922f31baaa5,24e5e291-3445-47c1-b81a-f99bf63b3e8c,702c5cb0-a610-4240-9bed-879c69cdb9e7
e1523924-1a42-4bf0-bb18-a98e934becff,a6204bde-3b89-4b8c-b61a-d201848f6c32,702c5cb0-a610-4240-9bed-879c69cdb9e7
d1d09d39-d0db-44f6-a310-a712494e3c27,6a4e92ee-f433-408c-8941-ab48612084a8,702c5cb0-a610-4240-9bed-879c69cdb9e7
4395f067-e6b7-4461-831e-ecc589fcaed1,75671526-3509-42f4-b66c-f702d915b6b5,821f14d9-7bc0-4e9b-94af-b8fcb6e5280a
3a573470-c5bb-48d6-917d-236f49fe0da5,c0633874-c5bf-430c-8f2a-c0d41c9cd802,702c5cb0-a610-4240-9bed-879c69cdb9e7
92e7a1aa-b38b-4b11-b50f-9411de77f725,4bfb8796-d54d-4786-a5c4-7a5890720d6f,821f14d9-7bc0-4e9b-94af-b8fcb6e5280a
a9c12cb6-1f9d-4ae9-8f56-124981442058,671f2402-3d65-4031-b6a3-b59fd72ece3a,702c5cb0-a610-4240-9bed-879c69cdb9e7
6f3444c5-24db-4f2e-a545-01cf8779b139,328ea950-0333-47db-833f-33605ba971b7,702c5cb0-a610-4240-9bed-879c69cdb9e7
73e4a327-0404-4b9a-a915-e73a1544d53c,96c937c0-4bab-4f36-be2b-fb15e57fb290,702c5cb0-a610-4240-9bed-879c69cdb9e7
abbdba60-fc33-4e9b-9dd4-1b184e66d63a,6823d161-2208-40f0-ab8c-6fd1b8ca9cb7,702c5cb0-a610-4240-9bed-879c69cdb9e7
47fb9364-9e55-45df-9615-a76ddecd2cab,1779f2f7-9544-42f8-b9a4-0e437f31a62a,702c5cb0-a610-4240-9bed-879c69cdb9e7
e88e9dc5-37e7-451e-9a56-6ff3ddf5187e,106e3ac0-db0c-4e91-a038-18626e4f410c,702c5cb0-a610-4240-9bed-879c69cdb9e7
0c0257d2-1d2b-41f3-b135-2cbd034a3bbf,a5791549-1513-4e5a-a6d5-42be3acc1be6,702c5cb0-a610-4240-9bed-879c69cdb9e7
7c87894e-e6c6-493b-b4a9-ee59a057b849,640cd286-2f32-4ff0-8605-13c935d364c4,702c5cb0-a610-4240-9bed-879c69cdb9e7
b5348bda-d6b2-4ffb-9a7c-ddb74d808104,5db08a3b-eef4-429d-9e4c-0ea836ad1192,702c5cb0-a610-4240-9bed-879c69cdb9e7
83fb7ded-2d0a-4922-9e95-cd91ea511d3c,3c8dab5a-5325-45b2-b028-ed063a8a3e64,821f14d9-7bc0-4e9b-94af-b8fcb6e5280a
34fb43cb-a396-4ea1-b416-4e6e1a0aa9fa,f80f0085-b7e5-4a47-8afc-fc318d1585be,821f14d9-7bc0-4e9b-94af-b8fcb6e5280a
8fe26de4-d71e-49d1-a857-1d67d471c557,59b1505f-ea3c-45b1-af9b-5735406cd047,821f14d9-7bc0-4e9b-94af-b8fcb6e5280a
e04e32a8-f23f-4ef7-b304-2a1d0cbdf695,7fd21344-cc39-4696-9f73-5c67e1ee3be6,702c5cb0-a610-4240-9bed-879c69cdb9e7
751e126c-3cda-4de0-a58e-c1eb6e1f74c6,96ef834b-992b-4761-8cab-807b6e885dbd,702c5cb0-a610-4240-9bed-879c69cdb9e7
f94e3d06-056d-4cd9-b44e-a96eb33b262a,73363431-32b0-4462-abef-7010ba47b62f,702c5cb0-a610-4240-9bed-879c69cdb9e7
54c8a13e-7227-47cf-bec7-6c9620059ef9,8e202bf7-168d-4abc-b39e-0052e6a2d611,702c5cb0-a610-4240-9bed-879c69cdb9e7
21d7e486-a821-46c9-8f38-5932d3377b97,20b2b29a-780f-475d-bc0e-b72b102220de,702c5cb0-a610-4240-9bed-879c69cdb9e7
1984efc3-ab81-4b32-b566-4b6314e38664,769a047d-4463-4181-bbd0-757627960df3,702c5cb0-a610-4240-9bed-879c69cdb9e7
6b373423-829d-4dbb-a2c9-a7ee9439bff2,dc88980f-30e9-4805-8dbc-c3209669ad23,702c5cb0-a610-4240-9bed-879c69cdb9e7
f3a9c299-dbc9-42a4-a137-cea31717d3f1,7281c319-a3ca-4125-8678-b58d7e311d84,702c5cb0-a610-4240-9bed-879c69cdb9e7
b0cb0e05-830d-4904-b40b-adb99031eb85,9faba841-fd14-4f19-97f1-1990adde1825,702c5cb0-a610-4240-9bed-879c69cdb9e7
f4c2a143-823c-40a6-940f-26b10a72c6b9,3c6346c3-9680-4cc8-b839-c8c48b5f89a8,702c5cb0-a610-4240-9bed-879c69cdb9e7
12f750ba-dc2f-437e-b192-2e0b6337756e,f24e9e4e-2a83-4adf-998c-6ac5fcd9339f,821f14d9-7bc0-4e9b-94af-b8fcb6e5280a
eac3e91a-65d1-403a-9e24-bc69256ccfe5,81d58dc5-f7ba-4e29-81b9-ad2cb4514baf,702c5cb0-a610-4240-9bed-879c69cdb9e7
e9c9a039-25ec-468a-a172-62afd39f0a39,0c4215b9-9409-48eb-a027-4b26fd5647de,702c5cb0-a610-4240-9bed-879c69cdb9e7
baeff549-9a36-4d6c-a24e-fe74287e6775,0b8f5167-50f9-4d66-9ee8-993907823cf6,702c5cb0-a610-4240-9bed-879c69cdb9e7
e3cccd8b-d733-4892-b6dc-26a9f2b4cd59,9584d606-5261-4994-93ba-c8de16e9ae24,702c5cb0-a610-4240-9bed-879c69cdb9e7
8c4acc4e-8aed-43b5-9162-9f02dcfe7dfc,aab98a4f-4a4b-4372-a7b6-1b90087529a1,702c5cb0-a610-4240-9bed-879c69cdb9e7
8f91000e-f69b-47d1-a29a-0a26c02e04ec,9fbef1d5-b538-4e6f-997b-74ca1f44f122,702c5cb0-a610-4240-9bed-879c69cdb9e7
1df8d346-405f-4c06-8a29-7aa400454e00,9bf9221b-f199-494c-8884-5ab547f70a19,702c5cb0-a610-4240-9bed-879c69cdb9e7
98155bbe-b5cc-41df-9277-6c802fbedbfa,5acc0464-a942-45c6-9887-d5d26332bae9,702c5cb0-a610-4240-9bed-879c69cdb9e7
1967b9f1-96b7-48ac-87c1-7ee391e0956b,2e349f7f-d469-46d7-b501-92afec080c93,702c5cb0-a610-4240-9bed-879c69cdb9e7
c16d3bf9-134a-4d23-9f82-36cf34983373,70a555b9-ce22-4d57-a159-a8b9870bb9a3,702c5cb0-a610-4240-9bed-879c69cdb9e7
09aca1cf-1870-4042-8de7-50bff5ab4223,5004aa8f-83b5-415b-bd7d-d535615de19d,702c5cb0-a610-4240-9bed-879c69cdb9e7
17111879-6756-4a64-b7e4-8e6dad60678a,40257781-5d22-4a37-b255-fffbc0e51efd,702c5cb0-a610-4240-9bed-879c69cdb9e7
c9614f99-8ee6-4a15-82ea-fcedb1cceda5,04ef8f49-b8bb-40c3-8144-97b85153d64d,702c5cb0-a610-4240-9bed-879c69cdb9e7
bed5e2c5-d484-4a38-bdea-16b1a62fe113,2ef845e7-b80d-4baf-90ce-6e0885ef07c7,702c5cb0-a610-4240-9bed-879c69cdb9e7
5b8f1b82-9a97-4642-9cf8-568331954bf3,41d0da36-62c2-4c3c-b97e-c442177ba672,702c5cb0-a610-4240-9bed-879c69cdb9e7
5cc0f8b0-5a17-4265-85bc-66ebdeb3e3d3,6af0a687-30a9-4339-b679-83bf91b63c49,702c5cb0-a610-4240-9bed-879c69cdb9e7
01952898-e2c4-4a03-b9cf-744f753caad8,7c411f77-c544-43ad-b9e8-b9df28f55603,702c5cb0-a610-4240-9bed-879c69cdb9e7
e2e1a020-bbee-4d80-b8f0-fe5066af8ede,8e17d9bc-b20b-4f69-861e-ef7f11701825,702c5cb0-a610-4240-9bed-879c69cdb9e7
bc935417-2f5d-47c5-8ead-9d86f7de3ab7,5882836a-0e44-4e13-9ec6-6566e472155b,702c5cb0-a610-4240-9bed-879c69cdb9e7
cbe3329d-4001-4548-95b1-201803e3722e,d5242039-6e5f-4cc5-a06c-b404a4079001,702c5cb0-a610-4240-9bed-879c69cdb9e7
e07119c9-c313-4e1c-8df2-4c194fee6323,d596a901-e56a-49b3-890f-511f48743616,702c5cb0-a610-4240-9bed-879c69cdb9e7
c920a1ad-52ef-48ce-bc2d-01237f7567a0,2795cac2-94f4-46d1-ab82-1954e5287e0a,702c5cb0-a610-4240-9bed-879c69cdb9e7
a40b2771-6a3e-494e-9789-fd1ead1defec,535e707d-46a0-40ca-8236-5e54e72abe3d,702c5cb0-a610-4240-9bed-879c69cdb9e7
2ebee71d-22c1-413f-814e-c66e38fcdb17,ae709a3f-d3ea-408e-a7c3-d86676bea550,702c5cb0-a610-4240-9bed-879c69cdb9e7
7c20817b-9f2d-46f7-848a-98abd14385b6,87074310-4a49-44e1-84aa-064638ba38f2,702c5cb0-a610-4240-9bed-879c69cdb9e7
0191cfc3-aa51-4908-8965-02fc79935813,fc4c2411-59b7-4883-a171-8e15c3a4c8bd,702c5cb0-a610-4240-9bed-879c69cdb9e7
dffec3b0-f738-429c-88cc-d8eaa189ee08,54ce6734-dfff-45c9-8660-fc283349df67,702c5cb0-a610-4240-9bed-879c69cdb9e7
a4edcdc7-6516-4e0c-bcbf-d8ece25282be,f95229bb-2cdc-4ea1-aee9-cfdaf0abf91f,702c5cb0-a610-4240-9bed-879c69cdb9e7
b6bb63b4-ca49-42cf-9b05-ad379582930e,c2951c2e-11f8-47cb-8498-c1d91d68ef18,702c5cb0-a610-4240-9bed-879c69cdb9e7
c01bd7ca-2117-4b3f-82ae-b5ab677cca8c,c38de64b-cbc8-4cbe-86a5-cd0bcbe57b11,702c5cb0-a610-4240-9bed-879c69cdb9e7
cf287b4d-1b2f-4790-aa56-e55acc4baf07,1081cd16-39b2-41f3-b1ff-99265050ee3d,702c5cb0-a610-4240-9bed-879c69cdb9e7
448b5413-fd24-4b48-882a-8dae04e6a3d9,47919152-609a-4e15-bac2-97807c390b21,702c5cb0-a610-4240-9bed-879c69cdb9e7
b417a1c6-8d36-4197-8860-fdfb756673ef,c6942bea-736a-4ec8-9bef-8529c7115c87,702c5cb0-a610-4240-9bed-879c69cdb9e7
f15e2cbe-7f69-4081-813c-340375b41aa9,5580d9b1-699d-4351-b5d1-21da1bd9f42f,702c5cb0-a610-4240-9bed-879c69cdb9e7
e7417260-7f58-4d91-b65e-5a3a5cac67e2,3313a12c-b43e-43d7-bf9c-5b448987372b,702c5cb0-a610-4240-9bed-879c69cdb9e7
30d0de16-055d-41c8-a0c5-b475e5b22b18,2d1ca368-1cae-439d-a572-24b6288de091,702c5cb0-a610-4240-9bed-879c69cdb9e7
a3fd8d3a-a48a-4641-9214-fd65e2a267fe,25ab5b6d-18f9-4742-a5cf-653a76e3195a,702c5cb0-a610-4240-9bed-879c69cdb9e7
0a6669be-70c8-4402-a27b-a929c1af879d,81908ce9-f8c4-43db-b1b1-85a975379525,702c5cb0-a610-4240-9bed-879c69cdb9e7
54068d19-5da4-48d7-9fa8-62e740a726df,e8ab3bc8-3d3a-426e-affb-0f8ad5f1984b,702c5cb0-a610-4240-9bed-879c69cdb9e7
ce3fb3e6-c832-44f4-8ac5-117d8c7234d7,fdf984e1-cd40-4fbc-afcf-6eaba8b2e618,702c5cb0-a610-4240-9bed-879c69cdb9e7
ce65648a-6f43-4555-a20b-87fe2c77b748,019f464d-b553-48c1-a19f-73bce7861b92,702c5cb0-a610-4240-9bed-879c69cdb9e7
6e80a372-ac27-46e3-b906-d5b781eb2319,ccd5bcf2-c012-453e-b7af-4dfdc13b7a27,702c5cb0-a610-4240-9bed-879c69cdb9e7
b3e65ff0-970f-4d78-918f-e73d59a4dc4f,10ebdf85-4691-45fd-9761-364a3dc81d23,702c5cb0-a610-4240-9bed-879c69cdb9e7
187dbeb8-d0e5-4d7c-8191-52a6643c9184,a07b1e56-2b9e-49c6-b04a-b415b891e098,702c5cb0-a610-4240-9bed-879c69cdb9e7
5ab98777-070e-475c-960d-e2b213c740b8,be118c8e-86b9-4f24-9ff0-00cc560f3aed,821f14d9-7bc0-4e9b-94af-b8fcb6e5280a
7e8fbb46-7673-45d4-98e6-06f2da66082f,cae06cc0-6917-4ff6-a601-c77d743067af,702c5cb0-a610-4240-9bed-879c69cdb9e7
4da8152f-7705-4483-86bc-da6457c10259,32ee8e20-7cd5-4f6d-9d07-4345941d5553,702c5cb0-a610-4240-9bed-879c69cdb9e7
18e8855c-a85a-424e-8080-b8d25a1d10e2,4807e984-e219-4241-b92d-c80d7f7d4506,4ef94708-9c27-402e-9600-3eb5525b0ca9
29521f14-56ee-40e2-b3e1-d2f3bf229ba5,f45c60e7-85b7-428f-8f83-3351364887bd,702c5cb0-a610-4240-9bed-879c69cdb9e7
ac1dea33-399d-40cc-92a9-3ed7fa03260c,8859439f-d208-46a3-8c56-de3ee27e20e4,702c5cb0-a610-4240-9bed-879c69cdb9e7
7e0779ad-fc28-4157-b8c2-d1bad5d66674,aca32d7e-3864-4c45-9a35-c3695748d0be,702c5cb0-a610-4240-9bed-879c69cdb9e7
04112733-79b4-48ab-a7e0-20f5850b9d3e,aebd6c48-b953-41f6-b17e-f90c71ce154f,821f14d9-7bc0-4e9b-94af-b8fcb6e5280a
9bf62df8-6375-4e35-b07e-09e7af738aeb,bb561a6d-e043-4e6d-93f5-0d41aba69676,702c5cb0-a610-4240-9bed-879c69cdb9e7
535c0ddd-ed79-4e3e-981d-fcfde907a7b8,5d3b8c0f-d67f-4579-92eb-07ad4688fc4d,702c5cb0-a610-4240-9bed-879c69cdb9e7
626371b6-080f-4537-9dec-c5dc136bb255,0063fc8b-0f89-4e2b-9b79-af10c56c04db,702c5cb0-a610-4240-9bed-879c69cdb9e7
2315ddc6-0d89-4594-8064-a8d48ad7de35,2c77ed0e-b2af-41ab-8ac1-655c7f5648f1,702c5cb0-a610-4240-9bed-879c69cdb9e7
bafca152-cd4a-4627-ab3f-e303c08066eb,12d7b580-aa8a-4127-a8ac-0e8a2918e99f,702c5cb0-a610-4240-9bed-879c69cdb9e7
403d670e-5f24-4344-91d6-bb5fdb1fce19,5f1cbcaa-9423-41aa-8e52-7fcf96e39ddd,821f14d9-7bc0-4e9b-94af-b8fcb6e5280a
45c6ecad-e10e-4333-b07b-77899c274ba3,c9381f37-db75-43e2-82e7-2b804b947141,821f14d9-7bc0-4e9b-94af-b8fcb6e5280a
6797794b-18e4-470c-945a-95a99357f4ce,2521bc41-eb3a-4add-9e7d-32e41fc821d7,702c5cb0-a610-4240-9bed-879c69cdb9e7
26e6abe5-5621-4077-b08d-ee755e89605e,688c47cb-46f3-46a4-b2a4-def7f4b189bb,702c5cb0-a610-4240-9bed-879c69cdb9e7
29ba8ac5-bf02-419d-8368-b6cf3e615593,f31fc427-e493-4630-a446-46caba8a9bdc,702c5cb0-a610-4240-9bed-879c69cdb9e7
6ae2599a-6d1e-4625-9051-3db5b627b3d6,aff70771-c73a-4697-90cc-d86f0a4c9a0d,702c5cb0-a610-4240-9bed-879c69cdb9e7
75620902-c232-4256-8f19-4d2bda41a9ab,5f136b2b-ce8f-476c-9fca-a40087849786,702c5cb0-a610-4240-9bed-879c69cdb9e7
739f1fc0-cff5-4a25-bc97-f31299bb5d70,5b17757d-6227-4d87-ae10-ee869643d871,702c5cb0-a610-4240-9bed-879c69cdb9e7
08c75df7-1586-4347-b7d3-9aa705e6a638,28d02aa9-48f1-4f96-9edb-df6ed6595286,821f14d9-7bc0-4e9b-94af-b8fcb6e5280a
06e5dc7d-e360-448c-90e4-5cac6c78c8a7,c7838eed-5dbe-4414-8b53-9dc0dbf48ae2,702c5cb0-a610-4240-9bed-879c69cdb9e7
e601a06b-5b22-4de9-a493-e840a94703fc,1e1038bf-7fa2-4797-9bbd-3566304aeb9f,702c5cb0-a610-4240-9bed-879c69cdb9e7
03a7bce0-3a96-4dfb-8d47-da7dea853457,268faba1-f4fd-4bb1-bb19-f716549ae381,821f14d9-7bc0-4e9b-94af-b8fcb6e5280a
8a5ba372-5a96-4d70-903f-7a63f5f35cba,7fea2973-daf9-435d-a4f7-5fd2c2474e8b,821f14d9-7bc0-4e9b-94af-b8fcb6e5280a
fae87830-7ba6-4858-afbe-30d23aa5acde,5da01848-39cd-499d-b272-d062d9314b49,702c5cb0-a610-4240-9bed-879c69cdb9e7
090f091a-5ae1-4482-a52f-d4ce3d57071d,1b2bda20-793f-41cf-83d7-d1d9b8781987,702c5cb0-a610-4240-9bed-879c69cdb9e7
5dde0a3f-6de8-4359-ae82-f14dd391e7a5,1de75c6a-363b-4ee3-900f-2b4f261aa768,821f14d9-7bc0-4e9b-94af-b8fcb6e5280a
e9624ac6-758c-4aa7-bc47-d543461124bc,de2cdb2c-9b91-48d5-875a-e526ed95f349,702c5cb0-a610-4240-9bed-879c69cdb9e7
4cd0753b-0306-43c5-8f21-91cfae3979e7,f0c0d771-82ca-4dee-a9af-9ec59158b78f,702c5cb0-a610-4240-9bed-879c69cdb9e7
0a4223c4-849e-4615-86e8-c6483edd4f30,99f30cf2-fb77-4da3-9761-64e54331c668,821f14d9-7bc0-4e9b-94af-b8fcb6e5280a
da734940-3439-4da7-bad0-519364527f29,a6de0632-e6e1-49a5-abf6-89b4519fbd4e,821f14d9-7bc0-4e9b-94af-b8fcb6e5280a
787d251e-ccef-4afd-bf9a-bf4cd2df6618,8a6fb816-8d6c-4c85-8fa7-a7f88e5ba9c9,821f14d9-7bc0-4e9b-94af-b8fcb6e5280a
08427e57-92eb-42f0-b344-35e64020ca85,3e6b8ff1-81ed-4176-9eb7-c125093f810c,702c5cb0-a610-4240-9bed-879c69cdb9e7
f2097159-32c9-40ab-a093-3a9d8d34351f,b8f098fc-00ff-473d-b31b-c2d73c2898d1,702c5cb0-a610-4240-9bed-879c69cdb9e7
7d063433-1f4b-4f26-acda-06f0b520067a,b5b5638b-1ceb-4f64-9cdc-92a7a9f32389,821f14d9-7bc0-4e9b-94af-b8fcb6e5280a
403106de-1d94-4951-bf06-2f4629671d0d,85756b95-adb2-4777-9fd4-a5b24bcc1bc4,821f14d9-7bc0-4e9b-94af-b8fcb6e5280a
d9beefea-7c8b-4764-aa04-119e9560a0cf,1c63c22e-2d1a-4bc8-8e76-9443ce7be30f,821f14d9-7bc0-4e9b-94af-b8fcb6e5280a
7bbdae57-5396-44c4-b16f-f5c878ed7c37,7ac9f34a-f6f7-4610-a193-99c2d277f6f2,821f14d9-7bc0-4e9b-94af-b8fcb6e5280a
760d1308-3f63-49b6-950e-3dedf86f0b61,caec9815-3886-4ed2-b1a0-3aac06ad68ee,702c5cb0-a610-4240-9bed-879c69cdb9e7
cb6ef5c4-c224-4b59-a10d-94a6991b5cbf,8e7f5695-0601-4a28-9124-1d5248be7951,702c5cb0-a610-4240-9bed-879c69cdb9e7
50f24e4a-b83a-4cd2-a537-f379b6474943,d83b88bc-99ad-4ba5-a31d-78c669ba847f,702c5cb0-a610-4240-9bed-879c69cdb9e7
57ee02b9-4b38-43c8-8fdc-1894481744a2,9fbac03a-4197-42be-83b9-b19ba9da6be7,821f14d9-7bc0-4e9b-94af-b8fcb6e5280a
2130f8d9-2954-4ed7-b4e2-51e513555bb6,71da890b-90af-4792-adf0-86e196ff4b16,702c5cb0-a610-4240-9bed-879c69cdb9e7
31e57579-9419-43a7-8f74-e7792712811c,9653a2b7-f73f-4d17-a65d-90d0fc9a71d7,702c5cb0-a610-4240-9bed-879c69cdb9e7
1c3a9335-1077-4004-a155-308c776c594c,93f4297d-4a0b-48fe-9979-971e12845099,702c5cb0-a610-4240-9bed-879c69cdb9e7
c8df23ea-c6ea-4b3b-a3f7-cbb30fe498fd,f702edc2-fac8-487a-968e-7846a55dfb3e,702c5cb0-a610-4240-9bed-879c69cdb9e7
0aaca081-f244-4370-8cbd-aba393986118,33eb868f-774f-4da3-874e-ca296ed9ae9c,702c5cb0-a610-4240-9bed-879c69cdb9e7
4c77e83a-16ad-46c2-823a-4202bebf19a3,6aef0d5f-d729-411a-96ec-32b4abc4047c,702c5cb0-a610-4240-9bed-879c69cdb9e7
0b998634-194c-410b-93b4-6696863ffdb2,29362e63-8101-4ffd-a17c-7b63fe1d9bf3,702c5cb0-a610-4240-9bed-879c69cdb9e7
13e31133-7e23-49e3-baae-f5567afcb9a6,51d86d9b-0bf9-4b5a-bf92-694efe9f1d64,821f14d9-7bc0-4e9b-94af-b8fcb6e5280a
3187eb5e-b45b-4522-84c0-e5c5298d573f,71259a07-ef41-4a2d-b4a7-80e915409be6,821f14d9-7bc0-4e9b-94af-b8fcb6e5280a
985fc26a-e69f-4908-8c63-52f06953d7cf,ff05787f-f1b3-4142-af89-935572ef538c,702c5cb0-a610-4240-9bed-879c69cdb9e7
cbd91970-f71a-43ab-a603-07abe4b4d5d9,c5ec9bd8-9031-4d44-89a0-baa138a1b71e,702c5cb0-a610-4240-9bed-879c69cdb9e7
d0d4fa01-1e06-4961-b5ad-7d009126c3c2,38a6f1e3-52b1-4886-82fc-f4dc1749c708,702c5cb0-a610-4240-9bed-879c69cdb9e7
d7e16b19-7d6d-45ac-95b0-89f773ee8963,7785d2d7-7394-4bc4-9aa1-b89c8101809c,702c5cb0-a610-4240-9bed-879c69cdb9e7
539b0857-ef3b-4b79-bb7e-de29dcef05ad,843b2521-791d-4707-839e-fe05d58d7ec4,702c5cb0-a610-4240-9bed-879c69cdb9e7
c53a26e8-76f9-4562-a216-27af84a7170d,5dbf3938-7b66-4bfc-9232-e6f8e08536d1,702c5cb0-a610-4240-9bed-879c69cdb9e7
b15f0bab-cd6a-4271-848b-bb8440255fce,4c481223-d18a-48c3-b1a5-1af59cc8d431,702c5cb0-a610-4240-9bed-879c69cdb9e7
0ae8578e-bd67-4564-9ae2-5833ae97df0b,d8872e2e-6fa2-45e1-8412-ece583d2e2d8,702c5cb0-a610-4240-9bed-879c69cdb9e7
d9f33794-8612-4c33-8eb6-aa98337d724d,12261762-a4a2-453a-9996-4a794400eaac,702c5cb0-a610-4240-9bed-879c69cdb9e7
e7a57557-6838-4862-8e73-7368139d182e,a3af0b5a-2f28-4262-a0fb-b91e6553b183,702c5cb0-a610-4240-9bed-879c69cdb9e7
e70f0947-6d0e-47db-ab98-b227ae9b48ed,bb8695fb-2714-4dce-a1cb-ff37c516e409,702c5cb0-a610-4240-9bed-879c69cdb9e7
6f1db2fb-9c7d-435f-aba9-f0bb8874f4b3,fb904be7-99b1-4ae7-84dc-e53429ed0052,702c5cb0-a610-4240-9bed-879c69cdb9e7
9dd37082-9a58-4cf3-9b3a-a09c38943cf5,2d44d773-0e52-408b-94c1-13956842fc35,702c5cb0-a610-4240-9bed-879c69cdb9e7
984bc717-cf69-4343-a53f-e44120b13f72,11ba0961-2fe9-46cb-9681-2421cea45cd8,821f14d9-7bc0-4e9b-94af-b8fcb6e5280a
0d1d4c2d-44f1-47c3-ae82-207dadcd5f33,275bc002-c33d-4fff-9e0d-b2c3bebe0af2,702c5cb0-a610-4240-9bed-879c69cdb9e7
3a2888fd-85d6-4e5e-9b17-006033edb516,286d6a23-b3ec-4c69-9c60-0eec59de30eb,821f14d9-7bc0-4e9b-94af-b8fcb6e5280a
f2af07cc-74cd-4f69-a8ff-3dc17f2caa46,02cb3c10-fc88-49b5-97ad-231ee2105be9,702c5cb0-a610-4240-9bed-879c69cdb9e7
8029ea2e-cf32-4207-a13e-1012f3bfb70b,669e1df9-813d-490b-93ee-356b5d81f185,702c5cb0-a610-4240-9bed-879c69cdb9e7
f1719e66-5a5b-45fe-9163-fd937cf17407,fef66950-a743-4fc6-8105-8f2c7541bb7f,702c5cb0-a610-4240-9bed-879c69cdb9e7
058f5427-46fa-4f78-ba8e-c9cce523c50e,7cdafc7b-749d-4361-8ce0-011b10899d5c,702c5cb0-a610-4240-9bed-879c69cdb9e7
9c13319e-1b47-4f7d-924b-633552b7353e,4771c10d-4d85-4bc3-a8f9-e75578648288,821f14d9-7bc0-4e9b-94af-b8fcb6e5280a
ee7f6e75-afaf-4427-b68d-a2a4eb3e3a22,dc66cc99-4c2e-406c-93e1-2627eef9ff0e,821f14d9-7bc0-4e9b-94af-b8fcb6e5280a
90103021-c099-4ab9-be7d-2580b26ab564,4dde1193-d4cd-4fa9-81b2-106702824cd8,702c5cb0-a610-4240-9bed-879c69cdb9e7
29a51750-4200-4dd2-9c6c-61c712ed36b3,1e64e122-84bb-417f-afe9-50602fa75247,821f14d9-7bc0-4e9b-94af-b8fcb6e5280a
4a8b5e82-58ac-45f3-a976-76b5801a926c,c7014ae9-6765-4b3e-8a9b-76d7a57e92e0,821f14d9-7bc0-4e9b-94af-b8fcb6e5280a
d4e35c59-2fbe-4cb2-8448-183fc60399e7,c694af83-8c93-41b2-9c53-4399ef3e0b6d,821f14d9-7bc0-4e9b-94af-b8fcb6e5280a
c4c09baa-4548-4573-95d6-8921e6067b2a,6b8dc8bf-7703-45f6-b875-fc64953079c9,702c5cb0-a610-4240-9bed-879c69cdb9e7
8956a703-1d38-4141-bef7-89d452af8698,54566350-11b4-4e3c-9b50-60e475de405c,702c5cb0-a610-4240-9bed-879c69cdb9e7
a519e9e4-f34c-473c-9148-5d485bc44c3b,52bb8b16-8853-4a95-8404-a4c3055a475d,821f14d9-7bc0-4e9b-94af-b8fcb6e5280a
610b186e-055a-4b5e-a3d6-35497ea52803,3c26f450-a15f-449a-8640-42311751671b,821f14d9-7bc0-4e9b-94af-b8fcb6e5280a
b2dc0b5c-db5e-4502-825e-ed96f3bac487,313b0d2d-f001-42c7-beb5-9ef488a169a5,821f14d9-7bc0-4e9b-94af-b8fcb6e5280a
6147e54d-9c2b-4f96-bd4e-b69813030124,19c3e332-1a1b-4948-9a2b-5afd987be1dc,702c5cb0-a610-4240-9bed-879c69cdb9e7
d277cd1e-9d0a-4fe0-80f5-44efbec91546,623dae89-3590-49cb-856e-c0e379e23af1,702c5cb0-a610-4240-9bed-879c69cdb9e7
0621c6e1-0daf-473a-ac8a-94aa2d618447,84c43ea1-13b4-4262-9015-011841c0a240,821f14d9-7bc0-4e9b-94af-b8fcb6e5280a
e07ea469-72bf-4a76-b44d-5e68c402a9e8,e5b98ae4-6270-4ab6-b4c7-1452ff9d2563,821f14d9-7bc0-4e9b-94af-b8fcb6e5280a
1befdef1-74f8-4063-9f45-98d56ab55e2d,f99bf015-fd1b-46b8-b84b-9df3dffe147e,702c5cb0-a610-4240-9bed-879c69cdb9e7
29614334-835a-4f62-befe-5da7d2245e2c,8768f56c-915f-4842-bda5-2a8980557cb8,702c5cb0-a610-4240-9bed-879c69cdb9e7
9d6013ca-ca52-4375-a04c-33c9768fa6c1,e5464853-377d-4e28-8d4a-65dc0ffff913,821f14d9-7bc0-4e9b-94af-b8fcb6e5280a
c1fe7ec6-6fa7-44b4-989a-0713c52ea906,ed9e7e65-9814-4cc1-8d39-6a785799b589,821f14d9-7bc0-4e9b-94af-b8fcb6e5280a
ca355b01-057b-4187-a37b-008995481362,ac2264ee-a118-4970-9789-60a11cb2dae2,702c5cb0-a610-4240-9bed-879c69cdb9e7
a9bd26bb-fda9-4864-b729-914268cf8804,0d9f09a2-0491-470c-ae23-bbecbb3868ae,702c5cb0-a610-4240-9bed-879c69cdb9e7
6fb62569-13db-42cf-9fd9-da33a995f139,769a158c-d75c-4902-a1a2-c21ef635508d,821f14d9-7bc0-4e9b-94af-b8fcb6e5280a
ec667bb5-66e5-432d-88f6-6a33313be97a,531f084a-fe8c-4c1a-b7eb-ecaad86e4507,702c5cb0-a610-4240-9bed-879c69cdb9e7
6ebc10cb-a0f9-4390-b9ea-8431d4902747,ed1690f6-ec7f-46ce-b169-53955f3d4b18,821f14d9-7bc0-4e9b-94af-b8fcb6e5280a
376dfd57-8e91-419b-a8a5-b6614f1af118,df562895-d4b0-4e5d-87f9-0619a37ab442,821f14d9-7bc0-4e9b-94af-b8fcb6e5280a
66eaa9a7-0360-4c12-b9a6-022f9fc12ef2,5e3923e5-439b-42f8-92f5-698ca1cc5670,702c5cb0-a610-4240-9bed-879c69cdb9e7
2034be66-fa8d-42f2-8c4c-1c1469b85b71,e1810654-7445-4404-9a85-fc3c31abeead,702c5cb0-a610-4240-9bed-879c69cdb9e7
94273487-ff61-4d44-87c4-a05cf6347c97,be65beaa-b9ea-42a4-b7fb-7e06620465a7,702c5cb0-a610-4240-9bed-879c69cdb9e7
7ff57964-5aa5-4d8a-9ee4-9587267eb8fa,5c0bec4a-87d4-43a0-8a87-4ae7bf12e9eb,821f14d9-7bc0-4e9b-94af-b8fcb6e5280a
d4ca11e3-f88a-41a9-b463-67b7c04d2dd5,8817557f-8009-41ca-82a8-55cec1341f41,821f14d9-7bc0-4e9b-94af-b8fcb6e5280a
bc6837f0-4dd2-418e-bd91-dd016513cea6,e439885a-4b19-4962-8dd4-4d30ab512f32,702c5cb0-a610-4240-9bed-879c69cdb9e7
6a40ef98-e6da-4154-a989-b4d794c4c27e,d11583da-23ea-4e11-be23-98b2108582ed,702c5cb0-a610-4240-9bed-879c69cdb9e7
2948c2f3-2604-44e3-bdd5-6cd21d564cb4,58ec363b-eecd-4f5c-b762-4ecf1747d268,821f14d9-7bc0-4e9b-94af-b8fcb6e5280a
5da17cb6-fca8-4862-b045-8554e1fd4b1d,63adb121-489b-418a-b5bf-8b6ed8d06b2c,702c5cb0-a610-4240-9bed-879c69cdb9e7
872670c0-3850-4245-95eb-a3b0a2684a62,f842bc4a-20ac-4bf4-9769-590071118bea,4934dc25-aa95-4f0b-80f6-da9704d700d3
127e1cab-0569-41f7-babc-8c8ac8bb1cb4,e1e0b8f6-2a48-434c-a876-5e9ff82be8a4,702c5cb0-a610-4240-9bed-879c69cdb9e7
6e2794d9-90b8-40bc-964e-e83f1a7ce3b3,ab23e022-3488-492a-b646-d7d49cb936cd,702c5cb0-a610-4240-9bed-879c69cdb9e7
4d19d846-011b-444c-89f8-e4cd9ec603e6,614c317c-9cf1-488f-996f-53b51b31f5bc,702c5cb0-a610-4240-9bed-879c69cdb9e7
19983792-95ea-4e92-b596-9f95aad69776,90d9fe49-e7e3-47d8-a9ee-c8699faaf65f,702c5cb0-a610-4240-9bed-879c69cdb9e7
33c5cede-a036-4fc2-98d7-1720efb3cdf9,0484023f-1adb-41da-926b-32dc5db40786,702c5cb0-a610-4240-9bed-879c69cdb9e7
a868bc20-3ea6-49ab-bc9a-9f91b73037b0,1f5232dc-57bf-4265-a945-9a026278bff5,702c5cb0-a610-4240-9bed-879c69cdb9e7
7bd20c1c-9a41-4fc7-a8e5-80cf63ccdb48,8352416b-ce63-404e-a9b4-49b3b4b4bbab,821f14d9-7bc0-4e9b-94af-b8fcb6e5280a
2186b9f3-34db-4c01-9538-c60b9896eb9d,5fdfbd4f-a3d5-4933-a6a9-d6053f9e40aa,702c5cb0-a610-4240-9bed-879c69cdb9e7
9e1a4a2b-6554-4b42-9c65-00a7376e2f50,bfd1a0d9-99b6-4786-93be-9a1e52218f50,821f14d9-7bc0-4e9b-94af-b8fcb6e5280a
0dccce9f-bee3-4d85-9ca4-74b7f9cfaa18,3d10d45a-0eb6-4271-af40-58ba51500715,821f14d9-7bc0-4e9b-94af-b8fcb6e5280a
f952c31d-2bfa-4a08-bc0b-a727b86a549c,2005d508-e1b5-4c8b-ad40-aac2a9e034e8,702c5cb0-a610-4240-9bed-879c69cdb9e7
f0b60184-47ee-4bce-aa97-ddb498da2a19,e57c84db-f570-46b6-866f-e20d2fef00a9,702c5cb0-a610-4240-9bed-879c69cdb9e7
240ce289-1244-40c2-b2d6-0e295fab7034,5c047f94-b2e8-4c67-bf64-d6067340352a,702c5cb0-a610-4240-9bed-879c69cdb9e7
8616034b-685e-41bb-90c7-6399ec9701fe,490efded-bf30-4b39-ba6e-17dc5ebe0c7b,821f14d9-7bc0-4e9b-94af-b8fcb6e5280a
80317b8c-ef72-479b-a88d-9fc9b16750f2,a26c0e4f-19fd-417a-92db-36208f692b55,702c5cb0-a610-4240-9bed-879c69cdb9e7
6c17f386-e183-4997-bd41-7bbbf9d4e4b5,749951f5-c8a8-4d1e-8da7-10aa37457a89,702c5cb0-a610-4240-9bed-879c69cdb9e7
b3a6c33f-6681-4563-ace4-89cd7c7443d3,06b43225-7946-472c-84cb-cc2ff84cf173,702c5cb0-a610-4240-9bed-879c69cdb9e7
98bc7c65-53ce-4bc1-a33d-43657518bec9,d67c875f-7298-4732-8671-ad3e1d7b0a7a,702c5cb0-a610-4240-9bed-879c69cdb9e7
4f81f372-f779-43e2-80d0-d0aab5b15a14,34e0595d-fed1-44be-b336-d1495dab844c,4934dc25-aa95-4f0b-80f6-da9704d700d3
d7ceb1bf-23e7-48da-87b6-cb7cf7c71a80,d18e9890-194e-4395-804a-60ae0ba2b070,702c5cb0-a610-4240-9bed-879c69cdb9e7
d25693db-dc61-4f37-8ba2-2268f9a256a7,0369d34b-7daf-4bed-ac85-c95f76d9a2bc,702c5cb0-a610-4240-9bed-879c69cdb9e7
f9dc9d6a-7093-4846-935b-db2482bfb20a,1d7fff73-3743-443b-a654-7444c28e6551,702c5cb0-a610-4240-9bed-879c69cdb9e7
cf3b7f50-73d2-450f-a18d-07011e2af216,0d0ec7a3-473a-4383-bcb0-7ebe52a22e4d,702c5cb0-a610-4240-9bed-879c69cdb9e7
fd1a2f05-726c-4552-81c5-d28ba568aa6d,658728ad-7860-4715-a19a-3997b3ae38ad,702c5cb0-a610-4240-9bed-879c69cdb9e7
9629ba83-0aae-4665-8977-d3cdc1a3788d,badf11ff-c602-47af-bb6d-4d57624f12fc,702c5cb0-a610-4240-9bed-879c69cdb9e7
5a941dbc-ece6-4631-a9a9-49b603f41e46,bbb13d26-edfe-4b79-a288-6f97146a81e0,702c5cb0-a610-4240-9bed-879c69cdb9e7
0a5ff746-db73-4256-b64d-8055ff615566,47b9e7da-dedc-44c9-93e1-237a2e7bf3a8,821f14d9-7bc0-4e9b-94af-b8fcb6e5280a
ff990733-86b3-4686-b380-f9ca82e4bdb2,c3052ee4-541b-4b32-ac52-0c2810c19187,702c5cb0-a610-4240-9bed-879c69cdb9e7
117d6262-6d00-4437-bcb9-befffe46a43a,fbc6074a-2f66-4fbf-a0d5-bcc69e72185e,702c5cb0-a610-4240-9bed-879c69cdb9e7
86f226e6-69a4-4098-8ed4-db908c123d5e,38fb4584-bd75-41d6-abd2-4745bd0941f9,702c5cb0-a610-4240-9bed-879c69cdb9e7
b3af3f7e-40cf-4102-8a27-4a69b5304495,b3062b2c-ac68-4064-8d10-436545c0e563,702c5cb0-a610-4240-9bed-879c69cdb9e7
5546eeae-eab2-49cc-9ca5-61f987094d4d,9a569f78-24a9-4d62-af32-2702bc208abc,702c5cb0-a610-4240-9bed-879c69cdb9e7
23345ab3-b014-4374-a688-e53dd229bb16,2c48e8d7-707b-4823-ab79-ea653d7ad276,821f14d9-7bc0-4e9b-94af-b8fcb6e5280a
4b9f1c38-2fdd-4585-865c-acd752bd76fb,339b4c51-91bf-4b99-9eca-cd8e128ab420,702c5cb0-a610-4240-9bed-879c69cdb9e7
53614b61-c521-4a9d-9e6b-a11e05131fe9,af7abc58-41ce-4a75-bb12-d05d8beb4b55,821f14d9-7bc0-4e9b-94af-b8fcb6e5280a
330e9f87-6ca9-4efc-bfe0-477878cae2b5,0236008e-1efb-4ae7-8f48-7fca1d291476,702c5cb0-a610-4240-9bed-879c69cdb9e7
ae239201-c0d4-48f5-b523-1ae06ea26b8e,2b18c715-4ce1-4af1-9351-a9acd146ae33,702c5cb0-a610-4240-9bed-879c69cdb9e7
1ffdd36c-ad4a-4d24-8ae3-7ab7260e3379,fd095281-5e42-492f-98f1-b28e05df6411,821f14d9-7bc0-4e9b-94af-b8fcb6e5280a
8e5d7aeb-741a-4158-a755-60cfbc2e2e65,1e251eb4-19e8-4632-b9dd-b07ebcce4962,821f14d9-7bc0-4e9b-94af-b8fcb6e5280a
7493c4e8-f848-4852-bd9c-e533aed4bc0f,083e4615-51b5-4597-b330-93879e7f9038,702c5cb0-a610-4240-9bed-879c69cdb9e7
255e6684-102d-4d33-b7f3-0f8cabced432,af853889-187c-4791-89f6-b264fb0e934c,821f14d9-7bc0-4e9b-94af-b8fcb6e5280a
11e0f5e4-8ef6-400b-abcd-25c3b60bfa0e,167e1460-166e-4249-918d-ec1d152d288b,702c5cb0-a610-4240-9bed-879c69cdb9e7
04ff799b-9a58-4151-9afd-ef1f645baa9e,b6d1574c-28cf-449a-b0b7-b0e514739ecf,702c5cb0-a610-4240-9bed-879c69cdb9e7
9798bc70-5f0b-4d6d-ae6d-2fc3bb34bbda,428971cb-7297-48c1-8b40-2689ec19cc69,821f14d9-7bc0-4e9b-94af-b8fcb6e5280a
db757537-6a7d-4ff3-aac5-e48a61d1696c,b4c4e097-0e7c-4a0d-b7a1-6d611f675c50,821f14d9-7bc0-4e9b-94af-b8fcb6e5280a
e22634b9-0d59-425c-8d4b-cf678601a098,402e2771-2af1-47f0-b685-023c2e132f77,821f14d9-7bc0-4e9b-94af-b8fcb6e5280a
c6393f53-59ee-4d2c-a5f3-695faa445b9a,06e67b1a-43d2-4876-a33d-d685c6e76630,702c5cb0-a610-4240-9bed-879c69cdb9e7
a726be9f-3b3d-4f77-8993-c12dbded07b9,4c51a880-5c79-482c-81de-0567dfdfe43d,821f14d9-7bc0-4e9b-94af-b8fcb6e5280a
8c8e84c4-27b4-418e-9b33-56df16305975,dfa484ec-5e89-499a-9442-ef5ac768d4ad,821f14d9-7bc0-4e9b-94af-b8fcb6e5280a
864f413b-3d7e-4200-8bf9-bc1bd1092d08,99b5e4db-499a-4d50-8f2d-20c14ffb69aa,821f14d9-7bc0-4e9b-94af-b8fcb6e5280a
480ce6cc-fd8c-4f2e-b691-86628b8e9e94,aca1f67e-0976-4ca7-99e1-d1c48a641484,821f14d9-7bc0-4e9b-94af-b8fcb6e5280a
b023c7c8-4724-4503-8abd-e401bc5a4d6a,9e06ee1c-7d94-4440-91a8-c13a90bdfc22,821f14d9-7bc0-4e9b-94af-b8fcb6e5280a
fcf00c3f-1691-4013-9584-d7145c0dcad3,9515584a-0d8f-4c17-9e03-b22a910ee24d,702c5cb0-a610-4240-9bed-879c69cdb9e7
8f3ed619-7c2f-4a29-b889-7dd869a7e3ff,f04ecc50-aaab-45d2-9337-891ebfc2bdd0,702c5cb0-a610-4240-9bed-879c69cdb9e7
8d480943-7f12-49c6-8f49-0bc8b26a5086,f5de5e89-9d47-4e59-87b0-30e4b8f8b23a,821f14d9-7bc0-4e9b-94af-b8fcb6e5280a
93de71f2-fc8f-4481-a24c-e73dace83662,ba977229-f385-4782-9305-17e65d1e5813,702c5cb0-a610-4240-9bed-879c69cdb9e7
3b3d89e1-f8ce-4562-ad2a-8f812e0382f0,9ad7dba9-d6b7-4576-9c28-b7e35e9cc13a,821f14d9-7bc0-4e9b-94af-b8fcb6e5280a
9ba0cdf9-4536-4904-9032-cdb0ec93351c,6669b50e-0c43-463f-9b99-cee1016a0cb8,821f14d9-7bc0-4e9b-94af-b8fcb6e5280a
e2fe7467-306a-42e2-9c48-9f178f0ccc8b,c45a9a30-bf88-4840-ac42-39375e676eda,821f14d9-7bc0-4e9b-94af-b8fcb6e5280a
bda75b22-6145-4fe6-b0ed-d2ce4b6934d3,50495923-337f-4bc8-96db-ad91f3673a8f,702c5cb0-a610-4240-9bed-879c69cdb9e7
395f444f-f6b9-4be9-96a5-d56bb89de621,c97d5bb2-6eec-438c-8da2-6e345572ee72,821f14d9-7bc0-4e9b-94af-b8fcb6e5280a
2458d9e9-8500-46e2-bdce-3b787d7e5adc,6fc66cf4-33bc-4516-a124-6290b08a5940,821f14d9-7bc0-4e9b-94af-b8fcb6e5280a
f3f2539b-b154-4be8-893b-17e055bb3f22,0254bd15-161a-44f7-acc2-4b162ac1ba3e,702c5cb0-a610-4240-9bed-879c69cdb9e7
149ec638-9114-46f5-82bf-4fc30aca85c9,ba453144-0d75-49ee-9cb2-dff41751effd,702c5cb0-a610-4240-9bed-879c69cdb9e7
d35dc6c7-164c-4824-8a31-16c6b294a3aa,0b368908-2d18-4caf-9f57-28ec389192a1,4934dc25-aa95-4f0b-80f6-da9704d700d3
594e21df-eaf4-47c7-ad62-e819ff0384bc,1080828f-e225-4808-a5ad-34119e84c873,702c5cb0-a610-4240-9bed-879c69cdb9e7
abf843fd-e83a-4b7b-a6f2-85a7d23c20d3,32749ff1-ad97-4b21-9f51-b795e06cfb5e,702c5cb0-a610-4240-9bed-879c69cdb9e7
0876627f-5414-461b-bf5a-2a2dc8ddd025,390f64cd-5cbb-4f33-9962-b7d04a32a2f4,702c5cb0-a610-4240-9bed-879c69cdb9e7
ce8c3609-d4ce-4fcd-963b-ba6593a48df8,ce8cb5f0-bbe2-4b71-9076-1c22ad6cfd31,821f14d9-7bc0-4e9b-94af-b8fcb6e5280a
5a309390-c7a2-4abc-9e81-f2184bc83fc5,ff3b692a-ff40-4b00-9011-e84eb59cec80,821f14d9-7bc0-4e9b-94af-b8fcb6e5280a
270ebadb-d30c-4728-9c78-8b38cdbfbecb,4ac7fce2-59c6-4e61-b312-2460c938d5dd,702c5cb0-a610-4240-9bed-879c69cdb9e7
4bb4766e-110c-468a-8158-74aad7cc2f2a,9537b0fa-a1a9-4ec0-a078-583599cafdb4,702c5cb0-a610-4240-9bed-879c69cdb9e7
74685430-a0c1-4659-8da0-e01bef525e5f,8b5ecca8-45af-4b2b-9d65-785b0650d798,702c5cb0-a610-4240-9bed-879c69cdb9e7
0b30783e-9e52-4b82-8e9b-75c2ddcf89b2,802d054a-20ba-4632-8b64-9efa6ec908e8,702c5cb0-a610-4240-9bed-879c69cdb9e7
ace454f2-230d-4979-bd39-689170a7c9fb,06e9ff98-0ddd-4e8e-ad92-b269f135bbcf,702c5cb0-a610-4240-9bed-879c69cdb9e7
d0e7f431-9374-4097-abc7-99f606db8ea5,1a5d3846-a088-4901-9115-8c1223cf5ae7,702c5cb0-a610-4240-9bed-879c69cdb9e7
dea9a9a0-40fc-4654-8fcc-568052e3f4cf,931f18ac-3d04-41e0-a5ff-1802e01bf1c1,702c5cb0-a610-4240-9bed-879c69cdb9e7
eceb6df9-e423-49e8-8e48-84be0fcff1e4,8bfc4e11-dfd7-482e-9d8c-ef497c317d00,821f14d9-7bc0-4e9b-94af-b8fcb6e5280a
c927b67f-e57f-476c-add3-a7b131ab3882,aea1160e-365e-4907-882a-9c4fdd4741fa,702c5cb0-a610-4240-9bed-879c69cdb9e7
240f09e1-a4a6-4870-a3b8-a4424fb5fd1a,3658f14b-eaa2-4b5d-9743-f641b9210499,702c5cb0-a610-4240-9bed-879c69cdb9e7
4fcffd29-c886-47ed-a1fb-ee7cfac04f7f,7007664b-3d54-43a1-84db-afc64146fa63,702c5cb0-a610-4240-9bed-879c69cdb9e7
ea3ede1a-5e08-4cce-97c1-35ab5f87296d,e0951902-210d-4c82-ad0f-243c36b0cb84,821f14d9-7bc0-4e9b-94af-b8fcb6e5280a
c90440b1-f2c8-46d4-b2fb-82f6c6e0cff0,1e143f42-f6cf-468d-b8a4-749aa2043228,702c5cb0-a610-4240-9bed-879c69cdb9e7
e2c62031-a7e8-4489-8c54-2de66953e910,0cf659d4-945f-4bb8-9c49-43d69ef7c37e,702c5cb0-a610-4240-9bed-879c69cdb9e7
dacd7550-cbb0-406f-9878-1a61d6daf70b,ac5df914-335d-41e5-b38e-4e4739f1ca6c,702c5cb0-a610-4240-9bed-879c69cdb9e7
17d2f18b-4f66-4738-aba7-5dac0360b322,9359f62b-5dd9-46ea-9f60-54e1106a9288,702c5cb0-a610-4240-9bed-879c69cdb9e7
1f3c9fe0-e195-47c9-9a10-0dda3854c2d4,8958da22-8044-4ee5-aa41-910569035d0f,821f14d9-7bc0-4e9b-94af-b8fcb6e5280a
80f3deb8-c2fc-42b4-b732-390fa7a2328f,fd1d8e0a-7ec9-4611-ba48-97aecaf21119,702c5cb0-a610-4240-9bed-879c69cdb9e7
a85ee4d5-5fcc-47eb-b6d5-4711dcd6cb73,2f30ffcc-108f-4251-84bf-0fcb9b4f23b4,702c5cb0-a610-4240-9bed-879c69cdb9e7
7714b16d-8d1f-4fa1-b9f2-c99a5e8e1732,949b3041-5cb0-47cc-8b22-957f3c79c967,702c5cb0-a610-4240-9bed-879c69cdb9e7
7414908e-0891-4165-b00a-424c53e74f25,92772b2c-f7f1-4e31-96a6-b6fac4ef30f2,702c5cb0-a610-4240-9bed-879c69cdb9e7
7108480f-4d76-416b-9c94-e6caca3eb167,9dd1d284-34e9-456f-a542-8802c6adb926,702c5cb0-a610-4240-9bed-879c69cdb9e7
b59f0962-2467-4147-8876-9dc20388f4d1,c36a49d3-8e28-4a2c-9f98-364266bfbfed,821f14d9-7bc0-4e9b-94af-b8fcb6e5280a
89774fc5-2536-4de8-abbb-e031e6eb026c,81a0fa68-5bb5-4719-b97a-c1952b13b0b8,821f14d9-7bc0-4e9b-94af-b8fcb6e5280a
451d0495-eb44-4517-a949-63f3da24dd28,350d72f6-b2db-473c-be35-56fc9c2786f1,702c5cb0-a610-4240-9bed-879c69cdb9e7
8b0d5b4b-10a5-47a1-b44d-1dd590e3a3f1,19db04cb-d861-4c14-93f5-bc9156365d9b,702c5cb0-a610-4240-9bed-879c69cdb9e7
c7994141-407d-4987-b978-1abea9cda20a,d3b36956-7277-4734-a543-7a8fa83589c9,702c5cb0-a610-4240-9bed-879c69cdb9e7
ba5376d7-cc70-4e4d-afe0-61b02cde11bc,85878f81-726f-4a91-8419-22e7cb0f7bea,702c5cb0-a610-4240-9bed-879c69cdb9e7
c8628a61-8eb7-48a7-8da6-c2790ab3d675,837b5f2c-49c9-45c5-8e94-b23c1ccfd877,702c5cb0-a610-4240-9bed-879c69cdb9e7
56303df0-598d-4ee7-8d04-e4450c12f0bc,1da05ed3-19a4-4829-aec5-c4ccf3c9a498,821f14d9-7bc0-4e9b-94af-b8fcb6e5280a
260308b8-4949-44df-adc7-53c6d283b14e,d030f447-2e37-4b22-829f-313cccb089a5,702c5cb0-a610-4240-9bed-879c69cdb9e7
c083f2ed-240a-4544-94f6-c7a417e98bbb,714a1a01-a1ce-43c5-aff4-8fad1bbfb232,702c5cb0-a610-4240-9bed-879c69cdb9e7
a57e135f-8457-4d49-976c-8c6737c8698a,9d0d2c7b-2c1b-49fe-8e93-06b66a350854,702c5cb0-a610-4240-9bed-879c69cdb9e7
87e55ad9-9987-4aa8-ac94-40576614a9af,72b66983-d9fa-481c-9422-8aec8fee4817,702c5cb0-a610-4240-9bed-879c69cdb9e7
65807052-e68b-46ac-afb4-65eb9b9a6622,af522bda-41f0-4370-b37d-0343d749533e,702c5cb0-a610-4240-9bed-879c69cdb9e7
f5f35ab6-db06-47b7-82be-7d88054f69a9,d56faed9-b8fc-410b-8e98-fb4a2018783f,702c5cb0-a610-4240-9bed-879c69cdb9e7
18047598-38c2-4720-9ca3-20529cf0278b,bf34e69c-894c-4196-ac10-e224477d97fb,702c5cb0-a610-4240-9bed-879c69cdb9e7
13935f2d-8223-48e5-a4b6-48983a7ba797,12c363b3-7f48-46ff-b2df-8f355146166e,702c5cb0-a610-4240-9bed-879c69cdb9e7
dfe1d284-131f-4492-b60a-33237efb376c,4e1b7e62-d24a-4acd-b785-78cadc9dd2fb,821f14d9-7bc0-4e9b-94af-b8fcb6e5280a
10127818-cf1c-4cc0-8761-9a6a7209ce43,341b25c7-d102-4aa9-8dcc-9c3ab8eebaf4,702c5cb0-a610-4240-9bed-879c69cdb9e7
8558186f-5b2e-4599-ad7c-281a472a9ba8,9cc26b33-a3e2-4763-970f-4db94975aba2,821f14d9-7bc0-4e9b-94af-b8fcb6e5280a
d1980894-0786-4936-aaaa-b8bd591132c3,bf6979cc-efe3-41db-9dd2-53c27102826c,821f14d9-7bc0-4e9b-94af-b8fcb6e5280a
c13921d4-58ed-4909-9ec1-b7e7d86c7b5d,ffec0236-55f2-4019-b057-9c2a739fbd7a,702c5cb0-a610-4240-9bed-879c69cdb9e7
8619928a-9b96-43aa-af3c-08fc68aa2b0c,aac55ca4-1751-4346-a607-e3496cc7020c,821f14d9-7bc0-4e9b-94af-b8fcb6e5280a
58843a47-8705-4849-b182-3a5e3ec8591c,694af2a3-b8f1-485e-9575-6ad382b7d2ee,702c5cb0-a610-4240-9bed-879c69cdb9e7
14553fb2-ecbf-4db5-b28d-4614f3c7c7d1,e9eb7112-bee4-40dc-b273-8f99a9b08e1f,702c5cb0-a610-4240-9bed-879c69cdb9e7
b39a0f63-fdad-4420-b514-468f5f969c95,8eb6a27e-df78-4e77-b702-265069ce905c,821f14d9-7bc0-4e9b-94af-b8fcb6e5280a
9094ffa2-f9c1-44cf-9caa-bc4e456eac58,79d1265f-8cef-4a81-87c5-dbff8fa3bbf0,702c5cb0-a610-4240-9bed-879c69cdb9e7
7a361af0-b870-4d4a-8f7c-562ddffd8800,5c36c86d-f592-4041-8337-cce3fac38b04,821f14d9-7bc0-4e9b-94af-b8fcb6e5280a
67df2d0b-bb8f-4e87-ab0a-431b639a00a2,1e7ffd2a-dae1-4ece-92f5-93bbeca5e7d5,702c5cb0-a610-4240-9bed-879c69cdb9e7
64bdf795-b365-4d8f-bf12-d633897a9e75,fc268394-c632-4081-8530-6108982e589e,702c5cb0-a610-4240-9bed-879c69cdb9e7
2c32522d-0108-400b-aeb3-9264e5705c93,42798e15-431e-4742-b1aa-625b6a541c5f,702c5cb0-a610-4240-9bed-879c69cdb9e7
8f245faf-a97a-4b8e-9d20-2b310474bf84,abcf8dbd-6554-40b9-a92a-6902c399f150,702c5cb0-a610-4240-9bed-879c69cdb9e7
b9abf157-43d2-42d3-8865-be46222e87b0,dbf77b66-cefc-4d1c-af8d-51226477c485,821f14d9-7bc0-4e9b-94af-b8fcb6e5280a
09383caf-0eb8-4c7b-b900-13f10f29f839,092fca99-33bf-4436-9543-10b1eb218424,702c5cb0-a610-4240-9bed-879c69cdb9e7
9b41e608-09ae-4f9a-8953-d247ad78b71f,4f9cdb30-36d2-4ce0-a8c8-8c3355cb227b,821f14d9-7bc0-4e9b-94af-b8fcb6e5280a
5124a7cd-9377-4662-8823-04ddf6853e3b,0beb1a9d-afe2-4eef-bcc0-9a9666ecf666,702c5cb0-a610-4240-9bed-879c69cdb9e7
5b9c6ca2-f95a-47dc-8dcc-607562f92a8a,76dd40fa-9c99-4b45-bcae-c9c1ccc8e658,702c5cb0-a610-4240-9bed-879c69cdb9e7
77fc5f3b-2bba-4d4a-b317-df5cbee783a1,65674a70-f1d7-4cda-97ce-231e04a1a325,4934dc25-aa95-4f0b-80f6-da9704d700d3
e779481b-cd39-42e6-8a92-80ec681f04a9,aa424875-3ccb-4d50-bdb2-cb0e0c4a0f59,702c5cb0-a610-4240-9bed-879c69cdb9e7
63714b90-82fa-4996-b956-08f1d45c52a2,74b8f6e1-f33a-4242-a4a1-38aeb0d46aa8,702c5cb0-a610-4240-9bed-879c69cdb9e7
69fae8be-1073-48c4-9d76-2eb7af462aff,6058c5b4-ac15-4d81-a5a8-337b3d02330c,821f14d9-7bc0-4e9b-94af-b8fcb6e5280a
5d754953-7761-4e2e-90ef-d9ec0f311c0b,3c832168-521a-4d02-88b5-42cd9607851f,702c5cb0-a610-4240-9bed-879c69cdb9e7
b4b741f9-5e9c-4068-88b1-9ad3546b7f99,52bca666-8157-40b3-8f79-42f35fe13347,4934dc25-aa95-4f0b-80f6-da9704d700d3
94daecc4-41e1-4fd8-9712-72e52dff4668,645f358f-7fa3-4421-89d0-668d04ea9722,702c5cb0-a610-4240-9bed-879c69cdb9e7
f353ff72-9efd-474a-8605-782b02623dde,3a166f44-b743-4f8b-8ec7-5f3a161926ba,821f14d9-7bc0-4e9b-94af-b8fcb6e5280a
134a26a0-45c1-4e96-bc8b-6c4af35e217b,bbe645c7-4015-4ead-a42f-af0fb05e3a0c,702c5cb0-a610-4240-9bed-879c69cdb9e7
e42a9559-790f-4d52-a3f1-79bf646ae676,cee12121-22dd-4df9-bcca-1ae9f5a1ca91,702c5cb0-a610-4240-9bed-879c69cdb9e7
10452f2f-4ef1-47b5-91ed-ab13fbbf22a8,b34af117-9dbe-4e51-89c5-a05fb8c8f630,821f14d9-7bc0-4e9b-94af-b8fcb6e5280a
a993c2fc-08a4-4b94-9333-4154ad0eec23,c9897d81-4258-4ed4-bf83-287712d5cc36,702c5cb0-a610-4240-9bed-879c69cdb9e7
a5e5ca25-800f-49b2-a253-f406c178a833,0c428b98-898a-4902-b1bd-28e8e5e7a1c6,821f14d9-7bc0-4e9b-94af-b8fcb6e5280a
ee052254-b9b4-4a80-9f1d-6e1601117484,124875e1-da2c-4c4e-afe0-9ca634e5c704,ed204181-0a5c-4ffc-aea7-05dc9d565ecc
cc499990-4f72-4b7d-987e-976f842e313c,a03696d0-0bff-4fe8-8f51-7d655196832d,702c5cb0-a610-4240-9bed-879c69cdb9e7
7efd2248-47f1-4a46-970f-ad2582ade89d,25f63ec5-70c5-4d6b-a473-de40a7074268,821f14d9-7bc0-4e9b-94af-b8fcb6e5280a
38bd03d8-50cf-466a-9c9e-f4aa0796395e,93c5b819-8a2e-48c6-8b34-41230f45d8ba,702c5cb0-a610-4240-9bed-879c69cdb9e7
a822e44f-33f7-4637-9632-db717b759f5d,f8a37c8a-4234-45d9-bfac-40c347da6ac0,702c5cb0-a610-4240-9bed-879c69cdb9e7
83df94c0-0f40-4c43-a9fd-76c0856c44fa,2ea0eb26-0f20-4a1b-b46e-b5312d3cec03,702c5cb0-a610-4240-9bed-879c69cdb9e7
5a77b717-5591-4934-b061-e158885fd8d2,744f82a6-d176-4aad-85b0-16dd07fd4a81,702c5cb0-a610-4240-9bed-879c69cdb9e7
1e521843-3b46-4082-b12e-5bff6c62658c,563d76a5-2eb3-4dcd-9f2d-79165efa816f,702c5cb0-a610-4240-9bed-879c69cdb9e7
f78fd504-81dc-45b7-bc38-9d90efeb2844,ca3808c2-0226-4290-b128-3a6d797ae51e,702c5cb0-a610-4240-9bed-879c69cdb9e7
ad72d01d-6cc1-4bec-bf35-46b8e509c849,14db97ee-4e6b-43bd-a62e-71bf68317f49,702c5cb0-a610-4240-9bed-879c69cdb9e7
c0bd86a9-ff8b-44fe-b402-075b2eb03c3f,0d683499-ee20-47e9-8f3e-541b0eca12fe,821f14d9-7bc0-4e9b-94af-b8fcb6e5280a
c79111ef-8620-4fa7-8e79-eee810169856,04e07839-745f-4454-87fb-6b582c9f8a9a,702c5cb0-a610-4240-9bed-879c69cdb9e7
6cea1410-8ff1-4cbb-b6ad-66df231057d8,5dd22622-ae37-4657-b47c-250ec84c4dec,821f14d9-7bc0-4e9b-94af-b8fcb6e5280a
0505e7fe-ff71-4f81-afc4-03d9f5827e1d,0fa0fdf7-8cab-4186-a7c7-db75c32f6083,821f14d9-7bc0-4e9b-94af-b8fcb6e5280a
09c35728-903d-4607-9966-b27f4ed9b8f7,4261077b-0f0a-493e-8ef5-48efb27142ff,702c5cb0-a610-4240-9bed-879c69cdb9e7
ff3fe28d-e093-45b7-9de5-fd908e14e406,fffe8834-5f0e-4de0-8c5c-96c2e54774d7,702c5cb0-a610-4240-9bed-879c69cdb9e7
52c12f5a-f20f-4e9c-8b71-a204a0fbbcd5,ce6199a6-b968-4769-b2a8-974b4b70575d,821f14d9-7bc0-4e9b-94af-b8fcb6e5280a
600597e9-0cad-4c81-a6df-f864aca6deb8,d363e754-a345-49a8-814b-65bab692f161,702c5cb0-a610-4240-9bed-879c69cdb9e7
3390a923-20f2-4417-a629-272afa8af44e,bceeebd0-b9e8-4f75-b90d-a1fc5e9274df,702c5cb0-a610-4240-9bed-879c69cdb9e7
6e6a468c-3721-4730-8bd0-4fe744733d15,4a23f022-2fa2-4c80-afd5-e12380b3083b,702c5cb0-a610-4240-9bed-879c69cdb9e7
4514bbb9-7b55-46c3-8f54-fadb72e5008e,a9ff61fe-a98a-4b24-a6d9-0babf02a2da8,702c5cb0-a610-4240-9bed-879c69cdb9e7
e4e201c2-88e1-40b2-b53f-e208d73bddc5,4514fa30-2546-42d4-bda5-f489bd90f0ff,702c5cb0-a610-4240-9bed-879c69cdb9e7
77024f6f-c904-4100-bbf5-6c574e0fb9f6,c006b60a-3086-48eb-9024-494e927eec0c,702c5cb0-a610-4240-9bed-879c69cdb9e7
3da3ed18-cd03-432d-858c-5a50466a2e63,a8d19a18-7f11-4901-8424-d691abfb9ae2,821f14d9-7bc0-4e9b-94af-b8fcb6e5280a
3ee0cca8-1787-4ef4-94ba-645a3516ea8c,5dc97f74-6672-4777-a043-91b5bc9cac24,702c5cb0-a610-4240-9bed-879c69cdb9e7
19c971f1-c100-4d58-b362-7f51c85877a0,b8e6c515-0bae-4435-ba68-a2bd5520cfb7,702c5cb0-a610-4240-9bed-879c69cdb9e7
44fcc210-d234-4b54-a5b1-d7713348566b,9c495e2f-85ee-4abe-95d0-3bc5756c7730,702c5cb0-a610-4240-9bed-879c69cdb9e7
758d7d57-4aad-4d62-b9aa-075b696da07e,0c533f89-8ce3-4e6c-acfe-977a57ab224d,821f14d9-7bc0-4e9b-94af-b8fcb6e5280a
8cdc2af6-70b7-4ed2-b4ca-0191b0279177,34086c8d-0cc3-405d-9d81-da25b09248eb,821f14d9-7bc0-4e9b-94af-b8fcb6e5280a
48b91cb5-a1ad-4298-9a89-f8902d4d5c8e,df62b605-3130-4167-8c1c-0b0354a23aa6,821f14d9-7bc0-4e9b-94af-b8fcb6e5280a
d8ee7772-a9ec-486c-bd73-698f5b06794f,45bae0dd-8513-49c0-aed1-d60e73429066,702c5cb0-a610-4240-9bed-879c69cdb9e7
79e24f67-91b0-4cc4-aa9d-4c8f2285bb73,326bff10-634d-458b-95d0-899c0797cf17,702c5cb0-a610-4240-9bed-879c69cdb9e7
435ca8d5-9514-4413-bb53-12ed6485b1ce,e924ad67-b1fb-4d5d-a171-35353870a1ac,4934dc25-aa95-4f0b-80f6-da9704d700d3
327314e5-3410-4a14-b462-889941b3843f,0eb34ee2-af3c-4d52-a26d-e4f02cf31b94,4934dc25-aa95-4f0b-80f6-da9704d700d3
396abde6-5a17-40a2-b6b9-78a9a822102e,2986056a-88ed-45a4-86db-ccdb06ffe673,702c5cb0-a610-4240-9bed-879c69cdb9e7
47595164-bde9-4b07-87bd-17dfcb8a97e2,593b54a0-2c56-4321-a057-101da92e3b45,702c5cb0-a610-4240-9bed-879c69cdb9e7
bcb8d895-a10e-4812-bea7-4e24b1bdf35e,8d19b86d-8d5d-4110-ae74-369804844576,821f14d9-7bc0-4e9b-94af-b8fcb6e5280a
be7ffcac-e4e7-48a1-bac6-37f3ef389c77,1c4a620d-bc5f-4571-bbb9-d4229d128850,702c5cb0-a610-4240-9bed-879c69cdb9e7
e77210c1-4e53-440c-ba3c-d4233e780f7c,2a1af5a8-1404-4757-a0b0-cc942bb2e225,702c5cb0-a610-4240-9bed-879c69cdb9e7
68b9a6af-5b13-4280-b350-a4b79cfafa34,80367754-fa94-42e3-9429-c5354dd8f13b,702c5cb0-a610-4240-9bed-879c69cdb9e7
7640e9f1-c696-48d9-8732-a8a25ee38447,23b0a959-56ab-4dec-854c-361346ac1954,702c5cb0-a610-4240-9bed-879c69cdb9e7
c1b6961e-da67-480f-8d30-000270c21823,fd2cbcfb-690f-46ec-b2ce-91de11f987f7,702c5cb0-a610-4240-9bed-879c69cdb9e7
0abf86cd-4348-4435-a6e8-3291ce1363c0,eb6a792b-2854-4820-9a79-12018c111812,702c5cb0-a610-4240-9bed-879c69cdb9e7
99662548-cacd-4744-b406-afddd6f704cf,1acddc80-4849-49fd-967a-96cf8b358205,702c5cb0-a610-4240-9bed-879c69cdb9e7
0c8b0532-d85d-4024-ad4f-94cdd17a97d3,10656ac8-c719-4ae0-bbfa-58d417ea034c,702c5cb0-a610-4240-9bed-879c69cdb9e7
e43011b4-fda5-4990-92e3-d66f1fcdb21d,7ebb8a23-7501-44c5-aa06-11bd7172887f,702c5cb0-a610-4240-9bed-879c69cdb9e7
8930799f-664c-46f8-999a-7a55d4993eab,b69b82dc-2a4a-4a1a-a84c-8ac4e626b694,821f14d9-7bc0-4e9b-94af-b8fcb6e5280a
4488128b-b44e-41c9-9cc8-7e977c6d68c4,47c9ba7d-bc47-479e-9846-9f0e9366cd16,702c5cb0-a610-4240-9bed-879c69cdb9e7
bda40fb4-3d5d-4b2d-b696-3f8dd4a4efd7,62cc0fea-8188-4bd3-8992-b153b7b2a7f3,821f14d9-7bc0-4e9b-94af-b8fcb6e5280a
c1b81c2d-c578-4faa-a40a-2e22668b48fb,92cdca20-fb73-4a30-8e54-cd1adc65363d,702c5cb0-a610-4240-9bed-879c69cdb9e7
2d959404-ecf1-427f-bf75-8e133254f340,604c178d-b492-49ec-b9ac-b4b7c02c068b,702c5cb0-a610-4240-9bed-879c69cdb9e7
743746ac-c86a-4b97-a9b4-3d00519dd485,0bb02da8-2ab8-4e92-942f-520cdf3f34d0,702c5cb0-a610-4240-9bed-879c69cdb9e7
0a31c08f-9143-4987-927c-3cea08009311,c42673d4-c3dc-4216-bfc4-98edc53a1bb9,702c5cb0-a610-4240-9bed-879c69cdb9e7
14be155d-328d-4f5b-bb74-4caca26b989b,368b7211-4aba-45d2-812a-f0688d5b7a63,702c5cb0-a610-4240-9bed-879c69cdb9e7
02305db6-c651-4194-97d3-f71653a5032f,bf3c2725-e921-45c3-9bdc-2d0de3fd0c5a,702c5cb0-a610-4240-9bed-879c69cdb9e7
7ebb74de-fd6b-478f-a75f-548e0c014545,53c178fe-8edf-4620-868f-9d55a860e8c1,821f14d9-7bc0-4e9b-94af-b8fcb6e5280a
cef5858b-e9f8-4bfa-9258-232328adf2d0,be918c19-82d6-44e5-a9ff-d434c9602556,702c5cb0-a610-4240-9bed-879c69cdb9e7
093e7bbd-d7f3-4c99-a65b-1c87d34bc9a5,37917028-2dee-43d0-b253-4a543a7fdb04,702c5cb0-a610-4240-9bed-879c69cdb9e7
14f63748-4003-4876-ac81-0e43caf0b93e,5d92e6dd-bc24-4584-85b3-66717bbe100f,702c5cb0-a610-4240-9bed-879c69cdb9e7
e973e12a-4188-4707-a91f-c7ce4434c2df,ae9adf70-fd97-4ebe-b6c3-56f50fd51cb8,702c5cb0-a610-4240-9bed-879c69cdb9e7
14e4b218-2a33-4d7e-8a3b-2bd19551dddf,642d1fc3-6846-4e51-8a75-239ab1e3e09d,702c5cb0-a610-4240-9bed-879c69cdb9e7
8d56fc6e-0bf4-4bef-ae61-549a0e958e02,877040b5-1d24-4f94-b129-b64c818afe0d,702c5cb0-a610-4240-9bed-879c69cdb9e7
910253e7-2e2a-4970-b934-d1c4f32171be,93208732-670c-4add-9801-e0ba8dfe8d1e,4934dc25-aa95-4f0b-80f6-da9704d700d3
516e91f7-a1d5-4ba3-a176-6d62cd3ff537,ab25dd90-6135-438f-8ab0-ba76ea11acb4,702c5cb0-a610-4240-9bed-879c69cdb9e7
9bd76555-61f6-49f8-886f-14a7b3de0523,3a6d599c-14d4-4890-b8f5-1c2464333a4c,702c5cb0-a610-4240-9bed-879c69cdb9e7
c5cbc31c-6480-4f84-be83-735dc742370b,67ace621-a863-4c19-a371-4a37be00e13f,702c5cb0-a610-4240-9bed-879c69cdb9e7
21224e44-3ca3-4f8a-b60b-e9c02ec47851,05c92ab1-4ce9-42a4-bc23-d15ee1274ea1,821f14d9-7bc0-4e9b-94af-b8fcb6e5280a
f64a9c15-de03-44c7-9eb9-9719a0867b1f,c5c51d0f-fbbf-4b1e-bddc-06ca0948d6ed,702c5cb0-a610-4240-9bed-879c69cdb9e7
d44e8cab-11b2-4b29-a238-b1439df71a0d,117c34e3-be48-4401-8664-6f7037a51bec,702c5cb0-a610-4240-9bed-879c69cdb9e7
18478b70-476f-4ced-8785-82dbe4a864d7,349fedb5-1d74-4749-9cbd-de4b53c20a73,702c5cb0-a610-4240-9bed-879c69cdb9e7
f7c8477e-17e5-4e50-bb3b-632d4bf8e9a0,6e2fdc0c-3714-43a8-9e92-d6b42139d6cf,702c5cb0-a610-4240-9bed-879c69cdb9e7
26bfec9b-98fb-4765-b08f-520bd23039f5,198109ce-30db-4e3c-a883-2606a57628a4,702c5cb0-a610-4240-9bed-879c69cdb9e7
ae505229-84fc-41e8-8d67-468654ccf4d9,48e73711-23f0-4781-8ee3-166600db5bb5,702c5cb0-a610-4240-9bed-879c69cdb9e7
c6c80774-4133-42ae-9664-8479d72c9e8b,2c7aace3-a101-4e73-9563-474777bbd276,702c5cb0-a610-4240-9bed-879c69cdb9e7
05573237-aeea-467f-a477-211dffcd731c,24bc163c-acc6-40f9-a969-afbe7953607e,702c5cb0-a610-4240-9bed-879c69cdb9e7
1c530f26-47da-4c4a-be83-127febb99d59,f5d3915b-0c10-4be7-9280-54705c3814cc,702c5cb0-a610-4240-9bed-879c69cdb9e7
7e55f0cd-5b0c-46d5-b4a8-75e677d5f62c,2b4e2a90-778c-4c96-a3d9-80538ebf06af,702c5cb0-a610-4240-9bed-879c69cdb9e7
c0000a17-0150-4cd7-bf9f-9aa76661500d,3f274eb7-cf29-4684-a2a0-43b43348a109,4934dc25-aa95-4f0b-80f6-da9704d700d3
b0b9e555-3bd9-493e-97f6-30adbf976aca,265f8231-9483-482a-ab7f-4de3eca23da0,702c5cb0-a610-4240-9bed-879c69cdb9e7
ee69bdcf-83c2-40ca-a9a3-d46ef9758927,017e6b95-03b1-45cc-8c78-9e4f393a2252,702c5cb0-a610-4240-9bed-879c69cdb9e7
c6dca4a6-5e55-44af-9613-0274f2aa7924,2f49af5d-6b3a-45f3-926b-08e8f211ca90,821f14d9-7bc0-4e9b-94af-b8fcb6e5280a
81805123-9251-4f52-a9c7-528074a314bb,c27801df-8958-4304-8b26-02fb439d256e,702c5cb0-a610-4240-9bed-879c69cdb9e7
9636862d-4e03-4e6a-ab04-0a95f8cd65fc,00d4836b-a3ee-4cba-9d0e-d7ac6e434c12,702c5cb0-a610-4240-9bed-879c69cdb9e7
9fdc2744-b409-47f1-b191-45f2e60c6fe4,465374e4-528f-43ea-86ac-0e76d600d8f6,821f14d9-7bc0-4e9b-94af-b8fcb6e5280a
5eda78b6-e310-4d03-aa90-ac785f50c021,4f1fb2f8-d200-425f-a374-2a5b48e609c7,702c5cb0-a610-4240-9bed-879c69cdb9e7
7ddade01-ffac-4a4d-a22f-43b05a81d748,525ceb73-6de6-4ff5-b543-565159148eda,702c5cb0-a610-4240-9bed-879c69cdb9e7
f32033b9-5345-44cb-bba5-942b05de2d23,c03c1532-8400-44d1-ae24-195b89fe9f8f,702c5cb0-a610-4240-9bed-879c69cdb9e7
0447cadb-095e-476d-a91f-005d7fc6f517,6e1d12b1-f6b2-4462-a110-d0585c5bba54,702c5cb0-a610-4240-9bed-879c69cdb9e7
02f527bb-215d-48cd-a581-431ed51cf6b6,567a5cd4-240f-44b4-af2c-fda9ab8d8858,702c5cb0-a610-4240-9bed-879c69cdb9e7
5c1b16fc-ecba-4242-928c-4d2e40f76b59,d5854455-f122-4c4b-99fb-1fd0edfe4170,702c5cb0-a610-4240-9bed-879c69cdb9e7
42407cd4-703c-40ff-99ee-cf3b1e97e86c,86adc4e7-2ce6-497e-8c90-0f993080c63e,702c5cb0-a610-4240-9bed-879c69cdb9e7
72e6ef2c-c037-4efc-937b-6ed7688e3879,42023917-5cd3-4adf-9195-ceaf88c69f0a,821f14d9-7bc0-4e9b-94af-b8fcb6e5280a
8538eaf5-589c-43db-bae5-eb9798e666bb,266477bb-ed07-4c88-9898-8b3d5b4f664c,702c5cb0-a610-4240-9bed-879c69cdb9e7
78240743-0995-4847-8b8f-02de6e3193f7,d528be71-48ec-4c15-81aa-539a44bc3d30,702c5cb0-a610-4240-9bed-879c69cdb9e7
cf285bb6-44b4-48db-adf3-8c5d4eb3155e,02f0e2be-93e1-4e34-a3f5-66ef181368cf,702c5cb0-a610-4240-9bed-879c69cdb9e7
482d7563-6dc3-46b7-a124-93a8df786579,9cb82b52-fb70-4b19-be62-3226ada7d6f5,702c5cb0-a610-4240-9bed-879c69cdb9e7
48170e44-1771-4238-800b-e1d7cefb8edd,d02c0dc1-1490-4dc0-9803-a07ee5724b23,702c5cb0-a610-4240-9bed-879c69cdb9e7
c1261370-38fe-4a0b-ab37-9579f9c69234,49206181-caec-4386-a8fa-0259f131cc79,702c5cb0-a610-4240-9bed-879c69cdb9e7
88381f5d-1058-4a9b-a36b-87ca3f5b130e,492a2042-046a-4143-98a5-389a353be187,702c5cb0-a610-4240-9bed-879c69cdb9e7
e359bf25-583a-4e47-b423-39d359a0f205,8d49e4fb-7f8c-4df9-92f6-db4540723174,702c5cb0-a610-4240-9bed-879c69cdb9e7
b38bc6ed-3e94-483f-a348-141016d7cda7,1855ebdb-1194-4b5c-b360-2e614c81e066,702c5cb0-a610-4240-9bed-879c69cdb9e7
fa5b4fe5-ca53-4434-b92f-500fe7a3de41,3bdd2e36-a8c2-425c-aa65-588496fa5d3e,702c5cb0-a610-4240-9bed-879c69cdb9e7
d711a047-3c7a-4403-9e10-9ce624c5d538,281326bb-8088-4829-8ca7-f1e6d122edfd,702c5cb0-a610-4240-9bed-879c69cdb9e7
99f127ae-f5e7-474f-af0b-2005d03800f7,df890708-4910-4101-84b9-4cf022cf7d1e,821f14d9-7bc0-4e9b-94af-b8fcb6e5280a
c4f8170f-fa68-4479-84a1-e67c44ddf7a1,b740e68a-89ca-4294-ad14-08d884ec4059,702c5cb0-a610-4240-9bed-879c69cdb9e7
376a7f4d-8023-455e-8dde-9778f29b4650,2b7d7586-8248-4cdc-a1da-61ad150f3f35,702c5cb0-a610-4240-9bed-879c69cdb9e7
e0859610-d0e8-484f-a8e6-700860aff7fd,60e02fe8-9045-4e9b-b763-51282941fdbd,702c5cb0-a610-4240-9bed-879c69cdb9e7
789a3a70-e02c-410d-b70e-da73a042aa17,cf628ca2-0e5f-438b-90b4-656aa5a012d7,702c5cb0-a610-4240-9bed-879c69cdb9e7
20db82e2-31c5-4a78-9c48-8bc289674436,1c51323d-9cd2-422c-b049-67213a6553de,702c5cb0-a610-4240-9bed-879c69cdb9e7
aae6f67b-4876-4005-9558-7e577f9e5634,48113993-9f3e-42df-84aa-252b7e9a38ca,702c5cb0-a610-4240-9bed-879c69cdb9e7
85ccfd47-586f-4013-bbe0-4426b583d178,b6c8f15f-a451-452e-be40-02db15803c18,702c5cb0-a610-4240-9bed-879c69cdb9e7
c0f20a02-f553-47ee-9b19-14945f90b8f2,3faa2f77-21fb-421c-8762-f9d7f9661b73,702c5cb0-a610-4240-9bed-879c69cdb9e7
6e42be1c-4706-439a-bdb7-f248c70c6029,218a385b-710d-4e5d-9f1a-c7612225c99e,702c5cb0-a610-4240-9bed-879c69cdb9e7
411a790b-92de-4211-b13f-36b87c5cf1f8,1699fdec-c489-4f73-a6b0-73112011a14a,702c5cb0-a610-4240-9bed-879c69cdb9e7
8f5d2979-d340-4bc5-8a4f-e6035f013a07,13b8b1ac-7cb8-4382-9b68-cb4dbd66b67e,821f14d9-7bc0-4e9b-94af-b8fcb6e5280a
bc83c9bf-17c0-473a-850e-08ffbfb53dde,72308c71-6f9c-4230-978c-590d41a771bf,702c5cb0-a610-4240-9bed-879c69cdb9e7
16104cb1-4578-4cb1-8e5c-b11db8267dad,7d46c5ae-99e6-4665-a89e-45aa69c15ba0,702c5cb0-a610-4240-9bed-879c69cdb9e7
f625a1d6-a20e-4a8e-8c85-2daecc5b313c,6f371444-df4e-4e20-91e2-40c6a52ae9b2,702c5cb0-a610-4240-9bed-879c69cdb9e7
1a903f57-6650-48b8-9a5e-e6b1ac7230f0,ca6eb59e-c4ed-4e41-b077-5290346c0371,702c5cb0-a610-4240-9bed-879c69cdb9e7
e2fa7c95-87fd-4182-a366-da93a0d257cf,e60e036c-c393-4c55-aa45-82a6e87bf069,702c5cb0-a610-4240-9bed-879c69cdb9e7
5d2feb95-f5ea-4ded-af77-bb056fa62bce,7b9e6c9c-361d-47e1-8031-6a1e3a0670b5,702c5cb0-a610-4240-9bed-879c69cdb9e7
eac5dd95-54b0-4357-b584-b4e7d7924a1c,facf6d6d-5ef7-4eb3-9539-8e4a0cada5be,702c5cb0-a610-4240-9bed-879c69cdb9e7
8008ac21-d6f9-4dbc-a530-b7a052561f47,83753c8c-7adf-4007-b97e-f3be9550c106,702c5cb0-a610-4240-9bed-879c69cdb9e7
a02b7fb9-7fd8-406e-a38b-5eccc3264ce1,c9470eab-4e5a-4b51-8b84-a76406c0ed3b,702c5cb0-a610-4240-9bed-879c69cdb9e7
df6e1436-df63-48f3-9aa2-1441653a6a96,0fc9a8ef-9cb0-40f6-9ae0-90b4acad3a3d,702c5cb0-a610-4240-9bed-879c69cdb9e7
33e8b811-bf36-4c7d-a474-4c44edbb251b,3b61bff9-f763-4ca8-920a-c510a028e88c,702c5cb0-a610-4240-9bed-879c69cdb9e7
9d0beb97-888a-4daa-8a70-8b99fd9f868f,1f964a9a-4336-4652-bfbe-0833a0997957,702c5cb0-a610-4240-9bed-879c69cdb9e7
31b76323-a549-4839-98da-f63f679b6986,e053d503-c9f0-4e8c-8f05-b36b4d7a5799,821f14d9-7bc0-4e9b-94af-b8fcb6e5280a
3ab27777-198b-4175-a7d5-49614b39157d,4e803f76-8dd7-400f-933e-c1acb9620566,821f14d9-7bc0-4e9b-94af-b8fcb6e5280a
be8423eb-50f0-4328-9ebd-e7d6413383eb,6364bab1-e014-4003-8f0b-c582bc7076cb,702c5cb0-a610-4240-9bed-879c69cdb9e7
30c3744d-4a76-4b64-b01d-fe6ab4ff6c81,484d20c6-fc9e-47e7-8413-d802f417b927,702c5cb0-a610-4240-9bed-879c69cdb9e7
09f15577-b540-4c71-abe3-d9908ac8b9c6,e0fa4f79-a110-4473-8ab5-6273492c76b9,702c5cb0-a610-4240-9bed-879c69cdb9e7
cb726ce2-e215-4fc3-9fb3-c38692ee3027,d57fe411-8f1a-4023-b3b8-3e59f4e08b52,702c5cb0-a610-4240-9bed-879c69cdb9e7
1239c406-61f4-48af-843d-d3c943ffc0ef,cb4cc4b5-22c8-4ddd-a392-bf5fd09de46a,702c5cb0-a610-4240-9bed-879c69cdb9e7
97c76f12-b047-4adb-82e9-2373f8e28eff,dd03ee76-ecd9-4b66-bcbf-a55a48333426,821f14d9-7bc0-4e9b-94af-b8fcb6e5280a
6f29ee12-3750-4d28-a3c6-390407e70409,5f41d6be-5509-43f3-9dcf-e7f62fb0f1bb,702c5cb0-a610-4240-9bed-879c69cdb9e7
b1e8ce2e-232c-44c8-814d-03a1cc0a1a02,d66e5d24-bf1d-4249-ab22-d60971f0381c,702c5cb0-a610-4240-9bed-879c69cdb9e7
27509686-a143-45d8-9a05-c26735797b69,beea96d6-9368-47dd-a879-57844869ea5e,702c5cb0-a610-4240-9bed-879c69cdb9e7
ac8909c5-05be-412a-8bb2-c5d5b7af40a5,ecbb7693-8cd3-42e0-bb46-3e1af39cf77a,821f14d9-7bc0-4e9b-94af-b8fcb6e5280a
cf3b85a0-f8e7-4b13-9cc3-c6865d724094,45ca7ec9-5922-4e35-85da-ceaf29d75785,702c5cb0-a610-4240-9bed-879c69cdb9e7
ac34dc12-6b42-4013-97d2-7a2e72c4747f,fc175795-3e32-4dc0-bcb6-08439e11fa55,702c5cb0-a610-4240-9bed-879c69cdb9e7
479b262b-b8a3-42d9-9b00-94adde08d184,9b343c8b-329a-40b3-aec4-32ed8df36c72,702c5cb0-a610-4240-9bed-879c69cdb9e7
1322b404-cc8b-4062-8a78-327dccda6fc8,9d959d00-a37c-493f-9be9-4165f5229837,702c5cb0-a610-4240-9bed-879c69cdb9e7
0f9b5f0d-d06f-4541-ba05-2c198108f5b0,3ee7947b-7203-4709-83e1-9210cdf72a37,702c5cb0-a610-4240-9bed-879c69cdb9e7
8c9c298b-5177-4e0b-baf8-4df25f8a320b,8c6553a0-df64-4142-8101-8848a3c7620e,702c5cb0-a610-4240-9bed-879c69cdb9e7
54780fae-96ad-49d8-a907-a23fd8d0ba19,5fde7b0d-0bc7-4cf4-b7e6-2f6cb4eb0a7b,702c5cb0-a610-4240-9bed-879c69cdb9e7
408db5e5-e74a-4c5d-a88f-f5483ad7fddd,da48ee11-9550-4e2a-b413-e3a3239c3871,702c5cb0-a610-4240-9bed-879c69cdb9e7
4a05be57-c052-4a57-9f50-b810d5cb3764,a213c751-66b0-42c6-a376-09436a6dddee,821f14d9-7bc0-4e9b-94af-b8fcb6e5280a
0ea4eca0-ee41-4ed7-8c5a-74331e42008e,bf26ebbc-afed-45de-8da5-bb61dc701e48,702c5cb0-a610-4240-9bed-879c69cdb9e7
eee4ac5b-dfd4-43e3-ab1b-1444cf6fc32e,9acd4978-bbd5-4945-9ae7-eb9b29dca70b,702c5cb0-a610-4240-9bed-879c69cdb9e7
80ec1036-4202-4ef7-a088-9bc9a81b04c2,3eea9be1-b616-41f0-b394-4ae4821f1e8d,821f14d9-7bc0-4e9b-94af-b8fcb6e5280a
a6b53f10-39b9-4df6-96d5-28477b11b3eb,7e2ff767-e737-4c55-be9d-b6c69ea7a48a,702c5cb0-a610-4240-9bed-879c69cdb9e7
d0aadfc6-5d40-4816-9a98-9a4b447a20dc,99d7c156-633a-44af-bbdf-1cd76d04bf69,821f14d9-7bc0-4e9b-94af-b8fcb6e5280a
ebe53584-19f3-4501-a78c-197d82e8cb43,72e05fa3-0073-4974-92de-5aa68c91e9a0,702c5cb0-a610-4240-9bed-879c69cdb9e7
b18ebfe1-6493-4709-bbde-7733b2275103,74b670ed-b3ea-4e5d-b9d3-d99b7b0d5772,702c5cb0-a610-4240-9bed-879c69cdb9e7
b35ea650-4af7-4f0d-8bd7-a7407891eca8,440a7bd0-3bc7-4f08-903f-32d916dee364,702c5cb0-a610-4240-9bed-879c69cdb9e7
e28839ad-7671-417f-97b0-f2d65f471f84,c8da8550-71d3-4e54-b616-7aab4eb4306e,702c5cb0-a610-4240-9bed-879c69cdb9e7
468dbc51-5844-40dd-b193-fd7c4c28743f,1b5c1e5f-1de7-42b3-8aee-9463b74d953e,702c5cb0-a610-4240-9bed-879c69cdb9e7
5fd7fc84-5400-4640-9f08-7f8e63ebe647,26cb774d-470c-4823-b45c-4f3aea258c88,821f14d9-7bc0-4e9b-94af-b8fcb6e5280a
6d35fd3c-9a3c-4653-b57b-dd9bf53a6ad1,abdaaa9c-b7a0-4bbb-9b17-b77dbc2bbc91,702c5cb0-a610-4240-9bed-879c69cdb9e7
c70dcbb9-1905-47bc-aac0-a92f813a8034,e6ba7710-949a-4f6c-8ecb-afc3ce76a0b8,702c5cb0-a610-4240-9bed-879c69cdb9e7
9df2c31a-1860-4f25-a62a-9fb748a92e55,1ced6da2-4a5d-4791-a58a-148be9171026,702c5cb0-a610-4240-9bed-879c69cdb9e7
a8393801-34f3-489a-81f0-de60f2546906,8788c27c-8ffa-46f7-a119-995755ba07e9,702c5cb0-a610-4240-9bed-879c69cdb9e7
6b170913-a300-4b07-a431-fad508c92258,619059f7-f3e6-4e88-b8f7-f988dd40a7cd,702c5cb0-a610-4240-9bed-879c69cdb9e7
e5524519-7e7d-4f60-9830-1c972ab02d04,e3eaeebc-f6fc-483e-a463-4edfc4a2dc14,702c5cb0-a610-4240-9bed-879c69cdb9e7
9e44562e-8326-4173-86a2-d970920cef83,88115dc9-de37-4f90-9bb7-3fbda792d95c,821f14d9-7bc0-4e9b-94af-b8fcb6e5280a
954be2b7-9e86-46ee-8441-fd0c24dabb6d,b16a7417-ecf2-4b0a-b1bf-222b86431e45,821f14d9-7bc0-4e9b-94af-b8fcb6e5280a
4b9e93aa-e0ee-4fac-85bb-a9f329baf16d,ca8a749e-3174-45b8-b9ea-166494c7435d,702c5cb0-a610-4240-9bed-879c69cdb9e7
8fbcc1c1-7c46-424d-a155-c89c196ca276,8d9640c6-07f5-40fb-ae3e-ec6253f6f2b8,702c5cb0-a610-4240-9bed-879c69cdb9e7
0bc93e27-3328-43bd-b536-543308cc1ce8,36437bd9-91c5-4c39-a0ad-f19f8e831776,702c5cb0-a610-4240-9bed-879c69cdb9e7
ec6c321e-0a22-4605-80f7-49f5b7369060,bbaa03e0-35ed-427c-9868-064f97cc1e95,702c5cb0-a610-4240-9bed-879c69cdb9e7
520f0965-26eb-4703-a286-8d5684aa695d,4fcc3b26-eb1f-46c1-8aed-feb9997e685d,702c5cb0-a610-4240-9bed-879c69cdb9e7
046c6717-2b37-4908-bba5-72d477c92508,e2bb2811-994a-4940-a263-f55e7f419c45,702c5cb0-a610-4240-9bed-879c69cdb9e7
1921043d-2665-4ef1-a738-0cf4adf6fb12,0adf2deb-0b85-46c2-a274-27711173d7b0,702c5cb0-a610-4240-9bed-879c69cdb9e7
ad1a420e-9760-475b-b7f7-474a424be3c6,c15bbb4b-6fb8-4702-bc76-cafc2dca0103,702c5cb0-a610-4240-9bed-879c69cdb9e7
a079e87a-9e6f-4702-9f81-762c8e11ea3f,dadcc46f-a0e7-4ce8-931b-d46557464a0f,702c5cb0-a610-4240-9bed-879c69cdb9e7
cfa7966f-f3de-4231-851c-a2b688e68986,3966f05f-c360-443c-8ec3-107ac31d0693,821f14d9-7bc0-4e9b-94af-b8fcb6e5280a
008a9f94-43dc-44d9-a8f5-7fb21d83da44,93a52c6e-bb66-41b2-a2cb-007da6c16c33,702c5cb0-a610-4240-9bed-879c69cdb9e7
73a944d4-c614-4de4-98c9-4cca12f086b0,51d48f0b-181e-48d6-86bd-743c83ad2388,702c5cb0-a610-4240-9bed-879c69cdb9e7
a119af9e-021d-4dbc-be91-fd74303bbe57,005c785f-fabe-4c16-8eda-85744b2036b6,702c5cb0-a610-4240-9bed-879c69cdb9e7
c228fdb7-d2c7-493d-8dc3-badbf51545ea,5e41f0db-3cee-4176-a704-fb2f1c2d5eb0,702c5cb0-a610-4240-9bed-879c69cdb9e7
e312c110-6420-4fe8-bc3d-b83e5679328d,0c54b8e2-f933-4c52-a0c3-7a00ab2eb893,702c5cb0-a610-4240-9bed-879c69cdb9e7
2d92b321-20c8-4242-9400-25f60c68fc73,77d24c40-6003-40c5-9671-d692863adc06,702c5cb0-a610-4240-9bed-879c69cdb9e7
2ef85190-3d19-4792-8c7e-296fb1e790ae,13444690-5bbf-44ed-b43a-bbfae2f00774,702c5cb0-a610-4240-9bed-879c69cdb9e7
974f47f7-eb17-47f9-ab04-8b491862cb5b,5aa50423-4a2b-4c1f-8ed1-613872f4eb5d,702c5cb0-a610-4240-9bed-879c69cdb9e7
f81c4f81-b173-4199-850d-6774d905697d,113927dd-836f-4c3a-8b13-89807955ffdf,702c5cb0-a610-4240-9bed-879c69cdb9e7
f1243e8a-b34b-4af2-ac8c-6cc24861ae04,5253ca87-2081-49b0-949a-8426939b42c0,702c5cb0-a610-4240-9bed-879c69cdb9e7
7fcaef65-ed45-4174-9583-a763eb5b3f32,20a0e1b2-249f-4936-8f96-b23b10b063bb,702c5cb0-a610-4240-9bed-879c69cdb9e7
c1329765-c6fd-4075-9a4c-164dfb05759d,1aa1f699-a3db-40d9-b4d1-02a6291fabf0,702c5cb0-a610-4240-9bed-879c69cdb9e7
04f4b415-cbf8-47e9-8a15-2bb9a145ba15,5870c556-4611-4411-9014-ddcac724a6ff,702c5cb0-a610-4240-9bed-879c69cdb9e7
6bc3cdb0-6d31-46a2-ac37-bd253b2bbaa3,5096fd6b-18e5-4807-bdf8-616ffc05518a,702c5cb0-a610-4240-9bed-879c69cdb9e7
f6f9e078-440f-430b-b981-c3bfa09012a5,3265d210-e7e1-415a-b3b4-19130734f11e,702c5cb0-a610-4240-9bed-879c69cdb9e7
2c041c8e-216a-4544-b676-c0c2b0f4fab5,7fecfae3-c3f9-447b-b1a7-2900fb9fc4ca,821f14d9-7bc0-4e9b-94af-b8fcb6e5280a
4c003a16-239b-4c1a-bd2b-88312d9ecc7b,3edfc152-e315-47ca-ad4d-e2d17b4a582e,702c5cb0-a610-4240-9bed-879c69cdb9e7
3adcb78a-3cdd-4390-9c23-c8fa1cb4672e,9c5843b2-a3af-48c4-bf7f-86118980fe6a,702c5cb0-a610-4240-9bed-879c69cdb9e7
9d739512-d91f-42b8-aa6b-c7bf4f9d939c,c445f441-a822-42cd-ad2e-c7f4aa7fd5c2,702c5cb0-a610-4240-9bed-879c69cdb9e7
cfc67e7e-f38b-4180-9f4b-ba5d40b3f05c,8eea66f4-7582-48f1-aa0d-b1659239cd39,702c5cb0-a610-4240-9bed-879c69cdb9e7
a5d91466-d27b-4f27-a367-238980b16b8a,60946fb9-6703-4613-8495-c6d156b8fd9f,702c5cb0-a610-4240-9bed-879c69cdb9e7
61bfd399-b6cf-4c62-8e20-1cc4bcf9f864,5840ccde-4973-4bd9-ad45-5462dce473ac,702c5cb0-a610-4240-9bed-879c69cdb9e7
8bf66ee1-bdcf-444d-8f74-6d94969d8902,cf58adcc-e60c-454d-81c1-019cdb5137db,702c5cb0-a610-4240-9bed-879c69cdb9e7
21fef981-114f-427f-80b8-6dae124f4076,f7985cd6-e026-4be6-a5a2-aed32d59e854,702c5cb0-a610-4240-9bed-879c69cdb9e7
2f4ec5a4-98c5-4212-a1c5-1d75ce40dd52,d4333ade-3b9e-4d2b-a134-b5109c5764e8,702c5cb0-a610-4240-9bed-879c69cdb9e7
0643b8e3-98bb-4c83-8498-436bf86e91ea,ef4d1ae2-bffa-4c1e-a2fd-d1e44f26aecf,702c5cb0-a610-4240-9bed-879c69cdb9e7
711c5d0b-6fa8-46b1-abf3-15807cf931c1,0e44299e-6e5c-44c5-832e-6b452c6f960e,702c5cb0-a610-4240-9bed-879c69cdb9e7
8662738c-1fc0-48f9-b9cf-6d7a084e5f1b,f876f33f-7db7-4fa3-975f-5bc78065b5d1,702c5cb0-a610-4240-9bed-879c69cdb9e7
031fd9cc-3857-4ad5-b3b4-452fdb33b4c5,cf3df3c5-9dbf-49ec-a1fc-8f05022f9987,702c5cb0-a610-4240-9bed-879c69cdb9e7
69063ead-3c6d-4096-bedc-894216560329,2cfb5345-6368-4376-99a9-e3883cbf9d4e,702c5cb0-a610-4240-9bed-879c69cdb9e7
4d5ade9c-f895-471c-a1d1-413dff738f94,72ab6969-ff7a-4ced-ac99-78b546b24701,821f14d9-7bc0-4e9b-94af-b8fcb6e5280a
4422cfd8-9424-4184-8dce-8f31444a5ff1,e33624ac-7261-4d78-af88-842d33c1abd6,821f14d9-7bc0-4e9b-94af-b8fcb6e5280a
7edf3781-f95e-4084-b064-a3436fa44d2a,d107440a-6f9f-4743-8cca-b8505b277afb,702c5cb0-a610-4240-9bed-879c69cdb9e7
15a7a51c-4d5a-4d43-897b-f259d2c369ca,275a78f0-49b9-424c-8e33-1ff74376255d,702c5cb0-a610-4240-9bed-879c69cdb9e7
58673492-bc69-43b1-8f1f-5cf8265d0076,ab27e635-b364-4201-bfc0-2727c14ba1f7,702c5cb0-a610-4240-9bed-879c69cdb9e7
c928450c-7e11-4d09-aa0a-e7f5b7ed0441,792d3a82-b8ec-40f5-ace1-7c0b86c81e6f,702c5cb0-a610-4240-9bed-879c69cdb9e7
d753a767-e50d-4158-963c-6176415a935a,a53c93f1-ff95-43fc-b410-756df941c8c0,821f14d9-7bc0-4e9b-94af-b8fcb6e5280a
c0a13019-c538-4f6d-b327-7d9e13adf22d,be07a866-3aea-4c42-80b5-92e49caa111e,821f14d9-7bc0-4e9b-94af-b8fcb6e5280a
9e3c65fb-432c-4acc-9235-c963e28ed352,084b7050-86e8-4b17-abea-712f237abc69,821f14d9-7bc0-4e9b-94af-b8fcb6e5280a
337b2aed-7f8f-4565-91ed-20435eb8b336,e0fe56c4-e05a-4045-80ba-84d7ff72e732,821f14d9-7bc0-4e9b-94af-b8fcb6e5280a
d02c9034-4295-4ad0-a3b0-a4cc76f99cfa,1db24aa9-ca1a-4f14-9f42-2e92735e0c21,702c5cb0-a610-4240-9bed-879c69cdb9e7
19902e6d-12c1-458b-a37d-281523847a37,747bcd74-c9e1-47e2-a84e-97d546261959,821f14d9-7bc0-4e9b-94af-b8fcb6e5280a
fbb49535-0696-4a31-8ed6-b81146ccee79,d5d79265-5831-46fc-8a7a-e5f5846dd19f,821f14d9-7bc0-4e9b-94af-b8fcb6e5280a
49ec59ab-e0f3-4eac-8429-415f032f7a1b,c46e7888-09d3-4046-ad76-a5bf92ae0c03,821f14d9-7bc0-4e9b-94af-b8fcb6e5280a
2bedd22f-8f0b-4b2a-a59c-97745bd52b39,733a4907-5a14-4b93-a9e3-81031d158ec7,821f14d9-7bc0-4e9b-94af-b8fcb6e5280a
f019be13-04ef-41aa-9e28-b555c5dc6ce7,87f87454-afc0-4c11-a04e-1d405d0b0249,821f14d9-7bc0-4e9b-94af-b8fcb6e5280a
f677500b-0d6d-4059-8a90-e1496856160a,b9bab8f7-fa44-40aa-95dc-21cb54a133cb,702c5cb0-a610-4240-9bed-879c69cdb9e7
020796aa-dafa-46fe-a22e-d7f1ceb4b484,691ce353-d400-485e-a8d9-bb2bbd865322,821f14d9-7bc0-4e9b-94af-b8fcb6e5280a
32b0debf-ddb2-4435-9bd6-25800cf96d7f,80c552a6-b8be-4c5d-b966-2f8ddb2dd4c4,821f14d9-7bc0-4e9b-94af-b8fcb6e5280a
ea7a07ee-0dae-4c57-ba3d-fa85b8b9ee27,54a300df-d790-4107-b7b6-6e4e56da11da,821f14d9-7bc0-4e9b-94af-b8fcb6e5280a
21c1c780-a16c-487e-b830-4e4380fa4ea0,c2881a21-1bfe-462d-9903-3f89618fab5c,821f14d9-7bc0-4e9b-94af-b8fcb6e5280a
a2c6d7a1-6fee-4726-8969-148cb96f784b,3db11760-1718-4554-9ef9-3eb4b8f6da73,821f14d9-7bc0-4e9b-94af-b8fcb6e5280a
34d14348-3242-4daa-855a-f93e9160ac6d,2ea53fbc-ca16-448e-b1c0-04a3dd00fcb2,821f14d9-7bc0-4e9b-94af-b8fcb6e5280a
b4df763d-4daa-4b74-b0c8-a845e911dce8,edc039ef-a0a3-4139-b451-211e3fa750e4,821f14d9-7bc0-4e9b-94af-b8fcb6e5280a
b680da86-9db2-42e8-a5d1-602098a55e99,3cd1e952-b744-4e1b-8ab4-6132b76c5714,821f14d9-7bc0-4e9b-94af-b8fcb6e5280a
460da494-d439-4baa-92cb-5ab9d8eab681,d055ed60-e856-4c58-aab1-a28ccbd89995,702c5cb0-a610-4240-9bed-879c69cdb9e7
9f33382c-6834-4266-a610-50fdef20f974,565cda39-d0c7-4a20-ad95-0228fb8e3619,821f14d9-7bc0-4e9b-94af-b8fcb6e5280a
9f98e4b9-6116-4d87-9b85-0caa6d24b0b0,dd42f6e3-22e5-40d4-afd1-4ec706888e0f,821f14d9-7bc0-4e9b-94af-b8fcb6e5280a
a4c04732-3c76-43af-b295-1207b6709156,786e371f-b62d-4d4d-8686-f0760725425e,821f14d9-7bc0-4e9b-94af-b8fcb6e5280a
c070d532-7356-4c5b-88d9-d04a0cedca06,ff3b435e-5076-45bf-9bf3-5f22a1181089,821f14d9-7bc0-4e9b-94af-b8fcb6e5280a
959b5638-8c0a-4800-8479-a42345532369,eb073179-0fa5-495d-855f-dc750808cab2,821f14d9-7bc0-4e9b-94af-b8fcb6e5280a
f3866543-5931-40d5-a0ec-c3140bc29207,e175e984-4d6f-4ca6-9673-f14f2ced0ac2,702c5cb0-a610-4240-9bed-879c69cdb9e7
6834d7ba-55ea-46c4-825f-7e17e042b9e7,72a7e961-f321-45e4-8680-879d53dd1f0a,821f14d9-7bc0-4e9b-94af-b8fcb6e5280a
ed8fd40e-c5bc-486f-90af-c1bc33df8497,991bf750-1147-4217-aecd-194dcea5ad0d,702c5cb0-a610-4240-9bed-879c69cdb9e7
0c1e0a94-53ab-4ab9-853c-28a5ec006f2b,0546b7cd-0f96-4b63-964e-298feb8c8635,702c5cb0-a610-4240-9bed-879c69cdb9e7
3420b8a2-3014-48a3-b06a-77d3a8071212,6b0a769d-83fa-4470-9cdc-3516ecbd29aa,821f14d9-7bc0-4e9b-94af-b8fcb6e5280a
81a3cf14-c097-44cd-a83b-98e30fbb941d,36fd2129-549e-4134-806b-35c7f718965f,702c5cb0-a610-4240-9bed-879c69cdb9e7
b601a37d-e006-420b-a63e-6efc38eb35e2,4abba510-3655-4cfb-ba46-a7b7e6b8747e,702c5cb0-a610-4240-9bed-879c69cdb9e7
98fdc810-4e0d-4fd2-b106-1e8b01fdc8cc,ae6d5a66-8219-471a-b930-6305b54b4919,821f14d9-7bc0-4e9b-94af-b8fcb6e5280a
4220af2a-ec4a-42d1-95ba-e3bd8d91a0c3,f363cc84-8ac9-481b-90cd-da2742a26b00,821f14d9-7bc0-4e9b-94af-b8fcb6e5280a
dd3b34c0-d120-42cf-ba18-d88d8c3fcef7,4e484fb3-219f-4263-af74-8e94cc305998,702c5cb0-a610-4240-9bed-879c69cdb9e7
f63e1179-a877-4abe-9f37-ca807b909d5c,fee3278f-5bb7-49cb-b928-c07288eaa87b,821f14d9-7bc0-4e9b-94af-b8fcb6e5280a
cc0f5751-852c-44d9-b18b-d41c67a75740,5c456fa7-eb03-4b9e-91ca-f3df400300c4,821f14d9-7bc0-4e9b-94af-b8fcb6e5280a
4e5c183f-b4e5-4278-86d2-22ad64397888,32864850-21d9-43d2-afc6-5af6d33422ae,821f14d9-7bc0-4e9b-94af-b8fcb6e5280a
20c78e14-3951-4300-82ee-0801516fdc9c,45169974-7b01-4bac-917b-8ab74945fb62,702c5cb0-a610-4240-9bed-879c69cdb9e7
b8349884-dc98-4547-ba56-3db624377706,f1b8cc02-732a-4ea6-99a6-4e5c2b64d6b6,702c5cb0-a610-4240-9bed-879c69cdb9e7
915a3ae2-f804-44cf-8109-a11af14554c4,ed4701c8-cc01-43fa-bf10-f62645c0b17b,702c5cb0-a610-4240-9bed-879c69cdb9e7
5906d79a-add4-472c-aca3-35dbdab9672e,5d4ae5d6-94cd-4be2-8a9a-1be03eb8e845,702c5cb0-a610-4240-9bed-879c69cdb9e7
613b9833-8bbb-46c2-b580-865e79219d19,c4e8c4e4-c807-4635-a594-15f306c0a676,821f14d9-7bc0-4e9b-94af-b8fcb6e5280a
3b36b2ba-8033-444c-95ab-0d285ba40148,961c1b08-d0e1-4505-89ec-25af12647495,702c5cb0-a610-4240-9bed-879c69cdb9e7
bd8b6349-7ce1-45ee-b55a-26bd1205d1bf,e9647a39-5d16-488b-ab15-ed07a7ba2605,702c5cb0-a610-4240-9bed-879c69cdb9e7
10ae705c-239b-4cbf-ba93-3d7a128adca6,232a1e46-5aeb-4660-aecc-ba20e6a19dc9,702c5cb0-a610-4240-9bed-879c69cdb9e7
87e5e509-e7cc-41e0-badb-de1ff4f66695,e9e56ea4-d946-4807-a91f-b360edf0185d,702c5cb0-a610-4240-9bed-879c69cdb9e7
93baad48-321c-4e08-bae9-f4c4deae81f6,7aa0eceb-0550-46d4-a1df-85974c91d95c,702c5cb0-a610-4240-9bed-879c69cdb9e7
d8dbb84f-c55e-4881-8ebd-dcba596d53f5,1cf231b5-72aa-4db9-8ecc-6f045abd500d,702c5cb0-a610-4240-9bed-879c69cdb9e7
fa2e4f03-eb01-4201-9a34-dc918a410a8f,88c7d677-b78f-4329-b399-51a210057acd,702c5cb0-a610-4240-9bed-879c69cdb9e7
a3d0bc85-857f-4e5f-857f-0190159eaad5,af2e045d-20a7-439e-bb61-836ce86fcf25,702c5cb0-a610-4240-9bed-879c69cdb9e7
c8f97d84-9613-4bdb-8292-9f55d8a9f6ac,24bfdaa7-b0ce-41c9-8cb8-b62e5402f296,821f14d9-7bc0-4e9b-94af-b8fcb6e5280a
bc0a4ee9-6724-4065-8f0d-c111781e874f,59b4cd2b-370d-4f27-9315-27ee4074559e,702c5cb0-a610-4240-9bed-879c69cdb9e7
b1321aac-ed3f-4675-aa28-dd543129e9f8,2c18dcd7-67ef-45c8-a440-76e1cb338673,702c5cb0-a610-4240-9bed-879c69cdb9e7
e4968941-96b1-4bbc-b4ee-99f1fe8a3301,0d62cdda-951c-482d-8f84-6b5da459200d,702c5cb0-a610-4240-9bed-879c69cdb9e7
b291b32a-2c81-4fc3-b8a6-c0ead7655f64,bb05ccce-b4f8-4e0e-a728-1b67e8fda050,821f14d9-7bc0-4e9b-94af-b8fcb6e5280a
873fa86b-a269-4f20-8076-7455e9c34497,1dad3c96-523c-45ab-99df-e2cdeb6d1273,702c5cb0-a610-4240-9bed-879c69cdb9e7
69f81a93-3a48-463d-87cc-3ae7af053522,29005b55-ea5f-4796-b6b3-470462779cdd,702c5cb0-a610-4240-9bed-879c69cdb9e7
cf1206f0-df3a-48b5-88fb-d794d0c7202a,2687c59d-e496-4f47-a66e-3cc2d8cfdb79,702c5cb0-a610-4240-9bed-879c69cdb9e7
d7fb46fb-a07d-4f74-b8ef-4e43dc12ba48,2f081656-29ec-47b7-b281-0e533955fd20,702c5cb0-a610-4240-9bed-879c69cdb9e7
8c07042a-68dc-479a-89ae-4ea611be40ec,ac7b681f-0d69-43d2-bb40-036beb1b1aaa,821f14d9-7bc0-4e9b-94af-b8fcb6e5280a
87a48a9d-058c-4e08-8e49-5b707fbba12e,b2e6d8de-1f64-4735-85f7-2a029dc0d705,821f14d9-7bc0-4e9b-94af-b8fcb6e5280a
6e9a9036-ad6e-4d03-911c-0fd99d053484,2e26a018-b233-4791-968a-d88beef5a416,702c5cb0-a610-4240-9bed-879c69cdb9e7
8e7ce8ae-f99b-4e7a-a567-24cf3d5f1558,474e2ca7-d374-49fb-bb41-04c6faf012fe,702c5cb0-a610-4240-9bed-879c69cdb9e7
ec97b441-29d6-4d1f-ba7f-ca753c0a50db,6d451120-53bd-4f92-aa49-13d9bf6c9284,702c5cb0-a610-4240-9bed-879c69cdb9e7
7b05c334-fce0-4af5-9761-37dbfd6cb8d7,21e130e0-4fc9-4eb6-965b-00e275ae25b1,702c5cb0-a610-4240-9bed-879c69cdb9e7
58788774-b2ba-4c62-8cf1-56a947edf27e,76ba4610-cfb4-4731-8190-f8b280c75aca,702c5cb0-a610-4240-9bed-879c69cdb9e7
05b203de-c7cf-4b3d-a476-44b83bc81886,9675a083-e802-453f-8ed1-6999cbfc93bc,702c5cb0-a610-4240-9bed-879c69cdb9e7
dacf216d-1063-42a6-93da-ef6c784c56aa,ac1b7ade-6169-459c-9f95-3f6b60406459,702c5cb0-a610-4240-9bed-879c69cdb9e7
1cab427f-e86d-4811-9299-8ae428433f39,af1b87aa-cf51-44d3-ba08-54a88669c580,821f14d9-7bc0-4e9b-94af-b8fcb6e5280a
99139467-f298-40e8-b0b5-bf7332369445,eccedc96-c23c-4a62-b722-fb5393034619,702c5cb0-a610-4240-9bed-879c69cdb9e7
2e1e4451-0861-4efe-b3b2-ccdfa1ab17cc,78e36c58-e03d-4a68-9234-1e2ffad14cf3,702c5cb0-a610-4240-9bed-879c69cdb9e7
282e466f-1d6e-4e52-80ea-019130f45088,c8a5eee3-0588-4fcf-9b7f-1cb2ec2b49ce,702c5cb0-a610-4240-9bed-879c69cdb9e7
d292b19d-d5a4-4ba6-b965-d2a891d3f97f,a1f605c8-6a76-43b5-8d50-7dc38be9ae4e,821f14d9-7bc0-4e9b-94af-b8fcb6e5280a
afc4d1bd-19a4-405a-9da6-cff732c2beb1,70c2bbea-9126-43cf-aa09-88ba913fc48a,702c5cb0-a610-4240-9bed-879c69cdb9e7
b6870195-a678-4673-86a1-bc81b0ccb6b6,6d92e17b-3203-4456-8de5-6de5f2ee5abe,702c5cb0-a610-4240-9bed-879c69cdb9e7
7f3847b7-5526-401b-b147-691c87142774,0f877683-895e-495f-bd0f-fdffd171d659,821f14d9-7bc0-4e9b-94af-b8fcb6e5280a
d38c5268-a9aa-4e30-a2c0-f168b36c11cc,521d09b6-f8d4-4606-905a-097b1b87a2a6,702c5cb0-a610-4240-9bed-879c69cdb9e7
88e2ac34-1944-4e7b-af7d-2d5524d40129,25ff2976-c43b-40e4-8410-537154475b25,702c5cb0-a610-4240-9bed-879c69cdb9e7
12d8bd78-4f27-4d0e-a3f2-9bc3a27c5e29,d28c7640-4a79-4d62-b4d1-ec3c7c2604c7,702c5cb0-a610-4240-9bed-879c69cdb9e7
052eaf37-941b-46a6-aefb-615d6c25bf50,251efbdb-e9b8-483b-ab97-196805d4c418,821f14d9-7bc0-4e9b-94af-b8fcb6e5280a
48c6630e-e6c8-4955-a5cd-2554eaa43bdf,6cf9c527-6c28-435b-8102-f60f50f0c386,702c5cb0-a610-4240-9bed-879c69cdb9e7
181b1323-225d-44e1-81c6-04542736fb46,3bcdea33-b5ef-4756-848b-885645231e7d,702c5cb0-a610-4240-9bed-879c69cdb9e7
8bf6333c-e8de-4494-8608-e54246ccf3a1,bb508c8d-7f3c-4711-899e-d5e462329191,821f14d9-7bc0-4e9b-94af-b8fcb6e5280a
b82cca10-af02-4882-a0fd-1db7b3461fa2,4a7efede-fc7c-4445-b821-5992627b17f8,821f14d9-7bc0-4e9b-94af-b8fcb6e5280a
63c55616-ae64-49e9-ac0d-a0ea817c02ad,47b10de6-565c-4397-8e4a-7358fd2f1337,702c5cb0-a610-4240-9bed-879c69cdb9e7
88380781-bdca-427e-a80a-8a3910b5f385,9390560c-8bd0-479a-a309-b473a14225cc,821f14d9-7bc0-4e9b-94af-b8fcb6e5280a
cf838c04-e71f-456a-b2ca-157f04c61751,4bb22a5c-a148-46c5-8bd2-00a3f48db875,821f14d9-7bc0-4e9b-94af-b8fcb6e5280a
e3c20afc-7526-4e4c-a469-d0c84abcb156,c096b526-1cc4-4341-8852-5b9d1001250b,821f14d9-7bc0-4e9b-94af-b8fcb6e5280a
7339788c-e442-4a2d-94d4-da63a8cf8660,ee8b81ae-3ae6-499d-94c8-7b23dd40d300,821f14d9-7bc0-4e9b-94af-b8fcb6e5280a
693868eb-8924-4def-97b8-85db04b374ad,f8d4e93c-aace-491a-a5ef-ba9c93be73dd,702c5cb0-a610-4240-9bed-879c69cdb9e7
db90aaa0-852f-4da0-88c9-1ce4c87666ab,0260508d-2a97-4007-8aeb-1e75e484df0f,821f14d9-7bc0-4e9b-94af-b8fcb6e5280a
992043ff-077b-414e-8519-155feb594f01,c2d14f4c-8dce-4308-88e5-bbb6c854b7ce,821f14d9-7bc0-4e9b-94af-b8fcb6e5280a
7c7680d6-bfc6-467d-85ac-0fb2fd819832,e1cf3cb5-734d-4750-a01c-09b8cefeaa9d,702c5cb0-a610-4240-9bed-879c69cdb9e7
5b2a9f83-5917-4415-a281-d561ede2b71c,9f56063b-05ef-4e5a-b1dc-e3fcaddf842b,821f14d9-7bc0-4e9b-94af-b8fcb6e5280a
99a79b09-7645-4219-a26f-6517e133d0b0,c0f474e6-82a3-437b-a7fc-7c9d6fe3a0d3,702c5cb0-a610-4240-9bed-879c69cdb9e7
19abaa62-6adb-466d-984c-8fbf5c45d99f,50468fb6-39ba-4a56-a6e3-9b7a1dcdad15,702c5cb0-a610-4240-9bed-879c69cdb9e7
49be379a-f661-44b1-a7bd-2da16b57af5b,f49aaa0c-2218-4959-aa8d-af933b9510da,702c5cb0-a610-4240-9bed-879c69cdb9e7
c4d4bd0c-07a0-4f51-81ba-aadcc34349c4,98281dff-6c3e-48b8-952b-7dd8e488e9ed,702c5cb0-a610-4240-9bed-879c69cdb9e7
ffde816d-dda9-4d75-a3d3-cf9f54fd27b3,ad3e79eb-471a-44d8-8757-c62f096668f5,702c5cb0-a610-4240-9bed-879c69cdb9e7
1500aabf-581e-4f0b-b467-fd784baaed9d,cd642b22-5d13-4b95-98f8-4f72d9c2c5ef,821f14d9-7bc0-4e9b-94af-b8fcb6e5280a
5fca3b98-c026-486c-a0c7-be6a7d14b2bd,d0da0b1f-3df8-47f8-ba04-8328211a12d0,702c5cb0-a610-4240-9bed-879c69cdb9e7
c322f4f3-c1c9-494e-94e4-cd5a1a72c2f9,ab0944dd-b587-41dc-9dad-2edbd3294b17,702c5cb0-a610-4240-9bed-879c69cdb9e7
314a5474-b309-4bf3-a33e-14cdbb93a72f,42ecf8ab-efa6-48d7-8408-1fee6553e29a,702c5cb0-a610-4240-9bed-879c69cdb9e7
8051ed43-f253-41eb-a472-4e06474618dd,5a95dd03-aedc-49e8-979b-dadf3da8da74,702c5cb0-a610-4240-9bed-879c69cdb9e7
d642719f-684a-417e-bbfd-4c23aa5d57d6,bae43b29-f5de-4117-a1ce-16dde47a7177,702c5cb0-a610-4240-9bed-879c69cdb9e7
73989c28-ef51-4085-b5f0-f688cf01be91,c3c13183-20e7-4bb9-821b-94c84da27a33,702c5cb0-a610-4240-9bed-879c69cdb9e7
87417cc2-b55c-49af-ac8c-dabaac919b07,9ac86573-70f9-47f4-908d-58be6ce8441b,702c5cb0-a610-4240-9bed-879c69cdb9e7
4a484cd8-96c1-4b53-bd31-718af10af83e,f0dda666-1986-429d-8fce-6fb262d816df,702c5cb0-a610-4240-9bed-879c69cdb9e7
c87680d3-0919-4b52-978d-47fcf47862b4,8b8b425e-e418-4e98-bda2-8a75a4860a44,702c5cb0-a610-4240-9bed-879c69cdb9e7
6f11df3c-bfc8-4f7d-b51d-af2604255ddc,c3f10574-d0d4-4bd6-b22b-a42a721ac919,702c5cb0-a610-4240-9bed-879c69cdb9e7
8616249f-198c-4b9c-8e23-def765afd9ec,1c0f1a27-4642-4c0b-a715-04fe56572710,702c5cb0-a610-4240-9bed-879c69cdb9e7
d63fcf83-91cf-42a9-a047-025a45a509f5,f77caa90-24bf-4dc8-acc1-108157682128,702c5cb0-a610-4240-9bed-879c69cdb9e7
623712c3-bd4f-4763-af99-313978e20f05,5a77870e-05a3-48d0-b33b-0cfcbf276c84,702c5cb0-a610-4240-9bed-879c69cdb9e7
c7f443d6-5cd2-41c6-a658-2d66cd477a92,c5989b43-2fe6-4c02-9803-a404c4e989c5,702c5cb0-a610-4240-9bed-879c69cdb9e7
3de4391e-56dc-45b8-8478-98cffd7eb471,941d35a5-fbb9-43ca-9424-78ab3f36aa4e,702c5cb0-a610-4240-9bed-879c69cdb9e7
1b5bf17b-66b7-4b30-81d4-15f1341cb48b,0cd32b8f-ef0c-43f0-a21a-2295d4fdfe55,702c5cb0-a610-4240-9bed-879c69cdb9e7
5fd6cb6b-ce1a-4531-b628-9aab964a52df,8fb8b69c-a939-4d92-aa5c-6d2e965beb40,821f14d9-7bc0-4e9b-94af-b8fcb6e5280a
8ec7a63a-bbee-4da8-b538-ec1e13b243fd,fcf6c822-7d62-4afd-93e6-043aea9e5f03,4934dc25-aa95-4f0b-80f6-da9704d700d3
d30acc0b-2f03-4f3b-b94b-89f9cb5ace4c,6355c949-8a89-41e7-8fed-40ec5be8214b,821f14d9-7bc0-4e9b-94af-b8fcb6e5280a
dd82d501-0e54-4a49-8a91-bdd48a0f3135,1e17e814-e5e6-4dd3-8b18-92a7ce434117,702c5cb0-a610-4240-9bed-879c69cdb9e7
6ab95de3-8df3-4b44-a663-305a234a4335,68c6e7ef-4a0f-46e6-a1e4-b5eb4fe749cb,4ef94708-9c27-402e-9600-3eb5525b0ca9
50c8f8ab-e396-4c1c-882b-be35d36b0e02,f85c9cdf-3ea9-49cd-a002-d650d406b15f,702c5cb0-a610-4240-9bed-879c69cdb9e7
2c8b15e6-c5f1-4fbc-aceb-34ab5936db86,e19fbb2e-a057-4b8c-989f-86a891dd1f18,702c5cb0-a610-4240-9bed-879c69cdb9e7
5d068276-8bb5-492d-9854-59d66564be16,4a785cfe-a615-4a5c-b52a-da4968160f7b,702c5cb0-a610-4240-9bed-879c69cdb9e7
9f47a54a-afd4-44b0-92b5-a1833bdb24ac,1b8eb229-6a6d-4475-aa9c-e2e28c35a730,702c5cb0-a610-4240-9bed-879c69cdb9e7
a93a2472-9863-4504-b856-2edb07d738b5,f767030c-abb2-44cb-a8ef-3e8f77375f9b,702c5cb0-a610-4240-9bed-879c69cdb9e7
298a2398-9a2a-4d70-a9d0-9bacd0271af6,8770a080-1391-488e-a186-1303ac8d16e7,702c5cb0-a610-4240-9bed-879c69cdb9e7
8f6df5b9-6577-43e8-a53b-f932bfea6291,56a9d582-0de6-4f85-a939-463e4f5304ab,702c5cb0-a610-4240-9bed-879c69cdb9e7
32f48d02-d471-41a1-83ca-137b4c3f3118,bfa6cdad-4e27-4531-a724-b65f15816b10,821f14d9-7bc0-4e9b-94af-b8fcb6e5280a
bd41ce28-300c-4d97-8771-ab58fec5698c,2ea37261-449e-4ac3-8c05-fa93fd5aaa34,702c5cb0-a610-4240-9bed-879c69cdb9e7
13104c5b-f154-49eb-98ff-f09a4ab73e22,cfe412d5-65be-4393-b536-f843e184c850,821f14d9-7bc0-4e9b-94af-b8fcb6e5280a
9d5d0309-6f05-49b0-a603-eb275d8958da,4a8cca2a-10cb-45a5-bd93-8d9f64155d22,821f14d9-7bc0-4e9b-94af-b8fcb6e5280a
34d8b41e-689c-4003-b070-434b6605ada5,85bb4162-6ddb-4817-a102-1fdd3877755e,702c5cb0-a610-4240-9bed-879c69cdb9e7
625e5fe0-bcf8-40e1-8844-fe5ca45dfe4b,8ffdeb5f-4c2d-4cd8-800f-deb130b865cd,821f14d9-7bc0-4e9b-94af-b8fcb6e5280a
20f00483-96d2-48dd-9754-e63a86a5a3ed,f18e5707-f6a7-421f-a3f1-74db8252d136,702c5cb0-a610-4240-9bed-879c69cdb9e7
4f00307e-7e72-4b00-92df-87e365702695,2cba146c-577a-4804-8d7f-f2bb30c709b5,702c5cb0-a610-4240-9bed-879c69cdb9e7
b4ff17ad-bcd7-4bf6-aacf-be1ad0dad518,4691be88-752b-4dfc-9ab4-5bd5a4b77010,702c5cb0-a610-4240-9bed-879c69cdb9e7
32dc7691-0a21-46ea-9d21-65d93ae5f04b,2d24e0c3-e691-4826-8a56-fac8c5bc8871,702c5cb0-a610-4240-9bed-879c69cdb9e7
8cbe4fe8-d780-4254-8bed-5d4355f42fb8,d5a0b572-175c-4aae-992d-e95b8e914bbe,702c5cb0-a610-4240-9bed-879c69cdb9e7
dfe94f98-9810-47a7-8ad1-611caa1aa3bf,86400ae6-875d-4ac2-8746-43f0f1d130cb,702c5cb0-a610-4240-9bed-879c69cdb9e7
383e5fe8-77ac-4991-9aee-d9029fc1825c,d42a6818-e61e-4230-b126-44f076855c20,702c5cb0-a610-4240-9bed-879c69cdb9e7
c0fd29d6-8d53-4aba-a065-d53d744cab29,03152451-be6c-4977-8957-573fb3c7b16e,702c5cb0-a610-4240-9bed-879c69cdb9e7
d41e76a4-411e-4cf9-bc74-99bd9204199b,e9155e64-416d-420f-acd9-0724abfd2780,702c5cb0-a610-4240-9bed-879c69cdb9e7
3728fec4-50c8-446e-bf88-c733539ddfe1,e6e65895-fd68-4834-9a69-bfe6dac3487f,702c5cb0-a610-4240-9bed-879c69cdb9e7
d67321b2-9c9b-4bed-be17-7fa2f761e83a,cb22175d-4da0-4760-9b4d-823abe5b41b3,702c5cb0-a610-4240-9bed-879c69cdb9e7
83c161dd-b259-492b-8d48-a6af7da7c145,d1925b92-2316-48c0-a70a-3041e488d7ba,702c5cb0-a610-4240-9bed-879c69cdb9e7
4e7e9f3e-0994-4671-8e15-562e15c3136c,2a338faa-9cda-4ed5-92a0-1feb7a5bbff3,821f14d9-7bc0-4e9b-94af-b8fcb6e5280a
d32cf701-c1bc-46e5-ad6a-0fd7362484a2,25e35f42-d598-46af-9259-99452694e1ae,702c5cb0-a610-4240-9bed-879c69cdb9e7
57920488-356d-4581-99dc-d29ec7cdcf0c,dd1e0ea6-fb64-4e44-86e1-b011dd148562,702c5cb0-a610-4240-9bed-879c69cdb9e7
1b091b4a-a752-49ae-adc0-ffe66e25a076,e0d7413b-5a82-42a5-85e5-19a528d77cb9,702c5cb0-a610-4240-9bed-879c69cdb9e7
862826d2-b8a3-4214-8263-4739e881d9e4,309e6d0c-eaad-4944-a2ff-5c4094d1a3c5,821f14d9-7bc0-4e9b-94af-b8fcb6e5280a
1a8d723a-7c37-43f2-ace7-42b194f82a92,fac9c3f3-321b-4169-b045-6f7eeabac05a,821f14d9-7bc0-4e9b-94af-b8fcb6e5280a
cd36122b-cceb-4221-aa08-40ac3e6228a5,1ec3aed8-625f-428e-b684-7fabf850cd26,702c5cb0-a610-4240-9bed-879c69cdb9e7
a678e839-7eda-422d-bf9d-53caa1d98a16,e5a26f15-d441-4612-add8-002f9a406fdb,821f14d9-7bc0-4e9b-94af-b8fcb6e5280a
3bd9f52c-9b63-4120-9f4b-fd7bb579faba,8cbc9b59-a18f-4e87-b577-35906cb4794a,702c5cb0-a610-4240-9bed-879c69cdb9e7
5e31a013-a705-4cb2-a9e7-be2b93fcb8f4,b6ee967a-09b4-4764-9db3-dcd49f9a8e2a,702c5cb0-a610-4240-9bed-879c69cdb9e7
758f017a-44f3-4cf8-b314-0c1427be0ce8,12f5428b-21eb-4f11-b6d9-5c366d470355,702c5cb0-a610-4240-9bed-879c69cdb9e7
33fc2412-8535-4489-93f9-a94f69fffc03,ed673689-c129-45c3-9174-016b5899475f,702c5cb0-a610-4240-9bed-879c69cdb9e7
a2bbc17d-80f4-447b-8ce1-b8157aad10eb,b9b01901-00a6-49e2-8044-57be3c4f8935,702c5cb0-a610-4240-9bed-879c69cdb9e7
5094f488-7f72-45fa-a02a-800c1d7c4c3d,8ba02aa7-ae64-4713-9e2b-44e4e5bab611,821f14d9-7bc0-4e9b-94af-b8fcb6e5280a
6f5974ec-89e8-4a89-9749-8e71c15b608b,5756be7e-edda-4fd2-b756-9a3eb520aa0e,702c5cb0-a610-4240-9bed-879c69cdb9e7
fb77a3a0-7a8c-4978-9769-fec96ef95c8f,15dc1573-3f22-4a47-8165-d1b7f6ba64ac,702c5cb0-a610-4240-9bed-879c69cdb9e7
4095f09d-09b5-408f-95af-fb1a47419901,123f36a9-2481-46e0-94be-76340ef85998,702c5cb0-a610-4240-9bed-879c69cdb9e7
c791fac3-5a6b-4689-9c96-688e2f73b415,8c0525e7-8587-4579-97f8-d7d2b5af1d3a,702c5cb0-a610-4240-9bed-879c69cdb9e7
fb14a03d-e005-4f1d-a24d-8e303cccf0ee,92ad35cb-edd1-47cb-bca4-f1c693958777,702c5cb0-a610-4240-9bed-879c69cdb9e7
79c4a71d-27d9-47c4-b351-ee086f5f20dc,8e58802d-4a46-487b-9c75-a391e58d9a48,821f14d9-7bc0-4e9b-94af-b8fcb6e5280a
46d0c4e2-81a2-4ee9-8b75-4a4dcff4c5c9,20b1ea42-20c8-47f9-8b7b-7c7f937f0cd2,821f14d9-7bc0-4e9b-94af-b8fcb6e5280a
b96ca590-c0bf-4883-a617-7ddfa831f03c,f5d64e73-f138-40aa-828b-4fabfb8ee9ec,702c5cb0-a610-4240-9bed-879c69cdb9e7
6269d9ba-5ac5-48ca-80f4-a54f3fd70570,12aee9b0-ed35-499b-8913-f166310dc700,702c5cb0-a610-4240-9bed-879c69cdb9e7
9859dc0c-6d5d-476a-ab65-f27ef0974696,d92915d8-8c8a-4ace-a701-5dfc189b03ce,702c5cb0-a610-4240-9bed-879c69cdb9e7
66c20f90-f21d-4ea7-b3f2-783273a93ffd,4f6c8529-1b85-4635-91e2-46797395595a,702c5cb0-a610-4240-9bed-879c69cdb9e7
1210b001-1b84-4b07-a290-df8910998cb1,b97f7b92-07a6-4db0-92da-0cd431ceda8e,702c5cb0-a610-4240-9bed-879c69cdb9e7
01b2bcbb-0ce2-4d48-a915-ad3fb7ba7d19,7e02e7ba-9305-497b-b391-c3e97791f904,821f14d9-7bc0-4e9b-94af-b8fcb6e5280a
5f137583-2e68-4cbc-8bfa-d894c900159d,aa254bd4-cfac-4df7-822e-d66387c26243,702c5cb0-a610-4240-9bed-879c69cdb9e7
af2294d2-c507-42ca-9ba0-003a4d307263,e2d5259a-5e9a-4282-bf21-707d9e3132a7,702c5cb0-a610-4240-9bed-879c69cdb9e7
db9ddacd-ca82-4824-b2f3-bd9e9e3c8098,eece0223-f42d-4623-9840-4ee464b833e9,821f14d9-7bc0-4e9b-94af-b8fcb6e5280a
ab9e6200-8bba-44b6-96d9-efd0e134b5da,7bddab62-77b6-4bfe-90fb-a2e3b15046b7,702c5cb0-a610-4240-9bed-879c69cdb9e7
5499e189-2074-4d09-8787-49ce119f19bc,5c1051ec-499c-4a6d-8be9-34e8f46dcfe1,821f14d9-7bc0-4e9b-94af-b8fcb6e5280a
39da49c3-c97c-44ab-bd9f-ac433ab6c69e,20cadfb1-b940-43c7-abcf-4e4b3bb92d0f,702c5cb0-a610-4240-9bed-879c69cdb9e7
e95bd4d6-23ff-46e6-818d-22879d71852a,ee39f40d-6f61-46c9-b4a7-5cf9765e0bf1,702c5cb0-a610-4240-9bed-879c69cdb9e7
9c9e9225-14c7-475c-abde-a5d885349301,618c171c-2acb-416d-a630-6e7631877bf2,702c5cb0-a610-4240-9bed-879c69cdb9e7
8652dd5e-a455-4141-a85c-775bca8da5e8,92d91ba2-a57a-44f1-9f17-b5b9be30a88d,702c5cb0-a610-4240-9bed-879c69cdb9e7
e5f0f251-08c8-4985-b119-012e24d6f8c5,b30bf712-5e50-40dc-b224-ea5ece823930,702c5cb0-a610-4240-9bed-879c69cdb9e7
b591380c-ed7b-4ffd-b5ce-aeb1e0bb7bcf,4fb0e539-c923-43d7-add8-18e814c301d9,821f14d9-7bc0-4e9b-94af-b8fcb6e5280a
cc70ad55-4059-42ef-9f03-60bfda3288c0,68ff0220-603b-4468-9427-4288f22947e9,702c5cb0-a610-4240-9bed-879c69cdb9e7
7d75f715-6098-4289-91dd-bfb0bf5aee2e,a4de77d1-1d5c-4233-ac6e-0036a370737c,702c5cb0-a610-4240-9bed-879c69cdb9e7
7b89fd7f-72e0-4627-98c5-4f9c8945b49c,4d16c2b8-2a52-4b9b-8a46-8642ce0d225a,702c5cb0-a610-4240-9bed-879c69cdb9e7
095a418d-240b-4d32-978b-2d2d273b85f4,bbf538a4-4e88-4dd1-af3a-1c2e54e910aa,702c5cb0-a610-4240-9bed-879c69cdb9e7
4a14c348-3d41-4f3f-9e3d-0f766255ec05,1bbf8da1-c901-49ce-a1b1-45acb7f73f35,702c5cb0-a610-4240-9bed-879c69cdb9e7
2db3e572-738c-40d5-8bf1-37f45d98dca5,22408c89-8a4c-4513-8be7-b7bdc77a0f00,821f14d9-7bc0-4e9b-94af-b8fcb6e5280a
9c2ef396-9a10-45b0-8703-998613695e9e,5b505382-d346-4bfa-bcc5-17820fa39c5b,702c5cb0-a610-4240-9bed-879c69cdb9e7
d654a13c-da22-4a70-95c6-6b6716855270,683767ec-8d63-4f94-a83e-fdfa0858e85d,821f14d9-7bc0-4e9b-94af-b8fcb6e5280a
fadad303-c3b5-4ca9-9a35-5d8607168afe,da413394-7326-440a-97ab-a5fd9ae99236,821f14d9-7bc0-4e9b-94af-b8fcb6e5280a
2cdfb696-4806-4d9c-a3e0-4d8dc6a82c8b,209cee19-dbd6-4e87-aa64-80141ba58fb0,702c5cb0-a610-4240-9bed-879c69cdb9e7
65e57f54-4fdc-444f-b9e1-dc1fe1831a9f,dfb55dac-92a8-4634-aec1-4f4b9edaf3c2,821f14d9-7bc0-4e9b-94af-b8fcb6e5280a
1c0a56a6-e9f2-44f4-98cc-a3a37f9f93e9,6d7694d6-55a4-42f0-be31-ac37dee8c98e,702c5cb0-a610-4240-9bed-879c69cdb9e7
853a9e96-50f3-4647-be16-3dac54fff278,7d59bb1c-f9f8-46bb-a1b2-dc397d34c7de,702c5cb0-a610-4240-9bed-879c69cdb9e7
3a69beb4-63ce-43d3-9893-4b2baf1e234f,61f512d0-885d-4a9b-aef6-7377cca5be40,702c5cb0-a610-4240-9bed-879c69cdb9e7
ee7d1b9d-90c2-481d-8413-f454ecb3630b,54033393-a597-4737-acd7-92c17f7f3d88,821f14d9-7bc0-4e9b-94af-b8fcb6e5280a
e0e8a523-776f-4988-af47-a6050072d7a9,9a15eb77-610a-4522-88ff-7cfd4abb22a2,4934dc25-aa95-4f0b-80f6-da9704d700d3
50028ceb-0094-4e23-8d26-4f33b5dd027c,cbe50e80-9633-4eb6-9a0e-ab13051fbef0,821f14d9-7bc0-4e9b-94af-b8fcb6e5280a
e78c9bcb-9412-400a-ad88-9a391be57f34,f9efb55d-b8ec-4ddb-8642-28108a62a5a6,702c5cb0-a610-4240-9bed-879c69cdb9e7
54e26626-4b7f-4ada-a9f1-d2ccb9f61dbc,b3f50470-c3bc-498b-9826-6a3a583228ab,702c5cb0-a610-4240-9bed-879c69cdb9e7
76941423-e4c5-47be-9f91-542b36357b2c,e4431e69-4cab-4819-b2b1-8c2c99a3df7e,702c5cb0-a610-4240-9bed-879c69cdb9e7
45dcb427-fd98-4923-8b5b-dd936867949f,19652dd2-b419-4867-a9a9-4e2a167bee1e,702c5cb0-a610-4240-9bed-879c69cdb9e7
3039a567-564f-4276-862d-528ad71d6f35,4298706a-744f-4aef-ba63-78ad48f95d96,821f14d9-7bc0-4e9b-94af-b8fcb6e5280a
6c448e76-0b9f-4640-abbf-179930859031,67b177be-c51d-4240-8ca6-54f70809a60d,702c5cb0-a610-4240-9bed-879c69cdb9e7
0e7baa95-a7f6-48a2-b18f-2b162cbe51c1,33c3f257-e351-42b1-8441-4ea7586eb086,702c5cb0-a610-4240-9bed-879c69cdb9e7
35f65260-a7c7-49a9-85f5-ce932fe5889c,2a029f5d-24f2-48d7-88a9-6fda7886f918,821f14d9-7bc0-4e9b-94af-b8fcb6e5280a
77bc5b3c-4b19-47e0-9b8b-fe6bea2310a7,cc8bddda-9720-4e8d-90e6-eacc7f9ce471,702c5cb0-a610-4240-9bed-879c69cdb9e7
a01f01cd-9cf3-4ad6-bc34-a1080148de30,8ea0e85b-f07b-47af-84df-ae8e70861d75,702c5cb0-a610-4240-9bed-879c69cdb9e7
ff2b4548-50e9-4776-aa77-c914df1ff42a,1eae6d67-90ed-48f0-b208-52463a0f7909,702c5cb0-a610-4240-9bed-879c69cdb9e7
c5e8d6d6-819e-43dd-9d68-ab1988934037,f1ab4a1a-4d44-4119-96fb-fdcfb95e8891,702c5cb0-a610-4240-9bed-879c69cdb9e7
72bf0810-055f-4313-b5ad-f114c662fa5a,2c81d544-fd08-4a56-b209-deffb0df21d3,702c5cb0-a610-4240-9bed-879c69cdb9e7
ac200adb-b208-4fd4-bccf-6fc73e1b303d,5d8f2746-83c7-436c-a9ee-b6080340a130,702c5cb0-a610-4240-9bed-879c69cdb9e7
11f1eb78-e96d-47aa-af85-038be1df2f04,4b580d36-f08e-47d2-a8fc-ddea999cd637,702c5cb0-a610-4240-9bed-879c69cdb9e7
5e6b2fec-5945-4a40-ab90-3d5392c4b135,da9d1758-52a9-46f3-9486-2a45a4628413,702c5cb0-a610-4240-9bed-879c69cdb9e7
86d20583-9e70-4705-ba38-b1750cf32169,497f4846-6120-4b0d-9468-12a074edbb2b,702c5cb0-a610-4240-9bed-879c69cdb9e7
fa419d8f-5fac-4be1-b98f-5524d9221521,d3d9e583-cf1e-46a4-be96-37047edefac9,702c5cb0-a610-4240-9bed-879c69cdb9e7
40659162-5711-415e-8127-c59c403a10bc,fbe4c75d-9737-4ccc-9576-dbffa66ce102,702c5cb0-a610-4240-9bed-879c69cdb9e7
6db37910-aa1d-44d7-afee-abf90bb01381,2ba54dd2-6bfe-4485-811d-c6663b1ae22e,702c5cb0-a610-4240-9bed-879c69cdb9e7
56d7e15c-fb92-4f29-8103-caf0ea49f4b0,eba452e6-ee5b-4c0f-8971-7d50da687743,702c5cb0-a610-4240-9bed-879c69cdb9e7
de588ae1-b2ff-48bb-b625-1bb0f2cdf70d,d3eae0a3-46b3-40cb-b807-8e22b86fa398,702c5cb0-a610-4240-9bed-879c69cdb9e7
6908513d-2de3-493d-ab6d-227ff5721fea,1c8d8b79-f1b8-45e5-8707-2b87a386e428,702c5cb0-a610-4240-9bed-879c69cdb9e7
baddaf13-b9c8-4eb9-951e-2065cdb1e441,6b7b53f3-5230-4695-9677-4db9ec58382b,702c5cb0-a610-4240-9bed-879c69cdb9e7
b8175e34-d79e-4ffa-93ce-d348042fb77e,a524c68e-d1d1-46e8-a46a-aae0f056db45,702c5cb0-a610-4240-9bed-879c69cdb9e7
e872e51e-84b7-4597-b800-710482ac29e4,ae3b4296-e86c-45c2-9918-241fa7b2a246,821f14d9-7bc0-4e9b-94af-b8fcb6e5280a
df26652b-3e58-490d-a214-9492ea8c762e,3d6aae3e-d0fd-4628-84a6-5321778dfa33,702c5cb0-a610-4240-9bed-879c69cdb9e7
17c64fa9-3304-45f1-bbce-da37db67ba2c,f4a56491-9208-4260-8b25-cd1bbc0c3e97,821f14d9-7bc0-4e9b-94af-b8fcb6e5280a
0d4ec2b1-5df2-4fee-90a2-42ab680f44b4,3a30aafb-86c7-4304-b3c7-82171853c679,821f14d9-7bc0-4e9b-94af-b8fcb6e5280a
a3dfdbdd-6805-4437-96a6-9a7b8f7912eb,bb5085eb-a52b-4b4c-8e8a-160c5110a52f,821f14d9-7bc0-4e9b-94af-b8fcb6e5280a
d9c574d5-e6f9-4314-b579-71c5e6a5e039,86378449-15c6-424d-b0d1-9be35e3c8c67,702c5cb0-a610-4240-9bed-879c69cdb9e7
0bbbe82f-0b96-4ee4-857c-2e385a1862b1,10782c0f-984d-4a99-a195-297746e50f2b,4ef94708-9c27-402e-9600-3eb5525b0ca9
a41c097c-7ecf-4ec1-9d76-021fa7b82a6d,30fc8fca-35de-4c63-9153-fa44bb7fc3ae,702c5cb0-a610-4240-9bed-879c69cdb9e7
b319d99b-216b-4885-85f1-0bec1492f508,19c95bdf-7cb3-4308-a3c0-6f6dec2ba0f0,702c5cb0-a610-4240-9bed-879c69cdb9e7
60612ff6-2289-4c6d-bddd-f58648bfcfcf,c57d95be-5af8-439d-8a4b-01943f83b684,702c5cb0-a610-4240-9bed-879c69cdb9e7
235b4e74-7123-4b78-8074-ed1a8c981e31,827e8895-3be7-428b-b719-9caaff9a6b73,702c5cb0-a610-4240-9bed-879c69cdb9e7
4f983f27-f526-4adc-9584-da5a3af926fc,52755def-539c-4c18-aab5-d5f47b29c0f6,702c5cb0-a610-4240-9bed-879c69cdb9e7
d1a50841-e50d-4eed-b375-1699fa2e12e6,c821cebd-921c-4098-ae31-464041845f6f,821f14d9-7bc0-4e9b-94af-b8fcb6e5280a
ed8e1b80-b3b6-49ab-91db-d38b768c7d9d,cf10b023-3c03-4feb-be79-097b8a15f8b1,702c5cb0-a610-4240-9bed-879c69cdb9e7
44d78041-1dc1-4991-aeb5-45defad9e520,2763c6d7-b60b-48ae-ac8e-1aa9a5c9c47b,702c5cb0-a610-4240-9bed-879c69cdb9e7
93fe1411-2c28-4b73-bce3-d2b722328021,12231d80-1ff5-4a9a-a486-4a30c58a2c25,702c5cb0-a610-4240-9bed-879c69cdb9e7
046075c1-7082-4987-b0f6-3a5dff6fdb3d,116584ff-6590-46cf-98ca-2deaa8d143f6,702c5cb0-a610-4240-9bed-879c69cdb9e7
6c1fcb06-ffb7-4a55-ab2f-c5c45c59e53c,041770f9-e03a-4355-8ccd-a4a07ee200d2,702c5cb0-a610-4240-9bed-879c69cdb9e7
698020a6-c264-4359-8bce-d890272bbf9b,65501379-6c83-4e24-a6f1-37a2f26c82e3,702c5cb0-a610-4240-9bed-879c69cdb9e7
020e6d04-dab6-4669-82a9-b978a66343ba,2fd09d19-e8ac-4c06-b63d-63a4846ebefd,821f14d9-7bc0-4e9b-94af-b8fcb6e5280a
dea96d17-d369-4e70-80e7-b2c627c742ec,b87dc89b-90d5-4160-8776-d6d1d07fb562,821f14d9-7bc0-4e9b-94af-b8fcb6e5280a
0b6a2f3e-0520-4438-88bb-48c72102dbd8,350f6732-2ae4-4bd5-87c0-a5f9b40920f5,821f14d9-7bc0-4e9b-94af-b8fcb6e5280a
9a3c814f-7b98-44f3-b278-3f9961bf5c33,0f97d71a-258b-45b7-b0ae-5b65f2f968c4,702c5cb0-a610-4240-9bed-879c69cdb9e7
f0ace39f-e53b-4aef-a9af-33d4260871ed,1849b9ab-62a1-4e45-ae40-0c652820a7f7,702c5cb0-a610-4240-9bed-879c69cdb9e7
ca45c932-28a7-4d0d-844f-bd0e52f1751b,37c1ea38-fb14-4bd7-ab68-8d56f548efa7,4934dc25-aa95-4f0b-80f6-da9704d700d3
95bf432b-338a-4753-8f09-b815cee85c67,95de78d8-a1f4-4257-adaa-1ccff870535a,702c5cb0-a610-4240-9bed-879c69cdb9e7
c739a8c6-02ea-4965-a4e6-94cb136521df,045a0eb9-43c7-4afc-a600-acf1b4ea975e,702c5cb0-a610-4240-9bed-879c69cdb9e7
42e03436-c129-47d1-9f64-d1c79cbd63b0,1be5e451-142e-4c2a-ba75-34fc1a2144e4,702c5cb0-a610-4240-9bed-879c69cdb9e7
e54f165b-51b7-4329-b163-1697970ddfb4,af90ce2f-9295-4bef-a608-15c2f8082c69,702c5cb0-a610-4240-9bed-879c69cdb9e7
9327919d-120b-454b-934f-d87fc5b63ef5,b2a5a7d6-1a80-4496-936e-f16f374eada2,821f14d9-7bc0-4e9b-94af-b8fcb6e5280a
ed8e6c3e-d353-41c3-985a-bd9209189b1f,62774fd7-b297-42d3-8b9a-9b0921a29deb,702c5cb0-a610-4240-9bed-879c69cdb9e7
dc2688b5-17de-49f6-8697-4444193227eb,672088be-20b6-4c88-aaa9-acfde4a8cb69,702c5cb0-a610-4240-9bed-879c69cdb9e7
a2417794-0028-4eba-ab42-fd1501964426,572232bd-cea2-4b7c-9f91-378e6687cb2a,702c5cb0-a610-4240-9bed-879c69cdb9e7
b05241c7-a529-4297-9d8e-2c0478d5259c,bc166eca-3d8f-48ac-ab22-877dc4e9e8a0,821f14d9-7bc0-4e9b-94af-b8fcb6e5280a
3b21c9ce-82a0-4144-8e92-ff07d5ee2b92,2dd68800-dd30-4f5c-93bb-2bf7833fcefb,702c5cb0-a610-4240-9bed-879c69cdb9e7
d6d52825-402b-48e2-abcd-4f0b3adda87b,d9dffe4f-d5d9-4ef1-8e44-a096db3731a8,821f14d9-7bc0-4e9b-94af-b8fcb6e5280a
80e57205-dac5-4902-857f-fe8a9fc4c1bc,f165e412-c34e-4095-8c11-fac0e5559097,821f14d9-7bc0-4e9b-94af-b8fcb6e5280a
1083ef8c-1432-46b9-9ff0-45ffec9dde28,b4107c49-d08b-4c34-b724-47caf3b212ca,702c5cb0-a610-4240-9bed-879c69cdb9e7
06f7e19f-b86d-4a38-b60f-b520ad4f7be4,b894e47b-68a6-410e-9392-22486381626b,702c5cb0-a610-4240-9bed-879c69cdb9e7
b339d808-55d4-41b9-a452-aaec16cfb702,f8f8b592-0dcb-4336-95aa-f5370713a763,702c5cb0-a610-4240-9bed-879c69cdb9e7
fe4ac8e6-235b-441c-b478-791014192b17,8f027c7e-0ed3-4b5b-bb42-016226e03771,702c5cb0-a610-4240-9bed-879c69cdb9e7
71faf7db-8a02-4ace-8adc-29d09c2116bc,f08c7a4e-92cc-4d4e-a7bb-b4206ec8470e,702c5cb0-a610-4240-9bed-879c69cdb9e7
311f379f-7f9e-4f80-be13-b6042d230f1b,682923a5-5c24-48c2-b145-085df76e9fcd,821f14d9-7bc0-4e9b-94af-b8fcb6e5280a
6ccb810c-27aa-4824-9808-f124bf531d91,510b2606-f617-4e4a-a232-75295cf13e45,702c5cb0-a610-4240-9bed-879c69cdb9e7
59e816a6-4395-483f-8d62-67e0fc11607d,84c33dd0-2b08-4025-8a0c-48b841662c4b,702c5cb0-a610-4240-9bed-879c69cdb9e7
fce5889f-d496-4155-b5df-71a3fba76231,48a0cca1-9ef0-4d2e-bb0f-e5c1913282e7,702c5cb0-a610-4240-9bed-879c69cdb9e7
98b40365-c02e-46b0-9524-a5c904984356,56cda0ae-5ff0-447b-8614-05ff5b5e8158,702c5cb0-a610-4240-9bed-879c69cdb9e7
9738f310-9b1c-41c1-911d-3e9863899e48,a717136a-cffa-4520-91ed-ee33dc9195c1,702c5cb0-a610-4240-9bed-879c69cdb9e7
c8190779-013a-4577-9aa6-6d49221f83f6,f48e8e91-2fac-4772-9114-6918901fa96f,702c5cb0-a610-4240-9bed-879c69cdb9e7
6e8c348c-ea22-48ef-bf38-78609bf6c2a7,30b260d7-1da8-4d49-9885-08f8deb52021,702c5cb0-a610-4240-9bed-879c69cdb9e7
f41713d3-4d4e-4059-8efc-0838ec9c7c2e,c70cb08f-cadf-445e-b3d9-1fea5d1e0750,702c5cb0-a610-4240-9bed-879c69cdb9e7
6149ce66-85b1-4474-bc65-595b1865583b,3524e794-d0a7-4dd3-8402-78cc97cf2cf4,702c5cb0-a610-4240-9bed-879c69cdb9e7
b5c79bf2-e2a4-40e4-8f06-e9f651e3f2a2,1e19a4d6-ebcf-4634-8b2a-496ff923f792,702c5cb0-a610-4240-9bed-879c69cdb9e7
f62736ec-d494-4a89-85ac-9aabe92ede45,d3529852-052e-4f7e-b82b-cdd1b553b87f,702c5cb0-a610-4240-9bed-879c69cdb9e7
02480c2e-d030-4ce9-b6c8-16b26ff9b4a4,aede2403-769d-402c-8068-77ba4b6232e1,702c5cb0-a610-4240-9bed-879c69cdb9e7
1a5d3aab-3719-4bc0-8f79-a81c0b9d7e01,e4a4daf8-ee2b-44ca-a831-e908f06e152d,821f14d9-7bc0-4e9b-94af-b8fcb6e5280a
54559638-0c8f-4dbf-974c-b2111ecfa4b3,c5877119-8268-4ed0-b337-0083e8e0f2c3,702c5cb0-a610-4240-9bed-879c69cdb9e7
32b6a51f-ab7a-459d-847b-77339ed413c7,1e5e0a73-5403-4882-a23f-51feb731aa62,821f14d9-7bc0-4e9b-94af-b8fcb6e5280a
924c6b19-6a1e-43f1-a184-8dd3c1fbdab9,eb4a62ab-a3b3-4200-84af-c0e105afe83d,702c5cb0-a610-4240-9bed-879c69cdb9e7
67c87389-346c-4ff2-afb5-52293d2bfe69,c4769ce5-6deb-4cfb-a9d7-0b38b09d0a6c,702c5cb0-a610-4240-9bed-879c69cdb9e7
9d3675b3-faad-4d8f-9b05-ae657a7287f3,b5d8cba4-5109-45fa-8960-224e083e1670,702c5cb0-a610-4240-9bed-879c69cdb9e7
5d9d43c0-ddc0-402c-ac1f-7d1fcb1ac8c1,05123eaa-2aa7-4a8f-88b2-bfb9ff679491,702c5cb0-a610-4240-9bed-879c69cdb9e7
7414d98e-8eeb-4c62-96b9-185b997f3f6c,8e730cf3-20e3-4549-ba7d-590ce138da7c,702c5cb0-a610-4240-9bed-879c69cdb9e7
91c6e7ae-ca90-4431-83ea-5224483bb13f,69ed59a7-14fb-4b2a-8724-6131ba43426b,702c5cb0-a610-4240-9bed-879c69cdb9e7
02d9d101-b623-440c-94fd-6ece64aad5cc,7d6b52b8-2e88-4dde-8e2c-58d2eea5d934,702c5cb0-a610-4240-9bed-879c69cdb9e7
0b8995d0-7759-4e7c-9a46-4ea310700d12,2f68b128-ae6f-4046-8307-30f9357f1bb7,702c5cb0-a610-4240-9bed-879c69cdb9e7
0362eda0-ecbb-42b4-ba6f-128a81f0e49e,1378881a-6fb9-481f-a33b-9321522e6cd6,702c5cb0-a610-4240-9bed-879c69cdb9e7
30ed21b0-6129-4f09-861d-399537cc2c4a,b9ca007d-5a85-4b63-9df0-1aa8187426e9,702c5cb0-a610-4240-9bed-879c69cdb9e7
f2162fb3-a568-48fd-aa7e-3a34a3dc709d,132b5ab4-fb13-42ee-a8ee-871db915e27b,821f14d9-7bc0-4e9b-94af-b8fcb6e5280a
e4a3ea09-da70-4249-aee2-826d880ee972,730bf3b4-d6be-49ae-88c5-8716dd8933de,702c5cb0-a610-4240-9bed-879c69cdb9e7
3ef21956-b5d3-4854-984b-cc5e9eae9d75,4b38f8c2-b641-4dbb-b999-233a82b6a5d7,821f14d9-7bc0-4e9b-94af-b8fcb6e5280a
fefe3a8b-af38-42ec-bca0-d010d0ad19c1,63fdb718-7eff-47dc-b5b3-c3d78f5da045,821f14d9-7bc0-4e9b-94af-b8fcb6e5280a
f0a8107f-c428-468f-b361-b13de420eae9,c52dacc9-22ab-4a4c-8f52-de8c3b171f0a,702c5cb0-a610-4240-9bed-879c69cdb9e7
73847a48-b75a-49ae-912d-c30ed5a3f8a8,39edd5b0-8c97-44fc-938f-a15534df8fd8,702c5cb0-a610-4240-9bed-879c69cdb9e7
d2234d26-de06-4d1a-abfb-198609f8ea6c,0a2b58bc-61fc-4cb5-86c3-25fff09e2dae,702c5cb0-a610-4240-9bed-879c69cdb9e7
c148c2ad-c7fd-4bf4-8417-acd364b087b8,fba2e0aa-c2c2-4cf5-90ac-714ace093be6,702c5cb0-a610-4240-9bed-879c69cdb9e7
00f15de1-9426-4719-894d-0442b7123142,781c547a-38b7-4f12-9b0e-c1d479cfe880,821f14d9-7bc0-4e9b-94af-b8fcb6e5280a
4ddab45d-3a31-424d-a5b9-fb784178076c,c8b1c333-4950-4fb3-8780-ca03d4bcc9eb,702c5cb0-a610-4240-9bed-879c69cdb9e7
e64e073a-3882-44ec-9fc3-10aff0df5825,58d0f956-b9af-456b-9799-c7810c728cc7,821f14d9-7bc0-4e9b-94af-b8fcb6e5280a
080e34de-838f-4025-99eb-743487912181,6224e38d-cce0-49cc-b23d-3d8e6bb4883c,702c5cb0-a610-4240-9bed-879c69cdb9e7
a4c27f70-bd9b-4d04-aa96-05ef7890d870,4c5ddb45-7a8b-4197-b02e-b4eaa0025a6a,702c5cb0-a610-4240-9bed-879c69cdb9e7
d2bb290b-06d2-4d05-b50c-6d61c8c8acb1,173f5966-afc5-4ece-b1b6-5eb4c1a7648b,702c5cb0-a610-4240-9bed-879c69cdb9e7
c9bc4a3c-34ed-40ba-b330-b221675246b8,4386ca4c-ade5-47e4-95ec-c6a826e8e164,702c5cb0-a610-4240-9bed-879c69cdb9e7
4b2b580e-bcc3-46bd-8b31-43ebef748334,5c022a22-50d7-43c0-968f-4283895ee3a3,702c5cb0-a610-4240-9bed-879c69cdb9e7
d02e3161-dab3-47cb-a4bc-aac85728e564,01132ed1-25b3-46ef-84ea-a8a94255b64c,702c5cb0-a610-4240-9bed-879c69cdb9e7
4060e5ca-4098-47b5-9c8e-ab14c0daf51d,a82237b1-5300-4781-b318-e57e686f0577,702c5cb0-a610-4240-9bed-879c69cdb9e7
3593e99a-cdce-4133-8273-f7a219757cd6,4aa25f12-e78b-48d5-9ac9-20457d004f48,702c5cb0-a610-4240-9bed-879c69cdb9e7
08ced3d5-bf1b-4cad-804b-55f195f43532,2ebb56a7-7ad6-4af9-a821-c9cf7bf88c4c,702c5cb0-a610-4240-9bed-879c69cdb9e7
71e5fde7-9784-4a88-9fbd-fea3ad82ee49,8f616d19-d8d6-43f4-b42a-396e71ff8580,702c5cb0-a610-4240-9bed-879c69cdb9e7
9368dc07-feda-40ab-bca7-97b897f44e04,c11358f2-a90c-4624-b143-a598b4c8cb52,702c5cb0-a610-4240-9bed-879c69cdb9e7
c02e6caa-6bae-4463-b398-12aaa45c8861,6c35b8b0-b50b-47d0-99a3-4b562000a52a,821f14d9-7bc0-4e9b-94af-b8fcb6e5280a
1ae7022c-0768-4d0b-8bed-e039f647a250,c16535b6-243c-4234-8449-23486fc4f8c7,702c5cb0-a610-4240-9bed-879c69cdb9e7
a7feb853-a44a-45ef-90d1-69bbc54335a6,ca8018ec-c42d-41ae-97de-6335a753a152,702c5cb0-a610-4240-9bed-879c69cdb9e7
d02fb394-acf4-4e86-aa39-e6c9db7358fb,c22f4173-76e8-4a44-b42a-168bb8fe474e,702c5cb0-a610-4240-9bed-879c69cdb9e7
816dd474-1c25-466e-adf4-d653415c773e,6a7c9ad7-c414-49b4-836e-5c25a5be30ef,702c5cb0-a610-4240-9bed-879c69cdb9e7
1d2b6675-338d-49cd-8853-e52391d5cb97,b582ffde-25f1-47b1-bfce-c3f1901ffe5b,702c5cb0-a610-4240-9bed-879c69cdb9e7
445491ff-8061-4447-9c69-f4b591f9c7cb,da513a4e-8e91-4999-9ec6-bc6910ce07e3,821f14d9-7bc0-4e9b-94af-b8fcb6e5280a
a6f4ff3c-f8ac-4da8-9ee0-62403ad34483,f0f01846-c34d-4098-8e08-f8ae1c249fa0,702c5cb0-a610-4240-9bed-879c69cdb9e7
1618d4d8-6d02-414d-9863-f8e3aadb6c17,881bd9aa-bfe9-47e1-863f-5e8d51d2f936,702c5cb0-a610-4240-9bed-879c69cdb9e7
25a08af8-357a-4fe8-982f-d4c1ac8df867,f64f6687-c10a-42f3-a5c4-5e93a7fdb3a6,702c5cb0-a610-4240-9bed-879c69cdb9e7
d6cbcdf1-d22e-46ea-9f91-2671b06be751,f278d178-d2c2-4525-8600-806459439b97,702c5cb0-a610-4240-9bed-879c69cdb9e7
0cf39abb-8239-46fa-8366-d08e8ea8389b,78ddbea1-97fa-4fe2-966e-68642eecb10b,702c5cb0-a610-4240-9bed-879c69cdb9e7
c6a1bc3e-9f25-45c5-b8c7-45b4b5873e3e,bf1074ce-cb00-438b-bac0-a63ef1ad9f30,702c5cb0-a610-4240-9bed-879c69cdb9e7
1b2f8b66-3d99-44b0-9c21-7c5c32b24ad4,bf85b1e7-a06a-4275-bbc9-4b135456bb89,702c5cb0-a610-4240-9bed-879c69cdb9e7
4b08c577-e30a-49c7-adfc-6c67b52a9a48,ce71b237-9168-47fe-8f59-dd84af74b3c6,702c5cb0-a610-4240-9bed-879c69cdb9e7
b35aebcd-7691-4aa6-b8a0-fedccd8c993d,f3cddc10-59a1-4f84-bbde-6239343e9131,702c5cb0-a610-4240-9bed-879c69cdb9e7
302031e6-3595-46b6-98bb-0acbee32ebff,1848497d-bede-4357-934d-f63060fc75f3,702c5cb0-a610-4240-9bed-879c69cdb9e7
48a4657b-cc1b-47f8-9ab8-1eb87f8f6f66,971298e1-14d4-42cf-8ad4-937c2d5da4ea,702c5cb0-a610-4240-9bed-879c69cdb9e7
9cc2af90-46e2-457c-9704-f703f7f96322,b54d7406-71c6-4b7b-8581-b4479711e608,4934dc25-aa95-4f0b-80f6-da9704d700d3
d83bc953-68d3-4399-a2da-15b4061a7293,7f80038e-b877-4eef-b898-8c115197ef55,821f14d9-7bc0-4e9b-94af-b8fcb6e5280a
8e041e22-7164-41ee-abf4-330c272a0baf,1721bd71-50e1-4352-9230-40462813973c,702c5cb0-a610-4240-9bed-879c69cdb9e7
1ecae9a4-a3ff-4d34-8804-c50aba0c9abe,92b86cd4-7ce2-4445-9826-e827ded326fd,702c5cb0-a610-4240-9bed-879c69cdb9e7
8b39899e-a292-4ed8-a11f-7264950f4785,8fed6d7c-c809-4d50-8655-c52a66006ea8,702c5cb0-a610-4240-9bed-879c69cdb9e7
c9d59d60-bc47-45ca-b61f-8ed5b6c1279e,e390b5ad-2c7b-4657-88d1-50aa816f3a1a,702c5cb0-a610-4240-9bed-879c69cdb9e7
6281337c-3685-441b-95e0-e82afaae1b58,c43d14be-2d5f-465f-be36-34fcfce39fee,702c5cb0-a610-4240-9bed-879c69cdb9e7
d25cdf95-8d80-4bdc-8168-7380a7cb91bd,7577660e-0dfc-40d5-ba01-3e8c111cb369,702c5cb0-a610-4240-9bed-879c69cdb9e7
f02e4c35-5052-4b87-bdde-c2aaa6dd02f2,281ec701-2eb4-4e11-a5a3-14ee14a38c37,702c5cb0-a610-4240-9bed-879c69cdb9e7
a16822e1-9579-436a-a5ea-c03946f5c765,efb4d655-33f5-4e83-9eb4-42506f91f1d0,702c5cb0-a610-4240-9bed-879c69cdb9e7
edf0f2b0-dd33-4e6c-ba3a-cb7713385914,04beed00-5619-467f-a6a4-51563998cfa2,821f14d9-7bc0-4e9b-94af-b8fcb6e5280a
7a5429dd-498b-400c-b04a-4748ff0ef49a,e4828efb-4c7f-4d97-aa6b-d384bcd3344c,702c5cb0-a610-4240-9bed-879c69cdb9e7
d1e09b51-6d4f-4151-8fee-93815eaf5db4,5c7cfa28-b559-4a87-8dcd-81fac81908e8,821f14d9-7bc0-4e9b-94af-b8fcb6e5280a
dc49efa8-6482-4b74-a0eb-aea9fcf53a7f,83ea0f40-5cab-49bf-b22b-c3c9d756168f,702c5cb0-a610-4240-9bed-879c69cdb9e7
4dfba13d-ea39-4b10-acc0-a6c7095947c4,d9b20414-c728-4d3b-9dd0-5e52c252e307,702c5cb0-a610-4240-9bed-879c69cdb9e7
7326f4b6-28e8-4d4f-9cbd-8c1cad9ff951,bed9d016-0d52-43e3-90e3-b543f57c844b,702c5cb0-a610-4240-9bed-879c69cdb9e7
bae5e2b2-f971-44eb-9c31-ac5908800428,e0c8e53f-7347-44f8-b5eb-1888c85a8f6c,702c5cb0-a610-4240-9bed-879c69cdb9e7
070fefb1-98c3-4a92-8f16-623aa31bbf45,def10372-f01e-4159-a424-407057b2999d,702c5cb0-a610-4240-9bed-879c69cdb9e7
74f31680-0d75-41d3-800a-6685f529ab1e,3cd272c8-a38c-4c86-b7b1-2fa4667e2c72,702c5cb0-a610-4240-9bed-879c69cdb9e7
40774c92-258a-411b-a8df-72dd86ee091a,70fa984c-64fe-42e5-ade7-f324c71986e6,821f14d9-7bc0-4e9b-94af-b8fcb6e5280a
49c7099e-1149-418b-bc2c-29159523f9c7,f240cdad-de98-436d-84e3-f0957961c23d,702c5cb0-a610-4240-9bed-879c69cdb9e7
76f138e5-3c53-4305-ab21-2db6bbaaa4a9,89974f71-2a90-4b61-9c6f-29dc647d3a7d,821f14d9-7bc0-4e9b-94af-b8fcb6e5280a
27906c44-17ae-4527-bbe0-a9de8d2e569e,f013172c-065e-491c-93ed-e32a5761568f,702c5cb0-a610-4240-9bed-879c69cdb9e7
30b483a5-54f1-407c-84f8-4bffa2ee57f2,6f480a7b-92ac-49be-9f72-25f5cdb2dac8,821f14d9-7bc0-4e9b-94af-b8fcb6e5280a
e8dbdcda-43c9-4b8c-a0e0-04b849d02088,5b9b9497-89b7-40c1-88f8-97530d2283d0,702c5cb0-a610-4240-9bed-879c69cdb9e7
a727e1dd-dab3-43f7-9fe6-a858ad6661e6,8a47fa02-466d-409e-8a63-83106737aac3,702c5cb0-a610-4240-9bed-879c69cdb9e7
19ef592f-2c55-46d2-bffd-1726f094d147,617c002d-6018-40e0-a088-017a49756b68,702c5cb0-a610-4240-9bed-879c69cdb9e7
7aff6b35-0fb8-4d3b-939b-3a9aae72a630,5feca420-1248-4fb2-90f7-25abf53557e2,702c5cb0-a610-4240-9bed-879c69cdb9e7
88d4d31f-3fd7-4cbf-bc0a-37015bce229c,d0f94742-2d4e-49de-be9b-6f1e264b3877,821f14d9-7bc0-4e9b-94af-b8fcb6e5280a
a39ea40f-8691-45e5-8a9a-2ae0f3b3980d,28119cc5-a211-46b2-9815-66d244da9d64,702c5cb0-a610-4240-9bed-879c69cdb9e7
464966f6-6091-4134-b68e-8f036bcc8398,3a68415e-535b-4a0a-9a73-2b8de78ca0a2,702c5cb0-a610-4240-9bed-879c69cdb9e7
eaaef187-6e45-4e1b-be09-58626697f91d,9b03dd29-288e-487d-9eea-5cfe524c840d,821f14d9-7bc0-4e9b-94af-b8fcb6e5280a
f32c1307-6618-496c-99ec-ba853ba32abd,43f65b52-8d5b-44a5-a41a-702201c8568d,821f14d9-7bc0-4e9b-94af-b8fcb6e5280a
4335b333-8898-40b5-888c-f1b18ea60412,9cc8bfca-f194-494e-8311-e8689165ace5,821f14d9-7bc0-4e9b-94af-b8fcb6e5280a
90c857e9-5b15-4b85-beb8-9c29ebacada9,d0f06a01-22a8-48af-8dee-58e72b12ceec,702c5cb0-a610-4240-9bed-879c69cdb9e7
6eb1d445-f3c2-47f3-bd00-dc8f7994c495,489aea86-35d9-48fb-98c0-971db60345d5,702c5cb0-a610-4240-9bed-879c69cdb9e7
933aa185-8411-4b1d-9c40-08a46f12b2c6,ee7cabea-7441-4fb7-8c35-c58d6b0475d7,702c5cb0-a610-4240-9bed-879c69cdb9e7
f23cffb6-52ef-4eb9-8f26-487437a404bb,8d6029f9-35f7-49fa-ba36-826d1a02a8d4,702c5cb0-a610-4240-9bed-879c69cdb9e7
94af1eaf-5aa3-4eeb-95b6-22b3f6db7438,d7b7808e-032b-44ec-b9ce-ae15380070fa,821f14d9-7bc0-4e9b-94af-b8fcb6e5280a
40904594-ae09-4b6d-bb3e-433f2c56d53f,a56ac172-1d44-44b2-9628-5c1bde4e4d6b,702c5cb0-a610-4240-9bed-879c69cdb9e7
6cf6a7a5-b744-43bc-ba36-31c809f80a52,c964d911-e960-4a3e-a9c0-3a1bace61d93,702c5cb0-a610-4240-9bed-879c69cdb9e7
2705c160-34e8-46b7-8130-86452833afd3,b10bdbf2-84da-45d9-af3a-047394061ae2,821f14d9-7bc0-4e9b-94af-b8fcb6e5280a
e58f9b71-be40-4d62-9b0a-2bc1b7954eca,50de642c-9512-496d-945d-610138a1d431,702c5cb0-a610-4240-9bed-879c69cdb9e7
4571c928-3b41-4e58-9135-258da1d3e694,b50b20b1-846f-4b6b-ba9c-2c8560bc2713,702c5cb0-a610-4240-9bed-879c69cdb9e7
954ff8b0-53ad-4599-868f-5545202cc4b2,458e8c9d-ddcf-4cf9-b7f2-7e66db1a750f,821f14d9-7bc0-4e9b-94af-b8fcb6e5280a
08f9ce44-1562-45a8-a809-f6aa06c61911,d5cda8fd-1d71-473d-b348-bd11d440a527,702c5cb0-a610-4240-9bed-879c69cdb9e7
62270a21-9615-4962-9acc-fcb58eed355c,a2de41fe-82d3-44e2-b17a-aacafcb86d27,702c5cb0-a610-4240-9bed-879c69cdb9e7
8244ef55-dd0e-46e9-8b7b-a3a6638d704a,8dd31906-6cab-434c-828d-1156e878f33a,702c5cb0-a610-4240-9bed-879c69cdb9e7
c0881478-2e51-495a-8166-fe5c29494ab9,8a114aff-7385-4e10-87a8-8713533ad887,702c5cb0-a610-4240-9bed-879c69cdb9e7
4622b68f-d64b-4a7c-9f89-030a5d446e6a,ca873eb6-f364-45e7-a618-f23468640ef7,4ef94708-9c27-402e-9600-3eb5525b0ca9
e407ebc3-91a6-48c5-a826-fd57bb93b643,f00f9759-d1f5-460c-b66e-43bcc3be02a0,702c5cb0-a610-4240-9bed-879c69cdb9e7
281cd0b4-4880-4eae-9df9-db24808a4433,5b466ed1-6913-4b79-8e74-f24527b1543d,702c5cb0-a610-4240-9bed-879c69cdb9e7
ea185c57-7e3f-4df8-88ed-189d0f7484b6,fe977055-4996-4c3d-9737-2aee8003ccdf,821f14d9-7bc0-4e9b-94af-b8fcb6e5280a
427207a0-6772-491b-a0c6-8a3c2014fc07,abbc7624-4457-4160-80a0-f7ecbbd7d71f,ed204181-0a5c-4ffc-aea7-05dc9d565ecc
bbd4ab5f-dc60-407a-9a03-5c20377b4ade,8e110351-1c8c-4f4d-a497-3f03da9c5b84,702c5cb0-a610-4240-9bed-879c69cdb9e7
44fc062f-18a5-4ffd-8f58-b9c766a2afda,f9c318dd-4ef2-4827-a975-c4dccfed3f5e,702c5cb0-a610-4240-9bed-879c69cdb9e7
059fc983-78e0-4794-a59c-3bc46564b97c,bf286147-88eb-4597-9dcb-a20b99c10735,702c5cb0-a610-4240-9bed-879c69cdb9e7
c01cfd68-f8f8-4f94-bd23-e4f2e1608491,19bf7734-a5ea-431e-bfd3-27947d097bb8,702c5cb0-a610-4240-9bed-879c69cdb9e7
5a2313c0-cec7-480e-8b06-a472e106282e,60e9c624-660f-4a49-9c10-f843e3cf5b37,702c5cb0-a610-4240-9bed-879c69cdb9e7
c7515eed-d314-40a2-a2be-211149ca4d6f,dfec2272-3205-4dff-81a8-2e8e81e1d1ab,702c5cb0-a610-4240-9bed-879c69cdb9e7
3f986641-9bb4-4b76-9626-959ec9db5089,23d728e1-e40a-41ff-91db-43c0ad923d59,821f14d9-7bc0-4e9b-94af-b8fcb6e5280a
6eb168b6-5293-4c31-9692-6226ba61faff,0d6e6846-a5d8-4162-bf10-164754ca64c8,702c5cb0-a610-4240-9bed-879c69cdb9e7
1fababc0-1f19-41df-8ee8-87de47ff7c67,cd591c5b-2983-462e-bf59-68f1b904f27b,702c5cb0-a610-4240-9bed-879c69cdb9e7
d923bf2c-2942-44d8-afdf-950f06e33344,9390c698-d415-46aa-935c-23117041a81f,821f14d9-7bc0-4e9b-94af-b8fcb6e5280a
c850ded0-aaa8-4231-b3fb-6018b863fcba,852756df-6950-4090-a0f2-906f4d072dab,702c5cb0-a610-4240-9bed-879c69cdb9e7
6863122a-3fab-40cf-aac9-c7d5ed884268,8eb20a83-7cf2-470c-953e-15f1c2a3ac1b,821f14d9-7bc0-4e9b-94af-b8fcb6e5280a
1b6886e3-0842-450d-b489-cb22f2cae73a,23a53e5e-9636-48d1-9821-6f7efbea1110,702c5cb0-a610-4240-9bed-879c69cdb9e7
837c7c35-9f50-4a01-b0a1-b5e5ec4b12bf,90574daf-c9ef-437d-b9bc-ea2ff8e52f9b,821f14d9-7bc0-4e9b-94af-b8fcb6e5280a
2503b667-e239-474a-9776-79732e9e35b7,a0a20039-4d90-4437-9726-81a544d8ab4a,702c5cb0-a610-4240-9bed-879c69cdb9e7
8ebd3268-8e53-43b4-a26d-9d2081fbd153,d2aa3d93-2f36-4e70-908e-53055415c47d,702c5cb0-a610-4240-9bed-879c69cdb9e7
b09f0472-9e5b-4b65-8606-8ac2ad436b5f,3e68520a-655e-4bfc-be9e-89e6bafc41ec,702c5cb0-a610-4240-9bed-879c69cdb9e7
f72c8973-b3de-40ba-9ec8-6e2190a7c876,bf5c0eef-f845-4c89-9bb6-71ec92a74563,702c5cb0-a610-4240-9bed-879c69cdb9e7
9c8fa276-bb99-4c94-b5e5-56cb2aab5af4,171e3fa2-0a44-44a8-9068-f868ac929690,702c5cb0-a610-4240-9bed-879c69cdb9e7
8357a78a-dc49-4e06-8e60-47968df1f903,f2d434d1-cabb-44d2-a64d-2bdb36e5584d,702c5cb0-a610-4240-9bed-879c69cdb9e7
eef8232c-1ede-4d49-84ea-0a9f1081ffca,7d97cc30-7191-40c7-8021-25d4d684adbb,702c5cb0-a610-4240-9bed-879c69cdb9e7
1c47011c-e638-42a4-862f-8e3906b93240,6bea2203-03dc-491e-a995-7d8ef851422d,702c5cb0-a610-4240-9bed-879c69cdb9e7
584795e2-e1a9-44db-8fb2-f531bc37cad2,556ce5cb-4b75-4c0e-8dc8-dfa05c2900d1,702c5cb0-a610-4240-9bed-879c69cdb9e7
9b11d9ab-ef72-48b0-a1c0-3be81d12a5da,e3fd7013-7db0-42c4-b6f6-6af5c5c7bbb3,702c5cb0-a610-4240-9bed-879c69cdb9e7
5f6550c7-6626-4d07-bb1b-ac7e5d51956d,7d3a53b6-1203-48cd-9bbf-f01bf73ad9f2,702c5cb0-a610-4240-9bed-879c69cdb9e7
23ffadd2-c994-4a3f-b518-a9f874993ba2,4e4b1085-d4d8-4ee5-8779-49740f3248a4,821f14d9-7bc0-4e9b-94af-b8fcb6e5280a
81ccedab-74ef-404e-94de-1c920731c585,eda57923-61c9-4043-92b4-d4e8f34aa053,702c5cb0-a610-4240-9bed-879c69cdb9e7
f139390e-e84f-4cde-8c89-9d62ebb5c95f,7acb863b-9283-4afc-997a-e2fbe86ecdb1,702c5cb0-a610-4240-9bed-879c69cdb9e7
b5252515-bdbb-4c35-bce8-19cd32e669d2,cbe3e081-d074-4adb-9f8f-afb4cd9ef093,702c5cb0-a610-4240-9bed-879c69cdb9e7
b238a8fd-c5c7-424f-909a-8efa9fa3ab2b,b21c76a1-9c86-4dd7-9294-2f9255393195,702c5cb0-a610-4240-9bed-879c69cdb9e7
024b00a2-5ba1-4acd-a11f-d6dfcc2b2e37,e1da1275-342a-4151-9c82-dc59acec3423,702c5cb0-a610-4240-9bed-879c69cdb9e7
fa2a9d67-d8c0-4e60-84be-0b58b04e2c47,38729044-24d4-47f4-b1dc-e03d412d9e5c,702c5cb0-a610-4240-9bed-879c69cdb9e7
7ac95fec-55eb-4e61-a0f0-44e98874108a,2d7e8372-0403-4303-aaae-915b292b4741,821f14d9-7bc0-4e9b-94af-b8fcb6e5280a
7ef75edd-ed4c-48ec-8a14-cee0682bc9b6,01da2ce4-369f-4d13-ae67-4aa645557d9c,702c5cb0-a610-4240-9bed-879c69cdb9e7
01dff63c-73cc-4151-9491-e0a403510395,3af3f595-9e91-4b4b-8cf7-c77ed5e09276,702c5cb0-a610-4240-9bed-879c69cdb9e7
133672c5-2d5c-4c5a-80dd-efa6bdd333f3,56b60c5d-fe45-4b0f-a044-804939dd5d32,821f14d9-7bc0-4e9b-94af-b8fcb6e5280a
36ebd91a-0ff7-48f6-b654-39350d9de9e9,ce2e5ac7-2798-4149-b147-cdd4c57a6639,702c5cb0-a610-4240-9bed-879c69cdb9e7
6d68381f-eff1-4c6d-bae5-762ef46c4997,497ca760-04ac-4116-a1bc-93643ee6f67f,821f14d9-7bc0-4e9b-94af-b8fcb6e5280a
63b60d0c-192a-4888-9d36-f8e6bbe1a2d7,154b925c-805f-4546-b364-769baf00dd50,702c5cb0-a610-4240-9bed-879c69cdb9e7
e9625ded-4630-45fd-a7ae-8e7a775108a9,d7d7fb7b-5bbb-4cec-96dd-ccfbc0eb9e2c,821f14d9-7bc0-4e9b-94af-b8fcb6e5280a
bb79c61a-e8ca-4b4b-8084-b685b002ac3a,c6d874eb-f97d-4ce1-8500-8527e11433aa,702c5cb0-a610-4240-9bed-879c69cdb9e7
059f9b60-6e21-4cf5-9209-ee8972ca3765,4d4bacd8-71f8-4427-bc97-e47b603cb220,821f14d9-7bc0-4e9b-94af-b8fcb6e5280a
e45f9dbe-cc41-4c49-99c8-063f27e349fe,03eb5f8a-6d3c-4140-a625-aad01aaab9f2,702c5cb0-a610-4240-9bed-879c69cdb9e7
02a65ac6-5d30-4a3b-abe1-21a31701550b,6292ae97-1714-49c9-a8c2-4089d9ca9fea,821f14d9-7bc0-4e9b-94af-b8fcb6e5280a
db8459d3-1cba-4094-9e8e-9f4bcdbe8ebd,1c66ce94-081b-405d-8bf7-0ccbc09defe8,821f14d9-7bc0-4e9b-94af-b8fcb6e5280a
7df5741a-2647-44e5-afa5-7ae14ec017ea,f46e75b5-34ec-4b12-920e-8c7409dd19da,702c5cb0-a610-4240-9bed-879c69cdb9e7
921a5270-ed0e-4804-b68c-470df705ee36,20261013-0c21-4985-baef-a7d9e2312578,702c5cb0-a610-4240-9bed-879c69cdb9e7
b544bc5d-ca90-47a3-b771-140d75731273,26b0eda8-0c68-4ce9-bc85-bed7a01832f3,821f14d9-7bc0-4e9b-94af-b8fcb6e5280a
5479f908-3d12-4d86-8d96-73553798f140,90f8d1f6-3cf0-4e2f-8a4a-3b530b939be8,821f14d9-7bc0-4e9b-94af-b8fcb6e5280a
fa0c27aa-1a10-48b7-92e2-1ae1e0a4fdda,4ec72f9c-d7b6-4af9-940d-7e917d356336,702c5cb0-a610-4240-9bed-879c69cdb9e7
2ec7b545-c5e7-42ef-a368-b2e07167a80f,e26480d5-67ef-48c5-bc1b-76b06c07df37,702c5cb0-a610-4240-9bed-879c69cdb9e7
57663ff5-098b-4404-aa6f-80bb311e2afe,2149d38c-0f5a-4823-bc5d-94dd526bcbd8,702c5cb0-a610-4240-9bed-879c69cdb9e7
b9ee05df-3fbb-4469-9cd0-6d1cd1bc5121,65aad902-8f06-4018-88f4-9a2a3ba2f5a6,702c5cb0-a610-4240-9bed-879c69cdb9e7
62fd339b-6770-4d15-875c-f73828099682,825aa61a-0978-43ae-8764-72875c6f1e18,702c5cb0-a610-4240-9bed-879c69cdb9e7
32ce1b28-2a0e-49f1-b6a3-598a1b1a3aee,f78f23e0-ad22-454a-b691-c90a64bfca90,702c5cb0-a610-4240-9bed-879c69cdb9e7
63a838f0-a4bd-4438-90ab-47e98eb2266f,f8175232-8f9f-459b-8695-fde27332d190,702c5cb0-a610-4240-9bed-879c69cdb9e7
65e80947-eb64-48bd-a466-f33b3bcb0c0a,874fc422-814a-481b-a096-ea9bda8fb41e,702c5cb0-a610-4240-9bed-879c69cdb9e7
2f9683d0-614a-4dda-9371-6cf1a7902c35,e1f2233e-7167-4e3c-804a-700314722689,702c5cb0-a610-4240-9bed-879c69cdb9e7
c67751c3-a55a-4e07-a26c-369b3e7fb7e9,192712e8-52e7-44b0-893b-bde4297affc7,821f14d9-7bc0-4e9b-94af-b8fcb6e5280a
960fc499-946e-46d3-a86c-c9630e84ddf9,a74b39e5-133a-497d-b060-509b77a58350,821f14d9-7bc0-4e9b-94af-b8fcb6e5280a
b16d6594-db44-442b-aa62-d41e0eb7c6b8,5568d348-6e76-4c81-8b48-d3c94c867ddd,4934dc25-aa95-4f0b-80f6-da9704d700d3
6600d8bf-723b-4176-8fb4-e6934714ac5a,384871b8-b158-48f7-889d-1233f1238298,821f14d9-7bc0-4e9b-94af-b8fcb6e5280a
f66d2512-f36c-44f9-aad0-90bdb50e39fa,70d2bd32-cdfc-4fd5-bc1d-25534c47642a,821f14d9-7bc0-4e9b-94af-b8fcb6e5280a
5c884749-4ce8-4eca-8328-9473f2ded61d,68afea21-29d6-45fe-bbdf-23c8b79a9a88,821f14d9-7bc0-4e9b-94af-b8fcb6e5280a
d121ceb0-e5fb-4aee-9936-2228a6195b34,5adec801-aa07-4430-96bb-a34ffe332933,702c5cb0-a610-4240-9bed-879c69cdb9e7
c883b9a4-49bd-4b19-984a-1c7ed745eb71,7f661087-5711-4f30-a731-0b7bd12fd62e,702c5cb0-a610-4240-9bed-879c69cdb9e7
bfadf279-7788-4909-ae30-99e0a7635f56,f05fba84-2a37-41bb-a290-da4efe0042ea,702c5cb0-a610-4240-9bed-879c69cdb9e7
d7af0747-e839-42de-af41-1a4b940d1ccb,363226ae-9ff9-4568-a618-b7ee2873ace3,702c5cb0-a610-4240-9bed-879c69cdb9e7
687eca77-3e31-4ab8-bf56-9a1e6b44bc88,01d5b886-7df5-43a1-ae67-e358d53cbbca,702c5cb0-a610-4240-9bed-879c69cdb9e7
c4ecb0e7-bf51-4be8-9026-c61c97b3407a,ca38bd6c-2cc0-42ed-86c3-c55b3adbdcee,702c5cb0-a610-4240-9bed-879c69cdb9e7
9364b4ea-846c-43c8-98fe-a25ba3097749,a17a66a0-3067-471d-a1f8-2cce199e3d85,702c5cb0-a610-4240-9bed-879c69cdb9e7
7ba6aa7b-2f8b-45e9-abdd-41657c5d4e3b,2c19e6b7-5030-4727-9db0-2ca6bd51664f,702c5cb0-a610-4240-9bed-879c69cdb9e7
e9ed52fd-c293-46a6-8176-f9a8b2d1476b,dcaf2739-8a2c-421c-bed5-9e67cf08ae1a,821f14d9-7bc0-4e9b-94af-b8fcb6e5280a
13b9c8ad-9359-4b00-ad86-4124e2283957,feb0722b-74f6-485e-a276-27b19e3cc2f3,702c5cb0-a610-4240-9bed-879c69cdb9e7
ce78cdc2-5396-4bd8-bd13-63f0d6ef0691,ee590402-a657-4d51-8574-2a8285def1e6,702c5cb0-a610-4240-9bed-879c69cdb9e7
87ff320d-cc7b-4678-92e6-e469feae8c22,91d3cb84-77e2-4651-bc1b-4c085ad44b5d,821f14d9-7bc0-4e9b-94af-b8fcb6e5280a
a59e9d06-874f-4fb3-994c-de6e89d77dc1,09547c57-32e9-4b5d-96f5-a2a67c007640,702c5cb0-a610-4240-9bed-879c69cdb9e7
40ed2560-521b-444d-a2af-9d01e39b239b,0df19362-5006-45f1-a410-2a78dd17804d,702c5cb0-a610-4240-9bed-879c69cdb9e7
da4b02dc-50da-467d-b39b-7cde6de6d1c0,5be35eda-e48c-4941-99e2-3fdb0e1200b8,ed204181-0a5c-4ffc-aea7-05dc9d565ecc
f98d672f-8d30-487f-a6c5-f665c85db776,74ba2bb6-9390-46dd-bee3-d771f51cb380,821f14d9-7bc0-4e9b-94af-b8fcb6e5280a
98ec2a1a-c71e-4a0d-a3a8-0095e8fbcdc4,be6ebaac-b54e-461b-ac98-08226f6d60db,821f14d9-7bc0-4e9b-94af-b8fcb6e5280a
af83375f-d5c7-42d3-81ed-9601a610c65c,aa7f7c39-36c1-4ae4-a73b-9f2a50eeb148,702c5cb0-a610-4240-9bed-879c69cdb9e7
8e89ba11-936d-468f-be04-0f8f015cdec2,0e7d4e2a-d8fa-434a-8a63-61531d70d1c9,702c5cb0-a610-4240-9bed-879c69cdb9e7
c769c773-2c25-41ac-87f4-9c7cce4471f5,b2d9f1b4-fffb-4d0e-95b1-73f93b3ec1ad,702c5cb0-a610-4240-9bed-879c69cdb9e7
d587fc86-e4f3-4f59-9a02-26ac8135998d,5a3993be-c2b7-4d78-8992-be8c4c1686de,821f14d9-7bc0-4e9b-94af-b8fcb6e5280a
ffcb498f-e87a-46d0-8fcd-86222959b66e,8a94f475-637a-4f70-9feb-144771fa68b9,702c5cb0-a610-4240-9bed-879c69cdb9e7
deeeb293-f8f0-4cba-835d-8b065f7bedd5,b4eb739c-6bc4-4bce-acf8-7f0c8ee8760c,821f14d9-7bc0-4e9b-94af-b8fcb6e5280a
158749c6-84f3-46d0-a5c1-07a9690efd23,f23e4fed-6cc9-4036-9008-46303c918e8f,821f14d9-7bc0-4e9b-94af-b8fcb6e5280a
566c80ba-96f9-4e1d-bf54-f89020b53e6f,75197eaf-2738-4a2e-b752-07377953b741,821f14d9-7bc0-4e9b-94af-b8fcb6e5280a
3717fce7-de19-4d9d-a5a2-a1fb610b706a,29d27544-4e35-461d-a8a4-c6596cc9c837,702c5cb0-a610-4240-9bed-879c69cdb9e7
e7ee519d-bb08-4a59-89a8-b989ad63e6e3,f552061e-dc65-4b6f-bd08-24a3a269ecc9,821f14d9-7bc0-4e9b-94af-b8fcb6e5280a
47846268-9e04-4b8d-a7db-508d4b54c58b,b076d833-e4eb-44b7-851f-ef800083eea7,821f14d9-7bc0-4e9b-94af-b8fcb6e5280a
4c13c59f-a6a5-4eb8-b81a-3ef6c090f32d,3237dbbf-1dda-4026-91af-3aff3dac7262,702c5cb0-a610-4240-9bed-879c69cdb9e7
b711e2a0-9619-4879-9ba1-87acdd224908,850d307e-c49f-4437-abe3-ad214086db8a,702c5cb0-a610-4240-9bed-879c69cdb9e7
d77f28d6-b8f9-4ea4-8f55-bd2a67fb5f4f,9ea2867d-7515-44fe-9954-ffc0468edda1,821f14d9-7bc0-4e9b-94af-b8fcb6e5280a
926436e3-c067-4e9b-814b-f91b57a9ed37,eeed7959-7d16-4569-92d4-ce6542e16e6a,821f14d9-7bc0-4e9b-94af-b8fcb6e5280a
32d60556-da9e-4c43-9047-73e9414406ec,b5cff461-2a87-490f-a177-5389ad62e195,702c5cb0-a610-4240-9bed-879c69cdb9e7
9a06f3c9-77c2-48a4-ab89-f9740ced653e,bb5c1df3-fce0-419c-95f6-c05ff4f57ce5,821f14d9-7bc0-4e9b-94af-b8fcb6e5280a
5be16b02-f6be-49ea-8f41-4557888ab6d2,4c58cd53-0ab1-45f4-897b-09a9fe4df267,821f14d9-7bc0-4e9b-94af-b8fcb6e5280a
64abbcc5-b538-4d9a-8feb-9b02d3cfed66,fce8189e-7a84-46b1-bd62-68aac9a19a49,702c5cb0-a610-4240-9bed-879c69cdb9e7
0669a7f1-4910-4c9b-a210-d4775d6f97e6,9efedcef-ae1c-4826-af91-959af63cf85f,821f14d9-7bc0-4e9b-94af-b8fcb6e5280a
398f310d-cb4c-44a1-93fe-9551a7e0907c,93ec19bb-f577-4d75-ab14-d97bdc9ee4d7,702c5cb0-a610-4240-9bed-879c69cdb9e7
26a779db-42c9-48df-8a79-7d3f5839f2e7,a8e1cb15-829f-40fc-b993-c7ab239cb9ae,702c5cb0-a610-4240-9bed-879c69cdb9e7
b0d32bcc-cca6-441e-a827-fcb1bc43d300,587af795-d78e-4d1a-9cff-1cfc708ea485,821f14d9-7bc0-4e9b-94af-b8fcb6e5280a
cc791ffe-516c-4b54-b23c-3233b340dc35,5f7301bc-a259-4ae1-b70f-5d4d390abdc3,821f14d9-7bc0-4e9b-94af-b8fcb6e5280a
fab387cc-9be5-413b-a26f-f7adad8bfdcc,ff610411-0f52-42f4-aaad-999d63271968,702c5cb0-a610-4240-9bed-879c69cdb9e7
3cdec925-caab-4b66-b7c7-cfcb3ce744ed,02feb5d6-0cd9-4240-9ec5-fd7b042f0baa,702c5cb0-a610-4240-9bed-879c69cdb9e7
fb971dbb-06e6-40d6-89a2-a4f46c3d5c29,fce7c3ef-d6be-4090-9417-89685b124cb4,821f14d9-7bc0-4e9b-94af-b8fcb6e5280a
accbea81-c388-4907-b08c-e2c917c36ea1,ffa41320-9a42-42fe-a3b6-56bf9708d12c,821f14d9-7bc0-4e9b-94af-b8fcb6e5280a
a1739ddd-b2b4-4a19-a473-a7c0c2ad572c,b7c8b5ce-740c-4dbc-b3d5-8effefad2b12,702c5cb0-a610-4240-9bed-879c69cdb9e7
089f400e-5383-454e-9bf2-31f95885564a,29e7082d-c0d5-4d85-bfd7-c0cf001a4f86,821f14d9-7bc0-4e9b-94af-b8fcb6e5280a
b41c7300-047a-4856-b801-dfd4b04da024,27301927-f7ed-4cfb-a25c-5a503ef51c66,821f14d9-7bc0-4e9b-94af-b8fcb6e5280a
765f2672-883f-4937-a0fd-79970ff49a6d,4a3c600d-24d9-46c8-bb4b-f32764603744,821f14d9-7bc0-4e9b-94af-b8fcb6e5280a
1b555106-8d62-44cc-93d4-6dedad4a5e0a,64f411ce-3339-4993-9b10-f4ac023ea7eb,821f14d9-7bc0-4e9b-94af-b8fcb6e5280a
0a844c26-e0ee-4982-b003-c1b2dced9a91,024f9a79-b822-4a27-834f-00cc5a152432,702c5cb0-a610-4240-9bed-879c69cdb9e7
a4c8e22c-7608-45ad-90a6-59f7b87801b5,cdf5a460-2044-4842-b344-aa95c3ec8be9,821f14d9-7bc0-4e9b-94af-b8fcb6e5280a
d05a4579-b148-425d-b6b0-aa8122f2b16c,b9278b30-78d9-4e1c-88d4-0c7424ac8ab5,702c5cb0-a610-4240-9bed-879c69cdb9e7
e13fd9f1-9108-48b1-8763-2d9ecf731184,0c29527c-a9cc-4356-b799-84ed51114408,702c5cb0-a610-4240-9bed-879c69cdb9e7
5c0ecee4-fec1-4220-b293-a918f6e566fd,40bf34ed-c959-4584-a688-6d9903bc7dd9,702c5cb0-a610-4240-9bed-879c69cdb9e7
7b55f542-81d4-4bf5-8c02-fe06e20b697b,eff15161-5500-4258-b92e-da4b725a725b,702c5cb0-a610-4240-9bed-879c69cdb9e7
cbb797d9-6521-4ba6-9a93-1b774686f0a5,226f13f3-b4a1-44f4-b7c8-c23676b71e1d,702c5cb0-a610-4240-9bed-879c69cdb9e7
e1c7a7fa-ab52-4481-91b5-7bff636b971c,93fc14d1-c0fd-4620-93ed-3cff54da4bc3,702c5cb0-a610-4240-9bed-879c69cdb9e7
d645177a-b0af-4505-a8e7-2d0737d89a1a,2a8b94da-703a-45fb-a644-1b0d78a5c51b,702c5cb0-a610-4240-9bed-879c69cdb9e7
6949de42-6188-40c3-b84c-f7fdbb4b2f00,f27e7aa6-c61b-4329-9c7d-b9e1c95cf162,821f14d9-7bc0-4e9b-94af-b8fcb6e5280a
b7091a1b-a53a-4cba-b1d0-cc96bdd15385,01a1797a-2db4-46a8-aa73-dee74cca40fb,702c5cb0-a610-4240-9bed-879c69cdb9e7
cf34b8e0-2e4d-4272-9d7a-5fee8fdf191e,60f01eb4-63d9-46d5-be15-5216a78f18ee,821f14d9-7bc0-4e9b-94af-b8fcb6e5280a
fb4047e0-aa7a-49b9-8d6f-3df711363483,22b48689-d504-45d9-a2b9-b37712f31f74,702c5cb0-a610-4240-9bed-879c69cdb9e7
13d770cd-2cca-4c46-b79a-0f40433ab557,7d1c2d4d-5fe8-4647-92b7-9e92e7a7bfcf,702c5cb0-a610-4240-9bed-879c69cdb9e7
f3c06ccd-72d7-431f-9bd3-9c4ce592e976,908b93df-7197-498b-a69d-6cd9f9569254,702c5cb0-a610-4240-9bed-879c69cdb9e7
0f1527b8-6ea7-47cd-b7ea-7f5a48457f4f,71c6432f-22b2-4b4e-9996-ae8b3391dc26,702c5cb0-a610-4240-9bed-879c69cdb9e7
c528a18c-570b-4769-a162-1ce6e331f392,cdb2eab8-e45a-44e9-a0ac-a30fd8979353,702c5cb0-a610-4240-9bed-879c69cdb9e7
8d362d2b-1f4b-4b2b-a371-e4c519dec65f,ace12ced-27c0-440c-95b8-ef4eb5fa3577,ed204181-0a5c-4ffc-aea7-05dc9d565ecc
f9a0209b-a95d-4590-a319-6cf84890eda7,c1c5933f-ce1f-4ffd-aaec-1df0c745fcbf,821f14d9-7bc0-4e9b-94af-b8fcb6e5280a
c9f80cb0-31f7-47e0-a305-7e3736fd8eb6,689b1d3f-9a3f-425a-b81d-a43909802980,821f14d9-7bc0-4e9b-94af-b8fcb6e5280a
a8b6a1c7-ab4b-418a-a6e2-1daf7eea173d,907d0192-ede5-4504-95fd-5c21056674aa,821f14d9-7bc0-4e9b-94af-b8fcb6e5280a
2c68c1f0-96cd-4823-be2e-096b6e619c68,bbda3639-6933-46af-81c2-31a1be8ce58a,702c5cb0-a610-4240-9bed-879c69cdb9e7
2e6592cf-74b8-4221-bf9d-90433c04c43a,71ec33b9-2817-4aa6-9d1b-b44215b3e0de,702c5cb0-a610-4240-9bed-879c69cdb9e7
d75e2df7-389d-4641-80ac-c4a26fd1365d,8adf620f-c2e4-4e14-9d67-985f894e0669,821f14d9-7bc0-4e9b-94af-b8fcb6e5280a
8be50fe6-59f3-4c7d-976f-6884bbcbfb78,5adaa47b-ba6a-4ca1-8d73-ce0a4009ea0b,702c5cb0-a610-4240-9bed-879c69cdb9e7
fc3b0ee8-c777-41c4-9f03-79c08ce4dc56,f1118907-9811-4a3c-aceb-58e8b5ab1b3c,821f14d9-7bc0-4e9b-94af-b8fcb6e5280a
08f5a5cb-b938-46bd-9a35-5fc527b80e75,d532b280-9384-41ac-8675-25e14028be1c,702c5cb0-a610-4240-9bed-879c69cdb9e7
bb592229-5897-4e70-bb32-8179ae9fb487,9f7053ab-c960-47f2-8f15-1fee4b945ac5,702c5cb0-a610-4240-9bed-879c69cdb9e7
afda7863-add4-482f-9e6b-f1811c39ce01,c9507a03-0707-4c8f-b9ee-8434ebfe33cc,702c5cb0-a610-4240-9bed-879c69cdb9e7
e0bd18cf-a197-40c5-bf8e-a4f3fab4c889,13519b92-b45f-46ce-8505-8937d4feab1e,702c5cb0-a610-4240-9bed-879c69cdb9e7
677c6d46-d576-4e9c-8a6e-0a8e8386f3fa,0b59e9dc-200a-45b8-86cf-24a1e542a0ab,4934dc25-aa95-4f0b-80f6-da9704d700d3
5fdb9fc2-c021-4327-801d-be6c1985f7b9,ebb165b0-bc04-4bc9-857a-dd559b47f3a5,702c5cb0-a610-4240-9bed-879c69cdb9e7
17d281e5-2279-4212-b54f-40b6dd20a396,47fdb1ea-e258-47c3-8b14-3446dc87be89,702c5cb0-a610-4240-9bed-879c69cdb9e7
145158af-da8c-48fd-8fdf-cd04e327d2ad,3b3014cd-0f51-4ef6-9ad6-aa077a0f0d85,702c5cb0-a610-4240-9bed-879c69cdb9e7
c40cd714-c588-49d0-b367-c11db1083114,9b626037-7178-43a7-9fa8-4793f04cf72e,702c5cb0-a610-4240-9bed-879c69cdb9e7
d0291792-13d8-4279-920a-1cdbe3067891,aafede43-2996-46a0-b8a2-5096dfd66344,702c5cb0-a610-4240-9bed-879c69cdb9e7
316a9f85-26e6-481a-a8dd-cb8f5c84df68,556571c8-0482-4466-a2cd-1c8e84a0fee4,702c5cb0-a610-4240-9bed-879c69cdb9e7
8c5d315b-aebf-411a-8688-d2ee2f582e9e,18c60c81-6168-454b-b968-a86220239c3d,821f14d9-7bc0-4e9b-94af-b8fcb6e5280a
d960e7b8-a0fe-4810-a9d7-1f3c5dd9e3e2,ed119ddd-cace-4318-bd9b-a71c427217e7,702c5cb0-a610-4240-9bed-879c69cdb9e7
ddb2148e-46fc-4262-8db2-1b97a7f1cbc2,1e8a3f72-e150-48ce-8f58-61fbb801a1be,702c5cb0-a610-4240-9bed-879c69cdb9e7
0a254ddf-c395-4c0d-8419-c907b528f68c,01eb3d0a-ddd9-4b60-aa17-33b4c6196f0c,702c5cb0-a610-4240-9bed-879c69cdb9e7
5770b16c-bd6f-45f2-b5fc-d824f6434c59,adc110ed-f964-403d-82ec-4ade162c0ba8,702c5cb0-a610-4240-9bed-879c69cdb9e7
a16c2a50-0872-446f-b584-eae0d17c0197,0d0518e8-2410-4e53-93c0-d89f06501185,702c5cb0-a610-4240-9bed-879c69cdb9e7
69d1051a-9f8d-4479-ae6e-04d769133645,fa0d9560-f055-4275-9f33-8f39ae83507e,702c5cb0-a610-4240-9bed-879c69cdb9e7
5e4f1c03-f1d3-44eb-b442-ee9d4a7713c3,bce3391d-caf2-4b82-9c4a-a06e383a2357,702c5cb0-a610-4240-9bed-879c69cdb9e7
f82b94fa-6ee5-4e06-9d8f-5900d5201d0f,ffa7c278-fb95-48c0-b59e-a5b827c8f6d4,821f14d9-7bc0-4e9b-94af-b8fcb6e5280a
2d18177d-6f94-4b51-8da0-24b6745170f6,5de9d8a5-fafe-4875-a8c0-dcbb533a40fd,821f14d9-7bc0-4e9b-94af-b8fcb6e5280a
55ef9549-2811-4fe8-93fa-3b6d17252e0b,4612d19e-dfef-4940-a955-2a0b1266f976,821f14d9-7bc0-4e9b-94af-b8fcb6e5280a
8a21396a-ae1e-449f-8818-34b8347ca87b,294ef836-4242-41ce-869c-0623d8cad132,821f14d9-7bc0-4e9b-94af-b8fcb6e5280a
cf57933f-f1af-4ca4-af20-0f5e76c444b8,14a5835c-aa5b-4095-b2e0-22ba5d053c17,4ef94708-9c27-402e-9600-3eb5525b0ca9
cb49a4bd-d5fd-40b4-a79b-a5833f6e9211,7270e173-e5c3-459e-bc0e-6178959ca25e,821f14d9-7bc0-4e9b-94af-b8fcb6e5280a
8f822bdd-6a00-495a-8793-68f2658fe35b,08868945-f912-4f4f-9ba0-0cb46bd20115,702c5cb0-a610-4240-9bed-879c69cdb9e7
696a1a7d-f63d-4ae1-af31-a52f14eb431d,77090ed9-afa2-4951-8bd9-d2b4be6ee72b,821f14d9-7bc0-4e9b-94af-b8fcb6e5280a
5663a170-3aaf-4f87-9dc4-1c70f030fe92,483a2b09-f787-4427-b3c1-6402ab07db89,702c5cb0-a610-4240-9bed-879c69cdb9e7
03047827-c7f5-4707-9a42-dbe16bf0d2d2,25ec9242-e81f-4629-b167-fa449346f947,702c5cb0-a610-4240-9bed-879c69cdb9e7
4f03d04d-bc69-4f96-8379-f4b8ca325b6a,b89a69ee-e3e9-4d71-bad7-d3573a89c051,702c5cb0-a610-4240-9bed-879c69cdb9e7
6760efb0-87c2-40ed-9e1e-bfe5d268a3f5,281c8445-652e-4f7a-aca5-b86c105924d2,702c5cb0-a610-4240-9bed-879c69cdb9e7
517ff06d-5714-471a-9117-99bdcd137cf2,482d763f-69ff-4d56-84f6-defe1587b1f8,821f14d9-7bc0-4e9b-94af-b8fcb6e5280a
8a273102-c458-40b7-b908-a992115d9949,aa0a0b75-a049-49c8-a05d-75271c3c7823,821f14d9-7bc0-4e9b-94af-b8fcb6e5280a
2a84ac60-2006-4550-bc3f-5845577e5d9d,e8891a75-b9ad-42f7-9455-5e0d09d9ca23,702c5cb0-a610-4240-9bed-879c69cdb9e7
1255ac15-94d1-4cf6-851d-1ba0e0a3cf62,15ecd031-1b44-40d6-a1b6-2ad9d072c933,702c5cb0-a610-4240-9bed-879c69cdb9e7
c27707c6-eafe-4172-8fc2-f482b142b31a,edf0ba03-e696-4377-bf6f-51f4278d018d,821f14d9-7bc0-4e9b-94af-b8fcb6e5280a
4d481dd1-04e5-41dc-981a-b47ddf6f673e,71fdb871-2403-4f43-9abd-f4638682c372,702c5cb0-a610-4240-9bed-879c69cdb9e7
349091ef-1d91-4ef6-845d-449cb29a84f7,15176aa0-7336-46d7-a231-478ea6bccd32,702c5cb0-a610-4240-9bed-879c69cdb9e7
fe612537-ba8e-48b9-aadc-c7ade1481ff9,c6d55877-1ee1-4bec-8ee1-4fc3b654aceb,702c5cb0-a610-4240-9bed-879c69cdb9e7
9c552315-f031-4f17-a0a9-968b43e20210,3406cb25-d1dd-496a-b817-8b3814abc2b3,702c5cb0-a610-4240-9bed-879c69cdb9e7
0ab8a08c-0414-441d-86a3-7f2d5033f88a,90668e40-fd61-4794-9d50-29fe0627fa96,702c5cb0-a610-4240-9bed-879c69cdb9e7
39e9c87c-60d5-4b55-8a26-a0fb17a8abb7,92f33a51-685b-4191-870c-6746712bec3c,702c5cb0-a610-4240-9bed-879c69cdb9e7
6b9de84c-6d78-45be-8cc3-a2e03699dc8a,17987367-dd1d-42d3-a573-4fcc14a9e5f5,702c5cb0-a610-4240-9bed-879c69cdb9e7
68c5191e-e261-4efe-bf54-0a6a0ae18bf2,ecbabef7-b3e9-4411-aa52-b868ec493a84,821f14d9-7bc0-4e9b-94af-b8fcb6e5280a
89f3913f-b79c-4e98-9a43-e659f7aeaa9f,d43059fa-8f5f-4bd9-acbc-eafe9bf5714d,702c5cb0-a610-4240-9bed-879c69cdb9e7
330bdf17-c791-49b4-baa9-8ad55e4cc5c6,c653d65d-93e1-45e7-9ef1-430d53cc07a8,702c5cb0-a610-4240-9bed-879c69cdb9e7
9b2a1b72-280c-4367-934c-942c854bb7cf,0d34ab32-6f21-4758-a765-78bcb02b53d5,4934dc25-aa95-4f0b-80f6-da9704d700d3
c0a1f537-d030-4489-aa12-4e438ac03dbd,bd612184-077f-497e-9e34-d0459b1fad56,702c5cb0-a610-4240-9bed-879c69cdb9e7
c38ad799-9616-4870-832e-720355ecee84,8a412271-0aeb-4c8a-88e4-734254b81ad8,702c5cb0-a610-4240-9bed-879c69cdb9e7
fc42b4e3-2650-4bf0-bf59-bf1b417f1c46,ebb08155-6650-47fe-8bc7-4f5ea5f13f8a,821f14d9-7bc0-4e9b-94af-b8fcb6e5280a
4cba415a-fc82-409b-b73d-15a3dc5a554a,e772cd00-9aa6-4c3d-b326-e14b03850b21,702c5cb0-a610-4240-9bed-879c69cdb9e7
fccdf926-ac98-46a7-8527-bf59187bfdfc,f6b95221-4f76-4e1f-9e06-066cc4316970,821f14d9-7bc0-4e9b-94af-b8fcb6e5280a
96c9ad49-a195-4631-9e6d-80bbcce2b980,7afa067c-9301-41a1-a9f9-b631c9b770d1,702c5cb0-a610-4240-9bed-879c69cdb9e7
e3885518-3c51-4e96-9eaf-d3bd67cf0ec2,cb2392ce-424a-4107-9906-fa472b90419c,821f14d9-7bc0-4e9b-94af-b8fcb6e5280a
77b71ad5-167c-4865-bd9d-5778a1a5e3b9,b66c585b-f87c-4d51-a417-2445934689db,702c5cb0-a610-4240-9bed-879c69cdb9e7
b65a890e-95ba-4f47-b0f5-ca10f2e4ffd9,e668952e-60f7-4c60-bc60-132967e92feb,702c5cb0-a610-4240-9bed-879c69cdb9e7
370552ec-9578-490e-bf25-045548f88214,f7f0c2e5-952c-4bfa-9670-93b035225263,821f14d9-7bc0-4e9b-94af-b8fcb6e5280a
693dcd30-17dd-4afb-bcf5-ac9823dd1ac9,77329909-3a3c-4e4a-bef6-3e5ced242273,702c5cb0-a610-4240-9bed-879c69cdb9e7
57c24732-dfb2-4303-a913-ce90bf2fca9a,2e84519e-0edb-4d5f-a2eb-bcb690d27fa3,821f14d9-7bc0-4e9b-94af-b8fcb6e5280a
71a6918b-9c93-4d0f-b328-3d2b9fcd83e2,d5d52746-0b88-411a-acb6-e081a159f713,821f14d9-7bc0-4e9b-94af-b8fcb6e5280a
abb086f5-34be-40a5-ad43-92aa97e78878,fdd06f41-3dda-42ef-88fd-05342474416f,821f14d9-7bc0-4e9b-94af-b8fcb6e5280a
5fdcc742-e71a-4ebf-90a8-f71b6c40e1b6,d7061041-2217-49ea-8d44-7999706b17a4,821f14d9-7bc0-4e9b-94af-b8fcb6e5280a
1c05cf95-c57a-4f9d-8a3a-2b750ed4b29c,12551b7f-bb6a-4da9-abfe-34c3e1bffabc,702c5cb0-a610-4240-9bed-879c69cdb9e7
12f48633-91d5-4307-aee8-961275754360,2fb607fe-4477-4e1f-9f85-e1aa7069ba92,821f14d9-7bc0-4e9b-94af-b8fcb6e5280a
5f31e909-bcb6-4ec1-952d-cffc648f876c,fe069576-2aec-4cc3-9f68-832f8111e022,702c5cb0-a610-4240-9bed-879c69cdb9e7
d9bed9b1-5070-4d6d-b383-b6d3154a737d,430f8ff7-cd45-4630-bbc0-de323c1fe9cc,702c5cb0-a610-4240-9bed-879c69cdb9e7
16e392a8-f702-48a2-be1f-c4de6d278c08,eee196f4-01db-4c14-91d1-78ee037a2988,821f14d9-7bc0-4e9b-94af-b8fcb6e5280a
15d9226f-c9e1-41b0-adb4-76ea5b6bb2a7,35756f12-a621-4768-8e09-ac9f7469153f,821f14d9-7bc0-4e9b-94af-b8fcb6e5280a
6e5faf6d-78a3-44f5-9cb6-48deed5aa34c,c740f6d1-e9c8-4847-9314-2cae03f85f29,702c5cb0-a610-4240-9bed-879c69cdb9e7
992fc5e4-d439-4823-b3ec-081dab53c4a4,fdee33a3-6888-4628-a541-7247bfe97cef,702c5cb0-a610-4240-9bed-879c69cdb9e7
f8c8eb6d-0472-4574-a06f-e3f68b7e9f32,7a48963c-feb7-4c02-b355-8fa6009ca60e,821f14d9-7bc0-4e9b-94af-b8fcb6e5280a
cf13c31d-c929-4b7e-9199-650a11a0cbaf,0c20edc5-9492-4134-9810-2e5a08fde224,821f14d9-7bc0-4e9b-94af-b8fcb6e5280a
4a6d3bee-8b8d-4f77-acfd-22d2770b0eed,e04e284d-c3d3-40ab-bdf9-3c3ed0eba0c1,821f14d9-7bc0-4e9b-94af-b8fcb6e5280a
42ec2279-ce35-4e09-b07f-e443f2fb105d,51e822df-e5d3-4484-8edc-54d83fe5a37a,702c5cb0-a610-4240-9bed-879c69cdb9e7
658c27e2-bfd9-4c94-b4d2-5ae839132f62,86b193f3-e872-4582-b2e4-66e320ba15dd,702c5cb0-a610-4240-9bed-879c69cdb9e7
93fcb1e0-24ca-4953-90b4-4133cbee88ff,aef6d642-bb55-4a76-ba20-dfde85b0aa61,702c5cb0-a610-4240-9bed-879c69cdb9e7
9aa2384a-40ba-4153-932d-6c98c2cb7314,a671d687-4301-446f-bdba-910c84a970c1,821f14d9-7bc0-4e9b-94af-b8fcb6e5280a
55487eb4-8f34-4acd-ba1a-3cf14535206e,9d88fcf5-4298-42a3-8df9-8b4a911bf59c,702c5cb0-a610-4240-9bed-879c69cdb9e7
ccd10dfd-040d-4fa1-b315-d17e16689edb,7e9dad0b-2103-46f9-8099-b6bca174aabe,821f14d9-7bc0-4e9b-94af-b8fcb6e5280a
0f5a585a-0b8d-4d88-8133-248c329dcd32,30449576-a7fe-47b6-b7a1-401376dbb152,702c5cb0-a610-4240-9bed-879c69cdb9e7
cace4b2f-1ad6-425f-818a-c818def3e39e,f11b08f1-174c-4625-928e-6d8b25e47a48,702c5cb0-a610-4240-9bed-879c69cdb9e7
1b58e2c8-a7e7-4889-a814-06d6a9977aaf,6833eee5-6ecc-497e-b0fa-bf103e897d0f,702c5cb0-a610-4240-9bed-879c69cdb9e7
d3776f6e-4e05-456c-a237-0458c198c9f8,3ba83e1e-0458-4e52-9156-7b6537b27386,821f14d9-7bc0-4e9b-94af-b8fcb6e5280a
50ea1d9d-051b-49f7-96ad-c2dd63ddb303,96d8ecd5-2811-49e0-b6d2-b65629ba2172,702c5cb0-a610-4240-9bed-879c69cdb9e7
2a4ab1e6-c6f1-466d-b240-dbcf1edaa58b,e57086cc-df6c-4744-842c-f0160cfd5d82,702c5cb0-a610-4240-9bed-879c69cdb9e7
2bfc5add-c05c-436f-b88d-e1de069d7786,80ebde75-e24c-4bbf-a2a6-a972febc96c3,702c5cb0-a610-4240-9bed-879c69cdb9e7
85cfff96-7ff7-49d7-8d47-3a0884902f94,07fce774-f370-4a74-a3a4-f72a3b796c05,702c5cb0-a610-4240-9bed-879c69cdb9e7
3e4d5614-3e20-4782-b904-5bcc728401f9,80125b72-638b-46ea-86a9-e39da52c2779,4934dc25-aa95-4f0b-80f6-da9704d700d3
a66a637d-36ed-4120-9e0a-aa97740f95bc,1f037211-d0ea-4563-8cda-404dc7a3d0f9,702c5cb0-a610-4240-9bed-879c69cdb9e7
f9c269d2-d11f-431c-a7e2-5969b5d0518a,a8468255-9aea-4410-b1dc-bf0dddf3795e,702c5cb0-a610-4240-9bed-879c69cdb9e7
f146d202-740b-401f-a7e0-f18fe9e440f7,cb5788d6-5d14-47d6-a1d4-38755026b521,821f14d9-7bc0-4e9b-94af-b8fcb6e5280a
218cdf8c-9457-4591-84c2-e94b7eef2c50,b374d526-0a90-417a-92cf-88d8079e7f9a,702c5cb0-a610-4240-9bed-879c69cdb9e7
f569c200-fb9e-4be6-9f24-3ae10dd62051,7aa4c43d-fce4-4fdd-9e8a-14a9dd75e320,702c5cb0-a610-4240-9bed-879c69cdb9e7
8fa7edaf-c5fa-447e-89b5-397f68526804,ea26dc9e-9ac7-4b4c-b959-8cb0eee22ddc,702c5cb0-a610-4240-9bed-879c69cdb9e7
021a21ac-9121-446f-9cd7-47da77e9e256,7f1b9f19-6c78-4035-9faf-a5ae3ffc8b05,702c5cb0-a610-4240-9bed-879c69cdb9e7
d9975505-fa4f-4c4d-bbff-8428ac6e9f69,79aac572-88a5-42ab-86df-b1fb96607a2a,702c5cb0-a610-4240-9bed-879c69cdb9e7
3347a487-bbbe-4ced-9c6a-3d310a5ece8f,db777a5c-088e-4eb9-b87d-773167168d25,821f14d9-7bc0-4e9b-94af-b8fcb6e5280a
ddf2f549-c5c7-42c3-b3d3-127b3d347246,3b3d2aef-8f10-4c80-b086-314db4020254,702c5cb0-a610-4240-9bed-879c69cdb9e7
45024311-7366-4b3d-9059-5c8f090b0f23,e83adac7-276a-49b4-8e5d-54400a6f5661,821f14d9-7bc0-4e9b-94af-b8fcb6e5280a
e4399077-facc-4f7d-a646-6486d72884d2,b1a84940-ccfa-4009-bdfe-81eb0b76ab68,821f14d9-7bc0-4e9b-94af-b8fcb6e5280a
cee12fb2-0394-409b-a85c-0f0f4ffda469,558c542e-0e2e-402f-909e-ce931820c389,702c5cb0-a610-4240-9bed-879c69cdb9e7
1c3a62b6-bd9a-4566-b117-3c0a7f445fd4,117f618f-e74a-4412-8234-c7f71b1c9337,702c5cb0-a610-4240-9bed-879c69cdb9e7
b37528d6-f2bf-409d-8baf-2655b13891a1,68f17589-1d9f-4f71-8099-f43937b4cd67,702c5cb0-a610-4240-9bed-879c69cdb9e7
24457481-0e12-49cf-a124-19e1060445f5,a8219d9d-9521-4a5a-a35c-202eceb5a533,821f14d9-7bc0-4e9b-94af-b8fcb6e5280a
2f92d598-dd45-45cd-939b-73c4499dd5f3,100be2e8-17aa-4f2f-b23d-0cec0566eca2,821f14d9-7bc0-4e9b-94af-b8fcb6e5280a
44bf21dd-2bd2-438b-9d7a-ed77c9f983fd,22834663-3ef3-4866-a492-ecb150e01a6f,702c5cb0-a610-4240-9bed-879c69cdb9e7
8f4e8bdc-6604-4c77-8fd4-c2aadf3260d5,004367cd-f785-4912-a11e-30c792a6298d,702c5cb0-a610-4240-9bed-879c69cdb9e7
f5bf18a0-728d-4a7b-be07-d1a8119b1c34,fe86521d-d7ce-467c-afd3-9af756fa120f,821f14d9-7bc0-4e9b-94af-b8fcb6e5280a
c4657fa1-5a58-4647-9cdc-cdfdda910870,2b92babd-4eb9-4d09-a367-5710194bc61b,702c5cb0-a610-4240-9bed-879c69cdb9e7
6408f81f-abc1-4aef-b94e-7e8252005617,32fd53bb-45b8-4bca-b603-b00a63364346,702c5cb0-a610-4240-9bed-879c69cdb9e7
6f1892b2-9be3-4b5b-b432-0eb8f255eac8,198ae7a0-561f-47c3-8a9f-886f3ed105c5,702c5cb0-a610-4240-9bed-879c69cdb9e7
11bcc3d0-5b9d-4523-92c9-5abca732b15a,3213be30-bb37-45ed-9e13-fbc91dc3e120,821f14d9-7bc0-4e9b-94af-b8fcb6e5280a
6208640e-225d-4942-9869-f3d2922c02e5,4e78b243-2d67-406d-8551-cefd20f4c216,702c5cb0-a610-4240-9bed-879c69cdb9e7
a67ebbc5-e09b-4018-be3b-b700e1beebcd,c5a2b305-2dba-4ce8-842f-f5d32c7eb099,702c5cb0-a610-4240-9bed-879c69cdb9e7
495e5c70-8cd5-45b4-9191-4dff05ac2978,433832a3-6e38-4400-aea5-ea0377e0f7de,702c5cb0-a610-4240-9bed-879c69cdb9e7
4da37f37-d530-48cf-8a37-af8f34edc782,05507601-9929-49f3-bc0b-7ae84d76b1e2,702c5cb0-a610-4240-9bed-879c69cdb9e7
cfb87146-b742-4c00-8587-fae0c0c052bf,788cb013-d6cc-4870-bc67-2f14ed22aaef,702c5cb0-a610-4240-9bed-879c69cdb9e7
657fd846-931b-4eab-b0be-c5b0c4b90ada,75a18b42-b53c-44f0-b7c8-3c5fef68453b,702c5cb0-a610-4240-9bed-879c69cdb9e7
39079ad2-70db-42c6-a3ed-52571666fc23,71c1479f-324e-4aa4-a15d-35f93da71ec6,702c5cb0-a610-4240-9bed-879c69cdb9e7
f6b5a23e-0057-4679-8a47-76ca83efb596,1c4b4609-13ab-4031-afa5-f3c2609d6a2c,702c5cb0-a610-4240-9bed-879c69cdb9e7
974d890d-6c42-4f3b-9a88-3fc015b38d6b,cde07729-37dd-4c22-8700-e7b116b72529,702c5cb0-a610-4240-9bed-879c69cdb9e7
b0d8e7cb-a1e7-4ec6-882a-ea34582e1b33,1670ab69-6e8d-4dff-a40f-26f2bdf48133,702c5cb0-a610-4240-9bed-879c69cdb9e7
3bed1189-982b-47fc-8549-fe7669c1f647,4b7af228-2365-4a6f-8771-065aa8908c56,821f14d9-7bc0-4e9b-94af-b8fcb6e5280a
3f25894e-37de-43ab-902d-687390a6c1b3,66849edd-6c91-4eab-94a3-e9829cb7224f,702c5cb0-a610-4240-9bed-879c69cdb9e7
edb59559-8b95-4f54-90c6-fd7b6a8af4b3,f0f473f4-b7d9-43fa-bd22-cae398a27577,702c5cb0-a610-4240-9bed-879c69cdb9e7
f30aacab-48e6-4e56-96fd-999867c14439,4bd6dc04-8851-44c2-9b91-38408b3c159a,702c5cb0-a610-4240-9bed-879c69cdb9e7
bab702a0-1308-4a11-b266-ed43e4140bea,3eeb89fc-cb3d-4cfb-92b3-47fd686b96a3,702c5cb0-a610-4240-9bed-879c69cdb9e7
5bb5b5ec-f011-42da-b9aa-bacdc53a698b,627b664f-4c50-45d5-ade6-d7cd6e419fc6,821f14d9-7bc0-4e9b-94af-b8fcb6e5280a
7bdb29f8-5147-4d92-b1af-00a2c5e68900,6a44df31-0e40-445c-9c9a-7c2efe17b6d3,821f14d9-7bc0-4e9b-94af-b8fcb6e5280a
f73ee265-cfd4-4b5d-8bd1-bdd58ac705be,cac34d88-b934-46ec-8fce-28bb0eb7dac0,702c5cb0-a610-4240-9bed-879c69cdb9e7
d4add4cb-59c1-4f1d-a397-558e690b1aee,f4a3c1ba-0a6a-4949-a850-06a535faa167,702c5cb0-a610-4240-9bed-879c69cdb9e7
b8ad7fa4-a3c1-4509-9623-7c73b0b6462d,a4e3a2f3-f6c2-49e7-98d3-8f6bd35a7e12,821f14d9-7bc0-4e9b-94af-b8fcb6e5280a
cebf01ca-f72f-4f8b-8cff-91fb05b4f9ef,17f2df2e-b365-4abd-a695-0dd8d6ee74b1,702c5cb0-a610-4240-9bed-879c69cdb9e7
708727b6-369d-445e-a9fd-73223c371f71,ce9fd9dc-0867-4529-809a-3117a20dff44,702c5cb0-a610-4240-9bed-879c69cdb9e7
d75a7a2f-b4be-4fb1-9633-522b0748a8df,291e13f4-1897-4998-b941-0959d3cb43d5,821f14d9-7bc0-4e9b-94af-b8fcb6e5280a
1a5e5875-fbb6-491a-8e10-5543ebaae811,ec9784f8-9513-452d-b6f3-2adac7c99908,702c5cb0-a610-4240-9bed-879c69cdb9e7
344a62b9-cba7-4a36-b360-07ba43b20034,69b547ec-3b18-492f-878e-f4e53bea57d7,821f14d9-7bc0-4e9b-94af-b8fcb6e5280a
2439dd26-6c64-4ec2-bfd5-b60b93330bc5,8ebb12c7-99a6-41f0-bcab-8ed4f44cf9c4,821f14d9-7bc0-4e9b-94af-b8fcb6e5280a
b86d825c-3c02-41d0-ac6f-2187763d27ca,50292c00-ed54-4833-b57e-704b8f459973,821f14d9-7bc0-4e9b-94af-b8fcb6e5280a
10ddcabc-bea8-4f45-96aa-3a27c514dede,29f87240-783c-4efd-a43a-05c7f7d2296e,821f14d9-7bc0-4e9b-94af-b8fcb6e5280a
c19d3cee-d552-4a3d-ad4f-da47d25f54a4,53e3e707-15a6-4a6a-b75c-b476b9dabe87,702c5cb0-a610-4240-9bed-879c69cdb9e7
e4185b2b-d858-42b2-9c94-2c55d204068f,051ac3f6-761e-408e-b4df-e236cdee2c69,821f14d9-7bc0-4e9b-94af-b8fcb6e5280a
2e786ff8-491f-4602-89de-0a594b3dd9c0,7612e7bc-c769-4dcd-8c79-e9c1a2864b82,821f14d9-7bc0-4e9b-94af-b8fcb6e5280a
f2605825-e42a-48ee-8d33-b4da454b2dc2,586ebdb5-2b38-4917-ab14-d00edd1e6ca3,702c5cb0-a610-4240-9bed-879c69cdb9e7
8c12bddf-e68d-457b-8749-640673e179b1,269a1991-e7d9-4204-ba6b-88a0239711f6,702c5cb0-a610-4240-9bed-879c69cdb9e7
0485ee16-3171-4aa9-aca6-7169fa1778ef,71e15309-f862-41d8-b6d2-bb3385b25bb6,821f14d9-7bc0-4e9b-94af-b8fcb6e5280a
36945b59-47df-441c-b793-69e2254e90a9,ce3e8c61-5431-4ff5-ae05-2b3de75fac62,702c5cb0-a610-4240-9bed-879c69cdb9e7
bfecad87-16db-4c19-a0b5-71e3ab748a7c,80d97f06-547b-4646-9f04-6242149b5c80,821f14d9-7bc0-4e9b-94af-b8fcb6e5280a
b2517272-880c-4934-9603-e68f2965ba73,723cc4d5-40bd-449d-8f73-77224440f22e,702c5cb0-a610-4240-9bed-879c69cdb9e7
adad0ed6-8ce3-4abb-8afa-421285c9d73f,a01b7a5c-1497-40da-940b-4f564436a3ed,702c5cb0-a610-4240-9bed-879c69cdb9e7
d6d199e4-3973-41f2-8e12-cc0c4bfc095c,a35ca728-12d7-4219-b8b4-f1ef04a00fb1,702c5cb0-a610-4240-9bed-879c69cdb9e7
ce493c34-806d-4a24-998a-4a0187f67b00,53c2022d-8855-48c6-822a-654f88c2cffc,702c5cb0-a610-4240-9bed-879c69cdb9e7
1feb901a-4a2c-4079-a7f0-1dbeef3406bc,3514f27c-cf52-4385-bdac-9cf94c7e644a,821f14d9-7bc0-4e9b-94af-b8fcb6e5280a
44ca29b8-8cff-4c3d-ba01-3a1d17094623,250e86d6-e81f-4534-8c5f-316a35ee0760,702c5cb0-a610-4240-9bed-879c69cdb9e7
bd681c81-ced5-4f80-8f6a-0aa43e0b5d5c,95230c13-939c-499b-bdff-1c624ad12e6b,702c5cb0-a610-4240-9bed-879c69cdb9e7
3ae34f94-f1bf-41f5-a90c-845325c5b604,74c71a28-3239-428d-8a0d-daa3391e6263,821f14d9-7bc0-4e9b-94af-b8fcb6e5280a
229bd670-0dbd-4cfb-9a6f-d8f40d553352,4443892d-431b-4b8c-a6b7-3680e76f51d0,821f14d9-7bc0-4e9b-94af-b8fcb6e5280a
e0b0a365-83ee-41bd-914e-90b969a3e780,30559eb1-4ef2-4188-863e-5671898cf1b6,702c5cb0-a610-4240-9bed-879c69cdb9e7
480d3c4c-d6c3-4139-a47d-30de7e9e6f42,36f0917e-3416-477d-931c-411457116168,702c5cb0-a610-4240-9bed-879c69cdb9e7
517e1627-4e05-4420-8567-d8f8936bcafe,4d83862c-2510-48f0-bfaa-3bb6bc4f13a5,702c5cb0-a610-4240-9bed-879c69cdb9e7
fe47d999-06d4-45de-9675-b079ceaf9462,c19e4673-a628-487f-86b9-1d7f6a40f78b,702c5cb0-a610-4240-9bed-879c69cdb9e7
f4814a71-fb58-4f79-bc32-20d3ea2560fc,b168fb97-b29e-43b1-a9d2-df8139c09b4f,4934dc25-aa95-4f0b-80f6-da9704d700d3
839f3563-27a9-47e0-a078-b702461c285b,fcdc1383-ddeb-422e-a497-cf0de91ec1cc,702c5cb0-a610-4240-9bed-879c69cdb9e7
f7e88454-2855-41b2-98b6-263ce36ca5b2,e31685c9-0ac8-4478-bcfa-17ee25308730,702c5cb0-a610-4240-9bed-879c69cdb9e7
2d35c36f-4989-478d-83ee-488f635f2c32,8ecc5466-8002-42e9-a5b9-3e2a8c77f34a,702c5cb0-a610-4240-9bed-879c69cdb9e7
c0b27f5c-d0bd-4c58-bd0c-2521ae230dfa,9e56464a-c731-4d88-ae49-8283ab91d3fd,702c5cb0-a610-4240-9bed-879c69cdb9e7
3283ee5d-79d3-41e8-8f78-31ee04acb99d,d306a84e-b18c-45a8-a9e7-7d0487b62e96,702c5cb0-a610-4240-9bed-879c69cdb9e7
6de13afe-6a39-4bf2-a7f8-4c3b42209817,d4dc6c22-6bc2-4a79-9d74-61a4d034fa63,702c5cb0-a610-4240-9bed-879c69cdb9e7
085cd1f6-4d4f-4a1b-8db2-66bd75ed16b8,e7cc64d2-c8d1-45d8-b8c0-5ca11429274c,821f14d9-7bc0-4e9b-94af-b8fcb6e5280a
817211e5-7d3a-4a26-99db-c168c7ff300f,4473e67f-35b9-4854-a77f-0d2d2bb076b2,702c5cb0-a610-4240-9bed-879c69cdb9e7
1cfb2275-b410-4810-ab74-8410532a2b12,fbf48082-402d-4c63-9ab9-330e881770b1,702c5cb0-a610-4240-9bed-879c69cdb9e7
b5fd2553-72a5-4ea3-ad40-7706ebbdc73c,36032aad-0aca-4d77-b266-0463e38b832e,702c5cb0-a610-4240-9bed-879c69cdb9e7
fd430039-39e9-4de4-b74e-d083080eb566,27237eec-50ee-4c94-a643-278e33238442,821f14d9-7bc0-4e9b-94af-b8fcb6e5280a
b41f3e45-2e88-4dd4-aa4f-902d4b909d3f,d9ff1c95-9569-4ccf-9c39-9e7af64d9e54,702c5cb0-a610-4240-9bed-879c69cdb9e7
5c3e0c41-1539-48fc-a1e1-aba87af06ea1,e180c4d6-8dea-4b9d-a42d-8c58eb9268d4,821f14d9-7bc0-4e9b-94af-b8fcb6e5280a
d7811346-dab4-4c2c-82b6-088a641ed32b,4a9f58ef-c700-4fef-946a-90614517aadc,702c5cb0-a610-4240-9bed-879c69cdb9e7
ca73293b-301d-4798-b777-52f66a80c3c1,88430e3d-3aa4-47b6-ad51-c7b245ca703a,702c5cb0-a610-4240-9bed-879c69cdb9e7
ab26ead2-93d6-4573-a53a-bc23a2497f0c,6ea2e9b4-3608-4898-970d-e8c2f193eadd,702c5cb0-a610-4240-9bed-879c69cdb9e7
a0054b77-268c-4f0e-82f4-5f50eab7e38f,f0bdf3ba-df06-41b1-9325-09fc1beaad07,702c5cb0-a610-4240-9bed-879c69cdb9e7
f762606e-8597-40d8-b732-967d02bbac3d,4845d131-9af2-46c9-92cd-701322a02239,702c5cb0-a610-4240-9bed-879c69cdb9e7
02e07370-06a5-4ba6-a782-e855efebb8b8,0e0b1f60-f1a0-44e6-83f7-16679d5413ca,702c5cb0-a610-4240-9bed-879c69cdb9e7
b6c584e5-b978-49a5-adb0-9c6304a001cc,6521f999-fd1d-4d5f-bf2a-6d23fe2b798c,702c5cb0-a610-4240-9bed-879c69cdb9e7
74381b9f-fc8e-4548-848f-3d5bb6446102,1238ad05-79e5-430f-9da2-72604bbb3e18,702c5cb0-a610-4240-9bed-879c69cdb9e7
a3f65368-0a80-4d81-8246-12a5e8966cbc,2c694a39-1a51-4c1a-a371-f379f8fda308,702c5cb0-a610-4240-9bed-879c69cdb9e7
98084428-cd69-49d9-812f-8b81c949cb73,e42e6f9d-c574-4eb9-8e3c-7b82446ebc92,702c5cb0-a610-4240-9bed-879c69cdb9e7
c1b3fa50-ed39-411a-ba4e-def531c58a2c,4111f94b-b729-4b47-adfc-5175968dd35a,702c5cb0-a610-4240-9bed-879c69cdb9e7
6107f9fb-d5c9-48c2-b5c3-92c52992aa56,5eed26aa-eefd-4dc9-88f4-cbe638b1c671,702c5cb0-a610-4240-9bed-879c69cdb9e7
e196eb67-f136-4269-a12d-3513071fad7d,59476638-7965-4490-a17a-f67ff2364663,821f14d9-7bc0-4e9b-94af-b8fcb6e5280a
6f12063c-c5b0-474f-96ab-834d9f6c91ad,97097b0d-5d52-4fd0-b772-fe9e9ce021fa,702c5cb0-a610-4240-9bed-879c69cdb9e7
a15cdb18-d6e4-42be-bf59-9f85086f4d36,49695896-42cd-431b-b42b-1cf7174d29b8,702c5cb0-a610-4240-9bed-879c69cdb9e7
a96157c2-9826-42dd-9479-14a3155ad330,bfee7763-ac2b-4a1d-990d-b79105fefce5,702c5cb0-a610-4240-9bed-879c69cdb9e7
43ecf231-e9b5-44b3-97d0-7835456b5c89,d12c85eb-a8d8-453e-9cc0-5b08de5b306f,702c5cb0-a610-4240-9bed-879c69cdb9e7
81c630c0-c9da-4099-8a68-4b123f5d1494,4be006a7-9dba-487d-a79e-eca8cf49da64,702c5cb0-a610-4240-9bed-879c69cdb9e7
564b82de-7665-4d75-b016-b8e9e2637aa4,bedd81ad-5844-412b-80e9-a4dcc7c1ab3b,702c5cb0-a610-4240-9bed-879c69cdb9e7
d2590e47-7004-4d2f-aadb-7aee407549c5,310415e6-836f-4328-983d-392fc09ff47e,702c5cb0-a610-4240-9bed-879c69cdb9e7
9623eeae-b982-459e-a203-d2f40f611193,ad63233e-be5e-43b6-a052-27b5b71e393d,702c5cb0-a610-4240-9bed-879c69cdb9e7
dfee085c-423f-4ca2-914b-aae6320c4341,aef5555d-8a9f-40cd-9ca2-c7b3599b9c14,702c5cb0-a610-4240-9bed-879c69cdb9e7
121bddba-3506-49c2-86ac-38552000a337,8841ef4f-102a-4d70-a22b-bca0e8b94000,821f14d9-7bc0-4e9b-94af-b8fcb6e5280a
4d49f022-6938-4b81-8605-dd6878729802,a7034c05-979f-45e0-b1c0-b0794cb99202,821f14d9-7bc0-4e9b-94af-b8fcb6e5280a
93f3ff58-868e-4dd3-a78a-f5461c00ec23,098c4ec8-2878-40fb-84a4-7b001db9c6ef,702c5cb0-a610-4240-9bed-879c69cdb9e7
00a78021-e808-4de7-83f5-aa88eab42e28,7754d76a-d2f1-4ad7-9d41-db25f99985ae,702c5cb0-a610-4240-9bed-879c69cdb9e7
cab58d12-dbaf-4ba5-a017-8794182ce0b2,32a20c70-18dd-4103-aa7d-3c5e5c49d62a,702c5cb0-a610-4240-9bed-879c69cdb9e7
95ccf6f5-73fe-46f4-9956-4811723037f0,75668a33-ddcd-43ca-b66e-056cb19a5856,702c5cb0-a610-4240-9bed-879c69cdb9e7
9b3a3968-2e93-4d7a-a5bf-70805dddfae5,df758b0b-a586-42bb-b43a-d9c9b6fc70e6,702c5cb0-a610-4240-9bed-879c69cdb9e7
4bfeaf67-6a65-4ef0-84b0-918a5e63d2af,feb7431d-0b1a-4d69-b3c9-9de8f24b536f,702c5cb0-a610-4240-9bed-879c69cdb9e7
d0ded193-18b6-48ca-ab3f-05eafd7cb5ba,b98efd9c-2f51-4553-9bdb-d4c71551ced4,702c5cb0-a610-4240-9bed-879c69cdb9e7
3e89ac9c-9a8b-478a-9c78-2404463d92e4,ba4267fd-edde-4277-acab-acda9f101828,702c5cb0-a610-4240-9bed-879c69cdb9e7
597ef18d-b740-4f85-b699-9d9044a9b667,35fb167f-ebfe-41f8-882c-b0c4c5d21796,821f14d9-7bc0-4e9b-94af-b8fcb6e5280a
2a56ed26-c982-4f78-807d-ef15f96fdda2,45ad2641-81ed-495d-a9bf-1c6ed425cef6,821f14d9-7bc0-4e9b-94af-b8fcb6e5280a
a715db25-85de-4f69-a2e4-98aebbba7903,1488778f-759f-4890-b979-ba40a5624d3d,702c5cb0-a610-4240-9bed-879c69cdb9e7
2acfd9b5-68a5-4e75-8dd5-05b88ecd20e9,72d20941-623d-45c8-beff-4452058d1d44,821f14d9-7bc0-4e9b-94af-b8fcb6e5280a
98ca2f6b-68e9-415b-8757-fcd42050dd31,29618569-2084-4db5-b874-9c1b826cf500,702c5cb0-a610-4240-9bed-879c69cdb9e7
46c81c9d-c687-4944-bd06-a2e3ad511615,4fb76341-66e3-4eb5-802d-073e525e66f7,821f14d9-7bc0-4e9b-94af-b8fcb6e5280a
f49bb445-1543-450b-a1f7-34b37999ca08,5d6c59fd-f11a-49aa-9d7d-0f3b5c1b1af2,702c5cb0-a610-4240-9bed-879c69cdb9e7
34311bdc-0aa2-4ded-a09d-4289e21136a5,77d9576b-d566-49ee-840c-baaa4f0e3cce,702c5cb0-a610-4240-9bed-879c69cdb9e7
37c88e5e-9d78-4027-88c3-4080458e0fec,43513fef-2eb8-4fcb-ad0b-122d9656d751,821f14d9-7bc0-4e9b-94af-b8fcb6e5280a
51e2c4b4-18e8-4cdd-bbc2-145a9aa8397e,68835fe9-ccf2-4f77-91e6-0162eb70f9a7,821f14d9-7bc0-4e9b-94af-b8fcb6e5280a
4929c167-405a-44ba-be4c-e4868b7f347b,af887b86-8f6c-4d3d-9c1c-de46ef0a5890,821f14d9-7bc0-4e9b-94af-b8fcb6e5280a
a251d8a8-da83-4a4a-be6d-6b748794b20e,dbe8c8a5-6cb1-4185-a71b-f26f3bca0a82,821f14d9-7bc0-4e9b-94af-b8fcb6e5280a
1ee50d31-1832-4545-9301-83ed939bc448,2b993a7c-3f43-4544-bbaa-aa3adba53e22,702c5cb0-a610-4240-9bed-879c69cdb9e7
ac6dc83f-e25f-4267-b070-26e9b61c3414,10371d97-a4c9-4671-9fac-84bb0287e828,821f14d9-7bc0-4e9b-94af-b8fcb6e5280a
9be2cf87-3ddd-43d4-b2ba-5150073d7722,be13b92a-b603-47b9-bc0f-514ea358eb1b,821f14d9-7bc0-4e9b-94af-b8fcb6e5280a
da16d215-0c59-43db-8b8b-87f1dd82c4fb,a290c39e-0786-498d-a475-5efd37e079f0,702c5cb0-a610-4240-9bed-879c69cdb9e7
5d1d1941-8054-49a9-986b-7d2032de826f,5fe9831c-a2d3-4fe2-b7a5-7224b35449b1,821f14d9-7bc0-4e9b-94af-b8fcb6e5280a
ff432beb-1d2d-4fdc-a1af-85194dc4e03e,984a34db-47d8-4ee6-87ba-be4ffe6c94f7,702c5cb0-a610-4240-9bed-879c69cdb9e7
eaa19b5a-86fa-48d2-a887-f3e178c88239,9e38d62a-441d-49db-9c6a-d4588ac8cd31,702c5cb0-a610-4240-9bed-879c69cdb9e7
b0a6539b-eade-46d9-9d00-ead34a0ff295,bd93ecc1-af9e-41e1-927b-6e478e08a7a6,702c5cb0-a610-4240-9bed-879c69cdb9e7
3e029194-d7c5-4707-a36c-f10f62667783,1be835ad-ece7-47be-b0e2-4b2356f5634b,702c5cb0-a610-4240-9bed-879c69cdb9e7
37314f32-8388-4534-876a-796195f2cb65,1b40d546-38e2-416a-a0aa-55791200afd2,702c5cb0-a610-4240-9bed-879c69cdb9e7
152c5a8d-0c52-43df-92aa-fcd25ddad9dc,f391c751-00de-4113-8675-6cd54e2de3cd,821f14d9-7bc0-4e9b-94af-b8fcb6e5280a
f7cd0c61-4aec-45e9-9ffc-3a8df7c7bba8,1e51b724-dc40-4e2a-a6fd-cdfb9c4ae369,702c5cb0-a610-4240-9bed-879c69cdb9e7
a5cbe232-9359-4203-88b8-0867acfc6ef4,2119b95c-3fcb-4e17-a877-0670a497b54e,821f14d9-7bc0-4e9b-94af-b8fcb6e5280a
89edc63e-3143-4d5f-a820-b12caf30a0a2,0c294241-568e-4225-87a0-12a4ef44aa83,821f14d9-7bc0-4e9b-94af-b8fcb6e5280a
fb80a806-6a6d-42c0-b67f-ebb7a48833ae,c36cdeb0-7545-4ac3-a658-520251d074fa,702c5cb0-a610-4240-9bed-879c69cdb9e7
54146f76-96cc-4324-93cd-38480205a2fa,7550d976-772e-4e72-8baf-439e7d939232,702c5cb0-a610-4240-9bed-879c69cdb9e7
09c3758c-91ff-4c61-b0ca-0ededc8514c8,1be8f057-f313-4050-81bc-e39f7fec589c,702c5cb0-a610-4240-9bed-879c69cdb9e7
443c427e-24a6-45de-9090-fcdd8e191182,53461bf0-f528-4776-91a0-5ddf748e0e7d,702c5cb0-a610-4240-9bed-879c69cdb9e7
b6b59d35-3c59-49d8-ad54-97077d153894,88e7ba15-c70a-459e-b086-809552bbb8e3,702c5cb0-a610-4240-9bed-879c69cdb9e7
b9430ff5-982e-4cfa-b75f-0bdcc42215dc,7fb8f632-e089-4c37-8fc4-71e35d8d273a,702c5cb0-a610-4240-9bed-879c69cdb9e7
970402de-5a9e-44e2-b08b-19098cffbe38,dc9f0e16-e323-4e6c-a611-6b1576499a18,821f14d9-7bc0-4e9b-94af-b8fcb6e5280a
0f76c76a-6bfa-4f96-be8b-b96ac9523657,897e44c0-af3c-4217-b631-ced489e0562e,702c5cb0-a610-4240-9bed-879c69cdb9e7
9362e75c-16ce-4aab-aad3-a6530daab605,e6410fb2-4742-4f58-8aa0-0409b295ebab,702c5cb0-a610-4240-9bed-879c69cdb9e7
327d0baf-e7d0-413f-8522-4e799974624d,940f87ec-aa68-49cf-a7f1-7499676bb552,821f14d9-7bc0-4e9b-94af-b8fcb6e5280a
eb96e57b-f360-4983-bad7-83b2d2b690dc,d84d1bbd-6de3-4465-95ea-99cb594d677e,702c5cb0-a610-4240-9bed-879c69cdb9e7
aac75bb6-7d92-46fe-8c8d-a1f0228df6f0,0df7f00d-1e7c-4f1f-b033-4efe51872b64,702c5cb0-a610-4240-9bed-879c69cdb9e7
5468df4a-5579-46bd-85bf-9859cc727c0c,46160f6b-e318-4f4b-80a2-39be0fb2fec5,702c5cb0-a610-4240-9bed-879c69cdb9e7
ec242b2f-9c4b-4188-8dcf-8909dbb64dd4,6dc86ffa-8f47-4dc8-9b75-2638c5fe9c1e,702c5cb0-a610-4240-9bed-879c69cdb9e7
04a4f7c4-22e7-44f5-940d-6cc888660836,2b6fb7d3-4685-4aa4-99e8-960bc21d4b8a,821f14d9-7bc0-4e9b-94af-b8fcb6e5280a
abcdd0fa-202d-4726-8e7c-4cb92b7f58f0,0ab7f11f-2d48-4d61-bdbd-c761bf26d391,702c5cb0-a610-4240-9bed-879c69cdb9e7
d1022838-24b2-47c5-b3f9-1dfe9e232458,d23e4503-c202-4e54-a1f9-c4880847153c,702c5cb0-a610-4240-9bed-879c69cdb9e7
2fa18d84-4fca-498e-a974-d1323f1a0913,07f6cc95-c424-4b12-962a-cd12fb6f6432,702c5cb0-a610-4240-9bed-879c69cdb9e7
f3b73643-8986-4e8b-8fea-9f3c0404cbca,f9f97366-5191-4ca1-8afc-b2e305c4521c,702c5cb0-a610-4240-9bed-879c69cdb9e7
89275557-8a18-40a8-81e8-23b1787069b5,946751bd-4ccc-4f76-a4e1-bbcda71e6ea3,702c5cb0-a610-4240-9bed-879c69cdb9e7
68ba3fc2-4e44-423f-82a7-a4993d5228e9,9496365d-8487-4b96-a9b9-881fa8a39444,702c5cb0-a610-4240-9bed-879c69cdb9e7
d424b951-1aef-470b-98e4-76d2a63ca7fc,f7b5341b-a78a-4633-8ce2-691ac0366bb3,702c5cb0-a610-4240-9bed-879c69cdb9e7
4c87a31d-8b69-4e25-a416-e54966521c76,6491c042-5e19-40c7-ab8a-6c879e98987f,702c5cb0-a610-4240-9bed-879c69cdb9e7
54013627-da82-470b-a411-d96b1f9467be,598b7e30-097e-4f86-9cbe-b5966778395b,702c5cb0-a610-4240-9bed-879c69cdb9e7
d6125ff2-7ceb-4135-8eb1-c5b2651b9b64,3532e96f-5d15-4667-9627-b0ad609466d0,702c5cb0-a610-4240-9bed-879c69cdb9e7
8a46224a-164f-452e-a15b-6389d84e3a37,cb5eb548-4dd0-4838-8c1b-07f291e5aab1,702c5cb0-a610-4240-9bed-879c69cdb9e7
a737ba7a-3c37-461b-9997-f1cf81608d81,79eaecdd-f361-48a6-8f69-5a7de18d9e6a,702c5cb0-a610-4240-9bed-879c69cdb9e7
92a9882d-2258-435c-89bd-13c589ead513,2884014d-b374-45ec-bc0c-c1617474655a,821f14d9-7bc0-4e9b-94af-b8fcb6e5280a
1c9ca25d-1d0a-44e5-9756-ad9bbb35a2fe,f9bcb0cc-6289-468e-83dc-27908d9718b4,702c5cb0-a610-4240-9bed-879c69cdb9e7
75ad6a3c-9cca-466d-8d94-359a46d1141c,4c53da10-c88c-4961-8c69-a22c0d7fdf63,702c5cb0-a610-4240-9bed-879c69cdb9e7
7c4052f7-e29b-4d1a-ab5d-a1a6c1ac2df3,b448059b-3324-4271-a9dc-683320f9e8e3,702c5cb0-a610-4240-9bed-879c69cdb9e7
e720ac71-59ae-4410-b34e-533df48b6b6e,07c79102-938e-4ee3-a4fa-0fefbd4c0718,821f14d9-7bc0-4e9b-94af-b8fcb6e5280a
f5bbec9d-33fa-4f73-9f83-3eac6073d38d,104e05b1-5fce-4f5c-b3e7-7944d2bf52cc,821f14d9-7bc0-4e9b-94af-b8fcb6e5280a
8b7625e1-5941-4bb1-ba66-4e647ae48530,ca1a1b3f-da3e-4767-a377-fac20901b88c,702c5cb0-a610-4240-9bed-879c69cdb9e7
acf27ff0-9100-439e-9bc0-d2dd000acd30,1e4aee9b-6aa0-4357-bd73-42df8d6826a4,702c5cb0-a610-4240-9bed-879c69cdb9e7
1afe9068-f543-46b9-97b7-acf1ab0fb200,e8c38507-ac3e-408d-bba4-15b40679f8da,702c5cb0-a610-4240-9bed-879c69cdb9e7
530e7f85-6d46-42ee-879b-2deae026bfdb,45d16c19-3340-4b54-bc16-8adeca0e83f4,821f14d9-7bc0-4e9b-94af-b8fcb6e5280a
4886c5bc-9e49-4851-8f57-c260c3ccab05,ae9fba19-7f36-4216-97e2-bb6d2bda1704,821f14d9-7bc0-4e9b-94af-b8fcb6e5280a
b6cb59dd-72f1-49af-a4d9-7057c342034b,9ec9d579-4b8e-476a-948a-669a5c6bf4cb,702c5cb0-a610-4240-9bed-879c69cdb9e7
6dd2177c-3411-46f9-ad83-4597628ebf7e,3be6c927-b57c-474b-a67d-da543a19c98c,702c5cb0-a610-4240-9bed-879c69cdb9e7
58020045-c719-4f49-a164-0678b67a1ad8,a9c3d287-4a37-4aa3-8ec2-ef9d67dea5b7,702c5cb0-a610-4240-9bed-879c69cdb9e7
18e2bdb9-d72f-4f9e-84e4-2fc5d6e9a91d,cc31806c-786b-489e-837d-ea82ef86b5dc,821f14d9-7bc0-4e9b-94af-b8fcb6e5280a
03a6ae85-2bae-4baf-8faa-99580d3d216a,e6a8a7a4-c6df-4669-8402-663563496878,702c5cb0-a610-4240-9bed-879c69cdb9e7
0a1474b4-90d1-4ce1-b895-a2a25df21810,61bd6214-f7c8-46a3-939b-ad8689fc46ff,821f14d9-7bc0-4e9b-94af-b8fcb6e5280a
a0afd60f-07e5-4d5b-a957-97d2b85e9f26,d60b0f3e-7c47-49d4-bc39-1a45a136f80f,821f14d9-7bc0-4e9b-94af-b8fcb6e5280a
85dd1676-dcf9-4d5d-8408-e0f1700b62ba,40ef8571-f8a0-496a-80dd-efd29a098e2c,821f14d9-7bc0-4e9b-94af-b8fcb6e5280a
eec1ba0f-200e-487f-9176-01ffa611123e,1cd87dcb-0597-413a-a0a0-b46c650e76e0,702c5cb0-a610-4240-9bed-879c69cdb9e7
b596eca8-f946-4837-a90f-002d69f93ab8,52219759-cfba-453c-836a-05be2100a6f9,821f14d9-7bc0-4e9b-94af-b8fcb6e5280a
61c0e21b-452d-4ed8-acf4-ede93814ed8e,1c7aaee8-909f-420f-86ac-bd2f0d9879ca,702c5cb0-a610-4240-9bed-879c69cdb9e7
8f1b030e-0dec-4e30-b234-6e614c1449f7,48cd343d-9d41-4fa9-9817-751e21b14744,702c5cb0-a610-4240-9bed-879c69cdb9e7
ceead7ee-a1bf-4510-bd59-38ca8dc0b8d8,30feb4ea-5d94-46dc-a45c-54e2c40af88d,4934dc25-aa95-4f0b-80f6-da9704d700d3
d1aef08f-47cc-4419-b9c0-0d9b84f12f7a,dc096e4d-3ca7-4844-8411-a6d36dd8c383,821f14d9-7bc0-4e9b-94af-b8fcb6e5280a
04b67352-2c83-4c7d-a776-0756dcf30251,6064c6f2-35fa-4e85-8885-552c972a8d2c,821f14d9-7bc0-4e9b-94af-b8fcb6e5280a
2672c3d6-0bb8-4f7e-9ee7-bf26ac6ce0d7,bca84e3e-2982-4017-b8e2-0dabe2b66d11,702c5cb0-a610-4240-9bed-879c69cdb9e7
bc897130-20ef-440a-b82b-acfe535dc64e,09d0ee7e-59bf-49af-83a2-01c69451d405,821f14d9-7bc0-4e9b-94af-b8fcb6e5280a
33e824ba-0e3d-4b2e-adbd-3a25495dceeb,9d820e2d-faa8-4671-8240-cdf41f2d5a83,702c5cb0-a610-4240-9bed-879c69cdb9e7
b07e2232-7496-499d-bd99-75b4b5960bbd,b5af9d96-7fc4-43b8-bda0-4063b824761d,821f14d9-7bc0-4e9b-94af-b8fcb6e5280a
62e92dc4-4872-4911-b353-471e684ad554,a38c4893-b188-46cb-872e-0394dc320c70,702c5cb0-a610-4240-9bed-879c69cdb9e7
cf8f3fbd-d90e-489a-babb-365d526416c4,41320c63-4638-4e02-a5bb-6f23441c31f1,702c5cb0-a610-4240-9bed-879c69cdb9e7
9a496e79-53fb-4212-a3fa-1c5bfe9d06d3,df210096-6316-49cd-8853-2d7750da7daf,702c5cb0-a610-4240-9bed-879c69cdb9e7
2584d741-1c13-42f2-8cdc-e0eb1503f35e,85919408-bb72-4a0c-b82a-a6ae75614c91,821f14d9-7bc0-4e9b-94af-b8fcb6e5280a
01e90bfc-e4b8-441c-baa7-005611072a7f,26fc2e6d-8a34-4f44-aace-6f76fb2ed604,702c5cb0-a610-4240-9bed-879c69cdb9e7
ed6e772e-5466-4550-8382-aebe4de025f8,9a5dad3f-ddc1-4b6d-96a4-f70da406916f,702c5cb0-a610-4240-9bed-879c69cdb9e7
04271a6f-85b1-4406-be1c-2874af168e52,747c7f35-2f83-462e-bd9e-d34e2b2c3ae3,702c5cb0-a610-4240-9bed-879c69cdb9e7
3d3c357a-c369-4a7f-b7dc-410e2bcf6744,f58af347-325a-48ca-b7f4-0af8ff9be800,821f14d9-7bc0-4e9b-94af-b8fcb6e5280a
02c5eec4-31a4-4ce4-9c37-761e87f08503,9695afe1-3026-4d63-9ed3-28f6682a21b7,702c5cb0-a610-4240-9bed-879c69cdb9e7
e018d7f9-1c9a-42b3-9c12-cd9982c9a112,f1fe1a5b-69a3-41d3-b9bf-75d713510e61,702c5cb0-a610-4240-9bed-879c69cdb9e7
a4522249-c584-4121-b1e2-c8a97ec3659c,8a2dbf52-c0a3-4ff3-a88b-ab143d7370ef,702c5cb0-a610-4240-9bed-879c69cdb9e7
524d0756-be8b-4f1e-80da-c4a377d3a044,dec3872d-ba26-426a-991c-2461bf212085,702c5cb0-a610-4240-9bed-879c69cdb9e7
ad75b80f-03b5-4e03-9255-9aae256bbdf8,1f6223a9-cf2c-4b60-92ce-6e61739cc5b9,702c5cb0-a610-4240-9bed-879c69cdb9e7
223e1bba-e0a1-4f07-a268-6553734fab4f,18159e65-5154-4ba2-86b0-4cab47390a9b,702c5cb0-a610-4240-9bed-879c69cdb9e7
f37262a5-c574-4345-91f2-68105e323172,bbca4124-01b7-4746-91aa-502b746ea351,821f14d9-7bc0-4e9b-94af-b8fcb6e5280a
e227489b-dcc7-4ade-b226-6a14a413ee29,a730a946-a92f-4532-b19c-3d6356819f18,702c5cb0-a610-4240-9bed-879c69cdb9e7
b3ee6ebf-a47a-421b-b6ad-67cad35a0eca,2e01cec9-cdea-45fe-9937-e88a50dd6b5d,702c5cb0-a610-4240-9bed-879c69cdb9e7
80be9f3b-68ae-4593-a036-dfe1afc85e79,931de2d9-66ab-4447-be2a-975e6fae1437,702c5cb0-a610-4240-9bed-879c69cdb9e7
67099835-e7eb-4386-aea9-1f6bf7d02868,4cf67515-7bd4-4a99-8fee-fa2ee243fd70,702c5cb0-a610-4240-9bed-879c69cdb9e7
e1570d6a-13ba-4fe2-ad4d-ed62de7bb485,c2873c0d-5cb5-4b16-b611-2a3bdbb58b89,821f14d9-7bc0-4e9b-94af-b8fcb6e5280a
72436cb3-169c-4ebb-8f7d-196419851cee,268820f6-e968-4c28-a959-a6b1f07288b7,702c5cb0-a610-4240-9bed-879c69cdb9e7
51468f08-f760-426a-9dd5-7de0524cbefe,2d7ebf54-3c4b-4b4a-a24e-fd149a8e5443,702c5cb0-a610-4240-9bed-879c69cdb9e7
d80d9b53-d858-4a66-8948-af8f32b476be,8f39a3cd-d1ac-4950-ae3e-f4f3118c0a0e,702c5cb0-a610-4240-9bed-879c69cdb9e7
4b4d14cc-ab8b-4c98-990a-c74ac11cf04e,5246f1da-c3e6-4c66-a1bc-fea785be6d0a,4934dc25-aa95-4f0b-80f6-da9704d700d3
0d76c051-2f0d-4b7b-ab9d-9b26d8068091,5243634e-0872-44c9-a633-1c7945b982a5,702c5cb0-a610-4240-9bed-879c69cdb9e7
ef7c9e8c-da13-4d9c-a30a-da2516b9defa,0ec9715f-1cbf-4fce-bbaa-d899ef53fb4b,821f14d9-7bc0-4e9b-94af-b8fcb6e5280a
d0a03637-b258-4361-85cb-c17dd5b6c85a,21e877df-cc94-4719-84e3-2dc53e8eb3b2,821f14d9-7bc0-4e9b-94af-b8fcb6e5280a
770fc7a1-95b1-47af-8119-3d520dd1a74f,386732c9-cab7-4d2d-81ed-a7269db2419f,821f14d9-7bc0-4e9b-94af-b8fcb6e5280a
d5e9b73f-7e59-4a09-863d-3b07472689a3,acfe77bd-2188-437e-8d33-eb2693697ee0,702c5cb0-a610-4240-9bed-879c69cdb9e7
ce88d729-adb9-4122-b71d-5f14b8de2690,2f5d8041-4179-42b7-a74d-419de4407ba2,702c5cb0-a610-4240-9bed-879c69cdb9e7
e7cad334-5a02-4501-b412-224833a80764,1d4643c3-4c84-4e70-b930-e7db5782eb1d,702c5cb0-a610-4240-9bed-879c69cdb9e7
98c32311-5821-4ef0-8b2c-eefa68068123,b7d64609-c2ed-412e-bd5e-c89a9640e993,702c5cb0-a610-4240-9bed-879c69cdb9e7
33a206c1-7d6f-48b8-ae3a-c8dbdc337eb5,bb1463d8-0f22-4d74-b6e6-e0e95eeb7dbb,702c5cb0-a610-4240-9bed-879c69cdb9e7
a19b98ed-32ae-4377-8837-a6b4571aca80,d4842e0e-4a44-4210-8ff8-97bd85e7ec48,702c5cb0-a610-4240-9bed-879c69cdb9e7
3b346ed2-03b6-4cb0-8a45-138b321bded5,fde8083f-633e-4e33-8623-28a53bcb962c,702c5cb0-a610-4240-9bed-879c69cdb9e7
a87deb11-997c-44a8-a7f0-6590583934d7,5761359c-31ac-43ca-9eb7-2bb52a574408,821f14d9-7bc0-4e9b-94af-b8fcb6e5280a
272a845f-cae4-42a7-a744-5a0fcbaa6b63,0fa1129c-64de-48ce-987f-394d0a50f5c5,821f14d9-7bc0-4e9b-94af-b8fcb6e5280a
4238a2b4-dc01-4b20-bc6f-f70c118cf507,71365819-2d64-48ec-ace7-7c9616661c49,702c5cb0-a610-4240-9bed-879c69cdb9e7
8dc17d0b-5070-43b2-9daa-7d4c62038ee0,0870f437-02b0-42e6-bf74-55c5c5d2ce96,821f14d9-7bc0-4e9b-94af-b8fcb6e5280a
93ad8c06-aa38-4597-bae3-5a92668846d7,9ec7637b-f771-41c1-b6c0-f6beb1b1f004,702c5cb0-a610-4240-9bed-879c69cdb9e7
2d739214-fe1e-450e-9697-51c62c021ce6,c363c483-4a3d-4bc5-bd5e-3e3cc1ffbe1d,702c5cb0-a610-4240-9bed-879c69cdb9e7
9533a41c-d545-4a00-a714-dc7937be9201,613cac38-6d75-4a0e-866f-1e3db6e6b75e,702c5cb0-a610-4240-9bed-879c69cdb9e7
cc300a4d-4bdc-4696-9e07-894c0f4f71ba,996cafa8-1637-47cd-b5fe-f0b7df65e0c3,702c5cb0-a610-4240-9bed-879c69cdb9e7
9ea3e8a9-c654-42a4-a1c3-b60b8df5b659,54284834-4dc6-4140-837c-b7d6f0117160,702c5cb0-a610-4240-9bed-879c69cdb9e7
85599ba7-c580-472f-b54f-84be616f3008,a20ace1b-e192-4dd6-b300-11d8eb7f07ec,702c5cb0-a610-4240-9bed-879c69cdb9e7
874e0f74-6795-46ef-b4b6-121963b18ff7,003cc416-3a1a-4085-9ffc-441f7792440f,702c5cb0-a610-4240-9bed-879c69cdb9e7
f2f7e08a-6966-4ee9-b3dd-57b1f8cb1ced,0a94306c-8220-45f0-8b79-bb1463e3cc81,821f14d9-7bc0-4e9b-94af-b8fcb6e5280a
0c3357cc-305a-4820-8706-994759316d47,63f7a631-e8d7-4979-bd2c-e1c466bc5cb8,702c5cb0-a610-4240-9bed-879c69cdb9e7
ef316195-7408-4df9-82d1-da40ac4ad926,c1788c74-bbc6-4bd4-bef0-999f8a90523c,821f14d9-7bc0-4e9b-94af-b8fcb6e5280a
f43e606b-ec50-4760-8ebe-e490efeebdae,3eecb6d9-1a9b-449a-ac6c-69b6311d51d4,702c5cb0-a610-4240-9bed-879c69cdb9e7
e6fb5d98-81ad-4daa-af4b-dd439fbcbb17,b5af818c-fa9b-47cf-a583-464c07ea9050,702c5cb0-a610-4240-9bed-879c69cdb9e7
1af69bb8-ab54-4683-8960-7dadfd961ffb,260d257d-d1e2-4bbc-ad81-ca8b26cf7365,821f14d9-7bc0-4e9b-94af-b8fcb6e5280a
44278d5d-3ec6-4d03-8e0f-74230e8ea21e,ec72aa0c-66ac-481a-a6ba-a1df0c5d52b8,702c5cb0-a610-4240-9bed-879c69cdb9e7
118856fd-19fc-4698-8202-56250bb89441,6eb77dd1-fe17-49d9-851c-d360225bf495,702c5cb0-a610-4240-9bed-879c69cdb9e7
00d79b46-3625-4977-a5f3-7f74c7eebdf6,5c425b30-bea4-41f0-a324-5077a1792d49,702c5cb0-a610-4240-9bed-879c69cdb9e7
fa412a5d-b4c8-4053-a2ce-505504ea9981,d47561ec-b9c0-4d67-b0e9-8accee2963f7,702c5cb0-a610-4240-9bed-879c69cdb9e7
675c5b6d-4654-4807-973c-c1a9a77c64a4,e2e6e856-2e96-4e3e-8e47-60059ed320de,702c5cb0-a610-4240-9bed-879c69cdb9e7
fa047aa6-72f2-4511-a03f-22e305857885,db463ff5-5f5b-4c2a-9da8-1b7f6d19a0f9,702c5cb0-a610-4240-9bed-879c69cdb9e7
185f023e-ebfe-4c88-a65f-44631c78efab,d48fc996-3378-4d25-95b1-ef4d826e6d8d,821f14d9-7bc0-4e9b-94af-b8fcb6e5280a
6e290fa8-fb94-41a9-a893-395cb12a9871,945d2977-d681-4519-8cfb-b2998ac34325,702c5cb0-a610-4240-9bed-879c69cdb9e7
979e40ee-dea6-4b6f-bbc7-328812ba5b6b,86e9e3a5-982e-47c1-bbae-8c0f4d8e6efc,702c5cb0-a610-4240-9bed-879c69cdb9e7
c89a5904-b859-4279-93cd-31d4e758d2e7,200e02dd-1f34-4eae-b58c-5b0ecad17494,702c5cb0-a610-4240-9bed-879c69cdb9e7
73a1e6fb-3eba-42dd-8c8c-c95d9807dee9,5680682a-a854-4188-baf9-dc1e4bf8b27a,702c5cb0-a610-4240-9bed-879c69cdb9e7
d7c295cd-5ecd-4780-a398-b120d872ba30,8f0d7587-2337-4cce-92d2-7dd5c3169050,4934dc25-aa95-4f0b-80f6-da9704d700d3
f19de970-6eaa-428f-8c00-08ea51905ed1,4df882ac-8760-4158-a6a3-965b2ec2f71c,702c5cb0-a610-4240-9bed-879c69cdb9e7
3062871e-ce3d-4f54-8911-34f128bcf404,7a42e531-27a1-4ea8-b48c-55ffbd00aa13,821f14d9-7bc0-4e9b-94af-b8fcb6e5280a
4c98d27f-a4a6-4d4a-94b4-113f250fc5e3,c5d79dd8-d41a-45fa-b499-214cac6ee7a6,702c5cb0-a610-4240-9bed-879c69cdb9e7
f1441bf7-df25-44b5-8d0f-f02a8c440f63,ea54d399-9e82-497a-80b9-902eb991089d,821f14d9-7bc0-4e9b-94af-b8fcb6e5280a
016d12e2-4516-4b8b-acec-0c77c4a742b3,8db50054-8a2a-42cf-b9f1-bfb81150b1a6,702c5cb0-a610-4240-9bed-879c69cdb9e7
af5e2ede-67a0-43d4-b324-832cadf81562,0eccc938-e942-42f8-a60f-a7d2db5500ea,702c5cb0-a610-4240-9bed-879c69cdb9e7
db83a7e3-8cb1-43bb-96dd-d2e4766b3857,9873e574-63e6-43a7-817c-d2bc86f9feac,821f14d9-7bc0-4e9b-94af-b8fcb6e5280a
b63e5725-afee-4802-a12e-b7e6d87df839,d7beb012-968c-4436-8af7-55ab932de937,821f14d9-7bc0-4e9b-94af-b8fcb6e5280a
873db961-1e97-4775-a754-54b5d4bebc9e,6006ddd5-1635-472e-aa12-6fd243aaf408,702c5cb0-a610-4240-9bed-879c69cdb9e7
44803468-fca4-4570-beaa-2093162c6bf7,6a2fc625-0c89-468f-bbd9-418ca04115b6,821f14d9-7bc0-4e9b-94af-b8fcb6e5280a
288ba81c-41f0-4126-90c3-c07f68e7f106,95a27b22-20d1-407b-98c0-eaa11fa50658,702c5cb0-a610-4240-9bed-879c69cdb9e7
367fa9c0-ebfd-4ba4-8245-21706372c742,8c3daf91-7775-4bfe-af5f-5b87f816ea47,702c5cb0-a610-4240-9bed-879c69cdb9e7
12128e2e-76dc-43ee-9a84-f9fb14fc8727,1a847938-cd34-4721-a9b5-c89f33be597e,821f14d9-7bc0-4e9b-94af-b8fcb6e5280a
ed80bd27-308f-4d66-8232-6dec8c591613,b083d6db-fe15-4f6a-b674-7f39c8a9fa0c,702c5cb0-a610-4240-9bed-879c69cdb9e7
be1aac56-5afb-44fc-9b8b-56d61ac2d74e,84242114-deb9-4790-9d69-75049b3f0a9b,821f14d9-7bc0-4e9b-94af-b8fcb6e5280a
b6bf03b7-e654-4ac9-91e7-2502e0863f73,eb7307e5-5665-4a01-8bc8-5e08c6779551,702c5cb0-a610-4240-9bed-879c69cdb9e7
38df6c34-243c-4c76-b59c-57b757891180,f5698b3b-efee-4192-93ed-54c11f29ad6a,821f14d9-7bc0-4e9b-94af-b8fcb6e5280a
522a72cb-2821-4746-8d74-9dd1779f48f3,9ada86f2-87e9-49f1-a2f0-6ea75b1515fa,702c5cb0-a610-4240-9bed-879c69cdb9e7
2edc5414-3601-4d34-a227-4d1ce982e037,0ff6c159-56e3-4eee-98c0-b471d3a159ac,821f14d9-7bc0-4e9b-94af-b8fcb6e5280a
8e701c72-6018-405c-9800-cc20712888c9,fd7440d1-2b93-4c9f-a839-86756cc1a104,821f14d9-7bc0-4e9b-94af-b8fcb6e5280a
a14a0e19-a8cb-4680-9b19-120313646332,fbb2c280-4dd1-45bf-9f01-82560759c049,702c5cb0-a610-4240-9bed-879c69cdb9e7
5770df71-4427-41fb-837e-855d172d195a,193b7794-018a-46f7-a94f-48be19f0803b,821f14d9-7bc0-4e9b-94af-b8fcb6e5280a
c6fc4bf3-ef2a-4a50-85d9-3f71fd0897a4,d9b3efd5-5d07-48b7-8229-9dba5d4ac20f,821f14d9-7bc0-4e9b-94af-b8fcb6e5280a
7afb471d-cd64-477e-87b7-767fa7e32180,4b5a3f71-1dbd-4003-8b99-da9b517e35f2,702c5cb0-a610-4240-9bed-879c69cdb9e7
ae06a0e3-6dfd-461e-8dd2-57f2609e7b68,7a28afc1-fcdf-4c45-b1d5-0fb2be6ff9ee,821f14d9-7bc0-4e9b-94af-b8fcb6e5280a
a5d6929f-953f-4321-b257-dddc55f1e6bf,3c50cf29-f691-4bc0-9809-320530d653db,821f14d9-7bc0-4e9b-94af-b8fcb6e5280a
72d24e77-afde-4f60-987b-43f5f958ff56,bb8655f4-81d0-405e-b9e8-ee57d8b92d3a,821f14d9-7bc0-4e9b-94af-b8fcb6e5280a
c52ff390-95ff-4198-8115-e904ac931d4d,64518472-78be-4029-99ab-d4ccd4522561,821f14d9-7bc0-4e9b-94af-b8fcb6e5280a
c1ae9e61-73f3-482b-bb25-8009dae9f9db,7c2c1221-3750-43be-8cd8-fc115f856d33,821f14d9-7bc0-4e9b-94af-b8fcb6e5280a
068607a1-d63c-430c-b7d3-ea23eceb7c3d,6a174bff-87f6-45ed-b347-d7233fbb9631,821f14d9-7bc0-4e9b-94af-b8fcb6e5280a
bcba3f95-e672-4740-b6c5-73625deb04fc,8f58ecdf-16eb-49b6-b077-7f56f63a3657,821f14d9-7bc0-4e9b-94af-b8fcb6e5280a
0b3c8b7e-6ec6-4a07-8199-b55923be8455,356fc067-3e9d-4907-a254-a0d5b559dbf1,702c5cb0-a610-4240-9bed-879c69cdb9e7
74ac5b11-d17c-438f-93ec-b99002fde4e8,249ccc94-7d86-47cb-8575-d48e06c1a6c3,821f14d9-7bc0-4e9b-94af-b8fcb6e5280a
40da6ba9-2bb2-4d4b-92c6-67397350ff82,2409faf3-b5c3-4ad6-9479-e93913d3a389,821f14d9-7bc0-4e9b-94af-b8fcb6e5280a
d55f92b4-a67f-4b04-aba5-bdcf67c06e8c,b401ff4c-1883-48c5-98df-f8495b4a6d9b,702c5cb0-a610-4240-9bed-879c69cdb9e7
05d205bc-bc20-4fd3-b874-ef4fc0817259,b5e015fd-d16c-451b-a7b1-aa0f71698f49,821f14d9-7bc0-4e9b-94af-b8fcb6e5280a
e3a56c81-f6e9-4578-a26a-c4327e9a4dc0,c4f6aaa3-feeb-4a79-a10d-a1a079147159,702c5cb0-a610-4240-9bed-879c69cdb9e7
1d81a374-805e-44ee-bc1d-814b43a3a6a2,c463c69c-78fb-4e77-8925-a929681615cd,821f14d9-7bc0-4e9b-94af-b8fcb6e5280a
b844411d-7ef4-4a2b-a13f-b9060661752c,bd191694-9849-4658-9d38-423afad6a208,821f14d9-7bc0-4e9b-94af-b8fcb6e5280a
e50f3a5e-051d-4660-a185-38041aeb39af,ddc26062-c050-4c62-8837-3437ff151821,702c5cb0-a610-4240-9bed-879c69cdb9e7
63eb553a-c5d3-4651-97e1-e611d05cd079,1ee1dc1c-0b80-4998-8876-c1811d906e47,702c5cb0-a610-4240-9bed-879c69cdb9e7
37d352f8-dda8-4277-9efd-4351f6a91901,96117cd3-d5ba-4d91-9b49-ceec39083b4b,821f14d9-7bc0-4e9b-94af-b8fcb6e5280a
a6b0ddd2-d741-445c-af80-a512f5e5ebf7,fec2cfe5-1753-4405-8a6f-26b6db77e451,821f14d9-7bc0-4e9b-94af-b8fcb6e5280a
93fe53de-bc60-4c20-9b1c-208eaee59300,4e38e5c1-20da-438e-b712-109f2157ee40,702c5cb0-a610-4240-9bed-879c69cdb9e7
b88886f6-0878-4213-ac14-4191cf12293b,a864273c-a3e0-45aa-bf34-f2097262f9c5,702c5cb0-a610-4240-9bed-879c69cdb9e7
50128b40-b30f-4535-9e0f-205168a4aca9,0faa7802-810b-41e8-bce2-a1b20f1ee6f6,821f14d9-7bc0-4e9b-94af-b8fcb6e5280a
7a2c0fd2-33b6-4956-bbda-7d73488f8914,88ee704b-6e77-444c-a72c-c1897885109f,702c5cb0-a610-4240-9bed-879c69cdb9e7
2145b8b0-ebda-4ab5-a6a9-1d307460b433,83f50b0d-0f0e-4520-8727-4f8e3f7120b9,702c5cb0-a610-4240-9bed-879c69cdb9e7
c0679af1-18ea-41ba-8218-bc11fcd8d9bc,6703e5e5-c349-4a7f-837e-d822199b6060,821f14d9-7bc0-4e9b-94af-b8fcb6e5280a
b0009b58-08f5-464b-930b-c8b9d491b83a,528fe59b-ae3c-4642-8054-b952232b98bb,702c5cb0-a610-4240-9bed-879c69cdb9e7
7eceba9e-d454-48b4-87ef-e84316a6709e,21c55cc2-552d-4cac-9f38-2aa62075044f,702c5cb0-a610-4240-9bed-879c69cdb9e7
a5094767-d9b0-4880-9aff-6a971fcd8625,cd817650-06be-480e-9916-579ece034e8e,702c5cb0-a610-4240-9bed-879c69cdb9e7
3576f715-8a03-4522-8ffd-5905934d60bf,40e7f79f-ddf4-4107-85e9-b22849ec55a6,702c5cb0-a610-4240-9bed-879c69cdb9e7
e258bc5b-1256-4b55-a587-6486e56acc59,59223462-ca57-4f54-b0fe-0bccfda6974b,821f14d9-7bc0-4e9b-94af-b8fcb6e5280a
f342ce1c-d3f1-40f1-b050-bf531e5b28d4,18f690df-9152-4a4a-aade-a3424c9ac713,821f14d9-7bc0-4e9b-94af-b8fcb6e5280a
7471c89a-d674-463b-a814-ba37aaf919a0,32c61520-6bb8-4560-9e81-0a588f768684,702c5cb0-a610-4240-9bed-879c69cdb9e7
6b658be1-f11b-4390-a2c0-7e67d66274ee,99fae1f7-9f27-4692-bda7-f9e1adf20dea,821f14d9-7bc0-4e9b-94af-b8fcb6e5280a
341b9b10-fb0f-4104-97a3-5356fa8db663,9b48c99b-6c9a-421a-a0fa-38ad98ac1a5b,821f14d9-7bc0-4e9b-94af-b8fcb6e5280a
392022cf-de56-4890-860b-15a5934d8221,efdcc0e0-8e79-4a7d-8243-808d854c6a15,821f14d9-7bc0-4e9b-94af-b8fcb6e5280a
af7fff52-a731-4c54-b6be-7d4b0ee8cc99,0d017919-a029-4313-b60c-86315edd2b10,821f14d9-7bc0-4e9b-94af-b8fcb6e5280a
5c46b14b-2599-43db-932d-b4f4bee82572,eb7d6774-3a4e-4f9a-93fb-50a7ed1c6026,702c5cb0-a610-4240-9bed-879c69cdb9e7
a0a00822-0c02-4d84-bd0d-cef748eec932,6575ec03-80e4-49e7-b489-713e16242224,821f14d9-7bc0-4e9b-94af-b8fcb6e5280a
ecc42e33-0033-4d7e-9da8-f752f6668b08,63f5d5d6-89f3-47e4-9f99-7d4aa30b5233,821f14d9-7bc0-4e9b-94af-b8fcb6e5280a
53ccf83e-88cb-43f2-9872-9834ff73e3e6,c4aa9ecd-38b3-4c2a-8f8b-95966e00472b,702c5cb0-a610-4240-9bed-879c69cdb9e7
cd7086cd-8220-4c50-8bf7-18d1905c5b5c,c29eb72f-2f8b-4705-bb66-3911096c94b3,702c5cb0-a610-4240-9bed-879c69cdb9e7
228993fb-8f56-4c99-a295-1c2f333876b5,28d155bb-1b3a-4068-a956-678a3b587b45,702c5cb0-a610-4240-9bed-879c69cdb9e7
67bf7120-84c9-49b2-b249-0d0227c387e0,6c50638b-cc93-474e-b063-d94fd459e9f1,702c5cb0-a610-4240-9bed-879c69cdb9e7
5d49c134-f58f-4740-bb0e-f7c4080d8368,f33e409e-61d1-47f0-9ee3-9c541a3724cb,702c5cb0-a610-4240-9bed-879c69cdb9e7
f3cb9927-ede5-40b6-ae48-1b39dd8ff864,bb9e07b0-d5f3-4d61-901c-5f5c0b71fbfe,702c5cb0-a610-4240-9bed-879c69cdb9e7
14a872a3-3e22-48cc-acb3-86526dbeb63d,f1af042c-627b-41c9-99f3-f263992ac896,702c5cb0-a610-4240-9bed-879c69cdb9e7
aa90ca1a-1bf3-415e-8043-1a83de869c95,60e76943-e304-46e1-851f-111fa2b209ac,702c5cb0-a610-4240-9bed-879c69cdb9e7
b0f1a2c3-e568-4142-a717-3cb21109a6a9,1e61cfb9-faa4-46fa-a537-8d80b5f6f9fb,702c5cb0-a610-4240-9bed-879c69cdb9e7
5a928547-4983-40d1-a8d1-c1d7cdeef2b7,6f983a1f-6d66-43d8-ba02-b5649153f180,821f14d9-7bc0-4e9b-94af-b8fcb6e5280a
4b65b099-f4bd-41bc-b9d1-e1e8fd2818ff,a17da44e-b666-4ba6-a4ef-a1cff52577d4,702c5cb0-a610-4240-9bed-879c69cdb9e7
4147e807-3d02-4faa-b124-c655177ea97e,96f55e68-77c9-4254-a7ea-8d3b7abb7a1c,821f14d9-7bc0-4e9b-94af-b8fcb6e5280a
a01d5154-1f26-433b-8fc0-e380a3c66455,11e87805-14dc-489f-b1bc-78f4961af9d2,702c5cb0-a610-4240-9bed-879c69cdb9e7
219ec32e-b40f-4883-9d7a-e5a3c26e21ad,7e19fa15-0034-41f9-8c47-9d376682fde6,821f14d9-7bc0-4e9b-94af-b8fcb6e5280a
dd56d12a-9bda-43e8-b875-06445f531f9e,3ccce007-1f2a-4919-b38e-3e95ff8f118c,821f14d9-7bc0-4e9b-94af-b8fcb6e5280a
aa22efdd-1b74-4a3d-ac9f-47b695e1b613,ca129cde-f78c-4836-b23c-616025609391,702c5cb0-a610-4240-9bed-879c69cdb9e7
20854e3d-d587-4855-a1c5-659956a4a597,e9c30c0a-c928-416b-b792-58ebe10adf79,702c5cb0-a610-4240-9bed-879c69cdb9e7
7ad2e8ee-82c5-44d8-95b8-53aec1c7dbcc,1e4d7718-7d4e-4e7a-9238-e4927fe111bc,702c5cb0-a610-4240-9bed-879c69cdb9e7
5af657c2-d3b8-4091-b84d-666a8e1e0a7e,a50848ef-d1f4-4b0f-9352-3ccb75e6015e,702c5cb0-a610-4240-9bed-879c69cdb9e7
559bb773-eb3d-466c-afec-a2e134726344,63793272-2db4-464d-979b-90d103fae778,702c5cb0-a610-4240-9bed-879c69cdb9e7
0d804b19-667a-4274-a872-296546cf0996,4b35f10d-bde5-439a-89e5-3d7df499e0e0,821f14d9-7bc0-4e9b-94af-b8fcb6e5280a
7d58493f-75d7-4cd9-94ee-27dc3c536797,415ac5e6-4060-42e8-8d3b-7cf158fb02df,702c5cb0-a610-4240-9bed-879c69cdb9e7
a8dcfb2b-dcf1-4d64-bde2-36468acee6e6,db2d11d2-a6b0-453a-8330-181aaa09065e,702c5cb0-a610-4240-9bed-879c69cdb9e7
1b12a941-713f-4c15-8748-89b323313aea,7e7f8f5c-f597-4432-9853-fce5933cb834,821f14d9-7bc0-4e9b-94af-b8fcb6e5280a
08765aa4-4513-4e62-b474-1ad8233a0e61,efc981be-6f82-455c-9c2b-cc0265670cd9,821f14d9-7bc0-4e9b-94af-b8fcb6e5280a
7106196b-420d-4771-80bd-e02b51a2213b,26ff75ff-b043-4337-afc0-1b1a8662ebec,821f14d9-7bc0-4e9b-94af-b8fcb6e5280a
a6407268-317a-4eb4-bce9-89a5db70830e,a16a65fc-afd4-47a6-b916-91d35b84c0f2,702c5cb0-a610-4240-9bed-879c69cdb9e7
b8b7cc37-8a51-4172-a3dc-a48c194b075b,9fd16188-d711-436e-b2f6-de4f26ad434b,702c5cb0-a610-4240-9bed-879c69cdb9e7
363d39ff-f528-46d5-85fb-9b3adc1df6ce,2762518a-6597-461a-87c3-eb1bc6d3adc9,702c5cb0-a610-4240-9bed-879c69cdb9e7
2c3065f9-af1f-4dfe-8d2e-d2f5f82698f3,0b633dfb-5d10-480b-9499-ad56df658b54,702c5cb0-a610-4240-9bed-879c69cdb9e7
19efa2bc-161b-44d2-a815-47e7f606093b,a6c0672e-b74d-4bc0-afbc-a95853b0bebc,702c5cb0-a610-4240-9bed-879c69cdb9e7
72066013-6e46-464a-a6aa-f94eba34a9f4,ef4ca5f7-8be9-4cd4-98a6-ae4c4226e1b4,702c5cb0-a610-4240-9bed-879c69cdb9e7
8767fa39-f616-49bc-8b88-ab3156c45002,f13e81ee-28c2-4b75-81e2-3c0d40256f4f,821f14d9-7bc0-4e9b-94af-b8fcb6e5280a
3757a74b-1f2c-465c-a031-222b8bfd32f9,eff18045-62bf-4dd5-a3a1-fc0e2680430a,821f14d9-7bc0-4e9b-94af-b8fcb6e5280a
b84d78c3-3a6c-43c3-80d7-0b401a28dd0c,215d74fd-5cba-4efc-abe9-a60bf3cb4ccc,821f14d9-7bc0-4e9b-94af-b8fcb6e5280a
b80d0720-53fe-449c-bfb5-e6248c3c5ad1,d65d79f2-5b83-4fea-aa69-2edab9fcf58f,821f14d9-7bc0-4e9b-94af-b8fcb6e5280a
d34150cf-7921-4b72-a94d-af6a35553505,0d95a0fb-cabe-4887-9e4a-904553f3613c,702c5cb0-a610-4240-9bed-879c69cdb9e7
8dcd6188-da5e-43ec-b53d-7c1d2e1b2066,e378acf0-0d7c-4f1a-a787-75a3227dfed3,821f14d9-7bc0-4e9b-94af-b8fcb6e5280a
fbbe4d2e-1a28-42a9-b0fd-b5a483be7672,f694c62f-a980-4575-8096-6ab5d08120ae,4934dc25-aa95-4f0b-80f6-da9704d700d3
5a41112c-5eb2-4c5f-acaf-15e2ecb166bb,9232de23-384f-42ae-b09a-e5b61a92cd8e,702c5cb0-a610-4240-9bed-879c69cdb9e7
bf45f31f-cbf2-4ff3-9531-8add338452e8,bd1ca9c1-0166-4a92-86f4-7f1d14433e29,702c5cb0-a610-4240-9bed-879c69cdb9e7
dd51a846-e51f-4ae3-b34e-876f53532feb,6d23c602-67d9-4af5-a414-59906ca4f0f2,702c5cb0-a610-4240-9bed-879c69cdb9e7
a42a79fe-ef3f-4e8b-a07c-790e05c993a3,6aafac61-3762-48f4-ae92-82513c1a5ded,702c5cb0-a610-4240-9bed-879c69cdb9e7
5bee65af-6c5f-49da-b4de-a39cc2645f4c,7d8341f9-0342-4e96-b27d-baa39a40b9f8,702c5cb0-a610-4240-9bed-879c69cdb9e7
c291b9f2-8a88-4ada-b205-4afa76c6d0b3,b36e2225-8cb6-4376-8ff4-48cd110af1f1,702c5cb0-a610-4240-9bed-879c69cdb9e7
12e4752c-ea7b-48ca-a382-2a483d424e6b,55b5e5be-1b77-4317-873a-0bf6eb9cd47e,702c5cb0-a610-4240-9bed-879c69cdb9e7
f8d47996-a768-4b8c-a0ac-f77b857e3090,21649182-b1d1-4671-94ad-0f66c049605e,702c5cb0-a610-4240-9bed-879c69cdb9e7
dd5c45b1-9802-4a82-826f-1fa831475e64,310b0315-c19d-4a78-9c75-c520c2de7530,702c5cb0-a610-4240-9bed-879c69cdb9e7
29b3b3cf-654b-402d-bb74-32d32d88fb42,860c0e94-bf13-46d9-a69b-6ebf096d9607,702c5cb0-a610-4240-9bed-879c69cdb9e7
e1da3241-8c4f-479f-996e-36d2756bb318,8b3c40cd-41ec-457b-8348-7aaaac2c2b05,702c5cb0-a610-4240-9bed-879c69cdb9e7
86d25b14-88b9-48d2-9f5c-0892938dd6b3,a4fcba56-c7a0-444b-879c-0b862d3574c1,702c5cb0-a610-4240-9bed-879c69cdb9e7
430661c1-0bd5-4ecc-9331-bc141ebeb43d,b706d4fe-2140-4be7-81d6-627c9ffd3161,821f14d9-7bc0-4e9b-94af-b8fcb6e5280a
903ca5d2-c0c2-415e-87a3-f21c8f116829,5f911e48-3058-4281-901e-b6e1babc992a,702c5cb0-a610-4240-9bed-879c69cdb9e7
cc8eed9e-c0be-4c68-9ca2-0dde1d83c337,82724d9c-f44c-4aa3-8322-e3797bcc5fc3,702c5cb0-a610-4240-9bed-879c69cdb9e7
d330f4f6-78cc-467b-a9ed-752198dcef67,2d729ea8-8448-4a8b-bfe2-503e68037e7b,702c5cb0-a610-4240-9bed-879c69cdb9e7
0d15e4e5-9576-4f91-93d8-4a4bb02b1e6b,661da460-4049-44fa-bd5e-8bc27ccbe437,702c5cb0-a610-4240-9bed-879c69cdb9e7
6633b72a-cc37-41df-ba85-2c38352bbce4,54732a10-f7df-4664-bfcc-5f38cdd6dc60,702c5cb0-a610-4240-9bed-879c69cdb9e7
b3d324b7-7543-4f8e-a312-040702205485,0b207769-c4bd-468a-ad34-e7588d182045,702c5cb0-a610-4240-9bed-879c69cdb9e7
77dadebf-6a8f-4457-93a7-83383489e2c4,996987a6-3d6d-48ee-a04b-beca289a5f31,702c5cb0-a610-4240-9bed-879c69cdb9e7
d0eb9498-d483-4274-a291-367a2131942a,3e0d0988-fed2-4a66-9c5d-7eb7d3d2499d,821f14d9-7bc0-4e9b-94af-b8fcb6e5280a
c0e0dcf7-9412-42d3-9e91-29b96420cdd6,c1b2f5ea-77f5-4d28-8080-c176fb050de7,702c5cb0-a610-4240-9bed-879c69cdb9e7
170cd654-1ff9-4fa6-80a2-abeebfd8b570,8358c570-91d0-4ecf-aa4f-51c70b09d597,702c5cb0-a610-4240-9bed-879c69cdb9e7
93ed0513-422a-4793-91e6-8b41d587794d,14594a90-4be1-434c-a0fa-e4bf452d8968,702c5cb0-a610-4240-9bed-879c69cdb9e7
40ea5e23-37da-4f2f-9640-7f08ff3f03b9,5128d6cd-8ccf-490e-80fe-41dadccfb65f,821f14d9-7bc0-4e9b-94af-b8fcb6e5280a
54139c9a-de9b-45bc-8793-d3348f337322,c45f2fa6-e31e-4665-996f-763c0dd85e62,702c5cb0-a610-4240-9bed-879c69cdb9e7
3e92f49a-c5e0-4c1f-94dc-ad66985d571c,95aa4ee5-2a14-4084-8520-15eb7251780a,702c5cb0-a610-4240-9bed-879c69cdb9e7
e41fed4f-1d79-49aa-b995-5ac6cc915555,3cb2a212-ae57-4014-981e-1f521f34d148,702c5cb0-a610-4240-9bed-879c69cdb9e7
6350240c-0f2d-43c0-8cea-1e284e3ec545,6e093193-3a1b-4bd3-84cd-04007d691109,702c5cb0-a610-4240-9bed-879c69cdb9e7
8c8882c4-eadb-4604-8328-f1445bdce997,1d30d0bc-9f74-4e83-bd95-009762c63095,702c5cb0-a610-4240-9bed-879c69cdb9e7
740482d4-2601-44c7-9191-41bbb3e97861,2be71afa-c6cf-4606-b86d-5830f0c47715,821f14d9-7bc0-4e9b-94af-b8fcb6e5280a
f1f15e3a-1573-426c-a4c9-788ae52af344,568bbbdb-7a70-4a5c-84ba-1e47c17daf25,821f14d9-7bc0-4e9b-94af-b8fcb6e5280a
ac3affa8-8c90-4d82-8feb-60b62aef55bc,5af088c2-de9a-4de6-a3a9-1af4577ec05c,702c5cb0-a610-4240-9bed-879c69cdb9e7
95392023-f594-4b11-937e-1b9d09bc7422,b784dadc-e045-445b-a076-de219e717be0,821f14d9-7bc0-4e9b-94af-b8fcb6e5280a
e9c2f1f2-c9da-4e3e-92fd-92ce8d57cdfb,de63c87d-5c63-4e91-a420-5b9160aec659,702c5cb0-a610-4240-9bed-879c69cdb9e7
e67d8b80-b755-4c3f-835c-7162c9449414,471d5e12-82d2-4281-8c6a-c935670e227e,702c5cb0-a610-4240-9bed-879c69cdb9e7
88b305a6-66f2-4ffa-b85e-a98d14fceebd,7621cb83-f345-43ab-8739-4ce71f49702c,702c5cb0-a610-4240-9bed-879c69cdb9e7
92aa0377-4d2f-4d9d-81bf-27fe0b00e8c9,4dca8836-c394-4cb7-b277-b1b8e5761fb6,702c5cb0-a610-4240-9bed-879c69cdb9e7
5cace0e0-334c-45e9-bc79-de4eeff37120,618c0ec7-335b-4350-be7a-3eaacdb07996,821f14d9-7bc0-4e9b-94af-b8fcb6e5280a
c0c8aa04-553c-4937-a8a0-77a525fc0066,e348da35-94a4-47e1-8a0f-0158b72e83e5,702c5cb0-a610-4240-9bed-879c69cdb9e7
64c87621-b3d5-427c-9961-e3ad2a54ad98,cb65e2cc-f6c0-418f-8f5f-b175c0bbf58e,702c5cb0-a610-4240-9bed-879c69cdb9e7
b7507b29-c68c-407d-acb5-b1b5fdc58ace,7203528e-0213-4383-b4af-4532b7bfc4d5,821f14d9-7bc0-4e9b-94af-b8fcb6e5280a
4e4d1446-e4ca-44c9-8a43-bd06dd6cf58f,ec18d428-b30d-406e-923e-94ded2784f40,702c5cb0-a610-4240-9bed-879c69cdb9e7
e63b63ab-d701-4128-9ca3-ad0fb729bce4,3ce4d6a6-c014-415a-92f5-e98ee64fc2e1,702c5cb0-a610-4240-9bed-879c69cdb9e7
75dfb481-36d9-4525-9b39-74389e0be68e,28530fdb-757c-4f93-bdad-363868e6427e,702c5cb0-a610-4240-9bed-879c69cdb9e7
bdac02af-82cc-4128-b6e1-418ad3a9c47c,6af62661-686c-48a6-8cb9-16a4bc0ed211,702c5cb0-a610-4240-9bed-879c69cdb9e7
43203272-69f5-41b7-ae2d-698e3ac70a88,78102f3d-27d6-412c-9538-7bc99a430998,702c5cb0-a610-4240-9bed-879c69cdb9e7
1e0f6031-0eed-4baa-8c2b-551663cdb797,3f931829-b2b6-4c87-9853-6d14a569cff8,702c5cb0-a610-4240-9bed-879c69cdb9e7
c78f296a-57df-4b37-96fb-892bf6c87f81,120a09e7-f691-4af0-85bf-882bac7e3c59,702c5cb0-a610-4240-9bed-879c69cdb9e7
0058f884-49f2-4599-87cc-e7b07d706efa,6516b7e1-ce8f-4b0d-a3c4-15c64bda193d,702c5cb0-a610-4240-9bed-879c69cdb9e7
096989a3-3872-4297-b50a-30147d5f0429,6998ad29-64fb-440c-8578-4267d56aeb10,4ef94708-9c27-402e-9600-3eb5525b0ca9
b61c2fc7-4ce1-40b3-a736-962018d6fd49,f3dac90c-8c24-4d1e-9882-c8f73c669e81,4ef94708-9c27-402e-9600-3eb5525b0ca9
7e8c39dc-8a4a-4629-a920-c1558a07cd02,fd4eb1c3-0d76-41ba-a840-2c93d92ac38b,702c5cb0-a610-4240-9bed-879c69cdb9e7
1f2d784b-d79c-45f5-89cd-62392b3d5775,c92b661e-d225-45da-b6c8-add6c785e030,702c5cb0-a610-4240-9bed-879c69cdb9e7
8f8d2f4e-685a-466a-b92f-b325d46f8646,74cd9dab-797f-4b01-82b2-62f33425bf7f,702c5cb0-a610-4240-9bed-879c69cdb9e7
21ddc72b-375f-49c6-b66b-2f4fde15f127,d9a72d23-a35a-4f89-9e48-a23f0476873a,702c5cb0-a610-4240-9bed-879c69cdb9e7
75518113-3696-4ab3-a749-888877dfd556,1b0d3331-93da-4ef9-a416-140f15fdc710,821f14d9-7bc0-4e9b-94af-b8fcb6e5280a
b9a0c9dc-1d6f-4085-8e42-6172e400e6cb,854335ed-f19c-45a1-8584-e732a04e1220,702c5cb0-a610-4240-9bed-879c69cdb9e7
d9a12dbb-aeea-4d1d-9488-1158beb72a3d,7ce02a0d-1c1c-49a6-9645-9514675d46aa,702c5cb0-a610-4240-9bed-879c69cdb9e7
c4250332-e7a7-45c8-8d88-10782101df84,eb96f7fe-e3f6-4d3e-bc3d-24994d8c104f,702c5cb0-a610-4240-9bed-879c69cdb9e7
1cce8a4c-e6d1-471c-9495-2de33e938c6e,2e546c6a-c877-42c8-a2ea-ecd4625fba0b,821f14d9-7bc0-4e9b-94af-b8fcb6e5280a
cab8708f-4e18-4cae-a8fd-a12f94f033e9,73dc13e4-822a-453a-9ceb-ad8877943ff7,821f14d9-7bc0-4e9b-94af-b8fcb6e5280a
ec6a5ce8-0ae5-412f-be90-c15ff4141819,4cefe1ee-cf8d-47f0-b3de-4f54e89025e0,702c5cb0-a610-4240-9bed-879c69cdb9e7
d951f05f-17cc-4b3e-b7cc-0859ced8e129,efae3d2e-1506-48b2-ba5f-e097e01fdc26,821f14d9-7bc0-4e9b-94af-b8fcb6e5280a
b6b5420d-7df3-4002-98ae-b381ab8ade6e,b20cc7a6-fe28-4561-a4c9-4094f0e63a18,702c5cb0-a610-4240-9bed-879c69cdb9e7
f4ec3181-a3d5-445a-81f8-223443c21df1,52683722-67a9-409d-835e-bcfe01d59ee1,821f14d9-7bc0-4e9b-94af-b8fcb6e5280a
59f38742-0e51-4db0-9bc4-2fa30c6b04b9,72513e35-6ad4-4241-a88e-329e0f4d812a,702c5cb0-a610-4240-9bed-879c69cdb9e7
a27854c0-b05c-4b07-80b8-95c1b99aa690,216400a1-ca48-47bd-80ae-b3244f4a5da0,821f14d9-7bc0-4e9b-94af-b8fcb6e5280a
bb9a6f9c-2249-4530-8901-20c7da12ff49,64433126-2609-44bf-bc73-c9c68d6979fd,702c5cb0-a610-4240-9bed-879c69cdb9e7
b79d44c7-a70c-4665-a4d2-e3a3a6482361,0b606726-220b-48e6-aeb5-5b178ed6fd2a,702c5cb0-a610-4240-9bed-879c69cdb9e7
4f3338a5-97ac-4b36-9666-79ea627db2b0,697c5c05-9f52-4da3-90a9-d17d4492574d,702c5cb0-a610-4240-9bed-879c69cdb9e7
a12fd319-da0d-4723-a2cb-957675c0dbdb,337cfa46-7ca3-4630-92d0-7d3671078042,821f14d9-7bc0-4e9b-94af-b8fcb6e5280a
981d10cc-a2d1-435c-8531-b9b7e97bb402,a644506e-777d-425f-9f16-df0490d16db7,702c5cb0-a610-4240-9bed-879c69cdb9e7
e0b291cd-0212-453a-a771-4c89278a5cbc,1f10106b-dfdb-49e0-9dab-881405ca7e7e,702c5cb0-a610-4240-9bed-879c69cdb9e7
d8e6d3b9-d609-48a4-a56c-e6daf5159cfe,6ffcca55-c858-4af0-b251-de29165f7509,821f14d9-7bc0-4e9b-94af-b8fcb6e5280a
949ca970-317f-46ce-ae77-0bcfd5eadaf2,ef9df766-d31b-4112-91ea-7a6d22d0d376,702c5cb0-a610-4240-9bed-879c69cdb9e7
3acc60d9-c06e-435f-8de1-8b9ddfb01cb7,5199eb35-fc96-4149-aa30-15bfaa12758f,702c5cb0-a610-4240-9bed-879c69cdb9e7
086c59fe-a6a4-4e81-be57-f797ccf713b5,61b73c90-79c3-4ded-b99d-c719facf0b45,702c5cb0-a610-4240-9bed-879c69cdb9e7
495a6a9b-d0da-4e4d-bd24-29da37e28acf,6a9a2e99-82c6-43f6-b9de-84c24fe329a8,821f14d9-7bc0-4e9b-94af-b8fcb6e5280a
fe184111-86d7-421f-8ea0-c29f67ef9325,ecfbf7e9-f1ff-428c-9106-f3145240386f,821f14d9-7bc0-4e9b-94af-b8fcb6e5280a
4fc3bc17-c956-40ae-a969-63cd2f432c8b,43ef26af-1cc6-42ac-a66c-9e90ad63fc63,702c5cb0-a610-4240-9bed-879c69cdb9e7
4c7cd0dd-087a-4efb-8a06-ccf856ad8725,3c4eac27-a549-4a05-926f-55f0dbea387d,821f14d9-7bc0-4e9b-94af-b8fcb6e5280a
adcd9392-80aa-403b-9138-de0fa555bdb8,ddceb02d-b7f0-48f3-a1c6-c9de4f127e4b,702c5cb0-a610-4240-9bed-879c69cdb9e7
19cf348d-e5cc-436f-879d-97dfc0bced87,2f542653-713a-4cac-a6fb-4c37067b8ea5,821f14d9-7bc0-4e9b-94af-b8fcb6e5280a
e0787171-b732-41d5-a1ba-e226633779f9,9320e9a4-46bd-4f90-a8ac-ed8a525f8b46,702c5cb0-a610-4240-9bed-879c69cdb9e7
8af6e0b9-96cd-40dd-80da-c9f30eb092b3,ea05565c-3bdb-42ed-9476-2aba5106e8e3,821f14d9-7bc0-4e9b-94af-b8fcb6e5280a
c4d90d70-c735-4b64-a5ff-5190237f0e0c,ba90ea92-ed96-42a4-a3d4-37f086b17eb1,821f14d9-7bc0-4e9b-94af-b8fcb6e5280a
74ef120e-f104-46c7-b513-86afea789f0e,802e73a1-04dc-4423-a82f-3e4c013616e0,821f14d9-7bc0-4e9b-94af-b8fcb6e5280a
20b0a575-bbc7-4a14-a629-50e05fdf8c80,71f9d95d-b3d6-4070-aeec-01e7b99f89a8,702c5cb0-a610-4240-9bed-879c69cdb9e7
be902812-fa84-40c9-9dcb-95356249aed7,93219082-1818-4043-a3d9-d18a0f0327a6,702c5cb0-a610-4240-9bed-879c69cdb9e7
ceef808a-c003-4f7b-ade4-5cdfb26d3e9d,3e874fd1-6974-40d3-a35d-890ee043ca84,702c5cb0-a610-4240-9bed-879c69cdb9e7
56f6bc36-31cc-41d4-a326-34c3c1e11a51,e4d4d38b-cb61-4d46-8c9f-165a2f91eb2b,702c5cb0-a610-4240-9bed-879c69cdb9e7
c0bc2d7b-03f7-450a-87bc-2230a115f106,459dab6e-fb36-4d78-a97c-bf5b19774985,821f14d9-7bc0-4e9b-94af-b8fcb6e5280a
0671dd6c-cad9-4bff-8852-0bdd73a3bcf5,40fdaf67-38f9-45dc-9782-96cc3d69f318,702c5cb0-a610-4240-9bed-879c69cdb9e7
c97f77d7-17aa-453f-b0d2-9068e1799b8e,32486e4a-b428-4607-822f-b361ddfab592,702c5cb0-a610-4240-9bed-879c69cdb9e7
adeae686-ecea-48e6-9716-7774defc954c,9f3c7ab7-a012-4b23-8384-a4a705bb3245,702c5cb0-a610-4240-9bed-879c69cdb9e7
db88e7a2-65fa-4abe-a552-a2d40f5604de,f814a488-0592-422d-bdcd-3d375efb49a3,702c5cb0-a610-4240-9bed-879c69cdb9e7
0a40acc4-976a-4fb7-b523-1542ecf358bf,950d57db-a755-425e-8318-d7b54cfd85a9,702c5cb0-a610-4240-9bed-879c69cdb9e7
37749b0c-e548-4e5a-bcbd-d222890d16c8,ef39a2c1-d8a6-4aa0-9875-2275f83acf81,702c5cb0-a610-4240-9bed-879c69cdb9e7
a149f791-5604-4ab8-9d2e-53036e7338c5,18679707-ff6c-4c4d-be9c-8304281ca365,702c5cb0-a610-4240-9bed-879c69cdb9e7
d5007eab-2f0c-45e4-81c2-bc0d2a7fc04c,674da339-9e6f-4d33-bd4f-18746082ea67,702c5cb0-a610-4240-9bed-879c69cdb9e7
83030778-cfbd-44f9-a470-bb09e9b5ad3e,ee465ba4-9c40-4d59-95c9-f8870cd69177,702c5cb0-a610-4240-9bed-879c69cdb9e7
856d1cff-926d-43f5-af46-296c1a47b6f5,57b260f9-7fd3-4f87-88c5-0d0936cacef5,702c5cb0-a610-4240-9bed-879c69cdb9e7
2d8ac246-24dd-49a7-ab60-477fcf9cfd4e,fc1af63b-bccc-47c5-b902-86828b55b4b7,702c5cb0-a610-4240-9bed-879c69cdb9e7
b3af4dac-89c6-45ee-9ecb-91915611e90e,18e4bc38-e7ae-468a-a6a6-cf243461bdee,821f14d9-7bc0-4e9b-94af-b8fcb6e5280a
412cb9e2-5932-42d2-85ec-3704577c35d2,4e1f1a96-c409-4b33-81d2-60c8d217e2cf,702c5cb0-a610-4240-9bed-879c69cdb9e7
d38d11f2-668e-4570-aa70-50173db3cf0b,9a768c73-cee5-496d-82b5-24ba4fb085ca,702c5cb0-a610-4240-9bed-879c69cdb9e7
2bda323a-9ad2-481e-96ab-06285492c4e2,9251c4c5-d47c-40be-98fe-d7f70c74bff9,702c5cb0-a610-4240-9bed-879c69cdb9e7
f6c47b3d-c6b7-4730-8825-fdedfc9db0f1,d952e808-dd6b-4d73-9a56-70582ef2e89e,821f14d9-7bc0-4e9b-94af-b8fcb6e5280a
f1914a65-ea90-41ce-a297-76328c004227,565d875e-3a0f-4689-a0fa-b6643e5be425,821f14d9-7bc0-4e9b-94af-b8fcb6e5280a
adef0503-e058-4241-b912-a195dc8b0071,ccc39821-d844-493a-8530-96229baf5292,702c5cb0-a610-4240-9bed-879c69cdb9e7
a7cbdbc3-3312-406e-86d9-1188adcc9795,db1f03b3-9dc0-42a2-a100-5b14e05b7437,702c5cb0-a610-4240-9bed-879c69cdb9e7
0b9ce36d-c216-4815-89d8-efd443b2d5ff,b63533e7-83b1-47a7-8bf7-f919822a06d3,702c5cb0-a610-4240-9bed-879c69cdb9e7
ea5aab0c-a81d-47d0-a7b6-520f53b8c3c2,144c2c5e-1354-423b-970b-3bac92653bf2,702c5cb0-a610-4240-9bed-879c69cdb9e7
6f45b0f5-64f2-4181-a622-1b47b44b8d69,e1411b05-a8c9-4cbc-8fa3-530e185933e7,702c5cb0-a610-4240-9bed-879c69cdb9e7
21756945-d82a-42c6-991e-af1bb3290040,7b4adb8e-e16f-44af-8063-eeba728a516d,702c5cb0-a610-4240-9bed-879c69cdb9e7
bc7e07e6-6866-456f-b83d-cd6a271694e5,2e19fcaf-0b02-44c6-ba29-5037e0e216a7,702c5cb0-a610-4240-9bed-879c69cdb9e7
4d1b4eb7-7127-490c-8cc6-64c1e9f7a88b,87355f86-6e00-43f0-985c-d5b619d4e552,702c5cb0-a610-4240-9bed-879c69cdb9e7
4096bc71-3f17-4e88-a2ac-8b97b5e83c58,e27ba5b0-701f-4693-9877-72ed38d0c722,702c5cb0-a610-4240-9bed-879c69cdb9e7
aa50667d-6949-49b8-a171-88fd09202bcf,c481ceeb-5de2-4de1-a3e7-a7677b95dea6,702c5cb0-a610-4240-9bed-879c69cdb9e7
87b92c0d-c22a-4902-9b84-7cd0f7f1ef3b,4860f2b8-a31e-41c8-bb1b-ec110cdb098e,702c5cb0-a610-4240-9bed-879c69cdb9e7
ee3a2dfe-092a-4cef-a215-ad8fadce9fb1,d059d6b9-e701-4350-9002-2fc635620500,702c5cb0-a610-4240-9bed-879c69cdb9e7
37147e95-ff8b-4336-8547-f0bdf5283abc,895b3db1-b156-44e0-bbc3-5b5b6043bb90,702c5cb0-a610-4240-9bed-879c69cdb9e7
91643f27-2f2b-4141-a0a2-3a81ca0edb36,b2d14115-7e7d-4743-b5d0-c615449f65e0,821f14d9-7bc0-4e9b-94af-b8fcb6e5280a
813127bf-29ca-48b7-85fd-a5efbe849464,fe709ee5-f358-41af-bec0-03af8ad14de6,821f14d9-7bc0-4e9b-94af-b8fcb6e5280a
bd980b5a-667a-4082-99f7-24a8f7137ded,f55592b9-a282-4fa0-a808-ffed2f688247,702c5cb0-a610-4240-9bed-879c69cdb9e7
f90f93f1-2a42-4f90-a275-7b34ab4325db,7ac420f9-8c85-4824-8061-d94e80f4cc8b,821f14d9-7bc0-4e9b-94af-b8fcb6e5280a
4ca49b79-3286-43ac-82d7-a20dddf23cd8,4b134d70-555e-4633-916e-715cac67d6d7,821f14d9-7bc0-4e9b-94af-b8fcb6e5280a
35c649a4-cbdd-40f9-b60b-6289ae81ec16,91dabf85-eb16-4d44-8942-0cae0912a812,821f14d9-7bc0-4e9b-94af-b8fcb6e5280a
d1a7bb2b-2087-4696-a60b-40f802bab426,4b21052f-2534-46d2-8991-3cd3ef5d9f6f,702c5cb0-a610-4240-9bed-879c69cdb9e7
20d96c46-917c-46aa-9dd3-2031dab7c31e,08d5a783-1e3a-4a28-9931-d5b1340bf099,702c5cb0-a610-4240-9bed-879c69cdb9e7
33124fe9-2369-4694-a275-0e5f46408b05,a67a2702-4bf5-4146-bb2e-6efe37d49680,821f14d9-7bc0-4e9b-94af-b8fcb6e5280a
4cf39b7d-235a-4cea-9a43-8868870309d9,1a915d33-00e9-4e16-ba7e-77b58e4cddcd,821f14d9-7bc0-4e9b-94af-b8fcb6e5280a
4517221f-5607-4997-a349-30153f4d327e,4da58ddb-eb16-4935-b45c-db1308729af9,821f14d9-7bc0-4e9b-94af-b8fcb6e5280a
8e53a803-5802-4c2b-9e47-e39ee55efccb,172a37f9-bc72-4168-b0d1-00cf2924afca,821f14d9-7bc0-4e9b-94af-b8fcb6e5280a
fd028b7a-8952-4b66-a7c0-f5bd29b3bcde,e277ee27-ddb5-4686-9371-c45232b9e447,821f14d9-7bc0-4e9b-94af-b8fcb6e5280a
15e50840-6222-4bc6-b63d-9516dfe40230,24886351-bc9b-4afb-9eeb-b69f4e83797f,702c5cb0-a610-4240-9bed-879c69cdb9e7
084cec0b-7ac1-4fcb-9f01-56abfe9c09c8,357bb92d-267c-477d-973e-8c832cc6dd21,821f14d9-7bc0-4e9b-94af-b8fcb6e5280a
c43be851-5204-43fa-8997-548ab1bdf3ab,5ee1a629-3c46-4bca-ad87-d40832bb8e15,821f14d9-7bc0-4e9b-94af-b8fcb6e5280a
4becedcd-cd24-445f-aa07-3c0d9d911893,3cb428f5-c32a-49a3-9724-8a69323e461f,821f14d9-7bc0-4e9b-94af-b8fcb6e5280a
3089b3ba-96f4-4f04-be03-f863baa2a6ec,65c10937-2f04-418e-bfd1-2cf4eb862eae,821f14d9-7bc0-4e9b-94af-b8fcb6e5280a
54bbd44d-0912-4bd1-8e8e-790501b47bc8,2f4bc1e9-225b-46f1-8671-e14744eb37c6,702c5cb0-a610-4240-9bed-879c69cdb9e7
932a67d0-894b-48ea-985f-7d7aaa2621e2,c936f54a-8fe6-44b8-a021-f411d29289bb,821f14d9-7bc0-4e9b-94af-b8fcb6e5280a
cb847e73-3105-45cd-a449-4964d5ae1af8,4a4b07c6-4719-4db7-a945-1de247ae5b5c,821f14d9-7bc0-4e9b-94af-b8fcb6e5280a
1d269b23-dca1-4be4-8b8a-8aa68656ea06,556cedb9-774a-4762-b05a-cca0169bf5fe,702c5cb0-a610-4240-9bed-879c69cdb9e7
ba0018cd-2435-4a28-a6ef-00059add3c8d,f76448d6-ad1c-43a5-8fc8-272d09822150,702c5cb0-a610-4240-9bed-879c69cdb9e7
e2979d58-7f7f-429f-b478-d9f5fb9c4383,8d1594c3-82d6-4e97-b9d7-19870f448df5,702c5cb0-a610-4240-9bed-879c69cdb9e7
f2b4b3c7-0623-4e3a-8f0a-0b89b7f785ad,29c06635-4613-4d8b-86b7-b759f286efd8,702c5cb0-a610-4240-9bed-879c69cdb9e7
512e937f-a0c7-4074-8c82-5cb11d216d79,e33193d6-d7bd-440f-a205-db73198c5cff,821f14d9-7bc0-4e9b-94af-b8fcb6e5280a
78c2ce99-cd26-402b-9641-d3bcefa1b234,38d809f9-aa28-4328-aa1e-e72bffa781dc,702c5cb0-a610-4240-9bed-879c69cdb9e7
c1ad508b-73f2-4eb3-84cf-7078a1d2ceb6,8b86b494-4841-461f-806b-081921f1c47b,702c5cb0-a610-4240-9bed-879c69cdb9e7
9c529cdd-1937-402f-a067-1afffc04337a,d91bc3fb-6d21-4686-a70f-3d0fe48d62c4,702c5cb0-a610-4240-9bed-879c69cdb9e7
b826c902-1705-415e-9a54-9e8333a14cb4,23058f67-1228-439e-b610-fe1a36dc761c,702c5cb0-a610-4240-9bed-879c69cdb9e7
d1a3fd23-c207-4dd0-8c44-06451de4aa61,112b8759-aa69-487f-8978-173713edff46,702c5cb0-a610-4240-9bed-879c69cdb9e7
d0760231-c9c1-4e17-90d5-a82ca85817e4,26f59368-1ad1-4ba2-b71d-30556c7233de,821f14d9-7bc0-4e9b-94af-b8fcb6e5280a
fd03ed6a-b81d-4b19-8f46-0b798493d69c,a374f94a-97de-4f61-af5e-568b3bd18710,702c5cb0-a610-4240-9bed-879c69cdb9e7
299548f4-247e-4d9c-9a1f-f0b1c0bfff02,9290a88f-f020-445c-8213-44e579add0f1,702c5cb0-a610-4240-9bed-879c69cdb9e7
45e877fc-3a8b-41ac-938e-af908011cb42,926be7c3-879c-4f8f-939d-12affbdaf76e,702c5cb0-a610-4240-9bed-879c69cdb9e7
056ee51a-e620-4037-90ef-01183f875f56,63181626-369b-4e03-85b7-a8b32370cd03,702c5cb0-a610-4240-9bed-879c69cdb9e7
58ff404a-0b9b-4990-98da-f631e1b80582,ee507670-bf72-4769-bacc-82c209276d34,702c5cb0-a610-4240-9bed-879c69cdb9e7
7e343c40-712f-4dc9-b2bf-7fcf86f18eb2,e8a398de-d587-466b-836b-f33338dfbb8f,702c5cb0-a610-4240-9bed-879c69cdb9e7
7ff11365-3930-4b6b-9685-f760197206ba,b0bb4eac-68ee-467c-a2fb-77664890fabf,702c5cb0-a610-4240-9bed-879c69cdb9e7
d82e2fa1-0099-4c1b-b9aa-31d41baaadf9,0f8cdcd2-bf23-469f-8fc3-74e3fdbdb487,702c5cb0-a610-4240-9bed-879c69cdb9e7
97f136c7-cfd2-4fc7-bf35-477c8d31356d,09d5efa1-bfbc-4a48-9720-cfc3d7c018d4,702c5cb0-a610-4240-9bed-879c69cdb9e7
5a89f3f1-11c1-4592-93f8-db4b1bb8638c,f2163ab9-0850-49d5-a693-08a54ed0ec1d,702c5cb0-a610-4240-9bed-879c69cdb9e7
030dce11-6afe-4d58-9d22-35cbdec941e1,3084b7dc-5643-4a40-bcbf-3bdc066d753c,702c5cb0-a610-4240-9bed-879c69cdb9e7
d2b9d159-8665-49e2-b1a8-0b034056aa2f,40e61892-c84a-4669-b5e8-8df1b9b4e70c,702c5cb0-a610-4240-9bed-879c69cdb9e7
7618ceab-a59f-466a-9c5d-c3ce7cb9d2ec,c24ac6f8-636b-4843-8c77-e18ea84047fd,702c5cb0-a610-4240-9bed-879c69cdb9e7
b7d1a2e0-bc52-467a-915d-d413140b3810,38937a4f-c40f-4779-92f3-6fc2696bccff,821f14d9-7bc0-4e9b-94af-b8fcb6e5280a
f1ac3ded-0c00-4500-bedb-63fd12b39ef2,b7833761-aea0-4497-af7b-6f4fc3e36b12,702c5cb0-a610-4240-9bed-879c69cdb9e7
9949f92e-f26a-455d-97b1-8a36dd27d801,f058fe6c-8cff-4161-bc1d-4af05bdf34bb,702c5cb0-a610-4240-9bed-879c69cdb9e7
d4372911-588b-480d-9044-85ec6d0073d7,d72c299b-eec0-4b56-8556-6da341e0ecff,702c5cb0-a610-4240-9bed-879c69cdb9e7
de074852-cad2-45c4-bbf7-710eb82aab1e,c2d8f1af-09ab-484d-8d34-00b94226e171,702c5cb0-a610-4240-9bed-879c69cdb9e7
1cbbbcb8-6a75-42b4-a27d-cb0675db2bc4,c633ffbd-9424-4233-aa61-e35d0304f507,702c5cb0-a610-4240-9bed-879c69cdb9e7
1282f836-d51c-4425-abea-4f1613f8ed3a,5b025aac-a295-49da-b33a-23aac6e684c3,702c5cb0-a610-4240-9bed-879c69cdb9e7
f6484043-35f2-4cdb-8cf9-8a4a16d51b9b,e322c946-1696-4a67-a2e2-2c290f7f4e27,702c5cb0-a610-4240-9bed-879c69cdb9e7
8b4472f1-21d6-4500-a8aa-67314cbe8c3b,a8a5112e-b0a6-44b8-8bc0-a5fde5ae9a60,702c5cb0-a610-4240-9bed-879c69cdb9e7
1c8225b4-7d95-4bef-8199-e72b3a06bb10,c075883e-4fd8-4d63-8a19-56e434be0bb0,702c5cb0-a610-4240-9bed-879c69cdb9e7
67fa4aa8-cf87-4a1a-aa0a-a44b8bbdcbe9,9aa7acc7-f8c8-4fc2-85b5-ea4a07d8ad9b,702c5cb0-a610-4240-9bed-879c69cdb9e7
69b39b74-5943-400a-a407-7b7d5df7beaa,91c128f9-ed99-45ba-9db5-ecad5c6fd9bc,702c5cb0-a610-4240-9bed-879c69cdb9e7
756d40d4-25e4-4296-ba4a-72ed912a404a,3d1097f8-5701-4cab-9e84-209cec7f38f9,702c5cb0-a610-4240-9bed-879c69cdb9e7
fc02ed49-00e5-4da6-bca1-0d25b898c765,f9f55e94-f0fd-4688-a45d-ca6f6fe82089,702c5cb0-a610-4240-9bed-879c69cdb9e7
09583b53-244c-49cb-b7eb-7e60ce9e0bfe,af3e4ec1-f4d1-4880-a489-2dd7cc2971c7,821f14d9-7bc0-4e9b-94af-b8fcb6e5280a
cfe6183e-20f7-4d8f-b74b-9febab3dcb13,6c7ac06a-980b-4813-93f7-3df2d7fa4f13,821f14d9-7bc0-4e9b-94af-b8fcb6e5280a
22f9ac21-41b6-4279-9ecc-f103dd646ef9,89009010-937f-421b-91a7-961231ffaf28,702c5cb0-a610-4240-9bed-879c69cdb9e7
b80c5f82-3441-4d70-968a-42c7855a1e63,d0f11e1b-1e9e-4d4b-a259-af9a80dd1f94,702c5cb0-a610-4240-9bed-879c69cdb9e7
0e8a3b58-493b-40ff-a570-7dc522ec235d,a748bf6a-fde6-421c-a8bc-103a1cc02af9,821f14d9-7bc0-4e9b-94af-b8fcb6e5280a
fcadb189-3b5b-427e-86b9-12e74c7630e9,8b450d74-60a5-4a56-9c68-23aa4d81c650,702c5cb0-a610-4240-9bed-879c69cdb9e7
21e2e3f8-6c2a-4d43-81d8-50ed5f5b0fc7,fa901321-7ad6-4ef4-b95e-b5bb08489b3b,821f14d9-7bc0-4e9b-94af-b8fcb6e5280a
bc1a69a2-cf66-4fa9-99ff-0192cc8f29e8,c7bd12ca-a3fd-429a-86e8-ad6ad1f9f839,702c5cb0-a610-4240-9bed-879c69cdb9e7
5145d41a-a0b6-46b9-bb1b-34d9d12b9e01,b31ccb9e-61db-434f-a0ff-eb672e5eb6a5,702c5cb0-a610-4240-9bed-879c69cdb9e7
d5f85997-078b-4825-ae87-5ccded0ea6de,de4fa137-bd3d-4572-b60e-5a161c79f8d9,702c5cb0-a610-4240-9bed-879c69cdb9e7
d92c348a-1f0b-4191-a2ee-3b935aea700e,082dff3f-1957-4184-ac02-dd221600c6b5,702c5cb0-a610-4240-9bed-879c69cdb9e7
23003085-553b-4574-9929-a0412d57e0eb,821baa78-80f8-4f63-a871-c2cc736eb677,702c5cb0-a610-4240-9bed-879c69cdb9e7
598ad6cd-2d63-43f5-81a8-b3bccbfcd64f,3ec8c40f-4349-42b9-8703-b6b6a2dc43f9,702c5cb0-a610-4240-9bed-879c69cdb9e7
08d60279-3d27-4178-904d-daf6d771bc54,b2f7667c-fe0a-456a-b131-fd8ef10adec7,702c5cb0-a610-4240-9bed-879c69cdb9e7
3d565369-09f7-4475-9d82-73585bc9105c,e141c6ab-e7ed-4d24-8b9b-455d138ad5ff,702c5cb0-a610-4240-9bed-879c69cdb9e7
93db6b79-78dc-43bd-80a6-206b2afba132,4634555f-8a91-452c-b019-c5b364c107a9,702c5cb0-a610-4240-9bed-879c69cdb9e7
456daf59-e04a-4a6c-ba4c-12ab64c8da95,79b87757-7459-46b7-af48-db88c3726887,702c5cb0-a610-4240-9bed-879c69cdb9e7
72be96ce-32f7-49b4-be9c-3338430c1de7,aac71f48-8917-4efc-8bd7-08885cf3b609,702c5cb0-a610-4240-9bed-879c69cdb9e7
de029a53-3cf0-4a5c-abd0-6ffb66aa0b0a,70c88224-3f5f-45e7-b063-818858276bd1,702c5cb0-a610-4240-9bed-879c69cdb9e7
1da13472-0159-4b33-a224-67180914a0eb,a82b885e-a2a7-458f-ab59-45e3510ff526,702c5cb0-a610-4240-9bed-879c69cdb9e7
bcb25229-95cf-4e40-b3fb-532564ab1067,2a136933-9129-48cc-9847-a9f5f9a1cc19,702c5cb0-a610-4240-9bed-879c69cdb9e7
d9c98ffa-4d91-490c-8146-51b36e8361fa,88c884d5-20d2-4e5c-9fcd-2a5c395ba64f,702c5cb0-a610-4240-9bed-879c69cdb9e7
bf40aa54-7180-4ebd-93fa-cd8836c972b8,d7869605-e651-49f4-a37c-4b7b7ca93b9e,702c5cb0-a610-4240-9bed-879c69cdb9e7
c552cb0e-6f6b-48cc-b208-0f9ea441ac49,0f1042eb-a32f-475b-bef1-cf5bcb102062,821f14d9-7bc0-4e9b-94af-b8fcb6e5280a
77258987-ac0f-4b04-bdca-2a959086c78e,2de73846-7071-4b88-9dc1-8df8d6b8c7b5,702c5cb0-a610-4240-9bed-879c69cdb9e7
e06f0708-9331-4e93-952b-0b6b18c16647,368d23a2-2dc8-4e53-b0a7-417e25abab9e,702c5cb0-a610-4240-9bed-879c69cdb9e7
2326d201-c6b2-4ee9-a192-3a7be77c9e0c,d2342328-5a8f-43ba-b43a-b2664013874e,702c5cb0-a610-4240-9bed-879c69cdb9e7
757c8b55-8240-41b1-bfb8-94c926d368ef,d95bd137-dea0-4dca-bc37-9cbaeff4d0b0,821f14d9-7bc0-4e9b-94af-b8fcb6e5280a
ae16c3fd-0c9d-485b-a671-7e8ec06f0584,7e030905-6375-4d17-a7ad-9cae2c42e7dc,702c5cb0-a610-4240-9bed-879c69cdb9e7
f95347bf-845a-4199-9a01-b88870aa956c,9dd40fe6-2602-4aec-8c20-998a34f6219b,821f14d9-7bc0-4e9b-94af-b8fcb6e5280a
e0f2cc61-39ea-48b1-88d5-add2e0ada611,c190c909-2e5b-4945-b133-09c159f2dbd1,702c5cb0-a610-4240-9bed-879c69cdb9e7
82d64320-dddf-4e0e-8879-bd1dcb29c0b1,fb486f71-a23a-4c3c-a178-9026612f3027,702c5cb0-a610-4240-9bed-879c69cdb9e7
656b924a-f3cc-45cc-a4f8-c0706e3839dd,858b0ddf-5dfe-4783-81d2-32fb2dd572c7,702c5cb0-a610-4240-9bed-879c69cdb9e7
b3d282d2-b2db-45fe-9d67-850d56cdba60,50597d01-4acd-47a5-8661-d4eb4536c941,821f14d9-7bc0-4e9b-94af-b8fcb6e5280a
814e4fba-3db9-4947-b78b-209b31843dd2,4f307b7c-e9ab-4590-8caa-8e3d87583d8d,702c5cb0-a610-4240-9bed-879c69cdb9e7
d92522f4-d132-4af6-be82-cb19e302fbfe,125f1f91-b6eb-4500-a2c9-05b04863777f,821f14d9-7bc0-4e9b-94af-b8fcb6e5280a
45438593-bd24-4fe1-a603-791df1f09883,0a0fed1b-9d7d-4b1f-b77c-7fa9e73ea7c0,821f14d9-7bc0-4e9b-94af-b8fcb6e5280a
613274ef-05a4-4af6-a80b-92e2ae08f006,70773e43-8db2-4fe3-85f1-464c868fc774,702c5cb0-a610-4240-9bed-879c69cdb9e7
e9b7b12d-e00e-4cac-a55b-baebdca8d540,4be9dc09-8a5e-4fd2-b2ab-c1028fbd156f,4ef94708-9c27-402e-9600-3eb5525b0ca9
57b432f3-7879-42f5-8d1a-b5f2eddf7755,9f7bad7c-2969-45a3-b26f-809e7b6bf19d,702c5cb0-a610-4240-9bed-879c69cdb9e7
c20a58ca-3d45-449d-aa3e-a5580ee95355,3514fd1a-9d7a-414d-bdfd-9aa87b67c2af,821f14d9-7bc0-4e9b-94af-b8fcb6e5280a
a3f5b882-e5d6-422a-b620-67c1c83005a1,eab07830-a0d3-4f92-8f86-1991763ce770,821f14d9-7bc0-4e9b-94af-b8fcb6e5280a
03432a93-c8a8-428f-866a-73d63a4b491f,c8b96133-909f-4101-bf34-61e6505d92c2,702c5cb0-a610-4240-9bed-879c69cdb9e7
e2fbd443-34ab-4837-b972-6f196aa6fa94,eef83ee9-52a7-4d61-a2f5-f3a4938b795e,702c5cb0-a610-4240-9bed-879c69cdb9e7
08d3f122-0c98-4a06-ae53-08c1f57f5c95,f67f1d1c-684e-4371-8580-2d661e3e3c3a,821f14d9-7bc0-4e9b-94af-b8fcb6e5280a
173c286a-65a8-4d9c-bad1-ebef254a8ba9,140f761f-e684-4bd7-84a6-1dee9f5715cd,702c5cb0-a610-4240-9bed-879c69cdb9e7
6e39e571-96f9-4771-9f19-59071b661623,a5b20a78-e15e-43f8-89f7-4799dd9a7d57,702c5cb0-a610-4240-9bed-879c69cdb9e7
d5c27a0f-c82d-43e0-a524-43887f5e267e,2b49d6cb-e6a5-406b-aa9e-453034495ac8,821f14d9-7bc0-4e9b-94af-b8fcb6e5280a
44913c0a-4609-4480-9c2b-c1ddb1edc4a9,6b0d8e7d-e2ef-4c01-8ec5-7c51e4c0b070,821f14d9-7bc0-4e9b-94af-b8fcb6e5280a
8212742f-defd-4dc4-b7d7-43ad4fe297ee,c29270d8-f50e-4abb-9851-2d79128853e8,821f14d9-7bc0-4e9b-94af-b8fcb6e5280a
b4d87876-6ba8-421b-93cb-35be74263cf8,1f90149d-1c1b-49a0-8030-41be0d295b6b,702c5cb0-a610-4240-9bed-879c69cdb9e7
188b8b8b-275c-4f34-9736-a0d8d3e89fd4,df86bb55-590d-4283-a7c9-9cf257e8896f,821f14d9-7bc0-4e9b-94af-b8fcb6e5280a
64e3b23b-d0f8-42ad-b31d-1fa4a0304eaf,d70b0aa6-0954-4d6b-b88d-b141db221e5f,702c5cb0-a610-4240-9bed-879c69cdb9e7
b55a61fe-41e5-4310-8ec1-9bbca07604ba,59899265-0102-4c40-9e20-74a3834076d4,702c5cb0-a610-4240-9bed-879c69cdb9e7
3461b0c5-9cbd-44d7-8fab-0f865fb47acd,488b77e0-d420-4db3-9c10-54e998329a79,702c5cb0-a610-4240-9bed-879c69cdb9e7
c3097f3c-ee83-4459-b97a-f3a33603dc51,963b643f-3893-4be9-bce8-4d364e239cb9,702c5cb0-a610-4240-9bed-879c69cdb9e7
b9b674bd-ec86-46cd-b19b-a6a940885419,8b130f40-6f12-4ac1-b09a-3f42e2c46fb8,702c5cb0-a610-4240-9bed-879c69cdb9e7
da4c3c75-1e6b-4eb5-b3a6-bbebae97633f,45d99fd2-5755-4025-9044-b596c43e6f63,702c5cb0-a610-4240-9bed-879c69cdb9e7
8a3bbe93-204a-4416-a34d-e98042c43777,d7ef8a24-4730-45c0-84d6-41f24ce3823b,702c5cb0-a610-4240-9bed-879c69cdb9e7
da6bef4b-3e85-4451-b579-f78fb445f56b,b8c89289-43b7-4e05-8446-7b1d7afbf9b3,821f14d9-7bc0-4e9b-94af-b8fcb6e5280a
796e1625-b3f1-4990-8237-3625155ebc0d,f106fe7e-16cf-4a58-ad66-ee582f09aef4,702c5cb0-a610-4240-9bed-879c69cdb9e7
0b62f629-96be-43b8-988a-bd602c30b25a,49452589-695c-42b2-8cee-122944360598,821f14d9-7bc0-4e9b-94af-b8fcb6e5280a
4ec8b59c-eee5-4c81-86be-6f89ffffec04,9f25959a-d54f-4949-8549-0d6ef2c3395b,702c5cb0-a610-4240-9bed-879c69cdb9e7
c2524eea-5ed8-41d3-a631-78645d09d0fe,7602595b-24b8-4362-893d-617e0f0dd734,4934dc25-aa95-4f0b-80f6-da9704d700d3
be9b00b8-b7f5-4dec-97e6-60058b07fa63,811470ad-0538-4c86-8e5e-024755ae9c56,702c5cb0-a610-4240-9bed-879c69cdb9e7
b54711aa-19b7-4ecf-b58b-169c985ac59a,d06cf36e-5afc-41ac-96a1-f5ce4542a43e,821f14d9-7bc0-4e9b-94af-b8fcb6e5280a
3b352722-d46a-42e4-ba4f-0fd55deaab82,8bcca1fc-4f36-4b85-a6e1-70852f3a06d9,702c5cb0-a610-4240-9bed-879c69cdb9e7
7ffa2cfb-3d72-4626-92ff-5ebbda379bdc,fbec2a03-df6d-4712-bff5-6f36de1a0ce4,702c5cb0-a610-4240-9bed-879c69cdb9e7
4d40512e-456b-46f4-abbe-d9a27b999dda,103cf2e9-8dfc-4a16-b79c-b269e4cc280d,821f14d9-7bc0-4e9b-94af-b8fcb6e5280a
da37ffdf-3e30-4e44-a2d0-28561750f26c,17c2458a-8717-40ed-8886-e6487a4b9a17,702c5cb0-a610-4240-9bed-879c69cdb9e7
24253e0b-e6bc-4d1e-ad2d-78f8e8513315,379d585a-e992-44a9-9aa6-bb9aa7561c4d,702c5cb0-a610-4240-9bed-879c69cdb9e7
7534beee-897b-424a-b86a-02e902c34ceb,62bf9475-80b9-4aad-9292-d3b69b9ad21d,821f14d9-7bc0-4e9b-94af-b8fcb6e5280a
e1138670-6236-4e5a-ac8d-26e7490eb586,7f31e87f-0432-4ce8-8695-752894782f17,821f14d9-7bc0-4e9b-94af-b8fcb6e5280a
e3ef2d68-0a51-44f9-8f8e-10d4f7b26a7e,5afbbbd6-e7d9-4c29-af4e-c231309a4125,702c5cb0-a610-4240-9bed-879c69cdb9e7
d4d29140-008d-4d8d-8dfd-0f479028f038,ef714b93-06ae-47b4-b3fb-08046962a8f0,702c5cb0-a610-4240-9bed-879c69cdb9e7
4b6f66cf-cf49-45f3-aec2-2714ebba94f7,7745369b-77ca-49ab-adf1-585540193e75,702c5cb0-a610-4240-9bed-879c69cdb9e7
8b5a8c64-9910-443c-9bf3-8bfd01170505,b184e4b0-613e-4dd3-96a3-656539900193,702c5cb0-a610-4240-9bed-879c69cdb9e7
26d71abb-f9bd-4765-a0ca-a0e776e1b861,989e6c19-6bc5-4b5a-9287-8e89d800b41b,702c5cb0-a610-4240-9bed-879c69cdb9e7
268dfcc5-0fd2-448d-86fa-e03aee66680e,1ecc53d6-64a7-43ff-8e8f-442871a2f75d,702c5cb0-a610-4240-9bed-879c69cdb9e7
54ab7f78-88c2-42c1-bbdb-21821b413b36,70252925-82da-4d62-9bba-b10a1eb2f905,702c5cb0-a610-4240-9bed-879c69cdb9e7
95bc2063-e1fa-4014-902f-e475a7f4f2ac,dab74c63-6740-4755-a607-93408d90345b,702c5cb0-a610-4240-9bed-879c69cdb9e7
ee2bf058-df54-4b5a-b342-d522cc3f67e0,331ffbb4-9d60-47cf-8f3c-bfd693c3faf1,702c5cb0-a610-4240-9bed-879c69cdb9e7
bdf1c5d8-5eaa-4dc1-bbc1-7617608b6c4a,a0a722be-e336-4527-9d13-c38e4da6264a,702c5cb0-a610-4240-9bed-879c69cdb9e7
049b02a6-99de-4a51-88c3-02ddd10f2c05,5cb6ede9-fe83-4753-9e1b-3bbee5bddb73,702c5cb0-a610-4240-9bed-879c69cdb9e7
092642be-a9f2-4602-8aed-8ca717f8c827,ce769bf4-f38a-4876-a0ac-585092b75c2f,702c5cb0-a610-4240-9bed-879c69cdb9e7
d7cebd97-39b1-4dc5-b887-534b4dcab0e5,e3039b81-4ca9-4087-869e-5a883f003716,702c5cb0-a610-4240-9bed-879c69cdb9e7
4cae555c-98fe-4ed3-b134-0cf280011dae,68d2829f-5fe2-4040-8db6-e0bf7c3490fa,702c5cb0-a610-4240-9bed-879c69cdb9e7
d3271d71-b993-4a39-8402-bbce68097ef6,3f541fe2-b518-4d23-970a-3cc8c464d852,702c5cb0-a610-4240-9bed-879c69cdb9e7
eab762e6-58e6-436e-931a-67411bcc9d3f,c97e15fe-ee64-4e36-8e3c-a4ed1578ce4c,702c5cb0-a610-4240-9bed-879c69cdb9e7
b6768fc6-39d2-4d07-a398-4110e44a7090,89b40a2c-60b3-4d84-9a39-b3e4d032272d,702c5cb0-a610-4240-9bed-879c69cdb9e7
0a19b58d-48a3-41c0-b9c0-a8b85c66fb9e,13d8a45a-c39b-401d-9bf6-aedc26809947,821f14d9-7bc0-4e9b-94af-b8fcb6e5280a
b8837cfa-55ed-4f27-9883-3a8d6fcba8bd,b98c9f32-bfb6-4b1d-acc6-819a5296f4bc,821f14d9-7bc0-4e9b-94af-b8fcb6e5280a
292d3ee9-8bf5-434e-9a2a-e64527816210,cd7929b5-1c34-434b-bedf-95fc72888a59,702c5cb0-a610-4240-9bed-879c69cdb9e7
ad2d041a-2dce-4a37-9810-4ec6497acd57,b37869e4-bf7f-40b1-8c1f-443cbfea78d7,702c5cb0-a610-4240-9bed-879c69cdb9e7
e3083377-bb1c-49eb-a631-779398929a6f,8e89f463-3f50-470b-b89b-a2b001dc23e6,821f14d9-7bc0-4e9b-94af-b8fcb6e5280a
f0d01959-fc3e-405c-b7e7-8f3475bb9c5d,f97efbc8-7666-48be-b766-c885ffdb6de9,702c5cb0-a610-4240-9bed-879c69cdb9e7
25c3b892-dc1b-4a8d-83a4-a78002b00b1b,6865f4dd-0780-4972-9fbe-ecbcc5fd3f7a,702c5cb0-a610-4240-9bed-879c69cdb9e7
8a91f18e-9a36-4050-acfc-9a342bb8116d,cb4f0d1b-1d5d-4c9e-8bab-e7b112bdb446,702c5cb0-a610-4240-9bed-879c69cdb9e7
836eb9b6-4f4c-4ad4-b5b7-42f60acea5fa,c2823eab-1976-4c3a-95a5-22280ea71e13,702c5cb0-a610-4240-9bed-879c69cdb9e7
f7ae2723-5e31-4905-8e4b-16c29512f821,30d73e4c-54ba-47f7-a75c-4737685744fa,702c5cb0-a610-4240-9bed-879c69cdb9e7
b393a0f6-d4db-403f-b1ea-a13adecee980,8bef1b00-f945-4675-8416-5b6e71afe567,702c5cb0-a610-4240-9bed-879c69cdb9e7
da90cdcd-504f-4df0-84da-b14d5c59b6f3,1e83135d-e440-420b-a00b-06799806d531,702c5cb0-a610-4240-9bed-879c69cdb9e7
73d72184-a61a-4da5-b312-782bd4245f13,1159465e-ce96-4fd2-b36d-3e36f4a12632,702c5cb0-a610-4240-9bed-879c69cdb9e7
42bcee63-83b6-49a0-98ff-8c893bfa460f,dc3b34cf-0e63-48d2-8373-9b0db6dc4533,702c5cb0-a610-4240-9bed-879c69cdb9e7
f6ea173a-b274-4b01-af8d-b24d91a1bede,c8e67ecf-832a-49b0-88d5-8fbbff8aac28,702c5cb0-a610-4240-9bed-879c69cdb9e7
00e1ef04-36e8-482a-86ac-faa294bf537d,1ca47d6f-cc90-442f-ac68-fc55f5091da7,702c5cb0-a610-4240-9bed-879c69cdb9e7
423d6959-814d-4351-807a-a0f5c238a739,9c263dfd-3de0-43be-99f8-8ada13861db0,702c5cb0-a610-4240-9bed-879c69cdb9e7
9accd72c-860f-4362-80b5-1c323e194055,92266ab7-3896-4afc-a3eb-31ca5ff30735,702c5cb0-a610-4240-9bed-879c69cdb9e7
40a125b8-288c-487b-86ff-3ba7b3a1e2d3,3ba50ddc-4aa0-41bb-b978-a63531e66b3a,702c5cb0-a610-4240-9bed-879c69cdb9e7
7cb9cbc6-a716-4bdd-bccd-91ef0aa03924,c6703d5f-474a-4671-9c56-168303d171d3,702c5cb0-a610-4240-9bed-879c69cdb9e7
23d80e25-d703-4dda-a675-57c48bcd5c64,a3918458-ab14-4048-b6d5-b14ffd8346f3,702c5cb0-a610-4240-9bed-879c69cdb9e7
765ad049-912e-44a4-9f34-901de2a8af9e,4f80a26c-2956-4c87-8af0-a179834efb12,702c5cb0-a610-4240-9bed-879c69cdb9e7
658479a4-332d-4148-a7f3-5809259616af,160c1369-37d7-445d-b865-3206ebf5a282,702c5cb0-a610-4240-9bed-879c69cdb9e7
b861a943-9f3f-49cb-8c98-179484ce1098,b838f359-17b3-43d7-b83a-cb61edd1165e,821f14d9-7bc0-4e9b-94af-b8fcb6e5280a
05675bbd-ca20-4787-a0b8-b742d2e9eb92,0a1a24a3-2c81-45aa-b0d2-cc6c4c51fecb,702c5cb0-a610-4240-9bed-879c69cdb9e7
b50ca40e-728d-4f52-aaa4-f3d35ff95747,64e5fc46-ffdc-4be3-8ed0-7f9598dbf156,702c5cb0-a610-4240-9bed-879c69cdb9e7
4dcaaa30-eddc-4cd5-bb05-8df4f7c49576,3495cc6a-acf3-44e9-bc2e-cc90fe6ad5ae,702c5cb0-a610-4240-9bed-879c69cdb9e7
cfc283c3-7f95-4b90-af79-eec7256006cb,bc3873ac-30f3-49ae-80f1-6359e015ec20,702c5cb0-a610-4240-9bed-879c69cdb9e7
68b65729-cf33-4d7f-9493-16964fa11c5c,e1c883a1-6f2a-4080-ac40-604ae8328707,702c5cb0-a610-4240-9bed-879c69cdb9e7
825a1c7c-1780-48c5-b30d-e27dc9c4378c,71df2436-43b1-4356-b72d-6c34a69fbb18,821f14d9-7bc0-4e9b-94af-b8fcb6e5280a
d73c21e2-3aa1-4920-8531-a02e64b65372,f2a1f029-c6a5-4781-8802-f40cab1b6b7b,702c5cb0-a610-4240-9bed-879c69cdb9e7
60991fe0-6e2d-4777-830c-423185ab562d,bc1efd91-d195-43d6-85be-b1cd9a27f468,702c5cb0-a610-4240-9bed-879c69cdb9e7
7fe9bcb5-5488-40ad-b91b-95e9144db340,5eccbc04-259e-491f-b481-a83dae223eca,702c5cb0-a610-4240-9bed-879c69cdb9e7
ede45c70-50f0-4603-9dea-bd7079608bda,2a8cd834-ae1a-4d1f-b265-f5242fd4aede,702c5cb0-a610-4240-9bed-879c69cdb9e7
f68801b0-c8d3-4ee9-b0f6-00d7c7f5e4d5,a21cb3c0-e879-45cb-b825-86b86d6ca6f0,702c5cb0-a610-4240-9bed-879c69cdb9e7
fabc2db8-3258-4b56-b22b-722b0aa1aaf1,9596ced0-c1a6-4c47-8ff9-f0f0d30ab7aa,702c5cb0-a610-4240-9bed-879c69cdb9e7
e42678e8-1b17-4f93-a72c-f19417a96d17,2d4f4565-2be4-4fef-88fa-6fbef31cc1e2,702c5cb0-a610-4240-9bed-879c69cdb9e7
fd6c8e62-9a16-4f8c-8050-5eb7d737bb35,8e16367e-3303-4fc2-b713-08bb84665b7a,702c5cb0-a610-4240-9bed-879c69cdb9e7
173bf533-cced-40a7-bb90-04ec065d8201,9c690ab7-2643-45e0-8073-768d08f97ac3,702c5cb0-a610-4240-9bed-879c69cdb9e7
cff8be17-9a82-47f3-8120-986e7a4ed66e,65722607-0624-4369-a5b0-ea992fb2c2d1,702c5cb0-a610-4240-9bed-879c69cdb9e7
6fcaeba2-0cba-4a2e-b88d-e0f48fbe4497,ce969c07-e7ca-462a-ac03-3c483c553f52,702c5cb0-a610-4240-9bed-879c69cdb9e7
f6080cca-cde4-4ef4-8066-ce9fce1dec9e,a919f677-18a4-4f4b-81c9-c78ea6c779c2,821f14d9-7bc0-4e9b-94af-b8fcb6e5280a
38567827-bb22-43cb-a2b8-d1e0f3a27c4f,23ec2381-9936-4dbd-856a-2299622b3c87,702c5cb0-a610-4240-9bed-879c69cdb9e7
717378d7-a39a-4e21-926c-4802cd2a6ff7,bbc6997f-5e18-47ea-a833-904c21855440,702c5cb0-a610-4240-9bed-879c69cdb9e7
61f70e0b-f170-4962-8780-a66a67631749,e056db3a-a9a4-4fe9-9071-67e0b7236aef,702c5cb0-a610-4240-9bed-879c69cdb9e7
4f36018e-c77f-4425-9c02-df77cec05cf5,977b3c44-61c5-43c0-b86b-2415bf029542,702c5cb0-a610-4240-9bed-879c69cdb9e7
a13b4cb7-a037-4ba8-89cf-ecfb05a1de27,8a142753-9edb-4fce-b27d-80b5a49b02b8,821f14d9-7bc0-4e9b-94af-b8fcb6e5280a
8d69a21c-a6dd-4fd7-a5a8-47ae1ac4238f,de730395-873a-428d-994e-1b53d4ea86ce,702c5cb0-a610-4240-9bed-879c69cdb9e7
adacbd27-9624-4368-980b-6722da98825f,c5ec769f-236d-441e-8ec7-57bb9e5003bc,702c5cb0-a610-4240-9bed-879c69cdb9e7
30ef9c34-6d93-437a-ade9-69ee0e8751e5,8163021c-d1a6-4396-8027-4170df788175,702c5cb0-a610-4240-9bed-879c69cdb9e7
2cfef830-9dd8-4237-ab24-00f16525d073,fe16df99-a6ae-4a91-9f2c-01a8728984a7,702c5cb0-a610-4240-9bed-879c69cdb9e7
e364e772-f311-4bbc-902a-03da2cd63033,44d15a0f-7d3a-487a-91fe-5ff90962a0b8,702c5cb0-a610-4240-9bed-879c69cdb9e7
cd7aa559-93b3-426a-b367-f4c25ff2122e,05a3fbd0-157e-4e42-a1ea-8f28ac8c8524,702c5cb0-a610-4240-9bed-879c69cdb9e7
7882ed1b-ec37-4b4c-9d7d-f5126744a8c2,20b3e376-2e54-40ab-b465-7e073ca04181,702c5cb0-a610-4240-9bed-879c69cdb9e7
5e2aef95-6f3a-49c8-8a8d-ded4e8fe4757,3eb9a05c-8af5-43a0-92f1-39eccc24a7e9,702c5cb0-a610-4240-9bed-879c69cdb9e7
2e3118ba-1200-4748-a209-0a41d0f64d65,733b4605-9afd-484f-9535-1091b1d935c1,702c5cb0-a610-4240-9bed-879c69cdb9e7
d7482e44-d4cd-4a1f-8550-96aa241efef1,202381cf-adc1-4c1a-8d7f-21463a52b9dc,702c5cb0-a610-4240-9bed-879c69cdb9e7
69bcaec2-7970-40f5-a9e1-c76595f424a1,7a7a7621-4496-4e3e-9907-c47a810f150a,702c5cb0-a610-4240-9bed-879c69cdb9e7
aa2594ea-056e-4481-ae8a-fc45256e7761,a21a7399-bad2-49c1-b871-e78802cf8477,821f14d9-7bc0-4e9b-94af-b8fcb6e5280a
f14610f4-c687-4c07-a90b-e3646a924823,84679e3a-8b41-4286-924a-4fea0419b417,702c5cb0-a610-4240-9bed-879c69cdb9e7
8f4007a3-b586-4fbf-9dc1-7141357204c9,d999ef74-0050-48b6-b374-0702db81e56f,702c5cb0-a610-4240-9bed-879c69cdb9e7
87f04134-6207-453b-a37d-02cb28364717,2750ca11-e850-419b-806b-1762f5b34b72,702c5cb0-a610-4240-9bed-879c69cdb9e7
e10094d1-fd88-462f-a615-1a016268fd8a,1ab1b5de-e66f-4211-92d3-9ec46192a65d,821f14d9-7bc0-4e9b-94af-b8fcb6e5280a
484211ec-2b0a-4deb-a9fd-116ab35a22dc,f73556cb-7f3f-4457-8f2a-0693f79a1c7c,702c5cb0-a610-4240-9bed-879c69cdb9e7
48a21bf3-e2b2-4f31-8376-af0d88415500,4ace0e19-0b35-475b-8bd5-99bf150a99e9,702c5cb0-a610-4240-9bed-879c69cdb9e7
273fa0ad-a85a-48e8-ab64-3c2679cbc1e0,a7573a54-2de9-46c5-90f6-99cb1ee1f82d,702c5cb0-a610-4240-9bed-879c69cdb9e7
cf505970-f3f1-40f7-99d7-0356967e72df,254c68ca-259b-44b6-a17a-732ff816fefe,821f14d9-7bc0-4e9b-94af-b8fcb6e5280a
5eb07f45-ed5d-4a57-b5a0-715d61d070c8,7ac186c7-8760-4670-a805-3b9e93747cfe,702c5cb0-a610-4240-9bed-879c69cdb9e7
42f794ca-7b6d-41c0-a1e0-d38d18067b2e,b6d91e56-71f0-4a12-8d12-55888d29abc6,702c5cb0-a610-4240-9bed-879c69cdb9e7
031686d1-ef7a-44e0-9049-399b21eedbcf,7a6eb547-1832-4378-9a2d-e9b0c0c6d158,702c5cb0-a610-4240-9bed-879c69cdb9e7
997d7536-6730-4d6f-a5ae-eb9dc1adee06,44602a1a-e521-4ef3-a731-83f09aea7569,821f14d9-7bc0-4e9b-94af-b8fcb6e5280a
62bfd66a-5ac3-4b33-812a-fdca048bf782,3c452de7-0a22-452e-bb1a-4441bc7940cc,702c5cb0-a610-4240-9bed-879c69cdb9e7
03adf2a4-354e-407e-b6d2-61e756a7516e,3d35f27b-b4bb-4818-a939-9eaf87f951d0,821f14d9-7bc0-4e9b-94af-b8fcb6e5280a
a806a1c9-bbd5-4467-ae37-f6258b7fcdf7,1301992f-ed23-41ff-abbe-8df72a9567aa,702c5cb0-a610-4240-9bed-879c69cdb9e7
6c830049-1545-48ab-85a9-8c78dc51e558,5ec30517-69b6-4c10-aabd-9769e536a75c,702c5cb0-a610-4240-9bed-879c69cdb9e7
64cac185-4037-4fed-a523-d114016f3fcc,e6862509-c51f-4a16-9367-6f85a0d96a47,702c5cb0-a610-4240-9bed-879c69cdb9e7
487aeb86-617f-495f-963d-3acfb92f7430,0773c330-2192-4d74-bf0a-97a4618adae9,702c5cb0-a610-4240-9bed-879c69cdb9e7
1d3737a3-5150-40f7-a686-68f7384c7a11,eb832bdf-039e-40b6-b774-0a0ed8a56c4d,702c5cb0-a610-4240-9bed-879c69cdb9e7
cc087069-3374-4cc9-8923-5f8b96ae7a53,2449a609-d188-4890-8df7-37e1c5ae0062,702c5cb0-a610-4240-9bed-879c69cdb9e7
b389a77e-054a-4ab2-ae9e-b114006a37f9,87c80e63-b221-40bd-af8f-2f027141ec2d,702c5cb0-a610-4240-9bed-879c69cdb9e7
c273ab9a-bf88-4cc0-8d65-ce91e6fd8bfe,d837c05f-ba87-4e6a-a92c-f553870d8ed7,702c5cb0-a610-4240-9bed-879c69cdb9e7
888459cb-c90c-46d5-9897-cc01e319b078,cd176071-b5cb-44d8-8c74-a9865eb4e453,821f14d9-7bc0-4e9b-94af-b8fcb6e5280a
131d2e85-a9e6-40e2-a5d5-fc78be95c144,b44220a0-abd6-40f0-a940-9f233f928a7c,702c5cb0-a610-4240-9bed-879c69cdb9e7
56cf35b4-80c0-4406-933e-0f8949bfd390,3e69f10c-9612-455b-9134-1580367901b4,702c5cb0-a610-4240-9bed-879c69cdb9e7
bb36f4ed-8ad8-497a-a130-3aeb563133bd,b8e2addf-0f93-4d51-ba24-0ddd70073a21,821f14d9-7bc0-4e9b-94af-b8fcb6e5280a
b59f311f-e73d-4ee7-8748-f25ec54a97ad,d172e54d-fc6c-4ca1-be38-f25aa5522b46,821f14d9-7bc0-4e9b-94af-b8fcb6e5280a
d8130733-1c5f-47b7-902f-865abe98d26f,e5a0340a-faa1-408c-82d0-c824e76fe93d,821f14d9-7bc0-4e9b-94af-b8fcb6e5280a
3213ba42-0afe-4b08-b730-b11c169dfa3d,060c2bb2-115f-4fcc-91d8-25dfd78d901e,821f14d9-7bc0-4e9b-94af-b8fcb6e5280a
98733716-0d6d-4f44-97ef-57e105c2c5ee,5d63d20e-b0cc-4ae6-a792-496fd84e38a9,702c5cb0-a610-4240-9bed-879c69cdb9e7
58b4e1f7-004d-4511-aa41-f7b74bf21ddb,ec7831a0-029f-4460-b6bf-c8dcb3f4f9de,821f14d9-7bc0-4e9b-94af-b8fcb6e5280a
e5eedaf8-7d6c-4970-8432-9ec6ddd9609a,df05fd24-4c1c-4717-971e-e71ecd045289,702c5cb0-a610-4240-9bed-879c69cdb9e7
7c67ff32-736d-44ba-84a4-26b754f2c601,411f0db4-1e6b-49c1-be42-09672458f71d,702c5cb0-a610-4240-9bed-879c69cdb9e7
d5b19194-e088-451d-8360-5450e347b9ce,7c11b8f9-5eb0-471b-b508-5ae39063ad54,821f14d9-7bc0-4e9b-94af-b8fcb6e5280a
98cddcd3-477c-452d-8830-cc1db261e855,ff60d0fb-618e-4b4d-8ed0-401ee9a9a674,702c5cb0-a610-4240-9bed-879c69cdb9e7
f5337a8d-6f6c-414b-a2f9-8542c1aa8e71,1efb4dcc-4b99-4dff-95a1-2fed3c50fdbf,4934dc25-aa95-4f0b-80f6-da9704d700d3
8698a02d-02a2-4603-bdb6-09636d768d64,2b93e375-c820-43ae-b2a4-f0cf7f801b2c,702c5cb0-a610-4240-9bed-879c69cdb9e7
ffa88279-ac82-4684-8a46-379b6692b3f7,8a75ef97-24c2-4abc-ba68-b6524a5b79e1,821f14d9-7bc0-4e9b-94af-b8fcb6e5280a
b186e816-07a6-43e3-a41d-2d6b376e403a,2f7f1065-000b-4270-858d-165c5528d1df,702c5cb0-a610-4240-9bed-879c69cdb9e7
fdc4c638-1257-4e1d-bcd8-e04c4f70739d,49d1aafd-1c8b-49a5-9703-77581eb1e2c7,702c5cb0-a610-4240-9bed-879c69cdb9e7
40e96b46-15d2-477f-a053-c25015aed959,acb300ae-68cb-4bf6-8390-d19b8bbbf86c,702c5cb0-a610-4240-9bed-879c69cdb9e7
ffc655c4-2291-464d-a547-47ce4c1af73d,2e7d8bb0-fedb-4675-8aa7-4a41940e33b3,702c5cb0-a610-4240-9bed-879c69cdb9e7
3fbda8ba-99a6-4c9c-b6dd-2f1aeed98bee,3553865b-d09a-4a68-99a1-c8cc4a26aca9,702c5cb0-a610-4240-9bed-879c69cdb9e7
17636bc1-51dd-4b1d-b14f-81fffb4d86ac,8beae30a-1e5b-47df-bea0-4f4896fe6add,702c5cb0-a610-4240-9bed-879c69cdb9e7
6df5d25c-2b8d-4b95-af11-1ed3b5d8f10e,398667ad-0b75-4a19-a18b-f5bbe52209b6,702c5cb0-a610-4240-9bed-879c69cdb9e7
38722637-2674-4af9-8ecb-cf1557f1a951,6c6970ba-4e29-45dc-9421-d7fb26375351,821f14d9-7bc0-4e9b-94af-b8fcb6e5280a
1f160f41-a825-4b9f-82ce-205ac8f1a105,66efbc6c-3671-406f-8093-eb095332f6fd,702c5cb0-a610-4240-9bed-879c69cdb9e7
f3846c66-1c18-41b5-8ce4-a9820fcf2ea7,2c305d05-e562-40c2-a6b2-04cbed12bcc8,702c5cb0-a610-4240-9bed-879c69cdb9e7
deaacd24-e18b-471d-82e9-7440708c5dc8,b34a8f0e-a40b-479e-9105-df043169a47e,702c5cb0-a610-4240-9bed-879c69cdb9e7
266348fa-0b0e-4439-9b96-35d6f777be26,1cd1d9a0-158e-404e-9732-eacf1175f813,821f14d9-7bc0-4e9b-94af-b8fcb6e5280a
beb264b0-9fe7-48e6-a077-33e5962d0467,002a24c2-9381-426f-b0c0-544e0664f81d,702c5cb0-a610-4240-9bed-879c69cdb9e7
5be8baf4-5d58-4597-b782-b50d5ff806a0,5f4e3311-eb76-4772-a90e-d0f85713b060,702c5cb0-a610-4240-9bed-879c69cdb9e7
677f48cd-81ee-4114-a785-82f894aff97a,6a2110ac-d76c-46dd-ad5c-12aaecc3833b,821f14d9-7bc0-4e9b-94af-b8fcb6e5280a
202a156f-e174-421a-a22f-c2db02516b6b,e079df3d-ed46-41f3-adb0-d569d16677e0,821f14d9-7bc0-4e9b-94af-b8fcb6e5280a
4fac168f-95e0-4233-899c-5935a8017ac8,b009a8d6-329e-45a4-9bcd-f8e9b99a9fee,702c5cb0-a610-4240-9bed-879c69cdb9e7
561ba269-40d8-4baa-ad86-6a10ba9852d9,fc27dc03-6ae9-4438-bfff-9cf72ed257bc,702c5cb0-a610-4240-9bed-879c69cdb9e7
c275b04e-34cb-4691-9c15-76ef8541f403,fcd69887-62ed-4405-b658-b1968314a9c2,821f14d9-7bc0-4e9b-94af-b8fcb6e5280a
ae9527a2-bb12-4b4d-bd70-6d01a8dff353,50067fa8-cf2a-4389-85e2-ea1216c58487,4ef94708-9c27-402e-9600-3eb5525b0ca9
abe0bfce-dbd4-4917-817b-e9e1edd77abb,4665aba1-3fa4-4bfe-853f-ec743248f126,702c5cb0-a610-4240-9bed-879c69cdb9e7
c0006112-74b4-4233-9f64-1f61a2b34511,d1908528-410f-4f11-9c8c-ebe21d798e2d,702c5cb0-a610-4240-9bed-879c69cdb9e7
561cf8e5-4329-4867-bcac-48bb746be297,5272f686-3f59-430e-80b7-23968d8c1732,702c5cb0-a610-4240-9bed-879c69cdb9e7
2eb598e2-c8f0-4499-8fe1-315ab284e372,7d4dad3d-a0c8-48a5-930a-523a90276183,702c5cb0-a610-4240-9bed-879c69cdb9e7
f31dd359-44be-4e65-b62e-a74531833040,e8fb94e9-4a86-435d-951d-5d117b5ed2ce,821f14d9-7bc0-4e9b-94af-b8fcb6e5280a
7c637276-ab1b-4b5a-9dfa-18a398cb75f8,0cae89f9-e6cd-406c-802d-e126fd0444ae,702c5cb0-a610-4240-9bed-879c69cdb9e7
ebfa412e-9b51-474b-ac91-66c6f668cbc5,772158e0-d10f-4917-883a-8f286ec7545b,702c5cb0-a610-4240-9bed-879c69cdb9e7
b5c47f9c-a1a9-461b-8856-c40039674930,d7aa333e-0858-4ef6-94f2-6154f5ecb6a0,821f14d9-7bc0-4e9b-94af-b8fcb6e5280a
f1e82b56-562f-432b-a2fd-5fe040ff1f03,cd6e3b0d-1a52-4680-9769-661d4dea1c37,702c5cb0-a610-4240-9bed-879c69cdb9e7
bdc0c2ba-a180-437c-88f4-338d080baf07,cb5b4fe0-3731-411c-a196-ea644225eb83,702c5cb0-a610-4240-9bed-879c69cdb9e7
81e589bd-fc09-4e05-ad37-4a25f0ec88f6,2d1d0b5b-a2ff-4d07-8b17-3fdc92809182,702c5cb0-a610-4240-9bed-879c69cdb9e7
efeed17e-23a7-489a-8bfa-3f8fb6b8b323,71ba7d6b-fbc4-44d3-941c-799b8927f3f9,702c5cb0-a610-4240-9bed-879c69cdb9e7
bbc40eca-ae8e-4e08-99cf-9770b0518ec5,2888c07e-9eae-4bbc-88c9-074d2f7badbd,821f14d9-7bc0-4e9b-94af-b8fcb6e5280a
91fb2226-9866-49fe-85b4-ca351548dbaf,0343897d-8fc5-4811-a991-ca7e8074f80d,821f14d9-7bc0-4e9b-94af-b8fcb6e5280a
05c347b1-5af0-4bdc-926a-9e7e8153d1b0,045ab13d-105f-4b58-94bf-7812261b8445,821f14d9-7bc0-4e9b-94af-b8fcb6e5280a
6982ce8f-8714-4a86-81b3-135ed13ad1e5,8a4e088a-aabe-45e5-b131-50b37eb63ad1,821f14d9-7bc0-4e9b-94af-b8fcb6e5280a
752715d4-0ceb-44cc-8116-6242b62055f1,ac06fba1-47cf-4ad7-84ed-c90e14ff2ede,702c5cb0-a610-4240-9bed-879c69cdb9e7
599de788-7db1-4c94-99de-0eaf72092381,e4de7063-c69c-4eba-bc03-d2fbd474cf4f,702c5cb0-a610-4240-9bed-879c69cdb9e7
e503a392-fd93-405e-a779-b397b2f40b2b,fe6ef04c-c868-49a3-8d0e-f0eed7dfdb74,702c5cb0-a610-4240-9bed-879c69cdb9e7
19499efb-15c5-4c25-b9d1-ee77451c875f,6e0b85a9-9c31-40e6-8f5e-c76315233be0,702c5cb0-a610-4240-9bed-879c69cdb9e7
6970c956-09e0-42bf-a619-30476cb222a9,30a94db2-e206-4722-90a6-3dd9d254300a,702c5cb0-a610-4240-9bed-879c69cdb9e7
defd7ab5-ddbf-4644-b274-4f6b9f1109d2,d28fe04c-0bee-4d8f-b64f-fa3cf836e145,702c5cb0-a610-4240-9bed-879c69cdb9e7
c53c3c7d-a234-4b55-a214-3e78f8b5a243,53c6b84c-0b0a-4089-987e-ab8978287f10,702c5cb0-a610-4240-9bed-879c69cdb9e7
edc288a5-8cf0-4e57-9f74-620f4538497e,93446e4c-4926-42b3-8ece-9775d4ec4532,821f14d9-7bc0-4e9b-94af-b8fcb6e5280a
4c407bae-b54d-4fef-b976-274b8e0bfc72,cbe84b2f-d62b-406f-9655-6d711404b214,702c5cb0-a610-4240-9bed-879c69cdb9e7
bf475e67-5ea1-421b-91fb-d202886ef497,b590dad9-9957-475f-8d2d-bae43f9bc6cd,821f14d9-7bc0-4e9b-94af-b8fcb6e5280a
f112e834-91d3-4036-aa0e-0977e09ab171,6a1e9a7a-949a-4717-9c89-9cd14ae90a8a,702c5cb0-a610-4240-9bed-879c69cdb9e7
07aeda78-cc12-4a74-9b34-58698d00d87e,e6e118db-287f-414b-b091-6e0d84c84e48,702c5cb0-a610-4240-9bed-879c69cdb9e7
ced83516-5ba1-4c5c-89c2-4d7e4829184b,5b2d5e25-9c50-422f-8337-cc5cc42b9431,821f14d9-7bc0-4e9b-94af-b8fcb6e5280a
53c437f6-6844-4606-bdf6-47eeaa870714,71d60630-32d8-4dff-bb01-4717cb79e690,821f14d9-7bc0-4e9b-94af-b8fcb6e5280a
5b4e1eea-8c34-43cd-8f35-14298ef38591,a196d6b5-e24e-4d91-bdd7-1a44b0a7bb99,821f14d9-7bc0-4e9b-94af-b8fcb6e5280a
83c73758-f242-49b3-ac93-a26e77c9826f,306e5034-2396-451c-bd65-5bf6982080f5,702c5cb0-a610-4240-9bed-879c69cdb9e7
fa0464c9-1be8-4edf-bbfe-d192282204e2,222c82ef-c194-450e-9665-b46caf6f20ba,821f14d9-7bc0-4e9b-94af-b8fcb6e5280a
6765a9ce-5c53-42c7-a9de-e61db00acd8b,532879a7-db2f-4d2f-aac1-4e3d48e39e47,702c5cb0-a610-4240-9bed-879c69cdb9e7
b7a97c9f-9455-4344-a7b8-ae520c52c731,674ed3fd-eb73-45f0-8f63-34b7c24f5563,702c5cb0-a610-4240-9bed-879c69cdb9e7
9db27095-2756-4112-977c-aed9d98b9b30,3e4bdf11-5dbd-4d40-94c3-0336e0e3b930,821f14d9-7bc0-4e9b-94af-b8fcb6e5280a
52e9892e-8fc8-4a30-b97b-4c73467e35ff,88f8cb77-0636-4d7b-a57e-6772355d1b05,702c5cb0-a610-4240-9bed-879c69cdb9e7
ed11883e-c5d2-477c-b6dc-f7f431619f51,dfde4e6c-3d3a-497a-b5fc-38bc9e36ff93,702c5cb0-a610-4240-9bed-879c69cdb9e7
528b5b1d-ecf0-46ef-8bc7-3009b9fe3c96,c0ed8906-db7f-4140-939d-916e790ac268,702c5cb0-a610-4240-9bed-879c69cdb9e7
899f0234-91c8-45a9-a707-b13e2c6ebf0f,688f98a8-bfbd-42d8-9567-7753101cede0,821f14d9-7bc0-4e9b-94af-b8fcb6e5280a
dd394c5a-684a-4384-af31-534a1f1421e3,5a3390c5-e07c-41b7-bad3-c581239f4cc4,702c5cb0-a610-4240-9bed-879c69cdb9e7
ed5041b6-ce73-441c-ba61-94979997c809,1c05dbec-076d-423d-9774-e696b06cbee9,702c5cb0-a610-4240-9bed-879c69cdb9e7
9a027bb7-c3e9-480e-adef-b84540ecdc6f,0301d339-7bbf-453b-af73-e9d76b63d5f0,702c5cb0-a610-4240-9bed-879c69cdb9e7
1428155a-7f39-457b-93f0-e622fe1ba91d,91a8f2f1-b381-4a56-9d64-32f3942c2a81,702c5cb0-a610-4240-9bed-879c69cdb9e7
0435a342-8590-4d23-9808-a90648f08097,e895927d-2332-4da1-8a56-42d8a0a8b2db,702c5cb0-a610-4240-9bed-879c69cdb9e7
6a6b4d99-3f84-4256-813f-ea814e5c35ea,6d239b71-8df4-40a7-a7df-dae966297926,821f14d9-7bc0-4e9b-94af-b8fcb6e5280a
4853574e-b6f3-461c-98c9-1e99f217fa8e,e099aefb-9085-4ab2-8a12-0741de580021,702c5cb0-a610-4240-9bed-879c69cdb9e7
9d6b1b12-6969-4f52-b355-69ab1314d25a,6a555074-f0e7-40ce-8f65-03e1236b1f8d,821f14d9-7bc0-4e9b-94af-b8fcb6e5280a
313f9ade-4eb2-46c6-9a32-3d38ccbda118,e58aab68-01ea-4c14-ac07-9b92f81c4835,702c5cb0-a610-4240-9bed-879c69cdb9e7
bba127d7-6550-44e8-9049-b344cd782579,874b3186-5882-4618-a81d-5cce0c3d4e64,702c5cb0-a610-4240-9bed-879c69cdb9e7
d50dbc00-27c9-4716-9406-a7c1d55206a8,ffad5daa-fc5a-47ee-88a3-ae95c9c211a0,702c5cb0-a610-4240-9bed-879c69cdb9e7
92ed9cb8-44ee-4fc0-a0fe-b0e97f14051a,7a66e0e8-2bd3-49e7-9862-3a3a046e520e,702c5cb0-a610-4240-9bed-879c69cdb9e7
7a78f289-ec03-48b9-ab5f-5814062f1e83,5a0ae440-cc40-4396-991b-63a1d8a3c344,821f14d9-7bc0-4e9b-94af-b8fcb6e5280a
b99842cd-0a8e-4a6d-8b1f-5fe1178105ae,7de6b82a-942c-42d5-9ba5-8e1750fadf83,702c5cb0-a610-4240-9bed-879c69cdb9e7
3f5f2707-edea-4300-ae1b-8845e57936dd,26ce12c5-8fc4-4132-9a9b-a98911adf816,702c5cb0-a610-4240-9bed-879c69cdb9e7
a492cb11-2bea-40f7-8091-334cd08bc128,6bfcf4ae-ea96-490d-b852-5860dcd53640,702c5cb0-a610-4240-9bed-879c69cdb9e7
19773e58-c93e-4834-9720-69429972a52e,5641cf3d-06f2-4050-a2f0-c678532087e7,702c5cb0-a610-4240-9bed-879c69cdb9e7
462ddb36-318a-413b-a7b7-b9b14502c22d,0e18cc11-2ebf-4125-ad89-729f58a55f89,702c5cb0-a610-4240-9bed-879c69cdb9e7
c8fc444a-546e-4717-b882-12bcf8a3716f,e526c415-28e8-4962-b5a2-5f0c8e8d9047,702c5cb0-a610-4240-9bed-879c69cdb9e7
5f96b5c3-ae8d-4f4e-81bd-5c49e1913566,df1ffcf5-8417-4645-8fa8-d35346f33dab,702c5cb0-a610-4240-9bed-879c69cdb9e7
0f25c3d6-c421-413d-88a3-5e4c893278a5,04d6e8ee-76fb-4fc3-b9fb-5875448bff34,702c5cb0-a610-4240-9bed-879c69cdb9e7
db31bef2-4069-438f-8a10-e7fd44e717c2,330f82ec-032a-4564-ab62-3379eb3b7d46,702c5cb0-a610-4240-9bed-879c69cdb9e7
029e0fbf-e3bc-4925-91f4-60230dd8bb2a,31aacae2-3fd3-41a1-b9e4-b64ae0af08fe,821f14d9-7bc0-4e9b-94af-b8fcb6e5280a
b188e94b-f34f-4d9d-83ad-741fb411577c,bb31edb5-9fa3-419a-8384-3dd57fff52ee,702c5cb0-a610-4240-9bed-879c69cdb9e7
42090696-fb12-414b-b020-3e7bfb97b3ba,6e103c3c-9acd-44e9-a394-b4f0a6ea40d7,702c5cb0-a610-4240-9bed-879c69cdb9e7
994eb778-71f9-4c9c-ab50-bee247048ba0,3ef5874d-d25b-4f6f-ae40-396cea220fba,702c5cb0-a610-4240-9bed-879c69cdb9e7
7ae6c3be-4e2a-4054-972e-0eb07c266231,69272352-8d32-451c-bbe0-05e6c61e6f10,821f14d9-7bc0-4e9b-94af-b8fcb6e5280a
7add8c3a-d9bd-4cb7-ac6c-89aba7836d15,8aa9592f-cf7e-4d1a-97b6-905ddfce05e0,702c5cb0-a610-4240-9bed-879c69cdb9e7
7f254f01-7f33-45dd-a2a8-db31a7067d1f,de2cf652-19a6-4063-b7fd-c62396a0f3a7,702c5cb0-a610-4240-9bed-879c69cdb9e7
888acfd5-151e-4203-99f6-8a5eb944feaf,5df09a40-809d-482f-ae5c-d84893ce5cb1,702c5cb0-a610-4240-9bed-879c69cdb9e7
7d57c414-4f54-49a6-b53f-3d21c210e58f,a1b130b4-fb68-4716-824c-6253f9f452d4,702c5cb0-a610-4240-9bed-879c69cdb9e7
5ba02035-7765-4262-81a0-f4cf2a02f74f,6531d0d9-15b7-45f0-9794-451dd82fdd52,821f14d9-7bc0-4e9b-94af-b8fcb6e5280a
e6b9b060-b28f-4f72-891f-db1c76589f6b,424b9c2d-f60b-45e0-a029-d0d3ce88bbcc,702c5cb0-a610-4240-9bed-879c69cdb9e7
c58c224c-b0f3-4760-bf3c-264887076f50,73671529-31cb-48b4-881e-1466e43cc226,702c5cb0-a610-4240-9bed-879c69cdb9e7
c51e5973-7bc8-4e9b-9a59-669b9c17e743,b4050847-3302-44ea-97ff-0addac6fff82,821f14d9-7bc0-4e9b-94af-b8fcb6e5280a
3cf3f959-ea83-492d-ac09-f5036ccf4c27,00623629-a952-4458-8f00-c91ac5bd95dc,702c5cb0-a610-4240-9bed-879c69cdb9e7
9f6f1aca-c066-46b4-b817-1519d48fd834,a56a70f0-de86-4d00-9317-d2a89bb05e5c,821f14d9-7bc0-4e9b-94af-b8fcb6e5280a
259b2a02-c282-4318-95b4-23523b233d28,c61a2148-9566-4bef-a293-e20e54d180f4,702c5cb0-a610-4240-9bed-879c69cdb9e7
7d0341aa-e7fe-4b73-a4bf-b0692990e1c2,6086faa9-969f-4b9a-a12d-0d2b3ae801fe,702c5cb0-a610-4240-9bed-879c69cdb9e7
86bd37c8-7ab1-4b4a-bdce-9965f0b8accf,62af856d-aef2-417c-8191-f4fde71113fc,821f14d9-7bc0-4e9b-94af-b8fcb6e5280a
530ee1b8-b359-41fd-b4c6-0b95dedc13f3,b0223fc9-2ef0-4a9b-970b-d579d101e207,702c5cb0-a610-4240-9bed-879c69cdb9e7
8af0df31-a55c-4d52-92c1-f4c7501ddfa6,da763d68-00b6-4875-a577-661019d110ec,702c5cb0-a610-4240-9bed-879c69cdb9e7
28eab91e-5e22-49de-9959-86f6f03bfb6d,d185e23a-eef4-4067-b469-07fe9211b2fd,702c5cb0-a610-4240-9bed-879c69cdb9e7
210eb7b2-f01b-4dd5-8eea-e2979f0f7ff7,f053055c-e504-46b3-8742-2dcd8cde03ad,702c5cb0-a610-4240-9bed-879c69cdb9e7
81f2c8d9-c900-4dd7-9c79-9e6caabdd4ce,c9768767-422b-4c0b-bc32-38d6914a7a29,702c5cb0-a610-4240-9bed-879c69cdb9e7
2122b48f-128d-4008-a03f-150d7622eaab,a282af56-19a7-45df-a220-9e55d53f8673,702c5cb0-a610-4240-9bed-879c69cdb9e7
383e88dc-bdbe-4a7a-993a-5f23ce4eaa25,ee5ba54a-0f22-48d4-874b-481164ec88f8,702c5cb0-a610-4240-9bed-879c69cdb9e7
09bf12c7-7ec8-4c2e-8701-4081dd096d58,ee734457-0984-48fb-9f04-af7fe9398772,702c5cb0-a610-4240-9bed-879c69cdb9e7
1e272367-62f9-4bf7-9aa2-44c4852620ca,e10afa63-4c29-4b42-927f-98a466baa771,702c5cb0-a610-4240-9bed-879c69cdb9e7
607c1a53-72fe-4798-b43c-387fe6be51f3,114d0e99-f23a-417e-8a67-0e6cd3bbcc06,821f14d9-7bc0-4e9b-94af-b8fcb6e5280a
f630cf0a-1cf5-4a13-8a77-c64bfda05961,1221f079-246d-42ab-9bea-7aa3e6f060ea,821f14d9-7bc0-4e9b-94af-b8fcb6e5280a
e6767281-5566-47ad-8844-578f2c886ed1,baa25f25-528b-493a-894a-7a542d720af9,702c5cb0-a610-4240-9bed-879c69cdb9e7
c98d8123-86d7-4de6-86d4-054180f76529,372ccb5a-a080-4f94-bb53-e830b0bc0f18,702c5cb0-a610-4240-9bed-879c69cdb9e7
4bf5049b-69ac-423c-8df3-319980b71a2e,704f702c-08a4-4109-982d-a62f5c5f24dc,702c5cb0-a610-4240-9bed-879c69cdb9e7
1d1656a2-5e0b-486d-8181-25419aa0c67b,036ae41f-5cb6-4564-a664-72c7b5395812,702c5cb0-a610-4240-9bed-879c69cdb9e7
53f17f8e-933c-4777-8fec-9a0f6a137260,0a95614d-1d77-40d7-b23d-195e21784285,702c5cb0-a610-4240-9bed-879c69cdb9e7
4f0a07a6-3995-4940-8691-4c30e1ecdd33,3ce8586b-0490-430c-b1b9-35a58cd259b3,702c5cb0-a610-4240-9bed-879c69cdb9e7
9d1f6a51-7733-47aa-bff7-ee4dfe66c3e4,bb3ad76c-5394-4ffd-b56a-5d2a7c17e156,702c5cb0-a610-4240-9bed-879c69cdb9e7
0381300c-6987-49b9-9871-676f5b10d39d,d31a09a3-7fe6-4ae9-9f5d-71fb3c4f375b,702c5cb0-a610-4240-9bed-879c69cdb9e7
44692692-72c1-4a1e-b7ae-dea3950b7f74,cbeb0332-a61e-4f89-8ddc-d4da659a840c,702c5cb0-a610-4240-9bed-879c69cdb9e7
aafe636d-34ad-4f26-bee9-8df3e16ff086,25abf1e5-6de9-42cb-b8ff-1022346bc0e6,702c5cb0-a610-4240-9bed-879c69cdb9e7
fec2d47c-de2d-407e-8808-9a18e3bc958f,48766bf9-e6ea-4d58-8bdf-3f16bb219270,702c5cb0-a610-4240-9bed-879c69cdb9e7
a1b34a0d-7623-489b-b8a2-b4ed620a3df9,e23d2e97-95bb-4c92-a2fd-7469896986e7,702c5cb0-a610-4240-9bed-879c69cdb9e7
be9a32ff-7b8a-4263-b819-7ed7c587a38a,b8f0138e-448f-407e-80e8-209d7568c5ec,702c5cb0-a610-4240-9bed-879c69cdb9e7
e18a6694-9187-4eb4-9307-714bf48eee37,dda165c5-3f93-4530-a4d5-be7e1009dbb0,702c5cb0-a610-4240-9bed-879c69cdb9e7
c4f0a95a-4b94-448d-b930-bdc4f65f8ade,89cbdb91-6137-43ee-b35b-a48e1bf232e9,702c5cb0-a610-4240-9bed-879c69cdb9e7
f55340f5-5751-4e89-9d7e-d8360e129020,9e884b09-7a31-411f-b48a-7eb54db38132,821f14d9-7bc0-4e9b-94af-b8fcb6e5280a
e8402450-6867-4e03-bec8-76823e42c8c6,c01dc6d1-a5ff-454e-9aef-4ed6463cf2f5,702c5cb0-a610-4240-9bed-879c69cdb9e7
397f5ef4-c62a-436c-9bea-a9a81a70c843,0e5d875f-58aa-4015-bd82-e3f4dfb02392,702c5cb0-a610-4240-9bed-879c69cdb9e7
741d2fd8-6939-490d-9ca8-1bb38ca715b1,39d9b717-ca62-4fbf-8c78-86c705e138e6,702c5cb0-a610-4240-9bed-879c69cdb9e7
028fe892-f500-4ff5-85f9-54baa06cc0bf,5f9ec216-67b3-40ca-baa5-64af8e3aa2cf,702c5cb0-a610-4240-9bed-879c69cdb9e7
67953df5-105b-43b8-aa55-e7a13db02633,140e2b2c-c25f-493c-a04f-69db67cea277,702c5cb0-a610-4240-9bed-879c69cdb9e7
eb18416a-348c-46fd-a47e-da3fdeb378d3,1b66bc5a-f790-4af0-b54f-7c916fd70712,702c5cb0-a610-4240-9bed-879c69cdb9e7
b7ee5a53-ab63-4fe0-a38c-0283738eda07,85441c4f-b6c8-4ef5-9515-ebe104e0f306,702c5cb0-a610-4240-9bed-879c69cdb9e7
c3f716c4-cb87-4abe-92db-522ddc4efd9b,db235ffa-78cd-4929-9e23-ddb168c866d2,702c5cb0-a610-4240-9bed-879c69cdb9e7
b5064166-caf8-4a17-8fbf-6e5fb7f74390,2b2a3314-538a-4f92-97ba-5fc08fba5111,702c5cb0-a610-4240-9bed-879c69cdb9e7
dab5f7dc-2ae4-41b3-bf84-6ce9eb63119d,1a5d67cd-df0e-47a6-9bcb-c3cacc68bea3,702c5cb0-a610-4240-9bed-879c69cdb9e7
77207b1e-3983-4832-b376-13e22c00e412,4d100d80-6841-4306-9e65-444c45b0c37b,702c5cb0-a610-4240-9bed-879c69cdb9e7
84aea5b8-4d33-4175-a801-f4033c51b347,6b5ff066-e7e5-4abf-bbb8-b0ae05ba31e7,702c5cb0-a610-4240-9bed-879c69cdb9e7
49d216ba-c779-4050-a5c6-5811722265bd,9673b728-58fc-47d8-b0bd-72f859333c6b,702c5cb0-a610-4240-9bed-879c69cdb9e7
f9f57d22-0e7f-49d7-9552-f4c93837796a,378126f3-edfa-43d5-8854-84aa4e49b715,702c5cb0-a610-4240-9bed-879c69cdb9e7
61b19ea3-9c70-4c08-a8d8-801c959adf22,c38311b4-eed9-433e-b7c1-9aabccabc7b7,702c5cb0-a610-4240-9bed-879c69cdb9e7
3645c4bd-fbb9-4e40-90e6-e46d9dc21c01,f742089c-90d9-4ec2-a5ff-cd045366b411,821f14d9-7bc0-4e9b-94af-b8fcb6e5280a
05bac7d6-c06c-4434-a6bc-5ac4a67d379d,c73d7a2a-0ec4-4f6f-ba29-19c9aec81031,821f14d9-7bc0-4e9b-94af-b8fcb6e5280a
92a76f40-98fe-4f5d-8e04-b806d1840ac2,f089cd82-0bde-406e-b6f2-f9dfef88f7f1,702c5cb0-a610-4240-9bed-879c69cdb9e7
ad027188-08d5-4997-a0cb-0a041709efc2,1cdf7b4a-364c-4fe3-9593-71282563bcd6,702c5cb0-a610-4240-9bed-879c69cdb9e7
b403e07e-f1fa-4b4c-8f2a-36683bad4416,eca9c0e5-82f7-4074-86d4-0db8e5b88354,702c5cb0-a610-4240-9bed-879c69cdb9e7
06353f51-82f6-4c2f-bc1b-ee9c92095c89,3b547589-e027-4b37-9d4b-f67c3ddd02b9,702c5cb0-a610-4240-9bed-879c69cdb9e7
c4167a7b-b2a3-4244-aae9-efba5cfa3e19,7976e83e-8f59-4ebd-8762-e9cf8d5c2351,702c5cb0-a610-4240-9bed-879c69cdb9e7
cd093c1a-982f-4407-bace-307ba04d56cb,1350a9a1-a46a-482e-87c8-e3381064b3a7,702c5cb0-a610-4240-9bed-879c69cdb9e7
b36a5506-de3e-4612-be42-80c90bb408cf,23f27b20-e71c-4151-9283-d6f4d6e3bb86,702c5cb0-a610-4240-9bed-879c69cdb9e7
ac04ba4b-24eb-4de9-8464-3606afc60bab,3e45123a-4b9b-4918-bf16-28eeb9b390c5,702c5cb0-a610-4240-9bed-879c69cdb9e7
0dc569db-6acc-44b3-9f00-cab7d0f74e52,2105a918-0270-453b-b5fa-515235166201,821f14d9-7bc0-4e9b-94af-b8fcb6e5280a
7072801c-2ab2-4f93-b03e-52893e5867bc,b881592f-c90b-4a50-a03b-eaa6082d3bfd,702c5cb0-a610-4240-9bed-879c69cdb9e7
0fff393d-6d5c-459c-bc58-6a67f39d1948,ba2115ea-43c2-4924-9f76-c2c9b38154b9,702c5cb0-a610-4240-9bed-879c69cdb9e7
d267ea36-207a-4f57-a6f1-fd04d0ce72c4,1e3ad36c-bb9b-4dc7-ae2c-879e66046af5,702c5cb0-a610-4240-9bed-879c69cdb9e7
5048f08d-4613-4a61-bed2-41a79afe11fa,894cc0ba-074d-4342-b0c9-f705aa53f256,821f14d9-7bc0-4e9b-94af-b8fcb6e5280a
9ad05e5b-f7b7-4828-849b-7b326d8c2c19,6bdd5dce-df55-446f-8ff3-d250c7761c1f,821f14d9-7bc0-4e9b-94af-b8fcb6e5280a
fc8e2a01-2a52-4c13-9cfc-401db801f5be,a5974067-cb1a-4d04-98cd-8972782ccf5d,702c5cb0-a610-4240-9bed-879c69cdb9e7
c62d3886-27c1-49a0-bd14-7f76c7cba832,4bb49cda-9570-4a40-a158-40d2aa2c08c5,702c5cb0-a610-4240-9bed-879c69cdb9e7
ddbd3fb7-0e9f-4dc1-92bb-8ac629a8eff2,f894c6e1-a115-49c6-86d8-1c0d38037084,821f14d9-7bc0-4e9b-94af-b8fcb6e5280a
4ecf3dc2-62b2-48e9-a3d0-9df87f274637,6afcb2ad-0602-4998-9fed-22a557ed893b,702c5cb0-a610-4240-9bed-879c69cdb9e7
6be1a94a-e261-4a2c-8868-9e8f6e940aea,0c615748-d8b7-474a-a784-e7e0d98c8be1,702c5cb0-a610-4240-9bed-879c69cdb9e7
c018af3b-2770-41cb-875f-104333bc9391,90c11b7d-efcb-4b42-b152-0cb0c86f3c20,702c5cb0-a610-4240-9bed-879c69cdb9e7
7a2c2ace-01ed-4534-a90a-9bf3d6636da8,b2c92d75-431d-4735-884d-3727dd90df45,702c5cb0-a610-4240-9bed-879c69cdb9e7
7d9254ce-a9c9-44d8-b0cf-7d13e0f610fc,97c58dc8-0673-4a0f-a11f-ac076de64a4a,821f14d9-7bc0-4e9b-94af-b8fcb6e5280a
c26308c1-aa4f-4f45-9a62-1fbdb6943654,f1c7c719-e471-499d-b01e-5de41a6bea79,702c5cb0-a610-4240-9bed-879c69cdb9e7
3383d78d-8340-4a64-b0d9-0d4ddb81c961,b80529de-9370-4338-ad1f-22ef6958eae6,702c5cb0-a610-4240-9bed-879c69cdb9e7
8ef96a82-c094-4b97-8ce4-7f448764a8b3,1b4eebf2-efaa-4382-8d4b-91dbaeffec4c,702c5cb0-a610-4240-9bed-879c69cdb9e7
af4b00af-fb4c-409e-8dc6-3d640a36eff8,42cf4b94-94b1-4715-b7ff-61d965a7570a,702c5cb0-a610-4240-9bed-879c69cdb9e7
d9dfc0ab-3598-4616-b39f-8369e2869996,7aa852fc-3b3d-4898-969a-02f14aaaecca,702c5cb0-a610-4240-9bed-879c69cdb9e7
196f3ec6-69b6-4628-aacb-e44e51f24876,29e6f33c-270b-45e5-8a84-6bbc0795178d,821f14d9-7bc0-4e9b-94af-b8fcb6e5280a
ed9503fe-12a7-409c-88f7-644c1d98a69d,1d00c615-41c4-4710-982a-cd03d63cae5c,821f14d9-7bc0-4e9b-94af-b8fcb6e5280a
4fe9de6c-3efb-482a-9035-21ccaf6b6234,20aeb8f4-c299-41d1-8f9a-7a202f5dac50,821f14d9-7bc0-4e9b-94af-b8fcb6e5280a
add47a17-c8e8-4294-9417-fc21fb644fa6,33f224ee-ff66-4e39-b23a-9a2803daddd5,ed204181-0a5c-4ffc-aea7-05dc9d565ecc
699e8cc8-4c52-4133-8a5d-2923a2c3134a,1af6db2c-a908-4f08-a218-dca166b5b24b,821f14d9-7bc0-4e9b-94af-b8fcb6e5280a
ed9868fb-5814-435f-836d-7c6098a57836,77af605c-a6e8-49c0-9f26-ac752b66ade1,821f14d9-7bc0-4e9b-94af-b8fcb6e5280a
db18e421-c9fb-4212-9e6d-f3ba6450b11c,d7d8e939-1ba7-4d8d-a3af-b11d4f7eedaf,702c5cb0-a610-4240-9bed-879c69cdb9e7
d952de67-ed7a-4918-9fea-b504ef7922cd,d3b20d8e-70e8-4088-853c-74c6810c4776,702c5cb0-a610-4240-9bed-879c69cdb9e7
eb48bf2e-042f-403f-b2a2-b2fd0c3e8be4,3f97c365-e3f5-41c7-bcec-882da0d86dee,702c5cb0-a610-4240-9bed-879c69cdb9e7
c6794909-b5fa-4af9-aa80-cfc411364ff5,4ffab9b6-8bd6-48c4-b206-48069ecf72fd,702c5cb0-a610-4240-9bed-879c69cdb9e7
e4fc1ccf-1b65-43cb-a4d9-96af2b16dd24,15ee57db-9d15-44fc-bcd8-f290de36e4ef,702c5cb0-a610-4240-9bed-879c69cdb9e7
abb1bba3-5d0d-4d20-b78d-fcb5763542f9,529a269f-8121-465c-942f-53d0151de2cf,702c5cb0-a610-4240-9bed-879c69cdb9e7
7c098c32-8419-44d7-b981-3d8be3b9be17,40bf7676-8de2-425d-a360-1352f36ec7d0,702c5cb0-a610-4240-9bed-879c69cdb9e7
6d3fde6e-4f62-4637-b6fa-b7c4832ffc6f,16f92e05-6d5e-4382-b00a-751697370eb5,702c5cb0-a610-4240-9bed-879c69cdb9e7
711672e6-c4e3-4802-93b8-2484dba2f1f5,a9262a80-1a99-4a21-bf0d-b2829062fe96,702c5cb0-a610-4240-9bed-879c69cdb9e7
5d2beebd-36df-42fe-b4ed-51f0f6e7a1f5,24046d7d-c4b2-449b-88db-47b8d69107c8,702c5cb0-a610-4240-9bed-879c69cdb9e7
c01479ff-bca8-43c6-943a-3add716d3503,264da9b0-a098-4953-a888-8dadc678ce30,702c5cb0-a610-4240-9bed-879c69cdb9e7
41859e84-fc21-4aa2-a5a6-b60681463f39,56ad4007-7ec7-4e41-a150-8fda34cc3e1a,702c5cb0-a610-4240-9bed-879c69cdb9e7
15d2a01a-cc64-4535-9441-833da8a91226,2ab50d64-b55c-4d7d-8ca5-b450c994d2d7,702c5cb0-a610-4240-9bed-879c69cdb9e7
60bf3fc9-ed28-421d-974d-b9349dd41271,c14bd5fe-0a51-4c87-809d-1a1953357184,702c5cb0-a610-4240-9bed-879c69cdb9e7
35e52541-ef57-4bfb-b5da-2a80f67d2af8,99562d18-cfc6-4153-910e-ff92309c13f1,702c5cb0-a610-4240-9bed-879c69cdb9e7
d8222b2c-1d14-43a3-afb7-208c0a4c4847,e7499718-a4a7-4bbd-b0b3-3ca88597759a,702c5cb0-a610-4240-9bed-879c69cdb9e7
215efafb-9db8-41e9-b744-949dd7a86cf2,f9c01413-b522-44c3-aa54-4d128d1cd980,702c5cb0-a610-4240-9bed-879c69cdb9e7
761f7443-f62a-4da3-b843-a6933622a5b0,edf37378-3b2c-4e50-aaa8-a32257db2f37,821f14d9-7bc0-4e9b-94af-b8fcb6e5280a
04e19863-e1f5-490e-84f8-52cff70dbc79,6feede75-164a-4a48-8e21-78c4160bdabd,702c5cb0-a610-4240-9bed-879c69cdb9e7
e9bc185d-c4f4-4062-8613-5c139de26bba,e2762027-c161-4a37-9573-8840695ef3f8,702c5cb0-a610-4240-9bed-879c69cdb9e7
2abf15fa-f8ad-45da-8e60-a246230e58e7,642ed30c-b03b-4330-9076-a428feac31de,702c5cb0-a610-4240-9bed-879c69cdb9e7
f0dd6798-95b2-43fd-b63f-95dc459bc4ae,22dae3a6-4952-4b0c-a9d5-6a4b40fcd947,702c5cb0-a610-4240-9bed-879c69cdb9e7
10997835-c45f-42d5-a3db-a706e11bf1e7,15929226-7fd7-4fda-a114-e304e32b5455,702c5cb0-a610-4240-9bed-879c69cdb9e7
583525e7-f39f-4c7f-acba-8943aee7472b,7f7c625f-3cd1-475b-9409-207e1b64c27e,702c5cb0-a610-4240-9bed-879c69cdb9e7
1d712279-2ed1-4e58-a9e9-6e041a665ab2,1914bf8d-e0b1-4c9c-a507-ac832ca93cd6,702c5cb0-a610-4240-9bed-879c69cdb9e7
c356c830-5732-4782-bd47-916cac402f60,c976327e-0541-49bf-8338-5a20c14e7d79,702c5cb0-a610-4240-9bed-879c69cdb9e7
40d2b494-8e4f-4643-8816-5d0d3840033d,698d42d8-f3be-4568-b31a-dcb95017e3ca,702c5cb0-a610-4240-9bed-879c69cdb9e7
1c935d21-9f76-4e56-b72d-1e69105b4c89,d0586bbd-c22e-4e42-8281-972067b85bfc,702c5cb0-a610-4240-9bed-879c69cdb9e7
80984a9b-5816-4991-94f5-0d61d45d5dd5,7a4d28b9-a85b-42c5-8cc8-126356fde4eb,702c5cb0-a610-4240-9bed-879c69cdb9e7
e8d6d2d7-215a-4699-b337-c64613d4247b,2b35092e-72ca-4336-9b51-ce8065422c55,702c5cb0-a610-4240-9bed-879c69cdb9e7
4d4e908a-c1de-4f65-a9ed-4d861e22679b,e80884ef-055f-4b61-9966-6ba18c512e06,821f14d9-7bc0-4e9b-94af-b8fcb6e5280a
63617738-f882-40f8-a1be-27279b294c1d,4dbff7f8-b8bc-475f-8f1a-60e43a8b4a04,821f14d9-7bc0-4e9b-94af-b8fcb6e5280a
e1baf4a9-9349-4f6b-a4cf-6fb53011c1b8,fa511b6a-c9b7-4586-8d60-de4fc85cb501,702c5cb0-a610-4240-9bed-879c69cdb9e7
7b9e0543-86a0-419b-9ba4-20c9cb3ee25b,b7aa711a-3879-4ee2-93b2-523be635af2c,702c5cb0-a610-4240-9bed-879c69cdb9e7
511989e5-92bb-4cc2-ac0e-dcd67ea0bae5,445aae9f-1c44-4c7b-9151-9a8c697b3977,702c5cb0-a610-4240-9bed-879c69cdb9e7
3976b58d-b6e9-4389-8b25-a35fb67e91c9,fe986227-2692-4d53-90d7-37b6e29f03a1,821f14d9-7bc0-4e9b-94af-b8fcb6e5280a
cd31dab8-ab9f-4d9a-8424-01032d8487df,a40fe4c1-a58a-44ff-8250-00768ba74888,821f14d9-7bc0-4e9b-94af-b8fcb6e5280a
f6ed6ac1-9205-4a7d-bc5a-2b4433496615,97c3e8bd-d1f8-4019-b33b-665768e93a2b,702c5cb0-a610-4240-9bed-879c69cdb9e7
ce58242c-303d-4ddc-84e9-ae10e566db39,96c0101b-9044-4e81-8cbe-bec183632790,702c5cb0-a610-4240-9bed-879c69cdb9e7
ca4bc519-4b18-4ae5-ad73-d8fdfd673d13,d58975d1-8a14-40b9-bfa8-204acdb2be65,821f14d9-7bc0-4e9b-94af-b8fcb6e5280a
cd91be56-a6a1-407d-8d05-a0818f76a969,56148339-3ec6-4b68-a313-c564f50c2012,821f14d9-7bc0-4e9b-94af-b8fcb6e5280a
b1931c3f-2b4d-47d8-8a5f-7ba927333a3c,0df900a3-cdeb-4a09-9c78-483b3b952c27,702c5cb0-a610-4240-9bed-879c69cdb9e7
88c57e77-df4d-4ccb-b4b9-695abb8b2e80,2343ea96-69a9-41e7-965b-9afc82ddea12,821f14d9-7bc0-4e9b-94af-b8fcb6e5280a
d089d6ef-aee0-4274-8d03-dcceb09cd37e,f4cb5410-100f-495b-9f5b-893d27f343ca,702c5cb0-a610-4240-9bed-879c69cdb9e7
a03a3deb-6242-4c7d-a27d-8d3eb7a7c8e7,dbf2a139-0b17-412b-8150-b0de51d37044,702c5cb0-a610-4240-9bed-879c69cdb9e7
516e3375-9fe7-46c9-9295-9741c1459385,62f24393-13e3-4872-b85b-0dc442349179,821f14d9-7bc0-4e9b-94af-b8fcb6e5280a
e399e9f8-8487-4dfb-baeb-b2aa5451a401,cc31e6b4-d411-45b7-b3e7-9b131ecdca77,702c5cb0-a610-4240-9bed-879c69cdb9e7
70cdc503-ecbe-4900-8bd6-80f1f25bf376,127dbe4c-975b-45ea-8285-d5aa73afaf68,702c5cb0-a610-4240-9bed-879c69cdb9e7
df16c1b3-12ec-4e47-b04f-3645ee802f7e,8c15aed0-9396-40a1-a026-24e2be50febd,702c5cb0-a610-4240-9bed-879c69cdb9e7
4e59aa0b-1461-4c11-aac0-652313d7f5b7,e61876a2-6d1c-46d0-af6a-c9dcb4e0760b,702c5cb0-a610-4240-9bed-879c69cdb9e7
ab0f4352-5b24-41e8-9c53-43d12c5f8e05,03492471-81ff-4f40-8b44-90cc039aff5f,702c5cb0-a610-4240-9bed-879c69cdb9e7
cb3197e5-7fdc-4dca-94cb-22773c5db1d7,a5850403-2136-4b97-bfae-8b1f282ea07b,821f14d9-7bc0-4e9b-94af-b8fcb6e5280a
5fbc11f0-50ab-436b-a928-806047714239,c8921fc1-6e8e-49cf-96ca-2aa7dece6fec,821f14d9-7bc0-4e9b-94af-b8fcb6e5280a
971ced83-40fb-4216-9f6e-c88bf0a141db,6323694d-d0e0-4b11-a8fe-6a9668d440ba,702c5cb0-a610-4240-9bed-879c69cdb9e7
b93c61cc-888e-4367-93c0-6c2cd95a78f2,84e6f663-50dc-4eec-b6f3-d88c3fceb870,702c5cb0-a610-4240-9bed-879c69cdb9e7
8e4a5a2e-22c0-479f-a20b-1146a36d607b,88c9e8ff-6907-40d7-9666-6f7da9f29ecd,702c5cb0-a610-4240-9bed-879c69cdb9e7
ca0e413b-ccac-4afd-983e-21afb41e006d,50b408ed-83a9-412b-9faf-852cfd5c5fd9,702c5cb0-a610-4240-9bed-879c69cdb9e7
f99f6900-3021-4166-98da-c946418b250e,6b474d40-9ac8-45c2-b2d3-dc23c8204e8a,702c5cb0-a610-4240-9bed-879c69cdb9e7
475147cd-f0fc-43e4-afe5-f55abc17ed50,ede013ba-d26f-411c-ab8e-3d9e77188f3b,821f14d9-7bc0-4e9b-94af-b8fcb6e5280a
dcdceee1-dfeb-4644-8216-5d16e37fb486,b691a351-a317-4da0-8ff2-3145305f5b78,821f14d9-7bc0-4e9b-94af-b8fcb6e5280a
f109d396-13bf-48e7-a526-23d5d71e6090,16befa14-b8c7-4b4e-8cb6-5e47378bea04,821f14d9-7bc0-4e9b-94af-b8fcb6e5280a
9ea3cef7-031d-4e96-998c-5bb463124a65,85f82fc9-a3f7-4638-9559-f40f8a5c4c15,821f14d9-7bc0-4e9b-94af-b8fcb6e5280a
7fe32e83-d83a-482a-a346-68b576d3ac85,2307b7a8-fb78-421f-8276-86d16614510d,821f14d9-7bc0-4e9b-94af-b8fcb6e5280a
ad265c58-88a6-4f72-8e24-2ada987289da,2d8ad0d7-17c6-41aa-9284-0d66fe67f311,702c5cb0-a610-4240-9bed-879c69cdb9e7
62cbebec-55e7-45b9-80ee-c8c5b3d0e984,dd66b54f-a268-4665-9676-e919c1268d47,821f14d9-7bc0-4e9b-94af-b8fcb6e5280a
bc035bd2-4e69-466f-8164-39c47f206b79,31048f2f-300b-458f-88a0-f8bdc624064a,702c5cb0-a610-4240-9bed-879c69cdb9e7
604cbb39-cc27-4b94-8b29-87cfd751cc24,d8497a9b-b373-444c-9d0a-a9a39251f1dc,702c5cb0-a610-4240-9bed-879c69cdb9e7
f8f747d5-d92f-4cf2-9739-2a1f9e3bb0f9,5d0a3c72-cf32-4d2a-b5d0-b65f56ddfde6,4934dc25-aa95-4f0b-80f6-da9704d700d3
555732bd-5119-41da-a733-2a273e4cde24,8dffc296-2e19-442f-9f07-967bf0955e61,821f14d9-7bc0-4e9b-94af-b8fcb6e5280a
951cfe71-0b9e-49cd-a33f-91164e1945b7,d4e782ad-0588-4710-84bb-92fd4be6361f,702c5cb0-a610-4240-9bed-879c69cdb9e7
cff9253c-7f7e-4d52-8b09-9960f322d5de,e0db4e8f-be23-4864-b2e6-485f4ac52d84,702c5cb0-a610-4240-9bed-879c69cdb9e7
6f3fd4c0-a7fc-4979-bda5-fb0e950f0d90,5a445b12-610b-4a03-807d-6c9a8bced4de,702c5cb0-a610-4240-9bed-879c69cdb9e7
f1d73b29-54e5-4e86-ae47-6490893b94b8,ffd0b22d-a2bf-4168-ba88-d3529a13848a,702c5cb0-a610-4240-9bed-879c69cdb9e7
56307050-33f4-47b3-a42c-8c3344172b49,74cd2d25-1a6b-48a9-98c6-1e94db6837a4,702c5cb0-a610-4240-9bed-879c69cdb9e7
cf35de4f-0c94-4a8a-addd-5d05949c5811,72e18225-4188-428e-8b9b-92290906a050,702c5cb0-a610-4240-9bed-879c69cdb9e7
6c49edb0-7a41-40c5-ae91-846976afa3a2,dde3c48d-24e3-4e38-a209-241348a0fd4b,821f14d9-7bc0-4e9b-94af-b8fcb6e5280a
767882b9-d04a-4198-8065-052807539af2,d655d76c-4391-4ba9-9024-2b2f0f506c75,821f14d9-7bc0-4e9b-94af-b8fcb6e5280a
91bbbd45-52c3-402f-a7d0-91dda2a84cae,649701fc-d594-4a3d-be23-9a5258713b32,702c5cb0-a610-4240-9bed-879c69cdb9e7
fb00a7b9-1215-4e45-a6f4-b3b85b87f5fe,6bfbf9aa-6a59-4254-887e-3c71c0f0679a,821f14d9-7bc0-4e9b-94af-b8fcb6e5280a
35d27221-da99-44ef-954e-f8d66ea07e79,7c5f0d23-0fe0-4455-b7e6-e30488c326c8,702c5cb0-a610-4240-9bed-879c69cdb9e7
0d15bfdd-9c54-4dad-b3cf-4b63fe68da18,faa3e028-130b-4793-8402-3e070edf70ff,702c5cb0-a610-4240-9bed-879c69cdb9e7
de4ef8ee-6845-47d8-8955-42bb532566ab,b9c77839-6282-475e-9fc8-3dad85788e92,702c5cb0-a610-4240-9bed-879c69cdb9e7
4f5a7a6a-13e0-4c27-91bf-c7a37c73d82c,4787a73e-19e9-4880-a947-dcb81a693ebd,702c5cb0-a610-4240-9bed-879c69cdb9e7
78b3312b-cff1-4501-8eac-d03271f904a1,15d54469-bca1-46fc-a3ae-db930d8c4046,821f14d9-7bc0-4e9b-94af-b8fcb6e5280a
9ad0b842-14db-40f7-b52d-f06df7eee42f,13357a3a-7409-4999-a6a3-b0d78b958b0a,702c5cb0-a610-4240-9bed-879c69cdb9e7
7d3b6d8d-5545-4131-9e1b-b3625579d74b,d5a56219-a6d5-46ea-b6f8-4157a70a6255,821f14d9-7bc0-4e9b-94af-b8fcb6e5280a
5e64ee8e-de52-493b-ae00-1ed41f9f5a77,9730fb84-caa8-403f-9304-8286cfa89616,702c5cb0-a610-4240-9bed-879c69cdb9e7
6f62328a-24b4-4227-9469-ed2a7513a73b,0b33e9ea-a3e8-4e0d-b7cc-28a03776b4b3,702c5cb0-a610-4240-9bed-879c69cdb9e7
d362655c-b112-49cc-a80e-c319533d1c54,e982a80b-5785-4fd6-8811-213c9be56843,4934dc25-aa95-4f0b-80f6-da9704d700d3
3e2b3ff9-501e-4fa0-b0bc-45998a35ba89,02054e47-9474-4eed-b051-d139a446ffdb,702c5cb0-a610-4240-9bed-879c69cdb9e7
3a25c44d-3bfd-4b0b-8dec-afe94da34e8c,823cb3e0-f082-4815-9c0f-1e03ed0fc67f,702c5cb0-a610-4240-9bed-879c69cdb9e7
2f88be16-f8c1-4424-a98e-2103b7c2c8fa,9e4dc52c-f6d3-441b-a915-e00dd03eebe8,702c5cb0-a610-4240-9bed-879c69cdb9e7
1e34870f-334f-4050-ad63-3a449010e3ba,7417e9a1-a934-4ffc-86ab-f359c67227bd,702c5cb0-a610-4240-9bed-879c69cdb9e7
d8d68808-487c-4358-85b3-9d5208feb167,a8c3d1e5-71d3-409c-b755-4e635006f27a,702c5cb0-a610-4240-9bed-879c69cdb9e7
269cef93-b33b-42cf-a5bc-aaf5de124df4,3230561b-793a-46a6-9782-c4a3b6fe9dfe,702c5cb0-a610-4240-9bed-879c69cdb9e7
2981aba0-a04d-455b-b386-5a8e5fc244f9,e4d96d59-393b-40b7-935e-283d3e01c776,702c5cb0-a610-4240-9bed-879c69cdb9e7
f033942a-95a2-4081-a470-c4d4d98d4cef,df197ccc-5563-482e-83c6-aa60dcbdb0c5,702c5cb0-a610-4240-9bed-879c69cdb9e7
4558e08d-d3a6-418e-a261-7d426cbe584d,3483b1d9-cefe-4abf-a71b-0b084467409b,702c5cb0-a610-4240-9bed-879c69cdb9e7
3d5db20a-8232-4192-a907-6ad629bac856,a8a64ea1-bc64-44e6-bd24-23e14d564d15,702c5cb0-a610-4240-9bed-879c69cdb9e7
677af1c4-0f02-4820-9e4b-db57974e8ad0,86f14374-8ccb-4537-9235-d92bcf40ac2c,702c5cb0-a610-4240-9bed-879c69cdb9e7
e15adc30-b2bc-4529-a0b8-6d2f9bced9e3,0c15aa70-7b6c-48db-922c-6102e6bd85e4,702c5cb0-a610-4240-9bed-879c69cdb9e7
1459f07f-72db-4cd5-a2ea-d8f39d712176,85f97408-5fc3-4924-914c-84dbffc1b770,702c5cb0-a610-4240-9bed-879c69cdb9e7
fc965d7a-8562-4b03-8439-d6072a04e234,268680ca-8817-45c3-a14b-8db518512dec,702c5cb0-a610-4240-9bed-879c69cdb9e7
a89a0216-5090-42dc-b27a-f22ef7fbe81a,6ffbb854-b395-41eb-bb97-fa2e402f955f,702c5cb0-a610-4240-9bed-879c69cdb9e7
2442e07a-74fc-45f2-96c8-79cc91079ddc,ee845bb7-82e0-44c6-885f-0269206dd7a8,4934dc25-aa95-4f0b-80f6-da9704d700d3
f97cc3d8-cd43-45f2-88ed-38f17bd57f17,0be378f8-da67-4a5b-920f-5fbbace9d5e6,702c5cb0-a610-4240-9bed-879c69cdb9e7
d54e654d-43bf-40b8-b85c-f83de926d89c,f09aeb9c-08b9-4dc1-9393-fc8eb802cd00,702c5cb0-a610-4240-9bed-879c69cdb9e7
dbe5b414-686d-473a-8162-2cf1a35512f6,d294446d-4a8b-43ce-9230-0b7e034056df,702c5cb0-a610-4240-9bed-879c69cdb9e7
fd329230-a707-4f68-8376-0b91253f9269,ed3d3e80-5410-4b4f-ab1b-ac36d0c43088,702c5cb0-a610-4240-9bed-879c69cdb9e7
fad61b9d-1bdb-4693-8d21-66b7c21231b4,e3905dad-ce7d-4910-b968-2f795f2ae83d,702c5cb0-a610-4240-9bed-879c69cdb9e7
2aadd465-97d2-42f1-a6c3-4a17706852ee,d7ee13f4-bfa8-481a-ad69-86e5c2f4bc59,702c5cb0-a610-4240-9bed-879c69cdb9e7
93ffd2fa-567d-41db-8d4c-244e6ac1c8b7,3b06432a-754f-4ab2-99a8-611a5ed27b01,702c5cb0-a610-4240-9bed-879c69cdb9e7
776e7326-c379-404c-87b3-57e19399ca39,4d13cb8f-38e6-47ba-b716-9df3c418e2e9,821f14d9-7bc0-4e9b-94af-b8fcb6e5280a
a3881947-29eb-4c60-8723-2b95e7e96578,100ad214-fae2-49ed-a4ac-2b0578e3c566,702c5cb0-a610-4240-9bed-879c69cdb9e7
af1028e0-7b57-4bcc-b22a-e2e5c14742fa,d9ef8686-e5c1-49d2-976f-859bb9161a3b,702c5cb0-a610-4240-9bed-879c69cdb9e7
aa31e4b4-f46b-48f2-b551-60138a45412b,b5a459c2-e23c-4f38-a654-b5e7442ea483,702c5cb0-a610-4240-9bed-879c69cdb9e7
b3e2bedb-f214-4d0e-94f0-045f293770fe,2826d5ef-966a-4715-8343-f6daabc8a4e5,821f14d9-7bc0-4e9b-94af-b8fcb6e5280a
0401d33a-893e-453d-ac3e-83c133d239b6,10db6d3b-206f-46f0-a6c1-eefdf9045ba6,821f14d9-7bc0-4e9b-94af-b8fcb6e5280a
e6de6325-4594-476f-8486-ac50804b7005,49d24c2c-7f19-46b1-8925-8f06da1d4b88,821f14d9-7bc0-4e9b-94af-b8fcb6e5280a
700bc63a-5ed1-44dd-9ea9-f5146e35f4a3,714a8b1c-99b6-46f5-ae2e-145a8fc35a4e,702c5cb0-a610-4240-9bed-879c69cdb9e7
6330b79e-de80-4a4e-849d-33d6dab01b3b,76affd3a-b960-470a-b509-46b17a78229f,4934dc25-aa95-4f0b-80f6-da9704d700d3
18c6b92a-1825-4981-a8b3-116aa13dc3e0,bb7e88b8-77d3-4f65-ae84-358f51907012,702c5cb0-a610-4240-9bed-879c69cdb9e7
a0b9ed2d-71b0-4127-b590-a35cacd4527f,04c6df39-541b-4056-85c6-d150f28883b1,702c5cb0-a610-4240-9bed-879c69cdb9e7
05dfa8cb-2c93-43a6-a5d9-eae867559863,6d7583c4-8a22-4853-a732-2452da3a61d0,702c5cb0-a610-4240-9bed-879c69cdb9e7
55f40eec-6c71-4321-ab7d-f5edcfa94f72,65738b90-5fbb-4434-8311-6202aea863a6,702c5cb0-a610-4240-9bed-879c69cdb9e7
bc58fddf-cb5a-4a68-918c-11d119b232a7,9a5b63fd-79ba-482b-8a19-f865a72cd32c,702c5cb0-a610-4240-9bed-879c69cdb9e7
242798c6-9114-4e95-a68d-781a96ee3ed0,54e0ba51-4239-411f-aac0-3e302827c68a,702c5cb0-a610-4240-9bed-879c69cdb9e7
01a06c0a-b49c-4c9c-b14a-39079175ab7b,a04b38eb-5195-4c3a-9ca4-822ffbbfe934,702c5cb0-a610-4240-9bed-879c69cdb9e7
275fd67c-8bc7-4999-bc61-fa3738e889e5,f70465fe-a111-4fe2-a91c-18db5ccc2b12,702c5cb0-a610-4240-9bed-879c69cdb9e7
7cef93e8-5c49-4cbf-a5c2-e5098e642dbb,dbd8a688-fd24-410f-bd15-c5a66fbfe24c,702c5cb0-a610-4240-9bed-879c69cdb9e7
efa9fcd2-2368-42af-894e-497418521b4d,cfd311d9-22f2-492f-9558-f468bbeaf2fa,821f14d9-7bc0-4e9b-94af-b8fcb6e5280a
81b7ffb3-c6c7-4f68-b4bb-6fd3bb492bd7,d42fc78c-82ad-4334-986a-658362db6408,821f14d9-7bc0-4e9b-94af-b8fcb6e5280a
dff6fcaf-9b97-45bc-bc49-5176bee5e714,37b012c2-ad8a-4896-af5a-ea5525b466bf,821f14d9-7bc0-4e9b-94af-b8fcb6e5280a
83d315c5-00ab-4ca5-b0f5-63010896bd83,99c0f3d8-1200-43e3-928a-5c2057ff486b,4934dc25-aa95-4f0b-80f6-da9704d700d3
62ef4c77-6a28-4aa6-b706-b428a3b59017,88776f42-d44c-44b2-94a1-b8be4b428942,702c5cb0-a610-4240-9bed-879c69cdb9e7
8c906325-4d2b-43a1-92a1-cdacf85a5409,5e9144c6-7cac-483d-a100-8a809af4f3c3,702c5cb0-a610-4240-9bed-879c69cdb9e7
86052cf2-e25c-435b-a838-bbc1a87170e3,d2fb7248-a019-437e-a3f8-c90c2fe3d974,821f14d9-7bc0-4e9b-94af-b8fcb6e5280a
711f48f6-e3be-4fc6-8a24-c967abe132ab,6d4cb720-bad3-4600-a462-4277a3fd585c,821f14d9-7bc0-4e9b-94af-b8fcb6e5280a
2aaa3693-4db3-4997-b7e9-1a65300c9cbd,168b4565-0ec3-4030-919b-a7d96a235be9,821f14d9-7bc0-4e9b-94af-b8fcb6e5280a
f1506602-a7d0-4f1c-bc02-dc05a4ac085a,59bcfeb2-0bcd-4619-a809-971ca02d62fc,821f14d9-7bc0-4e9b-94af-b8fcb6e5280a
6ced04fb-2443-4fff-8263-8c0645fc662c,ba67bfea-d4ca-4ba5-92f7-0c2d6ab8f4ed,702c5cb0-a610-4240-9bed-879c69cdb9e7
5e6686ec-963d-4cc2-97ad-9607c9cca9bd,f4f24415-557d-41d9-9746-e9181e748056,821f14d9-7bc0-4e9b-94af-b8fcb6e5280a
eaa3ee4a-e354-41ec-93d3-d0fbca0a52b9,dd2ca60e-391e-430e-bf9d-ef5c67ee8220,821f14d9-7bc0-4e9b-94af-b8fcb6e5280a
579c1f15-4a1f-4327-bb18-3f19324848ae,af46a743-660b-4589-be5d-7861c08934d4,821f14d9-7bc0-4e9b-94af-b8fcb6e5280a
33965822-fd89-477b-a431-a9b13d2bcef9,e1197ccb-af3c-404c-bbe1-8e33357a299f,821f14d9-7bc0-4e9b-94af-b8fcb6e5280a
c619773c-414a-46f1-81f2-95e8289794dd,3aa37cfe-f2a8-4905-bd3d-498f8e4218f0,702c5cb0-a610-4240-9bed-879c69cdb9e7
5cf7e709-6c86-4141-9cb9-8e8bdb540760,4e0a787c-b246-418f-a1f4-18272eaaae60,821f14d9-7bc0-4e9b-94af-b8fcb6e5280a
cc8b011d-c276-48b5-8227-f25afc4418b6,72bc1a4a-ab7f-4ec6-8354-42e5d6ede69e,702c5cb0-a610-4240-9bed-879c69cdb9e7
aec4c10d-eb93-4adf-a2ec-12d7e6e2ce2f,0b629c98-5e07-49c1-beba-15322606e372,702c5cb0-a610-4240-9bed-879c69cdb9e7
b83a343f-fc2c-4760-b4c6-5dfd8b5dd06c,3b2e91dc-452d-43a9-a51d-7f9fbdb4c597,702c5cb0-a610-4240-9bed-879c69cdb9e7
bffd81ce-f8bb-42b3-a1c8-2032ff18e4f4,3f61cfa4-2afe-4aea-9308-edd7f108b45b,821f14d9-7bc0-4e9b-94af-b8fcb6e5280a
91eea031-fbba-43d3-90e3-735ff8e7d351,b14b9913-e675-4c3e-9acb-2e26e5094213,821f14d9-7bc0-4e9b-94af-b8fcb6e5280a
cad30c23-b246-46a1-a823-5a71feb3a060,03a76d9f-9489-4692-887c-84e72f849661,821f14d9-7bc0-4e9b-94af-b8fcb6e5280a
efb8956c-e9e7-476a-92c4-0802216c6a3c,d08ba4d2-b4fd-408a-8ee1-b6f5e9586c68,821f14d9-7bc0-4e9b-94af-b8fcb6e5280a
c9ca1961-0589-4547-8657-631778339768,3a7ec7da-19cc-4a1e-923d-c50d35906cf2,821f14d9-7bc0-4e9b-94af-b8fcb6e5280a
3089ec2c-11f0-4d99-83e4-4b1fb19dfba1,bbe2d272-1f8d-4511-8da7-bee260b43846,702c5cb0-a610-4240-9bed-879c69cdb9e7
1bac4372-f5db-4772-87b2-44eacbfe44ec,0a899219-2a71-4f3f-9720-31a8716e4116,702c5cb0-a610-4240-9bed-879c69cdb9e7
4710af40-e38b-425e-8390-d8c8efd88c7a,33354d18-4e27-43c5-b3ac-09a679571699,702c5cb0-a610-4240-9bed-879c69cdb9e7
cd883203-e986-4ae5-9beb-d7f9b5e64621,a0b6f970-5220-4fea-975e-d7fe2b0b7ab0,702c5cb0-a610-4240-9bed-879c69cdb9e7
dbd82fee-df1a-4898-a0e6-a8bce0b472ba,18dcf42c-923e-4484-9578-5612d6179074,702c5cb0-a610-4240-9bed-879c69cdb9e7
ff56a89f-6074-4f47-b344-62eafb696b05,d08bd123-bc4e-4736-884f-e6746ab69a43,702c5cb0-a610-4240-9bed-879c69cdb9e7
3c97a84e-c0ad-4f58-8ecc-8250daeed1c3,ada8fa02-7a61-4206-94f2-482931a16874,702c5cb0-a610-4240-9bed-879c69cdb9e7
bab2ceb0-2ca1-42ad-b02e-07ecf2cf89dd,c8df773f-a6e3-4222-ab95-19fe7d5e0022,702c5cb0-a610-4240-9bed-879c69cdb9e7
cb013e3e-c9b8-42f0-bac2-bd1c41e51f91,e82bc48a-3ca1-49cc-90b2-56b4c93126bc,702c5cb0-a610-4240-9bed-879c69cdb9e7
498bde34-8a8c-49a2-b073-0bd913391d54,61152365-fcfc-44fc-bcdd-b041e133bf58,702c5cb0-a610-4240-9bed-879c69cdb9e7
363ca95d-5a12-4274-a7e8-0ff027e44a30,df8b0190-3526-45ec-b593-fe26793b2d25,821f14d9-7bc0-4e9b-94af-b8fcb6e5280a
8cc24fbc-1b3e-4a40-b3e7-85168c6c1285,96702b0e-c7e5-49e0-9356-e7ca5548a6fd,702c5cb0-a610-4240-9bed-879c69cdb9e7
35adbb44-bc4e-4e93-8295-bf4649641f3d,d6d2f5d2-0160-4bdf-ba4b-6189e924f14f,702c5cb0-a610-4240-9bed-879c69cdb9e7
aabd5797-dca2-4374-9347-2ee47d316672,55681db2-b658-49c7-92bc-12c7b42a6c62,702c5cb0-a610-4240-9bed-879c69cdb9e7
f6fad707-ffd6-496f-8e36-04d12d31a0de,09bfc45b-7f51-4387-aa85-dd92020b4e9b,821f14d9-7bc0-4e9b-94af-b8fcb6e5280a
ac36b085-e763-4a6f-8127-8d8305cf68c2,6acd686d-8c70-47cd-b441-b4bdc31ce608,821f14d9-7bc0-4e9b-94af-b8fcb6e5280a
a7d57718-1d85-42d2-af25-18e3e04656c3,c175e92e-6ea1-4ab5-a909-f1fb6cbfced8,821f14d9-7bc0-4e9b-94af-b8fcb6e5280a
6b869116-f013-4dda-a70a-01c3cd36b5d4,0506d5cf-692b-47ef-8394-6ab0063044d4,702c5cb0-a610-4240-9bed-879c69cdb9e7
532a5b21-c7af-4446-ba20-b8261efde9d6,bf7ab69a-10e9-4d2a-b78a-741904c39dbf,702c5cb0-a610-4240-9bed-879c69cdb9e7
35471ccb-36ae-4999-99a3-ef16f7bc12ae,0c36fed5-0914-4f6c-b541-c9ebe9889a5d,702c5cb0-a610-4240-9bed-879c69cdb9e7
98ec4036-d28b-4cfc-b585-af67577c167f,0d12d905-187f-4aa3-bd45-4612f8e13d71,821f14d9-7bc0-4e9b-94af-b8fcb6e5280a
16dfd9c4-bf72-49c3-92c0-be44950c677c,691c2172-bea4-46f8-b53c-a0b2e6be8868,702c5cb0-a610-4240-9bed-879c69cdb9e7
4f91036e-dbbd-4bbf-bcc4-b87c77fadea5,d2a2a8c7-0593-4605-855a-16e6e585444a,821f14d9-7bc0-4e9b-94af-b8fcb6e5280a
b37046cd-f698-46c5-8c2a-c2796c1c6191,303edfcd-c6ed-4eac-8e01-10362c145b5e,702c5cb0-a610-4240-9bed-879c69cdb9e7
6b4b6be6-e8d6-4bdf-873f-9672bd6b19df,c9caf7df-3592-43da-a562-61640bfe42a9,821f14d9-7bc0-4e9b-94af-b8fcb6e5280a
9de3fd6a-8500-4475-9810-4c3b73edfd47,b30b08e8-091e-4c4a-bf00-bb29a01e2672,702c5cb0-a610-4240-9bed-879c69cdb9e7
a448f253-d41e-4a8a-846c-89df1b3233e4,71d8e517-0caa-4437-b0ab-4fdb4e728f36,702c5cb0-a610-4240-9bed-879c69cdb9e7
d25429af-d2a1-410a-a79d-721f9797f144,bfe4436c-f6bf-4952-a5d2-058e55b6a633,702c5cb0-a610-4240-9bed-879c69cdb9e7
fc1c68d2-9fc4-4084-8a22-be8818efecde,670ef9bd-0d00-45f7-95a5-82c00cce83e9,821f14d9-7bc0-4e9b-94af-b8fcb6e5280a
2f89250c-ae57-4867-ad5e-83f581662870,aabd4734-cd84-49e7-8770-c9d9fee06077,821f14d9-7bc0-4e9b-94af-b8fcb6e5280a
10027c33-a3c0-490b-bb0a-b83011c91d7c,9d17f20f-d54b-49e0-9a23-13cba8adf8ca,821f14d9-7bc0-4e9b-94af-b8fcb6e5280a
56719699-6187-4461-abb9-4698efe279bd,9ea83724-2434-4752-ae0f-d957985cb2c8,702c5cb0-a610-4240-9bed-879c69cdb9e7
0175dbeb-78de-4aad-a6b7-0e1a4bc206ab,088c5d02-8f18-47b5-9e02-bb370e78f3d8,702c5cb0-a610-4240-9bed-879c69cdb9e7
5cd600f8-5913-499a-acc6-5132c9b97ffc,166a6ab6-7350-4c0b-a846-e19ac0c0fa2c,702c5cb0-a610-4240-9bed-879c69cdb9e7
b40b67a0-5da0-4859-a77d-897cf52614d8,79467dcd-0dc1-4e90-a7a2-5ec3c5f92d18,702c5cb0-a610-4240-9bed-879c69cdb9e7
aab690f9-6e24-474f-9d9f-152954095077,d4a60917-4366-45fa-a721-a12c141c8efd,821f14d9-7bc0-4e9b-94af-b8fcb6e5280a
a65829bc-a3bb-47b7-8614-f9b4e9f922d5,5b5ea7ee-a70c-475e-92f4-7ed69efb08a9,821f14d9-7bc0-4e9b-94af-b8fcb6e5280a
a3f78959-7927-46df-b16d-7e5d8a31ef89,852c1922-990b-4f64-bdbc-9dea7f88495b,702c5cb0-a610-4240-9bed-879c69cdb9e7
98c60cdd-422d-4ccb-94ea-2f2114e014bd,126cbcd1-9da5-412a-ad7e-3e69785f5ffe,821f14d9-7bc0-4e9b-94af-b8fcb6e5280a
53effbd1-6271-49aa-a4ad-8fc8d5bf3ec7,aa968392-653c-43de-b284-33e628236ca2,702c5cb0-a610-4240-9bed-879c69cdb9e7
be9559fd-a52a-4e7f-99bc-7c7018800323,1839790d-1c5e-420a-a70c-59d894e8c1f0,702c5cb0-a610-4240-9bed-879c69cdb9e7
1c4109ba-5a0d-409a-aee0-1077699a211f,5a12ea0a-c055-45cb-a0aa-b51718d66631,702c5cb0-a610-4240-9bed-879c69cdb9e7
272249a8-0ca1-4028-b84a-49ae7e4f91b5,150067b2-3252-45a2-8c2c-0db0ca9ece7a,702c5cb0-a610-4240-9bed-879c69cdb9e7
6cc5f6b6-11f0-407e-a39c-0d31de59245f,4c40f0e1-60fa-4dcf-afe8-829e2498b7b8,702c5cb0-a610-4240-9bed-879c69cdb9e7
c67c2bfd-4792-4859-b934-38fa6306a8e0,37418e3b-10d6-4d95-a3ec-f04bc33aa1ae,821f14d9-7bc0-4e9b-94af-b8fcb6e5280a
50e3d634-a6cc-4385-9f50-615615250134,31cdd4fe-7ce6-4f15-98c0-f629ae29a25d,4934dc25-aa95-4f0b-80f6-da9704d700d3
17340116-6211-4460-9350-76a06dc4d34a,3da23261-bf3e-4e80-9830-6cb51d712d5d,4934dc25-aa95-4f0b-80f6-da9704d700d3
c8f6f7dd-8213-40c3-889a-ac80a21da929,1ea1cc25-5330-4439-a5d1-c6e5ca3e2ca7,702c5cb0-a610-4240-9bed-879c69cdb9e7
87e46e6e-1d1b-402e-a207-44bddb21a42c,e4cc0686-0c5a-4a41-a1b8-d68c8a09b7e9,702c5cb0-a610-4240-9bed-879c69cdb9e7
8696f524-9554-4b03-9ec6-5994b62eb798,19b9514d-49ce-4d1d-84cb-3212ced918d7,702c5cb0-a610-4240-9bed-879c69cdb9e7
e9804156-4ea6-4c36-a915-11e446edd077,0806c287-ffa4-419f-889d-84b1a853ce86,821f14d9-7bc0-4e9b-94af-b8fcb6e5280a
dcddd81c-00b2-4a47-a9e4-7ff2b1d175c2,f9edd005-a197-478f-843a-7ca1c60125af,702c5cb0-a610-4240-9bed-879c69cdb9e7
1d6b8575-585e-47dc-918c-dbbde3d9389b,ecc1953c-7bd0-4ba8-8528-37ef43d5da73,702c5cb0-a610-4240-9bed-879c69cdb9e7
c7790d7e-045a-4b1d-a434-47bc1a0f1d81,768b8139-20b9-45c1-9a98-33911555c430,4934dc25-aa95-4f0b-80f6-da9704d700d3
66014d6a-30fd-4010-95d4-f72bba4fe0de,3cecd73e-313d-49e6-91ab-a7c832f09e7a,702c5cb0-a610-4240-9bed-879c69cdb9e7
1fdb7177-e9c4-405d-894b-d68ed36a73b0,95a295ed-c2ee-4770-a163-3cc05276065e,702c5cb0-a610-4240-9bed-879c69cdb9e7
d6cfa2e5-98d9-42b6-8827-9d4212b9de32,ecb24e28-5fae-4c4c-b418-8a17e427c342,702c5cb0-a610-4240-9bed-879c69cdb9e7
fff56d83-5323-4c74-929f-514b7ac98c96,cc2e9b99-1e08-41b0-ac49-cbe31369b121,702c5cb0-a610-4240-9bed-879c69cdb9e7
7881455c-e048-4080-855d-46c92f52cc7b,dce67b0f-1ddf-43de-9fa2-cb8a930fc1cf,702c5cb0-a610-4240-9bed-879c69cdb9e7
b55806a3-3d6c-4a65-a98c-eb018fd3ddcd,85447380-e037-43f6-a64a-899be4cedd31,702c5cb0-a610-4240-9bed-879c69cdb9e7
08316ab4-b270-4da5-a690-83fefe628f90,c81a625d-a8dd-43bc-916e-95cea3f15a1e,702c5cb0-a610-4240-9bed-879c69cdb9e7
5f00bf25-d3e2-4a03-95e5-fe3ea65d64cc,a453f89b-8639-4da6-afe0-4b95470abfba,702c5cb0-a610-4240-9bed-879c69cdb9e7
7c5ac7e0-ddad-4a0b-83ae-858e3a8bdd68,f003e21c-b3ab-4edd-a2cf-8ae1aafa1794,702c5cb0-a610-4240-9bed-879c69cdb9e7
cde4b5d4-276b-426d-bdb1-b7a21609ce0b,2e724f8d-49de-4501-8699-0fd1c6de1761,821f14d9-7bc0-4e9b-94af-b8fcb6e5280a
ebc73e64-e375-4799-b483-4764d26c440e,a3f758a6-d11c-40f6-95ff-67485bb4c90d,702c5cb0-a610-4240-9bed-879c69cdb9e7
914a0f2c-6122-4600-9d82-e82604675130,c5250279-9c76-4d4d-a0bc-102765e30b68,702c5cb0-a610-4240-9bed-879c69cdb9e7
d21cb753-5cc5-4588-b939-7b163e93ce51,4aac054e-1a59-4247-a144-495b9bed0619,821f14d9-7bc0-4e9b-94af-b8fcb6e5280a
4a6b9c66-15fd-43f9-a226-ab24128c16f0,29e87048-a400-4cdc-a334-38b67100615d,702c5cb0-a610-4240-9bed-879c69cdb9e7
27b55f98-c9bd-4a22-b6af-36e552fdf865,480171f1-8846-4deb-9aa9-934fda6a47c9,702c5cb0-a610-4240-9bed-879c69cdb9e7
1c60d487-0ceb-48dc-9c8d-57dd68c52107,b7550bc2-073b-4724-bae9-29537430e968,821f14d9-7bc0-4e9b-94af-b8fcb6e5280a
4d3fadce-642b-460b-903a-4a8af614a1d0,a9e76811-b39b-4b34-91e5-80f615a82d0a,702c5cb0-a610-4240-9bed-879c69cdb9e7
e2b46f31-e61b-4204-b4c5-4627f972319a,40bb7d32-7fca-4e29-94c1-5239342d0827,821f14d9-7bc0-4e9b-94af-b8fcb6e5280a
1f0adb66-8400-4a7d-aafa-f76fb0912017,df12095c-72d9-4f12-9a24-18b20eeb8250,702c5cb0-a610-4240-9bed-879c69cdb9e7
329b6b12-35dd-4ecb-a65d-4d31ec2fd68a,e736d54d-2dc4-4773-befa-6df9d3b3398b,702c5cb0-a610-4240-9bed-879c69cdb9e7
484889db-616a-4cdf-a0c6-d69a981f45b0,3e0ec353-3997-47e6-89ea-f699989c3ed5,702c5cb0-a610-4240-9bed-879c69cdb9e7
1b04f829-687a-47a1-ba3c-061ca32294d9,ecc2a8a6-ef3f-406c-8d39-9d1d2459be26,702c5cb0-a610-4240-9bed-879c69cdb9e7
20ff18cf-f792-4d19-bdcd-be099a6788eb,21613f8a-aee8-4634-98a5-54e862633ee6,821f14d9-7bc0-4e9b-94af-b8fcb6e5280a
58d05af3-8799-476e-b912-dd6319e82429,c24dbdbc-e552-45b7-a85f-a523caac3130,702c5cb0-a610-4240-9bed-879c69cdb9e7
fa0b3a46-016d-4d95-a43f-ad83438f49a7,f72d824c-14f7-4e95-8ff3-37a05de94ccd,702c5cb0-a610-4240-9bed-879c69cdb9e7
48c727d4-cc4c-44f7-834b-1988a51f84ef,08a68f6a-e40a-4195-85e0-96bc3cef0085,702c5cb0-a610-4240-9bed-879c69cdb9e7
7ead7715-12b9-46fe-b91c-d272df831a4c,03801dfe-3440-43f0-aa7d-fdf46628cdd0,702c5cb0-a610-4240-9bed-879c69cdb9e7
7354037d-333c-43d4-8f06-797b74d6a6c0,2d43b4a6-ae79-49c3-bd7e-5a4afa515037,702c5cb0-a610-4240-9bed-879c69cdb9e7
3d4ae9c4-b7da-482f-8822-e4a4794ef542,22d93fdc-0cfc-4b36-a22a-93646360f4cf,702c5cb0-a610-4240-9bed-879c69cdb9e7
5f687b31-dce8-4482-a132-6c93991c0e89,ea83154b-ee08-44c7-a4de-b45137e9a99a,702c5cb0-a610-4240-9bed-879c69cdb9e7
351e6ae3-8cbd-451e-a229-8862a3ca9026,503b91b9-be26-4aa2-9b23-6e6c70f2a53f,702c5cb0-a610-4240-9bed-879c69cdb9e7
d9c17744-a289-4088-878f-edcc9a36d552,12d8bd38-2402-4b5f-9d63-f4eac26ea6df,702c5cb0-a610-4240-9bed-879c69cdb9e7
091d560b-bbd5-4a48-a687-6ee3c7faa551,1630b95c-8081-41cc-8134-ebd063895d01,702c5cb0-a610-4240-9bed-879c69cdb9e7
a308fb4f-14d8-41a6-9e54-52fade6551b6,d5c1b1c6-aabf-4677-abfc-8f6a04ca62f9,702c5cb0-a610-4240-9bed-879c69cdb9e7
07988219-6a60-421b-af70-d668af94b0cc,0be5223f-983f-4f1a-a1f1-94c6ca7b3ecc,702c5cb0-a610-4240-9bed-879c69cdb9e7
5d399567-5ba7-4f64-bb64-a453448230bd,837d1002-2106-4c97-bb1f-cb8f24d04a10,702c5cb0-a610-4240-9bed-879c69cdb9e7
3d694a42-444d-46b9-9042-5355c3636ab0,3fe7309c-a1f3-434a-a4b2-fad508b696d6,702c5cb0-a610-4240-9bed-879c69cdb9e7
2cda4882-326d-4132-a885-4b7d8417ee0a,01a631d6-6833-4340-a22e-0afbfed4c150,821f14d9-7bc0-4e9b-94af-b8fcb6e5280a
feb6c7fc-e9ac-412d-8c2c-c32958d3bfa4,47f4fba1-41bf-4188-a764-36d2a7e9ac8a,702c5cb0-a610-4240-9bed-879c69cdb9e7
e8cf5094-c288-4702-b8ec-a4e658d5ede7,a41a5fbc-c843-45d2-9d4a-d3e5c45fd1f1,ed204181-0a5c-4ffc-aea7-05dc9d565ecc
e031cea8-6fbf-4b22-b552-bc96d4fc6951,0dce1569-062e-45a7-8b22-6501210a39ef,821f14d9-7bc0-4e9b-94af-b8fcb6e5280a
9f36c81d-392c-4261-a50e-4c92c1da6887,e3ecd4a1-228e-48c7-948d-fd16f2eda64e,702c5cb0-a610-4240-9bed-879c69cdb9e7
6be983ae-8fab-4c08-ab6e-33b5877ea203,2d5b9730-fc37-4ef6-bb68-544f2eaaff2d,4934dc25-aa95-4f0b-80f6-da9704d700d3
44a21397-88ae-4a61-97c4-b03f7d08b0e1,69ba1f16-372a-4123-b086-b6b70d9d1979,702c5cb0-a610-4240-9bed-879c69cdb9e7
b31f7452-44a4-454a-9d78-081dd8cb0711,68b403b4-7c8e-4c71-b994-d830a8fe202a,821f14d9-7bc0-4e9b-94af-b8fcb6e5280a
7b8f7cbb-9d9e-4e2c-aa2e-5fb3c1a39b36,ea8e13fc-7dc5-414f-b8e2-9eeab844d7d2,702c5cb0-a610-4240-9bed-879c69cdb9e7
9cbec7bb-7b41-4a25-bd95-7e6fb41cb19d,1320ad21-c4cf-41e9-863f-02cf4e9b1933,821f14d9-7bc0-4e9b-94af-b8fcb6e5280a
c049f30b-5fe3-4d38-ae40-db237fac2cc4,4be7a0ba-8923-44aa-9285-cc82c2a9eab8,702c5cb0-a610-4240-9bed-879c69cdb9e7
7b75c5f7-22a5-4c8b-a930-fe1332ecf7e3,a5f3c5dd-6a19-4646-b9ab-29852e4c45e4,702c5cb0-a610-4240-9bed-879c69cdb9e7
bdac3d0d-b469-42ea-b407-0b1b70af142d,fbc068fd-d171-4cb4-8fb0-4a405c683274,702c5cb0-a610-4240-9bed-879c69cdb9e7
055dbbfb-d0d4-4fd3-8097-214003679da8,12e4328e-a1ff-49c5-86b4-7dc41dfa6964,821f14d9-7bc0-4e9b-94af-b8fcb6e5280a
1dad173c-94ec-41f7-874f-212f084b8186,654103dc-8918-4776-85d6-73c359407267,702c5cb0-a610-4240-9bed-879c69cdb9e7
1ced7417-8cf8-42a8-901c-b572c957c5aa,701d70c2-5801-4827-aa5c-edfccbc6e86d,702c5cb0-a610-4240-9bed-879c69cdb9e7
e5222c9a-7e0e-4f96-a443-d4722e28c20b,4ab98018-aaa9-41e2-9c69-c15903b3e82d,702c5cb0-a610-4240-9bed-879c69cdb9e7
2bcf7a34-885b-44c8-b5bc-f4b798101e33,adf811cf-13ff-41be-a396-5a1232d686a8,702c5cb0-a610-4240-9bed-879c69cdb9e7
81f7670f-99bb-47da-8ae7-a5e0fcaab8ee,cd88a3a0-fcb6-4c57-b7e1-a6c74e0a6536,702c5cb0-a610-4240-9bed-879c69cdb9e7
32e42c99-de1a-4099-998a-60bf2824b056,187a2ec7-e0fd-4d97-b717-6231a39ab5cd,702c5cb0-a610-4240-9bed-879c69cdb9e7
0ef8858d-205a-43a0-84a7-23e3a93421e9,9b326787-2558-4ef5-aac1-42bcb0f4b7af,702c5cb0-a610-4240-9bed-879c69cdb9e7
c5e04ea6-38ec-40c5-bd7b-87fd084d424b,3cf5259e-d5f6-421d-9386-499ec0fbc15a,702c5cb0-a610-4240-9bed-879c69cdb9e7
a6ebeaa7-3468-43e2-8f04-86c6d67e1d18,c1d240f0-d5e1-49f3-ac0b-6ae793572492,702c5cb0-a610-4240-9bed-879c69cdb9e7
c6ebf56e-c324-4525-b553-36be9709f65a,229e6d71-2f36-4bce-b2da-1905f2793b3f,821f14d9-7bc0-4e9b-94af-b8fcb6e5280a
6fa78422-0a48-4504-98b5-a0c368bbad1b,29d79d5e-3911-4074-970b-327c112e5216,821f14d9-7bc0-4e9b-94af-b8fcb6e5280a
b7fddd4a-2d33-4970-b13c-e74f0a8f99f8,6f5e7484-7a65-4c24-99f9-6f6ba5600780,702c5cb0-a610-4240-9bed-879c69cdb9e7
e356c330-4150-49c7-9948-1c47439794f6,70a189d1-c9b1-4668-aa16-df9eb4d0e196,702c5cb0-a610-4240-9bed-879c69cdb9e7
c44df4a3-7392-4c15-a66f-90c4718622c9,722dea54-37b3-4dc4-b814-ed5d62f69b08,702c5cb0-a610-4240-9bed-879c69cdb9e7
389aa9f0-dd7d-4b42-bece-589532d3a8f1,b9c8f6d8-6fa1-488b-b8bd-b95f8ff511c6,702c5cb0-a610-4240-9bed-879c69cdb9e7
6c7f60b4-e438-4daa-b9d9-36c5653b6b4a,a492cadc-271a-48e8-b88f-a92de5b34afe,821f14d9-7bc0-4e9b-94af-b8fcb6e5280a
73656df7-1efa-4761-9cf7-fa53d81a64ba,ccd320cf-5e8a-4f5d-a751-5f2f934431a2,702c5cb0-a610-4240-9bed-879c69cdb9e7
0efaeacb-b0aa-4f01-a3c7-d430866d6327,8a3f6e27-67f2-4aee-a2dc-07e2a6b1ecc2,821f14d9-7bc0-4e9b-94af-b8fcb6e5280a
73fd6248-1bf6-4d29-889b-1d3736b3a9e2,5369dd11-1179-4592-b317-a9af4d541c7d,702c5cb0-a610-4240-9bed-879c69cdb9e7
d07b0a95-08aa-4a6e-8c82-90cde588c7f0,bb1845c6-b103-45e4-87fc-fad6b9628bde,821f14d9-7bc0-4e9b-94af-b8fcb6e5280a
f0082ebf-d398-4db6-b800-6cb7168d7c13,7758fff7-3476-4bcb-b5e4-405829163b65,ed204181-0a5c-4ffc-aea7-05dc9d565ecc
2150fd39-64d1-46d5-bf4d-c034618d1b2b,337178ed-aba2-405e-b763-b7d659a3c640,821f14d9-7bc0-4e9b-94af-b8fcb6e5280a
4ad95505-5a31-49a5-ada1-8b57b43c7c46,a15942a0-47f7-47b1-ad62-a8a68e67678a,4934dc25-aa95-4f0b-80f6-da9704d700d3
1f4f1dbf-a2c5-4e32-9dc3-3a53f9f33817,649100bf-c0b5-4904-a983-8b9d17bc7581,702c5cb0-a610-4240-9bed-879c69cdb9e7
71a4db34-76ac-4cce-8da9-54f67c660ea3,18ff89e5-e286-4f58-9951-f2ab6aa0afae,702c5cb0-a610-4240-9bed-879c69cdb9e7
7958e1ea-ba63-426a-aa82-e515e33ef8fd,e9e427d9-cbdc-46a0-bf65-dd2513c5427d,702c5cb0-a610-4240-9bed-879c69cdb9e7
7394979d-279a-4c43-b5b5-1c1643ba3198,9ba08268-1021-4e4a-bc21-67c777179964,702c5cb0-a610-4240-9bed-879c69cdb9e7
dde817e0-3c78-4215-a4e1-3b748df2f7ca,04086931-0a65-4d52-9994-d129914478a4,702c5cb0-a610-4240-9bed-879c69cdb9e7
d53397f8-d69f-4888-911d-07d4d142af7b,e03be107-2a73-41a5-b24e-6329f60bf589,821f14d9-7bc0-4e9b-94af-b8fcb6e5280a
b5e9cf74-2f27-4615-9d97-b2bb1d9e5621,e6bd85df-3bb3-4a95-b64a-6fb2343e0d63,4934dc25-aa95-4f0b-80f6-da9704d700d3
d2bcddda-5da2-4d65-94f5-9684433f6c89,675c61e7-8eb4-4339-b1ce-55999d8fb00f,702c5cb0-a610-4240-9bed-879c69cdb9e7
3f4e97a8-4cae-45d7-b698-78cb532a4739,452ef274-fca0-4019-81c6-924a36341ea9,702c5cb0-a610-4240-9bed-879c69cdb9e7
d2199613-dfe1-4c3b-9063-7618de6c30d6,de85b6a2-1429-42d5-b166-b7c869653553,821f14d9-7bc0-4e9b-94af-b8fcb6e5280a
69662a7a-a248-454a-9b30-26432beefc42,e854d4f5-c608-443a-8b71-14102b3228c9,821f14d9-7bc0-4e9b-94af-b8fcb6e5280a
e099caf5-c4ac-4144-ae5a-dad7dd9521e8,77765d60-ead8-4426-ac54-993305c96175,702c5cb0-a610-4240-9bed-879c69cdb9e7
e5ab2174-e05d-4369-9949-4bc76c0ce035,fdad739d-83ca-4273-945b-15a42037f3ba,702c5cb0-a610-4240-9bed-879c69cdb9e7
84339047-9689-43c3-bad7-4c38260b1da7,ebab0e45-840c-4602-a481-6a538ee2bfec,702c5cb0-a610-4240-9bed-879c69cdb9e7
38bbd39e-7425-4d08-a330-6335d15fc872,74eea778-0d32-4f96-8ca5-8f45a4ed1360,702c5cb0-a610-4240-9bed-879c69cdb9e7
c76bb33d-b00d-47c0-b01e-72cda445dbf6,94862aa8-2242-4e35-87e3-39eb863fb72a,702c5cb0-a610-4240-9bed-879c69cdb9e7
b048384a-353e-4b22-bb5d-61c7a18bf638,41bb9403-eb6c-41df-b675-01245d1002ff,702c5cb0-a610-4240-9bed-879c69cdb9e7
a2c596cb-355c-4189-b7e4-e45e27ffac79,63300dd2-60c2-4f34-a0a4-cae7124e4f13,702c5cb0-a610-4240-9bed-879c69cdb9e7
8de7c099-2cb9-4047-a306-265ead08f84d,cac95255-1c74-4d51-a027-5d4ebc910d5a,821f14d9-7bc0-4e9b-94af-b8fcb6e5280a
13f9c2cd-f848-4cce-a4fe-f76d1c53a192,811314bc-0baa-458d-a05e-698b7b2815d6,821f14d9-7bc0-4e9b-94af-b8fcb6e5280a
8a192728-9687-48af-8a27-0f1ce0283782,10408f8f-e354-4ced-8e00-9b4a742ced67,702c5cb0-a610-4240-9bed-879c69cdb9e7
28f8c027-c09e-44de-bf29-b6d0fdcd9e64,038c0e7a-0080-4927-908f-ae1eb9d579e9,4934dc25-aa95-4f0b-80f6-da9704d700d3
83b3279c-719e-44bf-84f8-8267eacc24db,9a3680bc-b594-44dc-855b-1c5289069ec7,821f14d9-7bc0-4e9b-94af-b8fcb6e5280a
50db1848-c23a-4a49-8192-2cd17af6fe6d,5268770f-3a84-4e4a-9236-a1dae02d96d5,702c5cb0-a610-4240-9bed-879c69cdb9e7
30b00758-f426-4c02-9666-19bebe84434b,f4fcab0d-65dc-4001-b3b8-fee6bd9f6594,821f14d9-7bc0-4e9b-94af-b8fcb6e5280a
361f6628-dd9f-42da-854b-64735c272a91,13159c66-2e92-4691-a16e-d473907a18e4,702c5cb0-a610-4240-9bed-879c69cdb9e7
71a39c71-c2f7-4fe8-b3e4-6dd5736ad29a,cbd175d3-20dd-4f10-bc68-73ea8de74547,702c5cb0-a610-4240-9bed-879c69cdb9e7
6d4d0e0a-98f7-46d2-8855-46fbe169d3c5,69b89115-098c-4920-8918-6e3ba511e061,702c5cb0-a610-4240-9bed-879c69cdb9e7
befdd30d-4368-4430-86a0-11722685d1cd,d24e09a7-5e20-4371-9ff9-e6af04146a44,702c5cb0-a610-4240-9bed-879c69cdb9e7
c937cb5c-8c52-43ee-8268-4ad475631d42,65a144b5-c398-4e7f-b70c-9daf6dd9bccb,821f14d9-7bc0-4e9b-94af-b8fcb6e5280a
38bfa974-8ea6-4e0c-abd4-8d326b8370f8,bcbdb633-78a9-4be4-881c-6db59d6599c5,ed204181-0a5c-4ffc-aea7-05dc9d565ecc
16e9c9ae-8568-4a29-8960-bad4098817e2,44cefd55-ce73-4a89-a0ec-a43f8f55cb91,821f14d9-7bc0-4e9b-94af-b8fcb6e5280a
a4b20626-14dc-4c4d-98a2-2346b0131ce5,84eff3aa-d015-40a7-929e-9dbddd88b2b9,702c5cb0-a610-4240-9bed-879c69cdb9e7
c4fa7dea-f014-43b5-8bf1-9448f29cf636,ee2955c3-4580-4474-adc3-88b7b85fa391,821f14d9-7bc0-4e9b-94af-b8fcb6e5280a
34a6b00c-ba6e-46b9-aa7f-5b28a68644d9,fc04a87f-ec13-4a4e-ad7c-158893b42df2,702c5cb0-a610-4240-9bed-879c69cdb9e7
8e2588ca-fa5c-46bf-b730-c8f8690577d0,3bb99ca5-4a8d-4cc1-82ab-93f41f635e47,702c5cb0-a610-4240-9bed-879c69cdb9e7
dd67f91a-29e4-4b4d-89fd-132fb1e941df,22d3422c-c716-4e60-b556-933061a47084,702c5cb0-a610-4240-9bed-879c69cdb9e7
ee43f9dc-16b4-4000-815e-b923107bb5e8,1de0ffd3-d4f3-488a-bfae-a879e38d99a8,821f14d9-7bc0-4e9b-94af-b8fcb6e5280a
7357b71a-e2ed-42f1-b7d9-dfb6e38d15cf,60b185b0-bd7e-4498-86ba-62f24f8b192f,702c5cb0-a610-4240-9bed-879c69cdb9e7
41e8a647-af9f-494c-8ffe-1d84ce787052,671c9f45-f829-4ddc-aa39-ba69ea963ef5,702c5cb0-a610-4240-9bed-879c69cdb9e7
e1291118-391a-4210-8434-1b2052f8f3ef,45153e07-a33c-4b3f-a253-a600261aab74,821f14d9-7bc0-4e9b-94af-b8fcb6e5280a
2346854c-32cc-4e37-bd8b-5c9dfb7196af,2c37d573-565a-43be-bcc2-e023465f8946,702c5cb0-a610-4240-9bed-879c69cdb9e7
7faf7efa-b63d-4608-88f0-e20cb1060b21,da70a02b-d00f-474b-b3a3-3d860181ec54,821f14d9-7bc0-4e9b-94af-b8fcb6e5280a
005e0233-4b64-4c6c-bdc8-dd838fc9ed36,4d333a32-61c1-4ba2-a50c-15357111670c,821f14d9-7bc0-4e9b-94af-b8fcb6e5280a
a0d77aee-cdb8-459c-802f-3efebc60f440,39e8c73d-a5a8-454b-81ef-2389d19b9802,702c5cb0-a610-4240-9bed-879c69cdb9e7
4059105a-f097-44b5-8ed9-4cf60dabfeda,a1c6e8f8-c788-4b43-8769-1eb1d138d9ad,702c5cb0-a610-4240-9bed-879c69cdb9e7
a24b1171-9b8f-4570-b0a3-718fac29b4b5,dda5d6bc-80ca-4310-90c2-3a412c79080d,821f14d9-7bc0-4e9b-94af-b8fcb6e5280a
dc33230e-3a8d-4f3a-b5b3-20ff83506bbb,1ff74049-0254-47dc-8fd8-647151d98d56,4934dc25-aa95-4f0b-80f6-da9704d700d3
fa3cfe2f-a046-4a71-a966-d7bd94b60576,e2cbbd35-5718-4e29-9fdf-8957a9f820d8,821f14d9-7bc0-4e9b-94af-b8fcb6e5280a
e105a2f7-9b33-4502-b375-34f974c3ae65,2b7d384c-4c1b-4dd4-b2be-9310b04b53d5,821f14d9-7bc0-4e9b-94af-b8fcb6e5280a
e60c6978-0db8-4f74-b2b3-f82fae5f6ae7,991f08a1-fb51-46b3-98e8-11112c71b854,702c5cb0-a610-4240-9bed-879c69cdb9e7
033514fe-13dd-4604-a446-5e81e703017a,f1e6ca0f-e82f-4316-875b-2380bdecf557,702c5cb0-a610-4240-9bed-879c69cdb9e7
42c2702d-78fb-4ad4-860f-2c580f745ce1,6e9401b3-8ef0-4b57-81bf-43952edc958f,702c5cb0-a610-4240-9bed-879c69cdb9e7
af304df0-e545-43e7-97ac-d8c06290f4ad,1db4f884-00f5-48e8-957f-d8f8c05d7788,821f14d9-7bc0-4e9b-94af-b8fcb6e5280a
f9d00361-38cf-45fa-9c97-85ac8d41d785,4d468f14-97ac-4a7b-987a-e8c2823c86b7,821f14d9-7bc0-4e9b-94af-b8fcb6e5280a
1d00f1bc-addf-4e06-ac2a-598e8f3da38f,f1a10fd7-21b0-4abf-9830-4a163e8eb4ab,821f14d9-7bc0-4e9b-94af-b8fcb6e5280a
2bbdce5e-4c33-4d85-a03b-1383270290cc,bb13b6a3-5b55-4137-9ea8-0bd69c2f307b,702c5cb0-a610-4240-9bed-879c69cdb9e7
4c7c23dc-fbcb-4864-8385-a156ebeb41e7,b3bf4015-5123-4811-bf83-50c03d76ea91,702c5cb0-a610-4240-9bed-879c69cdb9e7
5326200b-0fef-46d6-a861-e2466d03dfb1,7c3bdb13-edb3-48b4-bb73-c3c8e07d9e18,4934dc25-aa95-4f0b-80f6-da9704d700d3
16143f78-98d1-4e3b-8d7b-478575742d82,d581e12c-ef9d-448e-a105-6892fca3d2e8,821f14d9-7bc0-4e9b-94af-b8fcb6e5280a
2b204185-448c-4e32-a1e1-9c92ed53285e,83686dd5-27ea-4f1d-befc-4fa1d6c461ed,702c5cb0-a610-4240-9bed-879c69cdb9e7
dadbcfdf-ed0a-49c2-8456-872d34e6a5ab,af3bd6d3-f19c-4f29-bf53-4994816604d9,702c5cb0-a610-4240-9bed-879c69cdb9e7
7799e6a8-9b66-4fba-b9a8-86afdb3434db,c660173c-9f60-4e2f-b5bf-a1c985e687cc,702c5cb0-a610-4240-9bed-879c69cdb9e7
9ed250fc-f69a-4681-a177-8deeeca9b05a,4fdb52b8-b176-49c6-966a-d5f7e6f81a97,702c5cb0-a610-4240-9bed-879c69cdb9e7
0ed9dcf8-ac73-44b3-86fd-5356f2d69862,9629ef12-2e0e-4b83-a97b-cdb16a52e1f8,702c5cb0-a610-4240-9bed-879c69cdb9e7
d344f61a-fa74-4217-a395-784bca252b29,662fe7a1-3acf-47aa-97ee-3ac20b2c7ae3,702c5cb0-a610-4240-9bed-879c69cdb9e7
a3752558-05d4-4eed-aa9d-8f3635319944,82a211ea-9479-49e9-b5e4-b66b8d82feb5,821f14d9-7bc0-4e9b-94af-b8fcb6e5280a
d8479a1c-46fc-4782-926e-4007913e25e8,62e41a0e-d945-4123-b79f-7b68703cc533,821f14d9-7bc0-4e9b-94af-b8fcb6e5280a
caa8a44d-7bea-4a15-8337-e922927c27f2,660b3160-09be-44a3-bdd9-ab7d1646ec35,821f14d9-7bc0-4e9b-94af-b8fcb6e5280a
8adcf6e1-00f2-4cee-9d74-fe812e5e3cb8,107eef69-7479-448b-a1a5-f41645100cb0,821f14d9-7bc0-4e9b-94af-b8fcb6e5280a
cdc3ec02-c70b-4612-b508-f824fcc97e10,b6c6f6e9-d003-430b-b53c-99a0e1a71d10,821f14d9-7bc0-4e9b-94af-b8fcb6e5280a
3ff5ceee-2f63-468d-8781-597959a027eb,62842c23-5ac7-4fc9-ab32-e5dbe4d8a799,821f14d9-7bc0-4e9b-94af-b8fcb6e5280a
f7c47d3a-cea8-4bda-8a35-80af7b9963de,0d1e163e-d78f-44ef-92d4-d88ae93effc5,821f14d9-7bc0-4e9b-94af-b8fcb6e5280a
c6b386d3-d0fd-41e0-8a55-4353ac3b8444,50deb6da-58fc-46e4-b38b-c7367d645f3e,821f14d9-7bc0-4e9b-94af-b8fcb6e5280a
fe9ad98b-402d-44e5-bd86-d020dc429c3e,39579cac-81a0-463e-9e96-d850939f3211,821f14d9-7bc0-4e9b-94af-b8fcb6e5280a
923a566b-d2f3-4a2b-b9e6-87f8e6396161,9c3989fa-0337-449a-88ec-a366f83bd85e,702c5cb0-a610-4240-9bed-879c69cdb9e7
c384a160-0882-49a3-94e0-c2f6ab5b8163,c2e296ea-a2d8-4b66-9ba4-90a284fb580b,702c5cb0-a610-4240-9bed-879c69cdb9e7
6f294a9e-b47b-4625-b11f-74a0f615d4dd,dd359d24-81e7-4b88-8e08-235794a2eb00,702c5cb0-a610-4240-9bed-879c69cdb9e7
7fb7739e-062e-4cd3-8148-5b3ab0d1670d,c2a8b968-9410-4930-bd98-9f82622d3d6d,821f14d9-7bc0-4e9b-94af-b8fcb6e5280a
0a8297e8-3d97-4c96-8a0a-689644d2ddc9,74f2d278-072c-464d-a85b-c4ee3eeaa065,821f14d9-7bc0-4e9b-94af-b8fcb6e5280a
9f4c2193-c1fe-42fd-9a06-f06275f6efaa,b870d6b5-87b7-496f-a2f2-4879196f0173,821f14d9-7bc0-4e9b-94af-b8fcb6e5280a
e76a8235-0ef7-40f5-95ca-dde6b2c2e52c,6c3d4b1f-1a39-4324-8acb-0be313128f2e,702c5cb0-a610-4240-9bed-879c69cdb9e7
2c2d2dae-d329-48b0-a0e6-0e4acf40ba3a,4f0c6e6e-0273-4fad-bafc-1b0ca1a1b628,821f14d9-7bc0-4e9b-94af-b8fcb6e5280a
60137fb2-f024-4f88-813c-e92f39dee0a5,be038e07-9fc4-4ce4-92a0-aa1d2b2f1485,702c5cb0-a610-4240-9bed-879c69cdb9e7
4d99bf30-12e3-44c2-b424-710ba0c7de01,f0ec489b-1f8a-40d5-8330-fbd9da0efe13,702c5cb0-a610-4240-9bed-879c69cdb9e7
d8317089-b245-47a1-97d8-ce8ae94aaf70,d2cbebb1-d98b-4275-8d7f-6f5894e559c6,702c5cb0-a610-4240-9bed-879c69cdb9e7
9e739d98-531c-4cc1-acaf-453cc8fbe78d,7c7f6eea-3d37-4cd9-97fd-be5c6f7ff6d1,821f14d9-7bc0-4e9b-94af-b8fcb6e5280a
c491411f-0ed0-473f-a437-185e3788824e,3aa701c4-e1de-4024-ba08-bb8b27e84d40,702c5cb0-a610-4240-9bed-879c69cdb9e7
5257b65c-af6f-4108-ad13-ac1f677c72c2,7cb69b26-00e6-4ae2-8c83-d725881eb6d4,702c5cb0-a610-4240-9bed-879c69cdb9e7
c5c4583a-aa10-4f6d-9f89-d70d8598e159,ff5741fa-1538-4492-b5ae-a162d5a3fcba,702c5cb0-a610-4240-9bed-879c69cdb9e7
8eeac023-f154-4ec3-8248-38b28855baba,1f540f5e-003f-4f39-8dd5-4f65f7bbeddf,702c5cb0-a610-4240-9bed-879c69cdb9e7
f1854b96-38de-48f4-8ce4-8e739249ebdd,e7c61a4c-0660-4998-b40d-ca5e51271dcf,702c5cb0-a610-4240-9bed-879c69cdb9e7
f7229458-206f-46c3-bcd6-4d689bfc8645,61b71aa8-fdfb-4029-89cf-61dd75d0d9ef,702c5cb0-a610-4240-9bed-879c69cdb9e7
3311061f-540d-459b-bc42-41f4e8be25b8,53c0798c-dc20-451a-9460-bc632fe3786a,702c5cb0-a610-4240-9bed-879c69cdb9e7
67facff5-f68c-447e-8ed3-55383282cd3f,f98521f5-3546-4512-947c-b5460c4bebb5,702c5cb0-a610-4240-9bed-879c69cdb9e7
6b86e960-cb35-4bad-aef0-0657cb2c8fc7,ccf95aa8-35e7-41c3-88f2-2b1254d2fd40,702c5cb0-a610-4240-9bed-879c69cdb9e7
ce318e21-af6b-41c0-b18a-759f2320bec3,d388ed5d-fde2-4b08-b6c6-b021caa8c0cd,702c5cb0-a610-4240-9bed-879c69cdb9e7
3416121e-159b-4bfe-a3ee-1628d5dd1c79,6d518a63-041e-4ee2-b9c9-5964b58572fa,702c5cb0-a610-4240-9bed-879c69cdb9e7
9dcf5a7a-891b-4d79-9cb0-11937e5014db,4a6280a5-66ad-4858-a6fd-d1ece3671df3,821f14d9-7bc0-4e9b-94af-b8fcb6e5280a
7fe0493f-7f2d-4bbc-b93b-33bcf7abe101,d36d6ec9-784d-4250-99b1-33c51641d072,702c5cb0-a610-4240-9bed-879c69cdb9e7
18e498c1-d805-4674-9435-267266ea7219,fa9a642f-1121-4587-a5ec-a5279df7e535,702c5cb0-a610-4240-9bed-879c69cdb9e7
444630a5-18b5-4cb2-b817-f9f756214228,bf95eff1-cd2a-4889-9a9f-d79b642a7945,821f14d9-7bc0-4e9b-94af-b8fcb6e5280a
dd44efc1-ed60-413c-b99a-ad30bf65a7ac,8b0201a2-e47f-4f36-8181-afd0d53d363e,821f14d9-7bc0-4e9b-94af-b8fcb6e5280a
483b705f-3cd3-4576-b9a0-9c589508d594,90f0c33d-4f3e-45e3-a7fa-76f7f06d39a5,821f14d9-7bc0-4e9b-94af-b8fcb6e5280a
48593ac9-e20c-4796-8682-1477ab425d87,1bcaff85-6629-4a4a-9e1b-19d600197c50,821f14d9-7bc0-4e9b-94af-b8fcb6e5280a
bc664277-08c8-4306-8496-5b4c140b8ed4,ed0dff34-a61c-498a-9bef-29ad15f2b6fe,821f14d9-7bc0-4e9b-94af-b8fcb6e5280a
bd37f83e-1cf6-473a-aeaf-7e938f640292,362bbc3a-c7d5-46d5-a060-3544aba4a5c5,821f14d9-7bc0-4e9b-94af-b8fcb6e5280a
fbbae3d4-0bcf-43d8-86b0-6c59dac0fc77,2306c54d-8674-4b6c-871a-c68afeeceb2e,821f14d9-7bc0-4e9b-94af-b8fcb6e5280a
cb6094e4-430a-4d1c-9763-cea3ebb84aed,06ed2f38-4639-4a23-8acd-bf440ef4329e,702c5cb0-a610-4240-9bed-879c69cdb9e7
c139d93c-1977-46fa-9d0a-3b7688f2b8c4,71e32b20-2543-4794-b0d4-c444a246c277,821f14d9-7bc0-4e9b-94af-b8fcb6e5280a
ef7e4743-ac8e-4fea-89ce-b6bd71a52a81,532e6cf3-8ab6-4dfa-befb-f43d47995811,821f14d9-7bc0-4e9b-94af-b8fcb6e5280a
d0ce2ce5-c1be-4aa3-828d-70ef4a4620bc,9a0e5ec0-772f-46fc-8bfb-d49a138ab96d,702c5cb0-a610-4240-9bed-879c69cdb9e7
3f0ac65d-c444-42cd-b847-ed52f17d9496,66295808-c585-493b-a067-d2cf83d38432,702c5cb0-a610-4240-9bed-879c69cdb9e7
a4d810a3-288e-4199-9ee6-15a7bf37b84f,a613f539-5e78-49cb-9a6f-e135062bfa50,702c5cb0-a610-4240-9bed-879c69cdb9e7
44d925e6-c57f-44be-ac91-f019c2d2aad4,9f0cc1a7-9448-44fe-b064-9890502c9f3e,702c5cb0-a610-4240-9bed-879c69cdb9e7
fcfda06c-7463-4a78-896d-a7236e129eb5,6655737c-58e4-406b-b44f-6418f954a3ad,702c5cb0-a610-4240-9bed-879c69cdb9e7
222e525e-8e4f-46a2-b605-031815ddd685,ca465ec1-174f-4f1e-afc1-f74b695f4592,702c5cb0-a610-4240-9bed-879c69cdb9e7
834015a2-960c-43a6-8f33-20b8596cc646,8902d8dc-ac9f-45d9-8026-ebf7890e8e33,702c5cb0-a610-4240-9bed-879c69cdb9e7
4d5a6dbc-ad65-46f5-8adc-56f5a314146f,0b671f34-1587-486d-8644-4d0595d647e0,821f14d9-7bc0-4e9b-94af-b8fcb6e5280a
adb65e0e-a385-46df-8276-1d12b290745f,c8a3573e-153c-44bc-87c6-f4174737165f,702c5cb0-a610-4240-9bed-879c69cdb9e7
990bb168-e113-49bc-9124-dd660638c27e,4d2503fb-250b-4997-b732-6cf8b9909055,821f14d9-7bc0-4e9b-94af-b8fcb6e5280a
03c7cc95-85a5-48a1-a470-2924d6089813,e6c620b0-9fb1-42d1-9c72-7a9d5ee43521,702c5cb0-a610-4240-9bed-879c69cdb9e7
997d0f50-0384-4696-9edc-af8643217bc0,2aa179f8-100b-45d2-8303-726c831e5e93,4934dc25-aa95-4f0b-80f6-da9704d700d3
2884a8b8-7953-42fd-b5ec-e9806d874fe6,b1716d06-b1fc-4e5b-b9a6-c1c9c6e5f744,702c5cb0-a610-4240-9bed-879c69cdb9e7
314fffc8-841a-478e-9912-80cc45ed3975,695dfd8a-53f3-4e4b-931c-5bef18a3e832,702c5cb0-a610-4240-9bed-879c69cdb9e7
e53080a0-b949-44b6-a3ab-b15c09b8ba5f,9e58d3f7-d4e1-463e-8b5a-a2f40ba9f713,702c5cb0-a610-4240-9bed-879c69cdb9e7
ec0cdded-0ff0-4f2e-841c-5b5fa6d19e20,68db2c91-c11d-4ff7-85b8-d1376b19e846,821f14d9-7bc0-4e9b-94af-b8fcb6e5280a
871d963f-7112-4474-ba58-a5b48cf29c59,c81e2230-7fd6-4720-ad19-2c5d6c550525,821f14d9-7bc0-4e9b-94af-b8fcb6e5280a
8223d616-5f6c-443c-a4ed-fc81c6f4f1ac,5ec30d93-7c06-4d1d-95fb-602451cb2241,702c5cb0-a610-4240-9bed-879c69cdb9e7
4ff3c884-cfba-4d2e-885e-240bbaec33c6,145b20c0-e454-4b96-b86f-96c9aad6f67e,702c5cb0-a610-4240-9bed-879c69cdb9e7
2a86d43b-7f9c-44d3-9ee5-8e92027d580a,23aaeeef-10c8-451c-bafb-4ad7b73a9d93,702c5cb0-a610-4240-9bed-879c69cdb9e7
705ccc82-d4f0-4734-ab90-efb71af708fa,b07d6064-cb31-42d3-963f-1a1fe8c93e64,702c5cb0-a610-4240-9bed-879c69cdb9e7
f8cba26f-8a4d-45b6-8199-f743b9c7fad8,a33f610a-9e29-4693-be55-552cde5db435,702c5cb0-a610-4240-9bed-879c69cdb9e7
7e993f92-9abe-4190-aa0e-d88d3c355a71,69db379a-99c4-4ae0-955a-070fa84f1d6b,702c5cb0-a610-4240-9bed-879c69cdb9e7
3a9b6a14-8fe5-480a-93f8-4cb9617e1993,3723e7a8-f868-4e18-9547-48bac95dbbc5,702c5cb0-a610-4240-9bed-879c69cdb9e7
dd0da2aa-da86-4f12-8af0-4234aaa96a8a,074999b0-1304-47ec-b828-451077d418fa,702c5cb0-a610-4240-9bed-879c69cdb9e7
5046381a-0823-4940-9fd9-9566d2a2559a,fd9ebf48-bce0-4452-a1e4-8a375f877ba6,702c5cb0-a610-4240-9bed-879c69cdb9e7
6b1df8d7-6e38-424e-9019-936cd9e44e40,d2eee73a-0668-4861-a3e9-b8757fe70a72,702c5cb0-a610-4240-9bed-879c69cdb9e7
24d554c5-6dff-451f-84f1-9d7fb15add04,122b708f-c768-459b-ba6d-8f7149e92364,821f14d9-7bc0-4e9b-94af-b8fcb6e5280a
3cc39ade-61f6-4e61-9a6a-d522d5f788cd,192bdada-0074-42f4-b531-3db1c482c896,702c5cb0-a610-4240-9bed-879c69cdb9e7
b33f42a1-af59-400d-a217-5c883f8d1c96,69ecf6dd-551f-4e53-b9ef-61396b535d13,702c5cb0-a610-4240-9bed-879c69cdb9e7
c386ac46-651b-4e13-b316-7b2c14373f27,3a9d2057-f21f-4806-958c-59b0f9c2a8d0,702c5cb0-a610-4240-9bed-879c69cdb9e7
540d70fc-c947-402d-b72a-c4be8d544746,2d1d4945-b67b-42d7-88e3-34e470e99c46,702c5cb0-a610-4240-9bed-879c69cdb9e7
35667a52-a4a3-4184-ba9e-56e409fa8eba,5fb662f6-ca11-49b1-ac3e-afbae75bb69f,4934dc25-aa95-4f0b-80f6-da9704d700d3
070aaf08-8f43-443c-a850-3587fa134c35,d43bfa62-d42e-431b-b6a6-f5dfa4cdeca1,702c5cb0-a610-4240-9bed-879c69cdb9e7
5b7fdb39-a4c1-498c-8153-925154eedd01,2f28ba94-6044-4729-b4b7-1b28b05c7099,821f14d9-7bc0-4e9b-94af-b8fcb6e5280a
2f53fcd7-7c4e-4d72-bfb1-d2e435898a5d,cef4990d-7c2b-432b-9525-1bb0b3757282,702c5cb0-a610-4240-9bed-879c69cdb9e7
b541380d-c7f7-4aa7-bc55-b6144c54676d,09317162-fe18-4cb2-861e-1e17e7be34ce,702c5cb0-a610-4240-9bed-879c69cdb9e7
c59662b5-0ebe-41c8-8cb2-924fe097c7f7,f0dbc82a-0303-4f45-8757-f9bef9639449,702c5cb0-a610-4240-9bed-879c69cdb9e7
e23580a3-75a8-428d-9f47-056efaa8dda6,12944d79-2394-45e3-9fd2-1020416ede80,821f14d9-7bc0-4e9b-94af-b8fcb6e5280a
18e840c1-6967-4cd5-aa43-5913f0a19b11,14efe59d-8fc9-4d0c-85fd-9dd8c6118620,702c5cb0-a610-4240-9bed-879c69cdb9e7
fcd4f972-1b36-412b-93bb-ccf86dd34b74,0190c6ab-d1b1-47be-8c7c-e50d0b141f22,821f14d9-7bc0-4e9b-94af-b8fcb6e5280a
72ad54b7-586c-4b17-b6d6-11057fcf0f1e,8a4c9033-5e8d-4cae-9997-b4dbc6ca4a60,702c5cb0-a610-4240-9bed-879c69cdb9e7
452c422e-8b85-4de2-98b1-a0f925b30f6f,69c0a703-29c8-4457-bb04-8dea9d5026e4,702c5cb0-a610-4240-9bed-879c69cdb9e7
1e68777b-3da5-4bc6-9c83-e807441617a1,010e7916-d4b4-4c12-a46b-b540f948157d,702c5cb0-a610-4240-9bed-879c69cdb9e7
004c77eb-6c8c-4f22-9aed-be8744495f81,8040ba7b-5be2-4db0-bb35-6d4b9cf5900c,702c5cb0-a610-4240-9bed-879c69cdb9e7
a160612f-a840-467c-84a2-8bbf2c9fd82d,ab70461d-e6b6-4121-b90a-a2c80cd8ace6,702c5cb0-a610-4240-9bed-879c69cdb9e7
ba031792-5c20-42d0-918f-78ddb241a262,4fdc6750-0a3a-4b98-8aed-866407f5560f,702c5cb0-a610-4240-9bed-879c69cdb9e7
ff043167-903d-4987-8bd6-1d5558dc568f,3c49efdb-1278-4a26-a9ab-2165030091c4,702c5cb0-a610-4240-9bed-879c69cdb9e7
fad650f3-7620-4cdc-a1a3-fbd669a10dfe,5775cdc4-0db5-41de-b61c-a486b4deda1f,702c5cb0-a610-4240-9bed-879c69cdb9e7
d4f757be-8db9-47e6-a377-4465b94a531a,c649a42e-bcbe-4be2-9b5e-1cbbc0b74cfa,702c5cb0-a610-4240-9bed-879c69cdb9e7
3e85bc11-6e4c-4ec2-9e2e-caec617c2bb8,7f2670d8-f193-407f-9c07-740fbf2d0429,702c5cb0-a610-4240-9bed-879c69cdb9e7
ffe0b106-337c-4573-808b-c21134ad6c7d,cd7da5fe-7e6b-4e00-8a6f-d604d363eeb1,702c5cb0-a610-4240-9bed-879c69cdb9e7
acc72c1b-72d9-495d-920b-624f28640ed8,0147a50d-6af2-40cd-b791-046cf9f69ec2,702c5cb0-a610-4240-9bed-879c69cdb9e7
b03d63f9-24c5-4636-9eff-0b7861c2e818,eaa322da-b860-46e7-bd20-ba3a0651236c,702c5cb0-a610-4240-9bed-879c69cdb9e7
984bb82a-6bfb-4748-b97b-121bcb0b472b,cf7814f4-bfa0-48d7-91cc-9f630cde99dc,702c5cb0-a610-4240-9bed-879c69cdb9e7
d565898c-4021-48af-96dc-7d55bbae9aec,13fc57b8-ce17-46f3-9b2e-1caaccb10d01,702c5cb0-a610-4240-9bed-879c69cdb9e7
2a7a50b5-b508-438a-ba97-ca421245d90e,9d00ea80-4931-4e98-9e5a-0982562685ac,702c5cb0-a610-4240-9bed-879c69cdb9e7
20f4e875-e1fa-41d1-99f7-6b65aa704096,1c0a7e15-1e13-436f-adc3-c85eb874d43f,702c5cb0-a610-4240-9bed-879c69cdb9e7
60815242-81d1-4420-bba9-db18dc627e7f,c449d509-1ff9-4861-be23-140e5b7bca02,702c5cb0-a610-4240-9bed-879c69cdb9e7
b7be3125-b722-47a5-b838-8ccad0d5f741,222b9239-6400-4607-a972-85c8cc9aa6e7,702c5cb0-a610-4240-9bed-879c69cdb9e7
cbebdd15-d0ac-44ad-bcbe-4d9ff1c9783d,01d01fa2-6e1b-4f7a-8bd5-319d21b88766,702c5cb0-a610-4240-9bed-879c69cdb9e7
c89af062-972c-4f14-9358-f55ff12045ae,9197f7ed-b5e0-4c38-82ed-ed2966a7ad3f,4934dc25-aa95-4f0b-80f6-da9704d700d3
7b649b2a-acdf-4a9b-a786-d3e9b567df73,14f78ce4-6bb0-471c-a392-5fc6b8bcb8d8,702c5cb0-a610-4240-9bed-879c69cdb9e7
88961e9d-29bf-4449-8736-7f4b33158b59,9f959b69-776c-417a-b1e3-dda702459422,702c5cb0-a610-4240-9bed-879c69cdb9e7
fe4d75d8-a0e6-40ee-9b0e-c166fa455539,4f8c5a2c-862d-4315-bfe1-bee7742caed1,702c5cb0-a610-4240-9bed-879c69cdb9e7
428860b4-bc20-46c9-a4f2-303ee3fd340d,fd0f8dd5-2f58-4a70-ba0c-59417ead11ed,702c5cb0-a610-4240-9bed-879c69cdb9e7
95bbf5f8-b4d2-408a-9d03-8b4ee8bd8680,5eed07b5-1b28-492b-a158-d80db9be3964,702c5cb0-a610-4240-9bed-879c69cdb9e7
423970f5-db18-428d-bd19-2c7d71db7f4f,0b0b4a66-0444-430e-8ef3-c3575ed9410d,821f14d9-7bc0-4e9b-94af-b8fcb6e5280a
d08b7895-8a20-4db9-b38d-e12926789eff,e7465961-58f2-4511-8f24-9a0ab0a99dbd,821f14d9-7bc0-4e9b-94af-b8fcb6e5280a
e30462a9-244a-4c43-a527-0bbc552c15fe,1d14b640-27c5-4626-804f-0fa20d677d78,702c5cb0-a610-4240-9bed-879c69cdb9e7
ff3dc5c5-7c4d-4a7e-bb34-55dc81495278,3f15cab3-f614-4997-b877-8e9df2fd40ec,821f14d9-7bc0-4e9b-94af-b8fcb6e5280a
ced77194-2396-4c5e-892c-d0656ebd9526,564b8569-9d62-4b88-b02a-decae464967a,821f14d9-7bc0-4e9b-94af-b8fcb6e5280a
10346a35-6932-4e01-a047-69437f602187,c5f4d4a2-cb1a-4107-956e-b410e8f14ce8,702c5cb0-a610-4240-9bed-879c69cdb9e7
7042e2ca-1010-4709-9788-93216e43a455,bcc51958-65c8-4e2c-8d9f-99dd4707e673,702c5cb0-a610-4240-9bed-879c69cdb9e7
862c0db7-1d85-4c3c-ac12-4768a806a6d7,42419936-2ea4-4c58-ab8b-1de302689885,702c5cb0-a610-4240-9bed-879c69cdb9e7
0a6b6317-24e0-4911-875d-2181bbd518f5,1fd4d6f3-b97f-474e-9724-bdb7c9688b7a,702c5cb0-a610-4240-9bed-879c69cdb9e7
1f119db1-1bc1-4167-8579-2d2850ec3dad,79ca0025-aa0d-403a-ad3d-4de7d4960f6f,702c5cb0-a610-4240-9bed-879c69cdb9e7
538296c8-0371-4a05-8f43-fd39f85ce733,91d1b36f-d637-4b4d-aca2-2dceabf0675d,702c5cb0-a610-4240-9bed-879c69cdb9e7
76aed2a2-955a-4624-9c89-7975df61e529,ed26b1cf-2a91-4469-b383-f39fb345d689,821f14d9-7bc0-4e9b-94af-b8fcb6e5280a
063ddb9f-f8ec-47d3-acbe-7c1bfa582ca3,d9ca4fed-32e3-487a-aec6-5be655ce2710,821f14d9-7bc0-4e9b-94af-b8fcb6e5280a
3b63e608-5dd1-40d4-9986-47158fff5e7c,d07606f1-788f-43af-b98f-be73ce77c310,702c5cb0-a610-4240-9bed-879c69cdb9e7
00b85941-be38-4ca5-9334-b904ac15a229,c6bf11a2-b732-44a3-857f-9333194ae920,702c5cb0-a610-4240-9bed-879c69cdb9e7
c7671ce1-539e-42ad-965b-20d4d14d52d2,277e2945-3aeb-4873-8386-a9c688bc1738,821f14d9-7bc0-4e9b-94af-b8fcb6e5280a
8e2cc7c3-37e0-44b4-958e-34adde0042a3,88d8f616-09db-4763-a942-8c1f1a30d1dd,702c5cb0-a610-4240-9bed-879c69cdb9e7
2b2e9dc4-1fdf-4a5d-a5fa-ff4455dc3837,9f9b0544-8230-4529-98b6-9ecf98ce1d1a,821f14d9-7bc0-4e9b-94af-b8fcb6e5280a
d46d89e8-d48f-40d9-b423-b647518a62ca,c7ca2570-4e6b-48bc-b87a-a099efd4e5ba,702c5cb0-a610-4240-9bed-879c69cdb9e7
896bb15a-810d-496a-bf5d-2f8f07967f0c,78c1a286-8736-42aa-b130-3e8eac850cf6,702c5cb0-a610-4240-9bed-879c69cdb9e7
b541854a-bd47-4126-99ff-503ede566c5f,5e0e2fce-4db6-492f-a471-2d2d4e53715e,702c5cb0-a610-4240-9bed-879c69cdb9e7
3a790636-70d3-4fee-9a89-05e7383a1961,4c756c97-fbaa-4937-bff6-72be02e18a99,702c5cb0-a610-4240-9bed-879c69cdb9e7
89765536-39df-4141-b149-253849947e09,855e7e12-99f7-42a7-9843-e12292407917,821f14d9-7bc0-4e9b-94af-b8fcb6e5280a
3b829308-5363-4296-865e-09b075171d53,b5970628-9897-4d8f-a28b-a4ab2ccdf92f,702c5cb0-a610-4240-9bed-879c69cdb9e7
d584144f-1235-44ce-b2c3-b480b4b23ea5,937eac07-87eb-458a-be53-9f1757ce5260,821f14d9-7bc0-4e9b-94af-b8fcb6e5280a
72740ec8-0984-4095-8593-279eed4fa5e7,dd65d383-0f95-4313-9ad2-41f51692fafe,702c5cb0-a610-4240-9bed-879c69cdb9e7
db53eddc-823b-44e1-bd41-751659074a05,42dab4e6-14d8-4961-9a3a-fd399924d03b,702c5cb0-a610-4240-9bed-879c69cdb9e7
c957abcf-9d83-4559-9bc7-dea43662289b,b2cab2a3-686d-46d4-a1a5-44b5a78a992e,702c5cb0-a610-4240-9bed-879c69cdb9e7
e1aed392-d4ea-4b29-a880-36432977177e,2107914e-1248-49b5-a728-aff66e2bb814,702c5cb0-a610-4240-9bed-879c69cdb9e7
27655d8d-f22c-4069-8ea8-7a2d31d75978,930889da-df30-4be0-aef4-c17bd4e73360,702c5cb0-a610-4240-9bed-879c69cdb9e7
ed955f11-6e1e-481e-ac88-dbfaf358c3ef,3ef065ef-a379-45f2-943b-7a1ebb93c35c,821f14d9-7bc0-4e9b-94af-b8fcb6e5280a
f46c0abf-c429-4f90-b173-375964842a3f,b53516d8-001f-4e66-85f5-25357db86a5e,702c5cb0-a610-4240-9bed-879c69cdb9e7
b1866a4c-7f70-4ca7-a712-a0ea89a8b170,d09a8ddb-4f1a-4b7f-92bf-16349ead4c74,702c5cb0-a610-4240-9bed-879c69cdb9e7
524656be-46c4-4c16-9f79-6475bf90e78a,7e8b565b-9936-4c14-9439-82331d8caa33,702c5cb0-a610-4240-9bed-879c69cdb9e7
56ec5cbd-d6f8-4ed7-b676-c19de4987063,13a699c1-9452-44c8-b891-2dda79b916b4,821f14d9-7bc0-4e9b-94af-b8fcb6e5280a
133205d0-5344-4f42-9203-e346c21d0279,216315ab-2a1f-4c6d-9860-72fe6b08d872,702c5cb0-a610-4240-9bed-879c69cdb9e7
2f528ebb-b5d7-4d08-9bb7-b332d3feb91f,24faa957-f045-423f-9bb3-e5aed3c6adac,702c5cb0-a610-4240-9bed-879c69cdb9e7
22ce8f35-7911-4727-8edd-7c78d8c2c5b1,ac85824a-a2d3-4765-8b43-b157a6a493b3,821f14d9-7bc0-4e9b-94af-b8fcb6e5280a
75466db5-9471-4f35-843a-1abe6dc7ebb2,3acee0ad-ab69-4fda-83e6-c830a5649b1b,702c5cb0-a610-4240-9bed-879c69cdb9e7
d803f755-31b9-4ab1-a8c3-f7b1cf78a830,eaff4a18-cf3e-4457-b67f-be39e6430577,702c5cb0-a610-4240-9bed-879c69cdb9e7
141051ed-a57c-48f3-a75c-a1f003a05a98,6da88203-8013-4df9-8271-cb4e425124dd,702c5cb0-a610-4240-9bed-879c69cdb9e7
27d44d6f-0443-45af-a20b-584bdbbd087d,6b02ad7a-03e1-4e82-85c5-aaf0377a568e,821f14d9-7bc0-4e9b-94af-b8fcb6e5280a
f441f030-4231-4172-bcd5-b404ec1441d9,d0db2683-fb22-41d4-b591-06c8bc0c998c,702c5cb0-a610-4240-9bed-879c69cdb9e7
aa6631dc-d6a1-4894-9195-1a8838382bc2,6c2343b3-1d9c-47b5-9155-73967c940d07,821f14d9-7bc0-4e9b-94af-b8fcb6e5280a
da01e6e5-e7bd-46e1-8ea2-4f5708ab905d,a3e10e00-4d75-45d5-951f-8252e9d10c7d,702c5cb0-a610-4240-9bed-879c69cdb9e7
ecfd0cd4-2c0f-434e-b8b5-1f3057a35779,a46b1af0-3dac-4c9e-8c00-e3c1f4ac2bee,702c5cb0-a610-4240-9bed-879c69cdb9e7
4c2fbd83-e113-4436-80d9-2fcf7f223c89,d731fa44-46af-40e8-b487-ffd4c83ce327,702c5cb0-a610-4240-9bed-879c69cdb9e7
0c55adf7-90c7-4011-bdf0-935d2b32213a,0e787228-a053-484b-b6d5-6f548b72a450,702c5cb0-a610-4240-9bed-879c69cdb9e7
b1bd5c34-252f-44ba-8e89-e90e5e9a7f75,63cbdeda-1dfd-458b-9614-3bb84cb32f5f,702c5cb0-a610-4240-9bed-879c69cdb9e7
f9aa60a9-b95c-478f-b033-52be5e3bb288,05b25780-7efc-4fbf-bac2-e39f2ef0fb73,821f14d9-7bc0-4e9b-94af-b8fcb6e5280a
1e007368-2876-4ca2-9e24-24c0314e4d77,3cf810f6-83fc-4f91-b808-f7703dadd79d,702c5cb0-a610-4240-9bed-879c69cdb9e7
106262b5-c505-49e6-ad28-73781f5bb992,88348123-1dfb-4d8b-a76c-7390c70dfb11,821f14d9-7bc0-4e9b-94af-b8fcb6e5280a
0fb41ba2-66ca-4077-8784-5ab2c8a8edee,d03974d1-9d6e-4a97-8378-0d9b8441af11,821f14d9-7bc0-4e9b-94af-b8fcb6e5280a
4d3655e4-d5e0-4da9-9674-4737641be6d5,b3d14681-988d-4694-85be-9c0fd282903b,702c5cb0-a610-4240-9bed-879c69cdb9e7
9e4cca71-efd9-4abd-a58c-48327b8e4c7a,ed616088-4151-418f-832d-3f0c01cace26,702c5cb0-a610-4240-9bed-879c69cdb9e7
fbcec4d6-f794-4692-ae16-7e12ad84a239,2f6132e4-014c-401d-9d2c-a1bbe71c4ccf,702c5cb0-a610-4240-9bed-879c69cdb9e7
c5e318d3-1e15-4f8a-94f1-f9c22f2c3418,bf3e511f-b40c-4b67-b70e-e8db4e344449,702c5cb0-a610-4240-9bed-879c69cdb9e7
8e26d149-02d0-4d31-bf4e-ba3d1cfa06bd,8c776c54-69d7-4025-80f8-fce9fc5ef741,821f14d9-7bc0-4e9b-94af-b8fcb6e5280a
0829c8e4-78f3-4dff-9848-084fcaebf0e2,ceeeafd3-ddff-4119-a0b0-e0d3e9dd232c,821f14d9-7bc0-4e9b-94af-b8fcb6e5280a
496be33f-7942-412e-bbed-92c8d91427c0,e6fffbeb-ff75-479d-b03b-f7e79eb239ae,702c5cb0-a610-4240-9bed-879c69cdb9e7
cb3cc282-4717-4104-8fe6-9b244f68de27,5c738bdb-6873-415e-96a6-6e35aaa31a41,702c5cb0-a610-4240-9bed-879c69cdb9e7
1d2c8fdf-da58-42f7-b9a1-e77e6106f819,27718e85-9726-4370-9c5c-6458833fafcb,702c5cb0-a610-4240-9bed-879c69cdb9e7
02dc30c6-50d2-4bb5-bd33-7b496eecd7ee,f679f17f-5717-461b-a9eb-42dc24d7d4cc,702c5cb0-a610-4240-9bed-879c69cdb9e7
28dbc5e4-9579-41a7-838a-b19f1d080ff7,c789d8d9-fa76-4892-9401-dc52bb624dbb,821f14d9-7bc0-4e9b-94af-b8fcb6e5280a
a8ba6e5a-635b-480d-985b-6032c838a926,0bdfd298-1751-46a6-8928-6d6b27c327ec,702c5cb0-a610-4240-9bed-879c69cdb9e7
eb7e6402-b843-4524-af7b-7189f9b232ae,2701a9b0-8c42-44b2-96fa-0d06821b7d2b,702c5cb0-a610-4240-9bed-879c69cdb9e7
5e02c0c2-49e5-4e25-9512-976e02ec0f4d,abc43773-2449-448a-b9b7-33cf6ea74531,4934dc25-aa95-4f0b-80f6-da9704d700d3
424f0d78-57c7-49ad-866f-ccabd7304ae1,d5005f41-6996-4c61-81d8-951fe81db18b,702c5cb0-a610-4240-9bed-879c69cdb9e7
2f20d130-9b71-43da-96cc-986414dba09d,cfa6c1cb-d3a7-4083-99a5-ef00120f75e7,821f14d9-7bc0-4e9b-94af-b8fcb6e5280a
eec780f0-b66a-4d18-9bdf-2412f2e37ab3,a988b461-e0d6-49ef-8bbe-1a2c38fe943e,702c5cb0-a610-4240-9bed-879c69cdb9e7
4851cd8c-65d6-4f2c-98ef-bff02e70a610,4f4576b0-e3c6-492d-a5c2-25f5eab36085,702c5cb0-a610-4240-9bed-879c69cdb9e7
477a7389-04f2-42a6-8093-5d2aa035a0c4,813d1518-db1d-4dae-8f60-b98c773eca94,821f14d9-7bc0-4e9b-94af-b8fcb6e5280a
d38c4fd8-b65d-45e6-8d57-b8ddb4ebea0c,f5a3cff2-606f-48d1-9171-b72b70d15a20,821f14d9-7bc0-4e9b-94af-b8fcb6e5280a
330221ae-2e55-4d55-ab5a-9eb932f8d880,75eb504f-5237-4755-82e0-2248b45d2232,821f14d9-7bc0-4e9b-94af-b8fcb6e5280a
95720fe9-b052-4993-aec5-2a5cc7033b80,2ae4d9d0-8e1b-4f90-837f-9124702d97b0,821f14d9-7bc0-4e9b-94af-b8fcb6e5280a
2f78a4c2-b64d-4473-b623-7a9889747869,66011610-f3a5-4188-b944-aae1bf189076,821f14d9-7bc0-4e9b-94af-b8fcb6e5280a
87bab8fc-1ec8-4422-ab10-609c626a626a,629517ff-99dc-43e8-8d75-e2a79be4b089,702c5cb0-a610-4240-9bed-879c69cdb9e7
deeb2755-e2d3-49ae-af28-d58754cd313a,dd3d4467-79b8-48a6-a34d-1e0444b57418,702c5cb0-a610-4240-9bed-879c69cdb9e7
69fd66e1-4cd8-47f5-b7b5-d75dcdcad861,ee4b1b32-9394-423e-a502-9578e8521920,821f14d9-7bc0-4e9b-94af-b8fcb6e5280a
7903f5a4-af3d-4c4f-badd-867ac4f6cbc7,f94414f5-3321-437e-9311-0fd4a7d40f1a,702c5cb0-a610-4240-9bed-879c69cdb9e7
94324adf-175c-496a-adaf-5343be7c7c55,aa17a955-cd02-4b73-8773-866f6c4f384a,702c5cb0-a610-4240-9bed-879c69cdb9e7
a176b1ee-22de-45d0-b329-a8edba3a0549,da2d576a-0e41-4e45-a61c-92260071c37f,702c5cb0-a610-4240-9bed-879c69cdb9e7
0163bc3e-a07d-4421-a2c1-7e72d01a44d4,2654f234-df75-4a01-8cdb-380f03d3315a,702c5cb0-a610-4240-9bed-879c69cdb9e7
6350ef41-0e7f-4e15-af59-f9378d9d816a,a77d2e13-cbb5-4c9e-9527-af50b9ee8973,702c5cb0-a610-4240-9bed-879c69cdb9e7
1f6416ea-9a12-4f0e-84c8-f6ea2f2495d6,cb623cff-ab68-4efa-951b-ef7e1dd17aaf,702c5cb0-a610-4240-9bed-879c69cdb9e7
3e45176e-4606-4ce9-9239-f36bd2502a5d,9adff567-89f5-4eab-9977-e323168f5fd8,702c5cb0-a610-4240-9bed-879c69cdb9e7
b063c5b3-c585-4d33-8181-89a19c8ced6c,296ac18c-504a-4fbe-956c-831b9e700626,702c5cb0-a610-4240-9bed-879c69cdb9e7
8767564f-8b0d-4858-a326-c0c4a9af4fec,d3e93403-da4c-49de-a226-1e1a7f58cf08,702c5cb0-a610-4240-9bed-879c69cdb9e7
703745ee-f6d4-4aa2-aa4a-6f1c345e3689,fdbd8676-bad1-49dc-a631-1f13901325f1,702c5cb0-a610-4240-9bed-879c69cdb9e7
b85142bc-b366-4e45-8639-261390abcdea,0d712b6c-9756-40f9-b159-55156c014fbf,702c5cb0-a610-4240-9bed-879c69cdb9e7
40ede4d4-34c5-4191-9ef9-ded7526ce51b,79526800-99c4-4710-871e-3a4fa8afc0e6,702c5cb0-a610-4240-9bed-879c69cdb9e7
632db66f-e469-4df7-af94-2e59e2ce40dd,24cf7122-c7fe-4b2c-a439-243970744850,702c5cb0-a610-4240-9bed-879c69cdb9e7
b92ae39d-f596-4f87-b235-f5ce21eee6d8,c14972b2-d0a1-494d-beff-6fbc348ddf8c,702c5cb0-a610-4240-9bed-879c69cdb9e7
a75206f9-284f-481e-9212-aec94ff9234a,01f5a5ee-3cfc-4541-933e-6b15d71d5c6b,ed204181-0a5c-4ffc-aea7-05dc9d565ecc
81a5b8c3-d3de-4c73-8159-a8279b2348cc,144df3c6-b939-4339-be82-fb624f9207ca,702c5cb0-a610-4240-9bed-879c69cdb9e7
58d9a012-4632-4bab-ac5a-2940ee5e80ed,ad0caaca-83b5-4e90-9a8c-08156357e988,702c5cb0-a610-4240-9bed-879c69cdb9e7
97f20903-698e-482a-a724-fd2dcbd421d4,5932d93e-c829-46c8-aaa2-fea7a355ce8f,702c5cb0-a610-4240-9bed-879c69cdb9e7
23b7246b-9e4f-4c18-9f0c-39057d48debd,9aef3b44-a2b2-4b96-853c-0e1417a807d9,702c5cb0-a610-4240-9bed-879c69cdb9e7
a454d837-a3e9-481d-8caa-b8f24d20742b,6a4e72fe-216a-4f19-aa83-f38ac2366f6d,702c5cb0-a610-4240-9bed-879c69cdb9e7
abc8445e-8d5c-4f4e-9c41-8d5783dd8a1c,845075f9-4e86-4428-a5be-8eef62c90de2,702c5cb0-a610-4240-9bed-879c69cdb9e7
ee4059b7-f62a-4d43-9b6f-7bef1d0b6215,7bc1d413-9ebd-48a6-81ac-452c5b92d10f,702c5cb0-a610-4240-9bed-879c69cdb9e7
718fdc15-d69a-4cb0-8c29-fb4ea1689acb,2d31c16f-3100-4dd0-82e2-23bfa4b6df4c,821f14d9-7bc0-4e9b-94af-b8fcb6e5280a
9f9c7c3c-967b-4a2a-b699-c05dd90ab480,4855631b-ad23-436f-965a-056da74429af,702c5cb0-a610-4240-9bed-879c69cdb9e7
ed36dbc4-b25a-42b6-94fe-15610632a39c,6a00f624-a886-4842-a80d-5261404420c1,821f14d9-7bc0-4e9b-94af-b8fcb6e5280a
c12c8638-0178-4856-9bf9-b56853ac505d,e56e0681-bf4f-4218-8a10-67d38c927328,702c5cb0-a610-4240-9bed-879c69cdb9e7
986f49e5-78b2-4a74-98fc-14c85f13e9b1,717c3bd4-4795-4aa1-a42e-dca5b3d7fdd1,702c5cb0-a610-4240-9bed-879c69cdb9e7
6d713ee3-89fc-4c15-ba58-a161b2fe3cd8,b156106d-11d8-4688-bb14-89b1df104bd6,702c5cb0-a610-4240-9bed-879c69cdb9e7
0dea4b6a-ba56-4bb0-a958-5a2677520f45,9b40d386-4554-4ab8-aaf8-d87457b6cd85,702c5cb0-a610-4240-9bed-879c69cdb9e7
41bd1471-9263-4a66-96c7-518771a5ba78,4e42f24d-1b1e-4277-b3c0-54aad3e3555a,702c5cb0-a610-4240-9bed-879c69cdb9e7
adddd9d9-49ac-4f29-9eaf-8689ea1ab361,9c6f66dd-ce25-44f9-8f47-ab941542cfb3,702c5cb0-a610-4240-9bed-879c69cdb9e7
9fb48cb8-507c-457c-b88d-1fe90b99a3af,6ed0f794-54c0-498a-ad5d-d8d38c06dc2b,702c5cb0-a610-4240-9bed-879c69cdb9e7
dd8853d6-e397-4ab7-b23d-d9eedfe10199,6da4458b-5c0a-4a81-9830-04999e41ce92,821f14d9-7bc0-4e9b-94af-b8fcb6e5280a
1eca1fc7-abd0-4516-befe-5e8cd12aab7d,69061b20-c167-4080-be34-5bb916db817f,821f14d9-7bc0-4e9b-94af-b8fcb6e5280a
126badf8-b000-48d4-a001-a39199a4ea6f,f0fef719-d2ed-4546-82ae-084d674fda87,702c5cb0-a610-4240-9bed-879c69cdb9e7
c0b83c95-0b54-4c6f-964f-96ad302cefa7,d1f72c0d-1f31-42a9-a5e0-90d33dcb8a5f,821f14d9-7bc0-4e9b-94af-b8fcb6e5280a
88464898-0509-4b02-85c1-9a4426c2a89a,dd2fbe20-63c1-4e12-81f0-7cd1f0969929,702c5cb0-a610-4240-9bed-879c69cdb9e7
08a3eb17-4b1f-4348-8577-6c2334faf474,3aeff617-9078-4ceb-be37-92a10a25f12f,821f14d9-7bc0-4e9b-94af-b8fcb6e5280a
392fbd17-1922-48f2-bdfe-8902d601332a,705e4f04-d01d-4ac8-a8bc-8dd95464f954,702c5cb0-a610-4240-9bed-879c69cdb9e7
2c68cd8f-eb5d-4838-8634-9d5bdcbcc2f8,2673a718-f330-4bd0-92a1-836516aa03a0,702c5cb0-a610-4240-9bed-879c69cdb9e7
c4900e9c-d5b7-4458-b47f-2bf1532c42ab,5a481318-01d9-4480-89fd-88fb712b48cf,821f14d9-7bc0-4e9b-94af-b8fcb6e5280a
7add5bed-df37-4d29-aec6-799a0ba20345,2dc88b14-da46-4157-81a1-2c9d0a3085c0,702c5cb0-a610-4240-9bed-879c69cdb9e7
0e98a5f7-db58-45c9-87f2-d4d3429edd05,29fc0ccb-7b7a-4622-964b-aa68ffe1f8fe,702c5cb0-a610-4240-9bed-879c69cdb9e7
e5fbd04a-11a0-4367-9de9-ee0d175b6204,98cd5cd8-417c-429c-a16f-666517fec5b3,702c5cb0-a610-4240-9bed-879c69cdb9e7
9cdca511-9d87-45c9-a986-1bb25cdd9a93,70039baf-3cd4-4687-9954-6e8ccd111031,821f14d9-7bc0-4e9b-94af-b8fcb6e5280a
248e999b-00b0-4402-90f2-80cd38e338a1,71a917d1-ea7e-4cc2-ac9f-69a6f5466b61,821f14d9-7bc0-4e9b-94af-b8fcb6e5280a
44cf25de-feae-4a8e-92a1-6e172ce3cb83,15897bed-e053-47d5-a551-97ae46c5b31a,821f14d9-7bc0-4e9b-94af-b8fcb6e5280a
f6226039-6f64-4c78-9d9f-be10a59f649e,30c3c88d-d128-4f77-a7be-f5e62d43186d,702c5cb0-a610-4240-9bed-879c69cdb9e7
993753e6-107c-44f2-ad12-c07fac3ab59a,395d1f00-cce8-4be3-8964-83f50a6d27b0,821f14d9-7bc0-4e9b-94af-b8fcb6e5280a
c1399f26-ca72-46bc-a1df-7538bb680926,ea5c3e5c-bb53-43be-89f7-f7430f310379,702c5cb0-a610-4240-9bed-879c69cdb9e7
a20ac24f-bd1e-4245-8740-3b67e78ad00f,dd135a75-de1b-4017-bc67-24d7578a3cdd,821f14d9-7bc0-4e9b-94af-b8fcb6e5280a
9418582f-d24a-4910-abe3-ef4156ae3eea,4549744a-abc0-47ae-9f41-9dc3b16e72b1,702c5cb0-a610-4240-9bed-879c69cdb9e7
bfb733ca-65df-4018-9ae7-b0020e729e6f,572a7666-c024-4f04-bdb3-c041a91664f8,821f14d9-7bc0-4e9b-94af-b8fcb6e5280a
2cf09009-945c-4a6c-89fe-b148d34aadae,3c6ba676-f05d-44fc-a959-ad3a771878a8,821f14d9-7bc0-4e9b-94af-b8fcb6e5280a
4a31b429-ced5-4762-9592-d2197a518812,fdc1ffeb-096d-41a4-a0db-d6939c79211e,821f14d9-7bc0-4e9b-94af-b8fcb6e5280a
40a362e2-15bb-4e40-ac4e-1a46f55bce7a,91553b50-202f-436d-ab35-3d69c3e9c36d,702c5cb0-a610-4240-9bed-879c69cdb9e7
a091fafd-e1b1-453c-b993-069e9c3c1550,415510e1-3c10-45d8-997c-58fed0358b0e,702c5cb0-a610-4240-9bed-879c69cdb9e7
8e9ac4bd-4acc-4959-ac22-6b6bbc2b413a,2e06b577-d264-478b-a341-5b104b564346,702c5cb0-a610-4240-9bed-879c69cdb9e7
a944b71a-9393-444f-a397-4667c49ce8fa,a14a943e-3a2d-487f-9d95-bf523095d0f7,821f14d9-7bc0-4e9b-94af-b8fcb6e5280a
aaee77c4-8978-4708-abf5-c74f300cc8d2,bddb9b37-ff99-49c8-b554-59227934a45d,821f14d9-7bc0-4e9b-94af-b8fcb6e5280a
1fc76c89-edd5-4d1d-b087-a6542b9bc051,7ce83012-7492-41a3-9e1b-7215ab93f136,821f14d9-7bc0-4e9b-94af-b8fcb6e5280a
44918c55-81a4-4eb1-9665-387f37aaa181,ed9a6517-8e81-4da4-a646-78bd68d4a989,702c5cb0-a610-4240-9bed-879c69cdb9e7
ca3fdabf-31dc-4d10-94e6-86882275d4ff,f3af0101-7c20-4b6f-b068-84e82a8fa004,702c5cb0-a610-4240-9bed-879c69cdb9e7
bfaa9c68-c0ef-4075-bb56-67d71fec078e,ad77e558-cfaf-4b2f-86f8-95a5f08b6d0f,702c5cb0-a610-4240-9bed-879c69cdb9e7
8d28d858-59d5-4924-b7c3-c2a9a5c69c64,3d9fd14c-3a93-414d-8c12-4318e3cbe7c3,702c5cb0-a610-4240-9bed-879c69cdb9e7
e6d0f8e7-8256-405a-a4ea-a2f4aa07e3f2,3d06b401-dbd3-46e9-a0e0-0904b4a897e0,702c5cb0-a610-4240-9bed-879c69cdb9e7
772b5e86-3a07-4d80-a5fd-d3af797d3aba,21c063d9-9477-4365-8036-06d3b5efd961,821f14d9-7bc0-4e9b-94af-b8fcb6e5280a
cd159d5e-ac65-469f-a0fb-406c901e3d95,ebf367cd-0250-4aad-98cd-b063b3c12665,821f14d9-7bc0-4e9b-94af-b8fcb6e5280a
21a6492e-9315-4c8e-b4a8-5379e473ddb0,bbd89b02-a7db-4990-977d-1bc6b894fae7,702c5cb0-a610-4240-9bed-879c69cdb9e7
f96824eb-74c5-4983-b83a-09a9dd669ee4,1acea626-f027-48e6-8cc9-6c474a03d67b,821f14d9-7bc0-4e9b-94af-b8fcb6e5280a
4bf7c033-afa0-4b07-8f9c-f36e2f99ef6b,08c8684d-2ff8-4d10-8f61-f3f64605e220,821f14d9-7bc0-4e9b-94af-b8fcb6e5280a
2d8d377c-8827-492b-abf9-8f30d651b906,a58df5b4-8be7-438e-b191-b100aa1c7276,821f14d9-7bc0-4e9b-94af-b8fcb6e5280a
36ac6d0a-3f6d-4983-ad66-9bca6bada70f,cc92ffdf-2065-415c-89c0-62d8d3313019,702c5cb0-a610-4240-9bed-879c69cdb9e7
48d259f7-03e2-42e6-8306-7849c5c287c3,cc73ab63-c726-48d5-84dc-b71b8cdfd103,702c5cb0-a610-4240-9bed-879c69cdb9e7
01c1551d-9c48-4662-9089-b4f1d8717f4c,3fac0d0d-f716-47d1-bbc5-bbb595cec9f3,702c5cb0-a610-4240-9bed-879c69cdb9e7
b862f94d-cdfe-435b-8291-965489c21b7e,c27a686d-0718-454d-a6d9-1f264e0f14ad,821f14d9-7bc0-4e9b-94af-b8fcb6e5280a
85e35c8c-7260-4865-9e61-3f62747aaf40,51b98b20-e1c5-47b7-ad57-355108043ce1,702c5cb0-a610-4240-9bed-879c69cdb9e7
eb0b2c71-969f-481e-a157-6f0902c8617c,fcc23919-d01e-41b2-8d75-580bd73124ca,702c5cb0-a610-4240-9bed-879c69cdb9e7
431f6e25-376f-4d54-8b8a-f071bcbc7831,957ff238-ebc1-4eff-b908-cda3753fee8f,702c5cb0-a610-4240-9bed-879c69cdb9e7
11f22cb9-b327-468c-b3e0-9a461a13c37f,c30af755-b9e4-4bc2-8fb1-a6d6cf2ee584,821f14d9-7bc0-4e9b-94af-b8fcb6e5280a
5969dcda-c315-474c-914d-3980f0bfdbcc,7b00fa09-4b14-4ae3-86da-c01c08023e4a,702c5cb0-a610-4240-9bed-879c69cdb9e7
b6e7c177-e923-4dcf-84c8-4fb7f1bb58e5,df5f6f10-053b-42f5-9504-523ad92813a7,702c5cb0-a610-4240-9bed-879c69cdb9e7
ade69089-e485-4988-bdae-fef8d66a8046,89678614-f00b-4aca-9a23-0e1b8187eae1,821f14d9-7bc0-4e9b-94af-b8fcb6e5280a
db99da1d-5287-4eea-84cb-06b67192c207,43018eb5-cc93-4249-acb1-c95617f4f78f,821f14d9-7bc0-4e9b-94af-b8fcb6e5280a
f4aff3f7-6995-4187-b262-b0910a82254a,6d382af4-894b-448a-b9e9-b06850e6e74a,702c5cb0-a610-4240-9bed-879c69cdb9e7
4c98ec27-5c2d-4e3b-afe9-4473c37d9303,958facb1-1905-419c-8a82-60ff2283747e,702c5cb0-a610-4240-9bed-879c69cdb9e7
82a449c2-e946-4e1b-aecc-f86d34623f9a,13dcebaa-ecda-4d66-b3c3-0c4ca45476c9,702c5cb0-a610-4240-9bed-879c69cdb9e7
89fcba44-4c49-4854-a526-2ee833baa587,086645bd-32d3-42a6-9344-9d1b13adc83e,702c5cb0-a610-4240-9bed-879c69cdb9e7
a5e926c2-7162-4b4f-8062-c6e37808c05f,930c7420-b6fe-4359-998f-02e4490a573b,702c5cb0-a610-4240-9bed-879c69cdb9e7
f53829c9-76b8-4ab7-92c6-40b00006fc33,c7dc6c6f-1b1e-4eb2-8dea-4d600497a37c,821f14d9-7bc0-4e9b-94af-b8fcb6e5280a
fc36c1fc-3667-46f1-8d7b-80db89df2875,e82beb58-696e-4067-b68b-fd9f5a72c999,702c5cb0-a610-4240-9bed-879c69cdb9e7
29bfa0ab-b41c-48c1-ac5b-a2b8db4a5c63,0160e626-44e6-4ac1-945a-6992219d048f,702c5cb0-a610-4240-9bed-879c69cdb9e7
ff1c153b-16fe-48e4-8b82-21c85e4e6caa,f97024f3-f73a-44fa-b5dd-fc01102ceb11,702c5cb0-a610-4240-9bed-879c69cdb9e7
40ab38ec-e9d6-4932-b049-2e64ba12f644,c3290fc8-3784-4abc-9b36-dd82afc22807,702c5cb0-a610-4240-9bed-879c69cdb9e7
93872f69-2c8c-4e25-a1d4-fb9618d1643d,d9ae4db9-75b6-4644-b1d7-cd970c6f4001,702c5cb0-a610-4240-9bed-879c69cdb9e7
310ae540-b1ed-4778-ad90-9d12410e9532,35cb1fbd-cf77-495c-ac7e-98cb20f7799c,821f14d9-7bc0-4e9b-94af-b8fcb6e5280a
19270bef-ca30-43e2-8c81-327a6854fa72,7bfde82f-089a-463e-9576-002f8b3bae67,821f14d9-7bc0-4e9b-94af-b8fcb6e5280a
f3b7f28d-5099-471f-beab-a373d0ba4a49,4d9757d6-539f-4ec1-9dea-77267db65e17,702c5cb0-a610-4240-9bed-879c69cdb9e7
8bf4d5fd-0f71-4911-a31f-bad2e08bb17d,134a2710-4c78-435e-8a7b-54c9dbc7bbd4,702c5cb0-a610-4240-9bed-879c69cdb9e7
2e447985-6123-44d4-84c1-7f5343c32970,bf6242fe-9b97-44ca-b6f9-26649e44816a,702c5cb0-a610-4240-9bed-879c69cdb9e7
fdb7c23f-4e4d-4296-9894-a9bf09725dc4,81e36598-b918-4b40-8d33-9d4027248271,702c5cb0-a610-4240-9bed-879c69cdb9e7
1acc21c8-5485-4120-8ce8-59db891b0400,2b6d5258-887e-4488-ab40-f26afe373eba,702c5cb0-a610-4240-9bed-879c69cdb9e7
eb0ce76e-c14f-4bda-95df-44f0132ce492,ecf16dc8-8967-43c8-8f40-9f0455e42d01,702c5cb0-a610-4240-9bed-879c69cdb9e7
cae9b6f1-c647-4ad2-a373-bc435994d1f3,0ae245a5-c25b-47c2-a74e-4520dd40bdff,702c5cb0-a610-4240-9bed-879c69cdb9e7
a0462b8a-8735-42cf-a65f-ff669fb4fab0,b06daf2c-e1d5-4d6c-aad6-d4d4f89f978b,702c5cb0-a610-4240-9bed-879c69cdb9e7
9b7a9fdf-8061-4615-8989-495886aaf169,a68a77ca-60a9-4f8b-a25f-7fea05f76952,702c5cb0-a610-4240-9bed-879c69cdb9e7
0d7d0b56-0130-4aed-bdef-912922092ced,816d4a9a-ce1e-449a-9f6c-0d330be3de95,821f14d9-7bc0-4e9b-94af-b8fcb6e5280a
5bc85e83-cab3-4eae-a748-5700a0291820,d8705e51-9864-4888-a858-6ddde733c130,702c5cb0-a610-4240-9bed-879c69cdb9e7
7ecf5032-a558-42f6-b6d3-2263e226e274,de14f004-c4e9-4902-a671-cd55e3237853,702c5cb0-a610-4240-9bed-879c69cdb9e7
9d9c6717-89bc-4e1f-a888-c730f5ca3d50,e80e4f0e-e235-4fff-b04f-b4ef53f3fd34,702c5cb0-a610-4240-9bed-879c69cdb9e7
7d881ded-583d-49e8-a655-ce2eac506caa,777bc892-04ca-47d5-8f2b-d35cbd4dbe95,821f14d9-7bc0-4e9b-94af-b8fcb6e5280a
e99922ca-e510-4f86-8fd2-13f94fe9be3d,b6d330d4-3c14-496b-928f-850b9b8b8b27,4934dc25-aa95-4f0b-80f6-da9704d700d3
359addb8-fd55-4a4c-8be5-44b6002ea923,f9ffffce-0453-477e-ad9e-83844ec90df0,702c5cb0-a610-4240-9bed-879c69cdb9e7
d44b8da8-b489-4e7d-bfec-26b7a1a121a9,0b8c9a08-3ad3-4f33-8e94-c6fb6170b79f,702c5cb0-a610-4240-9bed-879c69cdb9e7
f4599aab-cdb6-45ad-ac57-4d64eefce419,9e891467-eb2a-4b7e-84af-3d83199bfb6a,702c5cb0-a610-4240-9bed-879c69cdb9e7
9721302e-1f26-4961-80f4-21888fadda8e,a7b6c3b4-53ab-40ab-aeaa-2514bd3588d5,702c5cb0-a610-4240-9bed-879c69cdb9e7
689279d1-9bb5-48fb-abf4-0c6d8e4e1a38,4f9eaa20-21ff-4f78-b3fc-8b0b4617b5cc,821f14d9-7bc0-4e9b-94af-b8fcb6e5280a
9abc67e6-5e9a-4d98-a332-bc03935b6cfd,ef9db0b8-2c4f-449b-afdf-13ea3b13243c,702c5cb0-a610-4240-9bed-879c69cdb9e7
925d00c7-69fe-436c-9d42-3487fe528baf,787aff94-f002-454b-a43e-4abb3f609818,702c5cb0-a610-4240-9bed-879c69cdb9e7
1d2d3307-4fa5-4985-b9f5-64d70db74d38,1f045512-86a0-46bf-9823-954e639037d6,702c5cb0-a610-4240-9bed-879c69cdb9e7
49558314-c360-4d11-a989-a978bf6f4c75,10532f6a-fdc4-4a41-b2db-c9db7f063555,4934dc25-aa95-4f0b-80f6-da9704d700d3
6e4092bd-3871-460e-969e-c4a7360d1bef,15fd4f86-e4c4-40a1-871b-f8fbf378740c,702c5cb0-a610-4240-9bed-879c69cdb9e7
1ab9c7a5-ed3d-45e8-b4d7-55dac86153f6,afb064f7-a999-47af-8d6b-454d019b712f,702c5cb0-a610-4240-9bed-879c69cdb9e7
39c06866-3472-4465-86ce-ed30fce24e75,c4b3e6d1-4d48-492c-b015-833faf135c1f,702c5cb0-a610-4240-9bed-879c69cdb9e7
bad7d198-b386-44f4-bb3e-b57c2b977c50,3ad281b9-b9ad-4792-91f2-01646f2f7885,821f14d9-7bc0-4e9b-94af-b8fcb6e5280a
f24fdfe7-e164-4be8-b8eb-b5a70b39aa2f,dde37018-a838-4191-a4ed-1685ac6341f7,702c5cb0-a610-4240-9bed-879c69cdb9e7
b4364232-8917-4ab0-afbe-5a76fb40214b,47707d8e-a5a0-4505-a95e-dc6b77bf4703,702c5cb0-a610-4240-9bed-879c69cdb9e7
58239a4a-720a-4333-80ef-4e1242dfeeb2,b3e7deeb-285f-4964-9f7c-4c9eebf6a701,702c5cb0-a610-4240-9bed-879c69cdb9e7
add4c830-8c4f-4ef7-b882-2d109a350503,b4811470-fb29-4400-a071-0d193761c542,821f14d9-7bc0-4e9b-94af-b8fcb6e5280a
cec65497-07bb-4c86-915e-3e75f77f7787,5a491ed8-b71b-4106-8565-6a2ca671c2aa,821f14d9-7bc0-4e9b-94af-b8fcb6e5280a
8b20b10d-b88b-4e75-9d8e-6f9e87c9afa7,a9005a3b-2f6c-4ce2-8531-087c20a9c5b8,702c5cb0-a610-4240-9bed-879c69cdb9e7
093940fd-54b8-47dc-9468-201755125b82,0a83637b-184b-474c-8bad-7904a8da4660,702c5cb0-a610-4240-9bed-879c69cdb9e7
ba511922-c561-434a-9e53-dc7493a024ca,591e149f-b4a7-4cb5-a3b1-d36700556bc4,702c5cb0-a610-4240-9bed-879c69cdb9e7
9877c51f-95d4-490a-b793-eca1cc31a576,62d333ab-674c-41b1-8dce-4f5301e8778a,821f14d9-7bc0-4e9b-94af-b8fcb6e5280a
4f3da4d5-1f5b-423e-b634-dbd66b9b3de4,9f08e9d5-6db1-4057-9257-d1566ab23c1a,702c5cb0-a610-4240-9bed-879c69cdb9e7
c1ea1aa5-e3df-44ec-9ec3-d9f3cb01bb1d,c5ac0939-df2a-4db9-8f08-0182dc33651f,821f14d9-7bc0-4e9b-94af-b8fcb6e5280a
3b8ee708-9a2b-4c5b-b505-6d33783faa73,db5e294a-2631-4a3c-85de-687aa5e9c196,821f14d9-7bc0-4e9b-94af-b8fcb6e5280a
83b0d6f4-8fb0-47d2-8d6c-4fad99df7704,86630311-e8c9-4769-922e-65097adc6aeb,702c5cb0-a610-4240-9bed-879c69cdb9e7
e536468c-3c5e-41ff-8f88-4f118fd97ef5,6be59924-bde0-4ed1-9e99-c8ca5bd17e9b,702c5cb0-a610-4240-9bed-879c69cdb9e7
3bf14044-9ee4-4275-9e98-17f183a90b1c,2900601a-7922-4d0d-befa-c3aa871ab41e,702c5cb0-a610-4240-9bed-879c69cdb9e7
13037740-f2a6-4633-a68a-13d17ff8faad,800cf3c0-49ed-4d3b-bb3b-a437198f6fc6,821f14d9-7bc0-4e9b-94af-b8fcb6e5280a
ff2b509e-5805-4700-a506-3f358e93e9f8,501f6e39-3c7d-40e5-8706-155119906766,702c5cb0-a610-4240-9bed-879c69cdb9e7
d8bb8556-e2bc-4093-bfbb-d11eeecd53d2,55f82e5a-68dd-46db-b9bb-4adee2182098,702c5cb0-a610-4240-9bed-879c69cdb9e7
7ef89609-e336-4714-9123-d2049c60a335,5b12b108-d98d-4111-826f-4a4171f1bc06,702c5cb0-a610-4240-9bed-879c69cdb9e7
bcd49b6e-0e5a-49b5-8672-12ffbc80ad8f,b02f0f3e-c327-4601-8b1a-d448b2ac84e2,702c5cb0-a610-4240-9bed-879c69cdb9e7
f6041b86-2012-4bb7-b913-1e77a1df0553,aabd07df-d288-4714-926f-4e0e1794535a,702c5cb0-a610-4240-9bed-879c69cdb9e7
aacfe9d1-b085-4853-89dc-2041dcb0fd4e,dc3f396f-296e-48e1-a46d-c74b97d09593,2cc2f99e-c20d-4d09-a8a0-8ecf28270f79
02e9325f-0522-488f-a757-676edb59ba72,14fb8349-e537-4ec4-8d2d-60e679d0f729,821f14d9-7bc0-4e9b-94af-b8fcb6e5280a
a789352e-eea8-4123-8f21-0e6658dea55e,65b9a42d-1a0a-4cf2-bf8a-05a83a118052,702c5cb0-a610-4240-9bed-879c69cdb9e7
61504e48-31e9-4e38-9f9f-c578d6a4fef0,cef76b3a-e2b3-402d-89ba-aff1d1b1e97d,702c5cb0-a610-4240-9bed-879c69cdb9e7
562384ac-ba01-4499-bded-1bc350e2b317,03fff77c-6e6e-4982-8e37-d29da3ffd603,702c5cb0-a610-4240-9bed-879c69cdb9e7
2643319d-ca5c-4676-a1b1-6c04ca1f84f5,2c345704-9c1a-4091-9e21-429f42dcddbc,702c5cb0-a610-4240-9bed-879c69cdb9e7
5b6a78a5-9d21-4d84-961d-d400366e8769,dfb01a7a-ecec-4a66-903b-cc6cd42be783,702c5cb0-a610-4240-9bed-879c69cdb9e7
8df26b16-e817-4133-98fe-fcec1ec282a2,fbc1cba7-82bb-4342-af84-4297de879c70,702c5cb0-a610-4240-9bed-879c69cdb9e7
de3c62f1-801f-4891-8e67-146841fb9912,1caf3a4b-2cb6-4619-834e-ecb2f37109ab,821f14d9-7bc0-4e9b-94af-b8fcb6e5280a
86a1d6b2-5a89-4a35-b51a-a6296da946e8,1fb0e351-28ec-4814-a0f9-ed38bdcf14d2,821f14d9-7bc0-4e9b-94af-b8fcb6e5280a
bf66bcca-56ac-46da-8b1f-54d80fb2f328,0668679a-6222-419c-87ac-a1d747543ffd,821f14d9-7bc0-4e9b-94af-b8fcb6e5280a
2e80a9ca-fc2c-47f5-9189-243e7df8e12a,dc7c6552-5268-4c9d-aa25-6ae4ae53b17f,702c5cb0-a610-4240-9bed-879c69cdb9e7
9f50114d-b675-4d81-89e8-8c2765e2912c,ef0a0897-976f-4ba4-a4ed-7927c2735df7,821f14d9-7bc0-4e9b-94af-b8fcb6e5280a
61646079-40b7-4f75-9c53-7478dd1c023f,5e830258-8417-4d39-8f3f-038eeb81e7ea,702c5cb0-a610-4240-9bed-879c69cdb9e7
7be23233-5803-4f07-b4a8-22d6f6c22c7f,0962e0d7-5615-4207-a262-6195c9a8cb5f,702c5cb0-a610-4240-9bed-879c69cdb9e7
a326fa7e-5190-4f5d-ac85-0bc02fc30796,c77f25ae-559a-491a-b22b-b46c4ae92711,821f14d9-7bc0-4e9b-94af-b8fcb6e5280a
5cdc98d6-14f2-4ff8-b8d4-a777c525158b,f90c8cf7-2113-4b80-8677-fe313d075eba,702c5cb0-a610-4240-9bed-879c69cdb9e7
d372b7a0-923f-4d4f-ad7e-366fb0380853,872e365e-3753-4963-a1d4-110181d08ed4,4934dc25-aa95-4f0b-80f6-da9704d700d3
cc491b79-1757-428c-8d66-3977fcdeb1e4,98777772-32a7-48ed-b8df-3a486a617b22,821f14d9-7bc0-4e9b-94af-b8fcb6e5280a
1d248779-936a-409b-ab43-d4d89912f395,8b0c99f3-ca1d-4ddc-8542-a1d04256cbe4,821f14d9-7bc0-4e9b-94af-b8fcb6e5280a
3da47cfb-bcf6-4641-819c-74b4ffdb606d,4660c7f4-372e-47cf-a223-3644f1f4f3e7,702c5cb0-a610-4240-9bed-879c69cdb9e7
905af592-a2d2-49b7-b962-23bff79ba5c6,3ceab50e-0176-4f70-b454-5077610ded68,702c5cb0-a610-4240-9bed-879c69cdb9e7
6aef2f4d-1d77-4494-9edb-41e5c94766a8,ff72949f-9b0e-428c-9f1a-67651b253af3,821f14d9-7bc0-4e9b-94af-b8fcb6e5280a
c1e86688-bb1c-4cfd-9e77-7c4889fd7eeb,f8bc743b-1cd5-4396-a189-fb5796122917,702c5cb0-a610-4240-9bed-879c69cdb9e7
03cc1b0b-397b-4c97-a704-4680078e5afb,237071c6-355a-4595-a5f3-abce5e371559,821f14d9-7bc0-4e9b-94af-b8fcb6e5280a
d3b0bfa7-4038-44a4-9155-a2743a11372b,52a7fc07-bfd9-459b-ba48-5b9be7572f6c,702c5cb0-a610-4240-9bed-879c69cdb9e7
7371633d-73c9-4870-8fb4-92b76f00857f,cd61f363-d5bd-4ab3-9825-de0e983f75d1,702c5cb0-a610-4240-9bed-879c69cdb9e7
db87dbd4-6b47-4653-9829-f37dd993590b,257e0f3d-258c-4933-a2bf-d17312ec369e,821f14d9-7bc0-4e9b-94af-b8fcb6e5280a
df2385f6-eeca-4d12-b3c4-8b5a2edbb30a,62ca486b-f4f5-4f36-b173-e3aeaf46bae6,702c5cb0-a610-4240-9bed-879c69cdb9e7
9404ebda-ec5c-4b64-b1e2-b0b3763aeb98,9494cb35-0428-4c97-b2c2-6f61c383c278,821f14d9-7bc0-4e9b-94af-b8fcb6e5280a
549fd649-5f69-4065-8045-2cc5c8701107,d1ba17c6-a1c2-49d1-b4ae-6bca88a9deb2,702c5cb0-a610-4240-9bed-879c69cdb9e7
083fce67-bf87-4b40-9e6b-85431ea1d2e3,23860640-4d48-478f-94ea-33a1e385b714,702c5cb0-a610-4240-9bed-879c69cdb9e7
d61ec7a1-5b5f-4434-94e2-d49bed38295c,b04808fb-2add-44e6-8e30-4d2377fdfdef,702c5cb0-a610-4240-9bed-879c69cdb9e7
c47cc9a2-e377-44ae-a65f-2b897428b6e0,68231dc9-026e-4265-ba2b-1ff9cd4bb457,702c5cb0-a610-4240-9bed-879c69cdb9e7
84382edf-ba3c-4d6a-938c-53a93b90e817,7992ccd7-0a49-4807-94b1-eb5b7cd5a2f3,702c5cb0-a610-4240-9bed-879c69cdb9e7
005069e8-6c87-4bf8-a53e-3b72034c34eb,c14ef2b8-c02e-419b-91dc-71470f497e11,702c5cb0-a610-4240-9bed-879c69cdb9e7
0f296401-d9f5-49c8-8c48-c7210656f15c,2202e462-82b9-4309-9cd9-b9d26ab9363e,702c5cb0-a610-4240-9bed-879c69cdb9e7
59af3947-cd52-4ffe-a7fe-63b2aef42390,14e781b3-86e4-4417-bfd9-fc9c0e64c54a,702c5cb0-a610-4240-9bed-879c69cdb9e7
64ad352c-d8d4-4303-943c-581e9a23d7c1,8209fe4e-a6c5-404d-87c5-e20c2caed7b5,702c5cb0-a610-4240-9bed-879c69cdb9e7
beae1403-4357-4bc8-8cd6-ff84852624b0,4fa56aad-a8df-4727-b095-427683e65be2,702c5cb0-a610-4240-9bed-879c69cdb9e7
1cfff23a-5f43-4ce0-b31d-17866a34080b,d435f251-58b4-4eb8-9f16-3e7c6be588fc,821f14d9-7bc0-4e9b-94af-b8fcb6e5280a
70630ab5-27f5-423c-9440-cb1dadc62e7c,cdca34aa-b749-47ca-a40c-9bb7ca6fa5f1,821f14d9-7bc0-4e9b-94af-b8fcb6e5280a
159eb4a7-4cea-4693-a5ce-92951061763f,6a7d5e2a-52d1-4851-8ba7-fed1b861ed3b,702c5cb0-a610-4240-9bed-879c69cdb9e7
c1ab84d8-e8f9-47ff-9ce7-7c74e3857983,e47aaed7-ff80-45b7-90d9-5266519531e3,702c5cb0-a610-4240-9bed-879c69cdb9e7
b3a1540b-12ec-4ad2-a896-4808f681a8e4,c83e434c-3dfd-444c-a4e4-625d2145d55b,702c5cb0-a610-4240-9bed-879c69cdb9e7
1321d7dc-d3d3-46dc-ba87-dc427255b947,3922d869-e5ca-4795-860f-0d043c2b8add,702c5cb0-a610-4240-9bed-879c69cdb9e7
788cf5c3-b2b8-484f-bc29-4af98b7312aa,ec319792-c072-4324-ab01-664b5ef0ab71,702c5cb0-a610-4240-9bed-879c69cdb9e7
48c1d657-467e-45f2-a8eb-0405a29c137e,ed29d307-e42e-4488-9611-fcf701a72f3c,821f14d9-7bc0-4e9b-94af-b8fcb6e5280a
2bfbdf65-502a-41fa-905a-140446220391,d20ac55d-0ca8-4401-87fe-bbba67c14a5b,702c5cb0-a610-4240-9bed-879c69cdb9e7
2e17de23-8438-493c-897d-83536ab112b5,9c59dd81-0189-4e75-86ab-af24c5953b3e,702c5cb0-a610-4240-9bed-879c69cdb9e7
ef9daf2d-f6c1-440e-9df3-7abb40c379e0,bc4baa85-06a3-4644-948e-ff71f8061096,702c5cb0-a610-4240-9bed-879c69cdb9e7
82e55100-65df-4b40-adaa-01555861f027,8496c210-adb9-4cf0-af83-fc315e5d642b,702c5cb0-a610-4240-9bed-879c69cdb9e7
c632b793-f829-4c1f-b992-5e8ea64beed7,0dd7bed8-7694-464f-ab98-94fc1509059c,702c5cb0-a610-4240-9bed-879c69cdb9e7
63712bd2-2d35-40f1-8f8d-e0667cc4f384,298917f0-4841-4526-afe6-b878f10a1830,702c5cb0-a610-4240-9bed-879c69cdb9e7
217bb0c9-6c21-44da-8432-3cc104f6e7df,430ae6ca-e6b2-4707-999b-3035aef0383c,821f14d9-7bc0-4e9b-94af-b8fcb6e5280a
5c71e505-8b12-4668-97a9-430d07ce41c7,b0d4c0d7-36a3-4ccc-aa2d-2d607c2f0481,821f14d9-7bc0-4e9b-94af-b8fcb6e5280a
89602aa2-afa9-45ec-8b5a-31df48ad39d3,181f2b4f-731a-4bc6-9947-1aa5035fb7d6,821f14d9-7bc0-4e9b-94af-b8fcb6e5280a
4e359c7a-241a-4cae-9d40-2bbad6118f9f,32a17ed3-59f7-48e4-a074-c9172092b447,821f14d9-7bc0-4e9b-94af-b8fcb6e5280a
e8a19df9-c72d-4c82-a16d-78a0b9e65e7b,20ff68d6-0b4a-4885-aaad-78786413944f,702c5cb0-a610-4240-9bed-879c69cdb9e7
061bb3d1-295e-4804-81e3-80406502c6c5,6fd11b18-d12a-400b-b08e-2c930074e816,702c5cb0-a610-4240-9bed-879c69cdb9e7
2a1bdbf7-4d7d-4186-b4c8-e2bbddf9ab91,1f5549a2-8395-4785-8f15-e32f3f71f46a,702c5cb0-a610-4240-9bed-879c69cdb9e7
bad03d4a-86eb-497f-aaaf-c3ee33e96620,659d4ff9-8a8a-4f72-b4a6-78b636792f75,702c5cb0-a610-4240-9bed-879c69cdb9e7
3d6a83bb-9d2f-453c-9f72-38ac1c942bf0,e9d9a4ea-c365-475a-80df-317f5a32e82c,702c5cb0-a610-4240-9bed-879c69cdb9e7
fe219439-2021-4e1d-adca-bce2b631ab2c,74c63930-7d0a-4a18-89eb-74bab816417b,821f14d9-7bc0-4e9b-94af-b8fcb6e5280a
7cc0dc03-60b0-4647-8d99-89c80823d368,97d9340f-98bb-496d-b5f1-524ab38e11f7,702c5cb0-a610-4240-9bed-879c69cdb9e7
2807692a-2f87-4df9-a155-c8f98db6411d,144dc37b-6a2d-46f6-bb60-6a3c622cc0aa,702c5cb0-a610-4240-9bed-879c69cdb9e7
6e1d0eff-47e8-4965-a70d-cb7e73212cd0,4e312111-efc1-45dc-926f-f0ed1f391a76,702c5cb0-a610-4240-9bed-879c69cdb9e7
f71d0504-4cfb-4103-aa4f-de9f79468b4e,1ba2537a-b0f3-4b37-b819-da87a60d415b,702c5cb0-a610-4240-9bed-879c69cdb9e7
c8f3e2a4-4ea5-474f-9837-734213370bd3,03400ead-21b4-4eac-9959-d37d9cf9a647,702c5cb0-a610-4240-9bed-879c69cdb9e7
99c0a5e6-5f2b-41fa-b599-85ed0563fc70,a35a9629-28ef-4fd1-87eb-00a0f258d501,702c5cb0-a610-4240-9bed-879c69cdb9e7
508895b3-83b3-4e55-adb0-04d36d8662cc,12518f04-466d-48a5-a2a1-3545a6bdaef7,702c5cb0-a610-4240-9bed-879c69cdb9e7
99c26046-4d6c-4510-99ef-5610068181d5,e82300a5-b95a-4180-9496-b85acd8d35a3,702c5cb0-a610-4240-9bed-879c69cdb9e7
16d84df5-2853-4fa6-a589-6c95ac40a2d1,865eb4b9-bfc8-48b5-a77b-4dcb5e43e9a2,821f14d9-7bc0-4e9b-94af-b8fcb6e5280a
2e5acc9b-1441-4fb1-838f-e9a45bab5c47,dd1791a1-f748-49cb-876c-10f31b378804,702c5cb0-a610-4240-9bed-879c69cdb9e7
0a32afe0-1a0e-4583-a17a-17a0e96ef957,ce06fd34-3345-420d-83c5-bb26102cf88f,702c5cb0-a610-4240-9bed-879c69cdb9e7
83684ea2-81e4-4eb6-a9e4-ccf4c8f6e965,433f7ead-18df-40bd-9f99-3f30850bf953,702c5cb0-a610-4240-9bed-879c69cdb9e7
139e4d45-e289-41da-badd-c23e3b2909ec,7fea0c23-e20f-4b77-af05-a0bcb028bb08,702c5cb0-a610-4240-9bed-879c69cdb9e7
149b589a-5fea-461e-b87c-2d5ce5d53915,e9e0dcdc-e20b-47d4-8abc-6baeb6cbd9e5,702c5cb0-a610-4240-9bed-879c69cdb9e7
fc3dab78-b015-4710-a25c-e9d760175d30,d2f05a9a-1546-42d4-b286-59c4dbab471c,702c5cb0-a610-4240-9bed-879c69cdb9e7
dd0944ad-6a45-4404-b918-85246c4dde94,bdaf4af8-33a5-4258-a71a-c722e825e801,702c5cb0-a610-4240-9bed-879c69cdb9e7
a5d4a037-02cc-4a7d-b2fc-52cf7f4faf7e,3a9b4f6b-7d84-40a0-9a6f-f227d433422b,821f14d9-7bc0-4e9b-94af-b8fcb6e5280a
ad002b54-fe09-4996-b906-f7c750951c59,fc9e886a-50aa-45d7-91ad-89bd2865bab9,702c5cb0-a610-4240-9bed-879c69cdb9e7
0971d140-d15b-4094-984a-c4bfa6041746,a83b55a4-f0aa-499f-8bcc-03e2e6bf1755,702c5cb0-a610-4240-9bed-879c69cdb9e7
34636c64-9153-4157-bfa4-7a55dba90a0c,4f74f6bd-2af4-470d-aa4d-49853de87240,821f14d9-7bc0-4e9b-94af-b8fcb6e5280a
1528055e-48ff-4393-9dca-3eb516edfe40,2384dbc8-59d2-4ad6-b9b0-5c5a10c75a92,821f14d9-7bc0-4e9b-94af-b8fcb6e5280a
14c329dc-6c26-4d6d-9894-76203c402c71,9dec263a-507d-4b98-8dc4-a6427eb5c9fc,702c5cb0-a610-4240-9bed-879c69cdb9e7
4651c57f-e279-4715-a850-7cd1e2dab990,68adc803-810b-41e4-952b-e31f6a1b8fb5,702c5cb0-a610-4240-9bed-879c69cdb9e7
8e666d0b-e0cf-46bf-917b-263e1377dc91,cb468da2-e002-4aa8-9690-0166a951a120,821f14d9-7bc0-4e9b-94af-b8fcb6e5280a
79455721-871e-4033-9cbb-aeee2b97767f,d08b4f16-5a5d-4031-847c-d0c31cd47d4f,702c5cb0-a610-4240-9bed-879c69cdb9e7
d31b52cd-4a52-4f44-b85e-6363312360ae,55b7dac6-f027-4ee6-afc4-dd0507bedca5,702c5cb0-a610-4240-9bed-879c69cdb9e7
4a5c164e-ef84-41de-8b0b-9377f2ba21e3,ed87c397-9d6d-4fb1-a175-c798168599fc,702c5cb0-a610-4240-9bed-879c69cdb9e7
761d153c-d2f4-4e61-8199-f1a4fbda749a,4c18c01b-fed6-4bca-a273-e2c36f5acca5,702c5cb0-a610-4240-9bed-879c69cdb9e7
85318410-07ac-471c-a8c9-1cdd7a069ebb,bdbb6560-79c0-4f4a-a725-c85693ebe727,702c5cb0-a610-4240-9bed-879c69cdb9e7
8e975a58-7da1-4976-93c5-e0c23a78d3e1,17df111a-534d-4c4c-84f5-5505dcafb939,702c5cb0-a610-4240-9bed-879c69cdb9e7
6a0748ef-19c8-4ee5-b412-1c061839f011,816cf7e8-00eb-4bcc-8065-eab724a5b0ec,702c5cb0-a610-4240-9bed-879c69cdb9e7
ab669f9e-5464-48c0-847a-1659e42c32ab,220ff5be-0520-49b2-880d-08ea20cdd52f,702c5cb0-a610-4240-9bed-879c69cdb9e7
f87a6f1b-28da-430f-a786-629dc48947da,2952a2f6-3337-4366-89b5-31129c187dd1,702c5cb0-a610-4240-9bed-879c69cdb9e7
84a8acca-e4c1-4743-81f7-d11d836bfccb,5481e3d1-406b-4e79-9040-e339a162b7f1,702c5cb0-a610-4240-9bed-879c69cdb9e7
ea0e80f6-3aa5-4c56-87e7-6814952e1afe,f979f768-c82f-433c-9cb2-f41811a21f21,702c5cb0-a610-4240-9bed-879c69cdb9e7
4349f2f3-fe51-4072-9095-2463a38de1e6,1e392a6d-c4e0-459c-a1b3-d491b25f28cc,821f14d9-7bc0-4e9b-94af-b8fcb6e5280a
681c8110-7da9-4ee4-8d78-efde6557a765,b2dbdecf-0c08-49a7-b510-6664ca998164,821f14d9-7bc0-4e9b-94af-b8fcb6e5280a
c4746ba7-9c0a-4b04-8dd0-638586644708,f8e0b377-22d1-4906-86e4-652975731092,702c5cb0-a610-4240-9bed-879c69cdb9e7
9124b42b-a252-4906-b2ce-f0fc08f7cb24,68e28986-d78b-43d5-9278-fce41738ef3c,821f14d9-7bc0-4e9b-94af-b8fcb6e5280a
6be618ec-306f-47c5-9f8b-d8fbc98fafbf,05f89a00-fba7-41f2-b80d-64bc6e25a6bf,702c5cb0-a610-4240-9bed-879c69cdb9e7
e880076b-3cd7-4d53-8ba4-c0f8617bd2e2,12cb8739-4b69-43ea-9ad6-de435ab7bb82,702c5cb0-a610-4240-9bed-879c69cdb9e7
5b508010-daa5-409e-bdf1-a08cca78fc87,ed8ac322-250d-470e-b017-15e56da65900,702c5cb0-a610-4240-9bed-879c69cdb9e7
fbb53464-2a18-48e1-aeb9-883ff30e82ca,f0653752-2c08-4048-8e64-cff1d37f51e7,821f14d9-7bc0-4e9b-94af-b8fcb6e5280a
68f70ded-b40c-4713-a609-811a96685140,4379a481-10aa-4232-863e-da799489d03b,702c5cb0-a610-4240-9bed-879c69cdb9e7
fd167079-30f2-4007-8bd1-81d3e72b25f3,f4e0a34a-b1ca-4ade-8663-dc37c5643335,702c5cb0-a610-4240-9bed-879c69cdb9e7
10dd7b10-8e4b-4fc4-9fba-a298f1558d5c,a29f13f2-e06f-4553-8355-554487bbd9c0,702c5cb0-a610-4240-9bed-879c69cdb9e7
73dc8464-aae8-4582-a5a9-876a1ffea39b,d1cde0e7-9748-4d3d-a59b-cc9f1049c963,702c5cb0-a610-4240-9bed-879c69cdb9e7
c8edc880-3db1-4842-9340-01185a7d1da5,d9b8f947-7a0b-4ab1-90aa-9fdfdec90f69,702c5cb0-a610-4240-9bed-879c69cdb9e7
3377dbf0-c434-45eb-b4d0-089695835520,11291123-179b-4073-8849-43297a36b7ff,702c5cb0-a610-4240-9bed-879c69cdb9e7
6c1cddc4-d189-4930-aef3-65b93138d8e9,04157386-a0de-4062-96d8-2675a5b9d60a,702c5cb0-a610-4240-9bed-879c69cdb9e7
3c011aad-ea8c-4bf3-8429-44b497c28759,f18d302b-84ae-4b63-9d11-cf18c04c2b5d,702c5cb0-a610-4240-9bed-879c69cdb9e7
471b7cc5-1c47-4aac-a1ab-55e727c3b09a,0ec8b676-fd18-444a-8944-33585d3eb09c,702c5cb0-a610-4240-9bed-879c69cdb9e7
d071eed0-1fe4-4691-b44e-bf3178bc6c3c,24cf9e18-30d9-4218-bac3-05e116235061,702c5cb0-a610-4240-9bed-879c69cdb9e7
e62ac13d-5e6a-41da-ae3f-c4bd176288f8,79c66dfb-d076-4c9b-8d20-cc24b6afd91d,821f14d9-7bc0-4e9b-94af-b8fcb6e5280a
29ae00b5-3d39-401d-b61e-4673dba9904e,49c8b559-3805-4acc-bf1f-1b9d65bb4d79,702c5cb0-a610-4240-9bed-879c69cdb9e7
50fc11ba-83f5-456d-a4f3-a65d1cc4c9ae,1577d35c-d157-4bd9-b978-18d90f791948,702c5cb0-a610-4240-9bed-879c69cdb9e7
4a85489f-3325-4768-8e38-2ae3d14410f5,eca34c3c-e18c-4a54-a01e-739efad9c4e5,702c5cb0-a610-4240-9bed-879c69cdb9e7
4ae97f53-0a26-43c3-86dc-bd0ab5a62a66,bf444726-6542-4fed-98e1-a3fdaca608bf,702c5cb0-a610-4240-9bed-879c69cdb9e7
82f0a8c4-7708-454e-bf2a-2c6af6719b3d,da0be5b3-afd8-4327-bbfb-9d05bddd98ff,702c5cb0-a610-4240-9bed-879c69cdb9e7
c684053a-e247-48bb-bc24-151f3705a4d3,82f0e82b-e31d-4ede-8aa7-e36e7ec72726,702c5cb0-a610-4240-9bed-879c69cdb9e7
a70a729f-ea05-49e3-ab2d-4d498af44293,9268bed5-06ca-4a45-a67a-c75b8cdca8d1,702c5cb0-a610-4240-9bed-879c69cdb9e7
57eda058-f549-4db5-865b-8e1e9250e6d2,3511bc64-f4b5-4559-a9cf-42becffed48c,821f14d9-7bc0-4e9b-94af-b8fcb6e5280a
c484baec-fdc4-48f1-9b5f-39ea3dc0233f,da571e5a-2d1b-4c16-abf6-09855d43500e,821f14d9-7bc0-4e9b-94af-b8fcb6e5280a
6af64cbf-d369-470a-9bcb-5a98f4e63c61,71de4a89-f062-4097-91b2-041da4b7bd4c,702c5cb0-a610-4240-9bed-879c69cdb9e7
7bbed4f8-4a75-4eda-831a-b31c69005f91,8a0cca00-d84c-4b20-9804-44163f5f8261,821f14d9-7bc0-4e9b-94af-b8fcb6e5280a
ba0c6323-027d-4ee8-ab1b-38b80f84ebd5,fe309991-16fb-4b10-b408-1eb874d9e0ba,702c5cb0-a610-4240-9bed-879c69cdb9e7
c2d7dd8e-dfde-4708-a05e-07843a35de90,43c6ae14-6d66-4b0c-afee-f27b124941c8,821f14d9-7bc0-4e9b-94af-b8fcb6e5280a
ae1a4a0c-321d-4b09-ac00-d424da5f14d1,c462190c-d4d4-4e08-8c1c-3938b08a9b08,702c5cb0-a610-4240-9bed-879c69cdb9e7
ef642fd4-c73b-49eb-a0a4-c748eb5b8e45,d01e0490-93f7-4ff8-8a2e-2e889d047c98,821f14d9-7bc0-4e9b-94af-b8fcb6e5280a
ad46410f-4cdb-4993-839a-924fe61147ce,2d5e7435-26cb-4765-b921-b145efc1543b,702c5cb0-a610-4240-9bed-879c69cdb9e7
db8211fd-37a7-4993-b64b-63b0eab8230d,a33635cd-25bc-4788-8f68-8dac6b01a1ce,702c5cb0-a610-4240-9bed-879c69cdb9e7
5e07cc50-d4ed-4065-b1da-e74f7e00408a,b4d73f0c-95d9-44fc-9a28-1a22efcce928,702c5cb0-a610-4240-9bed-879c69cdb9e7
f16b8f36-6d25-4821-bffe-2159cdc9f16c,23ee1c22-6635-4427-b836-4ea1d6e08400,702c5cb0-a610-4240-9bed-879c69cdb9e7
99908182-82b1-483f-8128-df0b26305527,02ba799b-ff65-40f8-bec1-658c123499f0,702c5cb0-a610-4240-9bed-879c69cdb9e7
59c362e6-1110-479a-877b-3830bdbb97ec,22a7c8ff-a77c-432e-812b-81f8ec9d6ce1,702c5cb0-a610-4240-9bed-879c69cdb9e7
023e398e-5fcf-462e-870e-6cba5aeaaade,3283b140-054a-4f33-a7fb-615dd86e9e87,702c5cb0-a610-4240-9bed-879c69cdb9e7
b3d76a12-55ea-4755-8b72-57640f206021,1e123d9d-0486-447c-87a2-90d00d27cefd,702c5cb0-a610-4240-9bed-879c69cdb9e7
0e3f9429-6bc3-4d4e-9eae-a499edc0d513,e854bada-413b-4f81-96d8-9f9609f15ee3,702c5cb0-a610-4240-9bed-879c69cdb9e7
0e89e719-ebbf-4318-8050-5f3cd00c94ec,fe657210-399f-4e9a-a255-253ec96d58e7,702c5cb0-a610-4240-9bed-879c69cdb9e7
8e702dc6-cfd0-429c-866c-58cd9cc04273,fa9ee548-3837-4890-b927-f593c470e64d,702c5cb0-a610-4240-9bed-879c69cdb9e7
32589129-69e0-4a5b-842d-15d29347575a,c0e0d5c6-80e4-4946-a0bd-bffc393a04a5,702c5cb0-a610-4240-9bed-879c69cdb9e7
dee93b51-e89e-49f5-a13f-61f38537d576,8c0e1a08-80b2-45d4-8d47-c73f5dfc0e23,821f14d9-7bc0-4e9b-94af-b8fcb6e5280a
fe5936f5-10b5-4589-9426-b93ed94050ca,63df2b7c-fd9a-4bfa-addc-07e767f59e78,702c5cb0-a610-4240-9bed-879c69cdb9e7
dff3182e-63b0-4a95-94ac-cdc503413faa,e93174f4-2d34-4ae8-b42d-9a4c96b14fe6,821f14d9-7bc0-4e9b-94af-b8fcb6e5280a
ca91482b-b025-47f7-9c0c-d5370d335ea0,6ab74d2d-6620-47cc-aff8-5e6af9318251,821f14d9-7bc0-4e9b-94af-b8fcb6e5280a
b57f1924-d63b-4dc2-b441-e4c8aa00ae5e,64861b91-1312-47bb-8ba8-86cda18a8a3c,821f14d9-7bc0-4e9b-94af-b8fcb6e5280a
3c41ccfa-3c6b-424a-8698-8e2c2f769a12,337a8074-28e0-41e3-a60f-a6060d33f074,702c5cb0-a610-4240-9bed-879c69cdb9e7
db5d5ee3-9384-4755-a495-bac3c7e62977,82da793f-8bcd-4a62-a1c6-38b1acf51fcc,702c5cb0-a610-4240-9bed-879c69cdb9e7
f4fd6d09-a5ef-46bd-b587-890bd0ecdf69,3c600abe-3fe5-4787-b5c8-fd1d22ee0eb4,702c5cb0-a610-4240-9bed-879c69cdb9e7
46e8202c-d648-4675-9988-49ffa6f80fea,fc951008-359c-4c00-96d0-1a1c7ef40f69,702c5cb0-a610-4240-9bed-879c69cdb9e7
a0919d6c-0164-4983-aaee-d023fb22ac35,ef1c0a84-3d09-4d4b-89db-432b23e9d5dd,821f14d9-7bc0-4e9b-94af-b8fcb6e5280a
52dc5b62-cbb8-4323-8802-3aa298af25d2,79976c48-c421-4f2d-a49b-9dfae60d9a0c,702c5cb0-a610-4240-9bed-879c69cdb9e7
632be639-e8a1-41a0-9b30-bd03edff0d6d,f493a561-6ebe-44b1-b7d2-372f3c077aab,821f14d9-7bc0-4e9b-94af-b8fcb6e5280a
b2c89a18-3d61-4902-af79-5e199a0464ad,a8d96a24-f13f-4087-8419-0dfa25477767,702c5cb0-a610-4240-9bed-879c69cdb9e7
ab87ebee-5895-4b91-a9c8-dcea9aa1392c,f0b75427-b63e-4f2a-b202-4d85bf2a5a1b,702c5cb0-a610-4240-9bed-879c69cdb9e7
ff606233-1b58-4b70-8160-8d0707daa06a,805735b0-ebdd-40ac-aec8-1c8ea4156930,702c5cb0-a610-4240-9bed-879c69cdb9e7
a762ea85-3515-49cf-b03c-6d9098c7edde,40fa75c9-38f3-49c8-92d5-08a8dc17cb32,702c5cb0-a610-4240-9bed-879c69cdb9e7
5fb77ad1-cab3-471d-a22d-ab903041573c,4478d299-6d8f-477c-b1e3-966e896554a2,821f14d9-7bc0-4e9b-94af-b8fcb6e5280a
388ccc78-d619-45bc-934d-62a08ccaf2d9,7618a932-12b2-4b73-8173-b8be7d51d6ec,702c5cb0-a610-4240-9bed-879c69cdb9e7
e4f46a54-72d1-4c79-a849-47464defb3db,2bb64dd4-53fc-4668-aad7-ff5e2dfd4088,702c5cb0-a610-4240-9bed-879c69cdb9e7
e160dd0f-b71a-4b7f-9988-316c5cf81c64,3cc57bd8-9cee-4161-bea6-d7d0d68c9b78,702c5cb0-a610-4240-9bed-879c69cdb9e7
b20236ba-1570-481b-9bad-8004545a79d2,b5281d61-0236-4d10-b275-fc5eaff6e4df,702c5cb0-a610-4240-9bed-879c69cdb9e7
335eba23-0b8a-4b23-b23c-df75b08fa747,2d94c641-0028-42d7-82ad-90396da7aa2e,702c5cb0-a610-4240-9bed-879c69cdb9e7
177c29a5-e5d5-4411-9117-1822cf3054f8,751100dd-358c-4a39-a402-ce8ea73ffcb4,821f14d9-7bc0-4e9b-94af-b8fcb6e5280a
2a2c3d83-be81-4f22-9130-09a55e8b135e,5f3ffa76-5624-4711-82d6-0776ba9e5ffe,702c5cb0-a610-4240-9bed-879c69cdb9e7
be0d0c49-f529-4cdc-8a0c-1a25d37c6045,ba30469e-2991-47b4-b9c6-67cfebedef5d,702c5cb0-a610-4240-9bed-879c69cdb9e7
5dbffa1b-529e-4d41-a27d-ebf5893f1bd7,b014295b-376a-46ee-ba19-9ad005c9ab2c,702c5cb0-a610-4240-9bed-879c69cdb9e7
d59f17a1-817d-424e-a2fd-482283deb6c3,8eb42f72-0fa6-4b8e-bf46-9aedb8bcb3c0,702c5cb0-a610-4240-9bed-879c69cdb9e7
6b99bada-775d-427b-ad98-268906f563cd,19d986bb-2094-4f83-8058-d77549b6d84d,702c5cb0-a610-4240-9bed-879c69cdb9e7
9e9a8e42-fbc2-4dd3-a337-363b798fc782,c9140593-fa8d-4c08-b433-838ddc8b1b0a,702c5cb0-a610-4240-9bed-879c69cdb9e7
e00b9fff-c395-4365-91c9-8c78d6396054,7aae3517-5d07-4a9a-bdd8-aafd20bd3dad,702c5cb0-a610-4240-9bed-879c69cdb9e7
b0454847-959f-4b15-a230-a55f87b5a0cd,87edde1d-ff31-4ddf-b076-4a5d0eafabbe,821f14d9-7bc0-4e9b-94af-b8fcb6e5280a
60b3222a-1b68-48f0-b5d4-6b8825db8d02,d99f4bc3-22ef-410a-beae-da25521529a9,702c5cb0-a610-4240-9bed-879c69cdb9e7
65bfe4a3-eca2-469f-a379-5ee9eac2bb65,5b19f473-98d4-4133-988d-f61037bf0c1c,702c5cb0-a610-4240-9bed-879c69cdb9e7
71426c68-2e6b-41ea-805f-efac8acbe975,31191b02-1a16-405e-bb2a-6433019696b4,821f14d9-7bc0-4e9b-94af-b8fcb6e5280a
623cada7-a426-45eb-932b-f052fc6c463a,ef267575-0eb4-4cc1-855d-8f3a8dcc04c4,702c5cb0-a610-4240-9bed-879c69cdb9e7
f3c9355d-5702-4dac-9037-30f87297e082,098130d6-c65c-4456-bf9d-5c1c27f298c9,702c5cb0-a610-4240-9bed-879c69cdb9e7
c1747b2f-e169-4188-ae8c-770e17643d7b,b58fa632-b4c5-402c-99a5-ace0c016171d,821f14d9-7bc0-4e9b-94af-b8fcb6e5280a
1ce97654-0ffd-4554-9f3f-1401a7b451e1,68e28f8e-2175-4c02-a938-93ce52334fd9,821f14d9-7bc0-4e9b-94af-b8fcb6e5280a
351c092f-236e-4367-b545-ad81719a36ee,0ec6b41c-8bb3-4de2-aa78-c6473d14a85c,821f14d9-7bc0-4e9b-94af-b8fcb6e5280a
a8dd8b67-dba9-49bd-841f-a223f8843480,22386ff7-1c0f-4f04-97ef-2f64fc424ba7,702c5cb0-a610-4240-9bed-879c69cdb9e7
a1b00805-5873-48f7-84f6-a94e5f5701d5,e1d99063-139e-40c8-886d-788468fb9a57,702c5cb0-a610-4240-9bed-879c69cdb9e7
b73e57ad-9119-4d01-b47a-b153e46c14c2,e6c874a8-3894-4ea9-a27a-52a68f6f7f6e,702c5cb0-a610-4240-9bed-879c69cdb9e7
b96439d1-1910-4022-bd3b-0310da217ee4,e0d6f050-5f93-4635-87cf-078675e3ee97,702c5cb0-a610-4240-9bed-879c69cdb9e7
52fca540-097c-42c0-b649-257504512e47,9431d0a1-a7a2-4b2c-9f52-d117a4493761,702c5cb0-a610-4240-9bed-879c69cdb9e7
19aecfae-ed9b-4499-9085-0d92b8dadded,46570251-f644-420d-8832-12bc04775e84,702c5cb0-a610-4240-9bed-879c69cdb9e7
e39315bd-23e3-4b91-8eac-89f0a6cf240c,966e1a3f-9dc1-4484-9e50-95d3beba0114,702c5cb0-a610-4240-9bed-879c69cdb9e7
611e82b9-d43b-4822-8704-d08fd9cfc802,b00427f0-6a0e-4469-801b-ed68c81607c5,702c5cb0-a610-4240-9bed-879c69cdb9e7
7deadee0-8a7d-413b-a737-9fab790b6090,c4a7b89e-63bd-450a-a89c-ef7f54ec7062,702c5cb0-a610-4240-9bed-879c69cdb9e7
160f631b-f1b9-4d81-83bd-c116edfe1c58,f3c8ccb6-5209-45fe-8fc3-d051a3b96e63,702c5cb0-a610-4240-9bed-879c69cdb9e7
583cfb2c-a3b7-44a1-bf8c-3e5afefaf734,61e8188a-7a63-49bb-80d6-c00db0e7cd24,702c5cb0-a610-4240-9bed-879c69cdb9e7
1f547d2d-5f4d-4e10-bef6-a524c825a2d6,a707717e-584a-4dcb-b69b-c91ce73521b1,702c5cb0-a610-4240-9bed-879c69cdb9e7
bc49b849-a81d-4c6e-9f68-20a61314a88a,635f1d55-de85-44cc-b807-4f02ce848113,702c5cb0-a610-4240-9bed-879c69cdb9e7
a8019a14-f6f6-4048-8ab5-8b59b917b6e4,06b55fdd-88ff-4828-a2ab-663bd346bbd4,702c5cb0-a610-4240-9bed-879c69cdb9e7
aa918d3e-9e84-4366-88c4-016b328fc378,a6420486-33f4-47f2-a5c6-7859c73cfde5,702c5cb0-a610-4240-9bed-879c69cdb9e7
23d9ab82-504b-4899-9cdb-8e57607f543b,ee4eb001-e988-4b33-bf74-9f6e50b776c1,702c5cb0-a610-4240-9bed-879c69cdb9e7
48788f6d-539a-4fa4-a2fa-e9da331444b5,342e5561-4838-4ecc-a775-9b88d5dcc1fe,4934dc25-aa95-4f0b-80f6-da9704d700d3
0daa9837-ddf1-4742-9517-a8dc30e500ac,1a075b2c-dd2d-47d3-a0c4-260bb3882997,702c5cb0-a610-4240-9bed-879c69cdb9e7
c27bae7f-888e-48c2-aa3a-3cd6314df0cd,f263b88f-fb0a-4aeb-b4e6-e91f5e54a52f,702c5cb0-a610-4240-9bed-879c69cdb9e7
5c803807-0f8b-4c8c-a80d-25f6e4de1a2a,f46ccfc9-753c-44fe-9275-69ca4dc5dcc7,702c5cb0-a610-4240-9bed-879c69cdb9e7
11a74f41-10d5-4ea2-9c33-d338c2b8aa9d,93b30233-939f-419a-93ae-18305a6bd79e,702c5cb0-a610-4240-9bed-879c69cdb9e7
3e328d70-7630-4fd6-96d4-90cdbe493ecd,18d39260-6a8e-4f6d-a620-89cdf6de6508,821f14d9-7bc0-4e9b-94af-b8fcb6e5280a
85f59dcc-089f-4e6a-8b8b-822d9aee808f,3543882d-5ae2-4386-be60-ba48efdc65ac,821f14d9-7bc0-4e9b-94af-b8fcb6e5280a
1a50c213-058d-49a3-b865-2f09db3e3cc6,90fb3b92-fbcc-419f-8ede-0ecc995c5404,702c5cb0-a610-4240-9bed-879c69cdb9e7
0fd6b56b-f52f-49ba-a02b-3f9495f5b035,0a8437bd-4ca1-4bd1-9245-34be25594ba0,702c5cb0-a610-4240-9bed-879c69cdb9e7
a2cd096f-67d4-4bce-a134-a1981006797d,4ff54dc1-9e79-4a38-af61-fe6b6bd4d563,821f14d9-7bc0-4e9b-94af-b8fcb6e5280a
9836dfa5-e5b7-4f94-9953-dd0fb8e96a26,8059f328-7d52-4537-85fd-5e601c51c748,702c5cb0-a610-4240-9bed-879c69cdb9e7
11d780cd-49ad-4adf-87f0-704c2c027433,161aea34-4676-4dda-b361-4c82a2fe1fdb,702c5cb0-a610-4240-9bed-879c69cdb9e7
76270972-2901-4874-820e-0c2a82e39cd6,866151f4-3e56-4317-abb6-303579676478,702c5cb0-a610-4240-9bed-879c69cdb9e7
7b984cb6-3777-4039-896c-0e3fb0f9c6da,93fccb06-4611-4aed-bda6-3a9e90b3cc73,702c5cb0-a610-4240-9bed-879c69cdb9e7
e4e43b7d-4cdc-47ca-9129-6c48d09e277f,ef078e97-0abc-40ec-8291-6033541773a0,702c5cb0-a610-4240-9bed-879c69cdb9e7
8348b30c-30ff-41a4-9b59-505608d0ff16,ce41d12c-6146-4274-b9d7-0fe5d912c7db,702c5cb0-a610-4240-9bed-879c69cdb9e7
4ae7e552-6074-45cd-93c4-1a2292fac768,315a85c8-65d5-48bb-a3dd-b929be0fde24,702c5cb0-a610-4240-9bed-879c69cdb9e7
874b7131-1c7e-4813-ab7c-829df15f6e42,17af7600-b8d0-4692-b317-b94e21f97799,702c5cb0-a610-4240-9bed-879c69cdb9e7
b6275369-1dbf-40c8-8824-651451f458fc,f2adcef1-039b-44d8-a73f-b8a2637555e0,4934dc25-aa95-4f0b-80f6-da9704d700d3
474a2901-875a-4ccc-862d-ffdcf2f1900a,a2490dd7-25ce-4c4b-a57d-7f95688340e7,4934dc25-aa95-4f0b-80f6-da9704d700d3
3b26e2f8-661a-4b5a-9f91-f3ef075f7520,2fef8775-7392-414a-9292-3f8124b555b5,702c5cb0-a610-4240-9bed-879c69cdb9e7
9e5eb04c-7153-494d-b9c7-3b6a14e9cfe6,d09b5590-1112-404e-9209-75d8f6f3d189,702c5cb0-a610-4240-9bed-879c69cdb9e7
0d9f0c9d-7a1a-43d4-b76d-361deb2527cb,067ed8ba-1044-473c-a404-4bf1519fafd7,702c5cb0-a610-4240-9bed-879c69cdb9e7
bc1e15ee-f483-45f0-a685-55f33c42938a,e4b0534c-db0c-401d-a85a-881e93bbd743,702c5cb0-a610-4240-9bed-879c69cdb9e7
74b4219e-a904-4624-9465-b637d617ad91,da81be07-8c2a-4db5-9b55-249e901037ca,702c5cb0-a610-4240-9bed-879c69cdb9e7
d350daef-a0f8-4cfe-9b86-70c04714dc56,5b4d862d-eece-45c5-9891-4fd424401d57,702c5cb0-a610-4240-9bed-879c69cdb9e7
788ebc5d-6888-41f3-8cfb-a02df0380aec,fffcd92d-f5ae-48e1-8e70-14ad9d8c6fcb,702c5cb0-a610-4240-9bed-879c69cdb9e7
e5db2d60-2d5b-41ee-998d-6aff222571ee,f53f6bad-2936-480f-9c9e-2bdff7ede7a9,702c5cb0-a610-4240-9bed-879c69cdb9e7
5715548b-23e6-4e2b-84c0-a9d696e37ec0,870b50de-696f-4df9-b2a8-86048526f6fd,702c5cb0-a610-4240-9bed-879c69cdb9e7
d6c446c2-b904-462f-a272-664675cdca5a,e8aa9921-4837-41b2-87a8-79e3520c71c2,702c5cb0-a610-4240-9bed-879c69cdb9e7
f92ad122-0b48-4475-86be-916771d5eb6f,dc58678f-04fa-43bf-aa45-ed77c1bcd171,702c5cb0-a610-4240-9bed-879c69cdb9e7
be673eb2-d1ae-4d81-a931-847eea349897,a1686bda-174e-4ae0-9ad7-67f5cb16fdd5,702c5cb0-a610-4240-9bed-879c69cdb9e7
bb4ca3db-17d5-4dbf-b46e-1d39cdf4b67d,96f358c8-3429-4a59-adda-81a0b98182dd,702c5cb0-a610-4240-9bed-879c69cdb9e7
bf72df39-72f7-453c-ac8f-f7b01bb00207,3995cc81-c8b3-47eb-9d44-4a7cd8ea462e,702c5cb0-a610-4240-9bed-879c69cdb9e7
3cc3f3e5-77b5-480e-b9a1-53c225bf2451,ddfcf9c7-f68d-4f2c-84c5-1cdbf16c9c72,702c5cb0-a610-4240-9bed-879c69cdb9e7
db7e665e-47ec-402d-8a11-d1a87d40bca8,8ce0fa2b-00f9-49e4-802c-d8ab139ad1e6,702c5cb0-a610-4240-9bed-879c69cdb9e7
34f0ddb8-ee60-42c2-aedb-9751691cb7fe,6ea7d5ea-51cd-49d5-8c47-44ee723ee502,821f14d9-7bc0-4e9b-94af-b8fcb6e5280a
b022e1e6-fcc0-4bd2-b525-160a96a98e69,e056924d-2841-4b8d-9665-e97aa0ee985c,702c5cb0-a610-4240-9bed-879c69cdb9e7
a46e2441-8365-4657-ad1e-d09ad9334419,667eecd5-77ea-4624-959c-f7377125ab56,702c5cb0-a610-4240-9bed-879c69cdb9e7
85f146b2-3d5f-4bd2-ae15-59dca16ed7b2,52e30f7a-d0ad-45f5-ae8a-0b89a2c05d93,702c5cb0-a610-4240-9bed-879c69cdb9e7
af4738e0-cdb5-4ac4-86c9-2ad00002d212,ad975e05-ce30-4471-a4ad-5559ad45f240,702c5cb0-a610-4240-9bed-879c69cdb9e7
800459c3-972e-41cc-b070-fab07a23e5f7,e8980d24-c664-44cb-bba8-090dc81fd9d9,702c5cb0-a610-4240-9bed-879c69cdb9e7
849ac936-7418-48b7-b5ed-0cb45c65fb06,ab0e1b1a-6716-4f06-8efc-09115e2fbe2d,821f14d9-7bc0-4e9b-94af-b8fcb6e5280a
81be297c-6bab-43fa-a31d-74fa91fd1f5d,0d1a8949-ffeb-471f-8e0a-cb3e9574aeee,821f14d9-7bc0-4e9b-94af-b8fcb6e5280a
f16f356a-a672-4d03-b673-12988310fea7,ae32bb0b-064a-41b1-ab40-839a70085b26,702c5cb0-a610-4240-9bed-879c69cdb9e7
6c97752d-a3b7-4273-934f-d9a4ae29b41d,a95a62b6-7944-4c90-b360-c8944f947b3e,702c5cb0-a610-4240-9bed-879c69cdb9e7
20c6cdca-e109-407f-8c15-c7ccf479312b,ba02ee4d-ddd4-4292-9284-a6d3fb0792c0,4934dc25-aa95-4f0b-80f6-da9704d700d3
4af682be-74eb-4df3-b8c5-84ab57b36f59,9a85b05a-c4f1-4100-a89b-f1e009c0660a,702c5cb0-a610-4240-9bed-879c69cdb9e7
57ccf437-9e1a-4304-a530-d4d27d0653ab,0695f056-350e-49a8-93a9-40ce4a873ca1,702c5cb0-a610-4240-9bed-879c69cdb9e7
b443a537-da5b-4b5c-93fd-4b0bf05eefb1,7996750d-7039-46de-a237-28a1772016c5,702c5cb0-a610-4240-9bed-879c69cdb9e7
e62e61c0-718d-4366-9d44-da3f8f9c97e2,45c5e96a-dbe7-4ddd-99e2-08632790698c,702c5cb0-a610-4240-9bed-879c69cdb9e7
b126e025-88b0-4b08-9ed2-9ab1f424db4e,dee067da-d399-4b02-b976-ecc3ac3cd296,821f14d9-7bc0-4e9b-94af-b8fcb6e5280a
4483ce4d-d2fe-46c7-8a24-bff5b14118a5,baae2856-f8a4-4d95-ae0e-54ac1c89a53d,702c5cb0-a610-4240-9bed-879c69cdb9e7
fd953ce4-f89b-493f-88b0-70b17cfc66ea,a5928a25-7fd3-4577-9cd8-2af86f185955,702c5cb0-a610-4240-9bed-879c69cdb9e7
3758a718-232a-4727-a38f-71707d0bb3d6,644e8094-75c0-4ab4-9ae3-6abcdda4b233,702c5cb0-a610-4240-9bed-879c69cdb9e7
c28b4310-e504-4381-a47f-8e27b454dc6d,c63fa4cf-a0af-4900-b7a1-0a1116d80baf,702c5cb0-a610-4240-9bed-879c69cdb9e7
0d081bef-2224-4185-ba0f-dbbcd1f21fe4,3bd47fbc-c9e1-40d2-90ca-b3bad32fcc63,702c5cb0-a610-4240-9bed-879c69cdb9e7
84c08773-b22f-42f3-9232-90c1813e9e45,01e39794-a121-41ee-927e-d3a6c133abe2,702c5cb0-a610-4240-9bed-879c69cdb9e7
a1ea6441-7dd9-4433-8d3e-0d47495df8c9,0e29b0b1-41c3-43ae-8120-488b92ac78e0,821f14d9-7bc0-4e9b-94af-b8fcb6e5280a
eb4d43fa-3db7-4c2d-9627-a1397af8e542,fd06c8b5-aab6-4252-9e5d-aac713804a36,702c5cb0-a610-4240-9bed-879c69cdb9e7
d59cc3d3-af0c-4165-8d1d-1082d7cf2a6c,8d7b270d-2e54-41c5-98c3-591d2733a4a1,702c5cb0-a610-4240-9bed-879c69cdb9e7
927891c0-1a42-4abc-b69b-80347a989db3,65f29cfd-756e-4acf-875b-e2d363c29135,821f14d9-7bc0-4e9b-94af-b8fcb6e5280a
1b4e0270-adaf-4ff0-9d62-98e238c03adb,2746a85e-4de5-4fd3-90ae-35583736bda2,702c5cb0-a610-4240-9bed-879c69cdb9e7
5663aabf-52d7-424e-b505-a29e3bf5a5f2,8f5b42dd-3ec5-4093-9929-2e57447a7166,821f14d9-7bc0-4e9b-94af-b8fcb6e5280a
5ea59264-3409-49e8-80ba-ab4407e97e60,379d60ec-9b2b-45c8-a3d2-eae0b7a9b41c,702c5cb0-a610-4240-9bed-879c69cdb9e7
9dddefd1-e7ad-4ded-bae1-b9793c2d3414,d55406a5-87a2-481d-8d0b-cb29a01b5860,821f14d9-7bc0-4e9b-94af-b8fcb6e5280a
485a8482-b0ae-48f9-89a7-67ca317d1787,4a5ef4b9-0867-4574-8ad3-98864b20d866,821f14d9-7bc0-4e9b-94af-b8fcb6e5280a
66d1daf5-82b2-4186-ab88-346a6be60fb3,2a5a2056-5a9e-4adc-a7b8-7ec6f50bc136,702c5cb0-a610-4240-9bed-879c69cdb9e7
f8ea7725-206b-44bb-8f93-0d070aef7490,188d2abe-183f-43f7-b652-2e838de81f86,702c5cb0-a610-4240-9bed-879c69cdb9e7
ab6c64e0-69fd-4646-9998-a9a300cafec2,56416d45-b6ff-4c26-aa32-2094b5381f92,702c5cb0-a610-4240-9bed-879c69cdb9e7
e4555c15-84d8-4b7d-8d91-6bf75d4e30cf,d3a1a2a4-fec5-4bd3-9632-d5944fbbc549,702c5cb0-a610-4240-9bed-879c69cdb9e7
66362a30-0285-4459-a96e-dd7325dedcba,f948c1bd-b2a2-43bc-b52b-7d85ce1b9b26,702c5cb0-a610-4240-9bed-879c69cdb9e7
8ac618f4-19bd-479e-84d0-bb7b74f1111a,f741c1d8-9e1b-4d73-8548-c2b643920851,702c5cb0-a610-4240-9bed-879c69cdb9e7
b8b0e08b-f322-4601-8714-342308859d1b,894fa195-2ac3-4b8a-9661-38456cdb3239,821f14d9-7bc0-4e9b-94af-b8fcb6e5280a
4811497a-0961-4489-b66c-f35baaeb47ec,cf73ea3a-6309-4fdf-b955-c4cdfb3fa071,702c5cb0-a610-4240-9bed-879c69cdb9e7
ad0d701f-3b04-48f6-b384-d62c02c05538,6d235af9-89b9-4547-92b1-ce8bc1490c59,702c5cb0-a610-4240-9bed-879c69cdb9e7
bcc90281-23d0-43e7-aa61-c9f9d3254fe5,d9dd5063-4d11-4b79-852a-d2c09aeadf5a,821f14d9-7bc0-4e9b-94af-b8fcb6e5280a
1f618642-83c8-4088-8ae4-5aac36daebad,384311c8-c68d-4d6b-8cdd-59658220b82f,702c5cb0-a610-4240-9bed-879c69cdb9e7
6e7ea56b-53be-4f70-a535-4ccf85b79a6c,b7714547-8eb2-4c01-b04e-afa065171997,702c5cb0-a610-4240-9bed-879c69cdb9e7
bb748f27-4282-48d4-8e6c-fc6e02029189,7f927dae-9035-45ff-b26a-29fe839ee8e1,702c5cb0-a610-4240-9bed-879c69cdb9e7
0f633feb-763d-4c4a-8461-a5822956820f,19c3ab77-569c-433b-8f26-e16611ffacd4,702c5cb0-a610-4240-9bed-879c69cdb9e7
18d66f7f-e706-4e78-8eb9-5b0348a52719,e0c9e66f-cf04-460a-9a6c-f79299c245f4,821f14d9-7bc0-4e9b-94af-b8fcb6e5280a
14bcefac-4eba-4417-addf-760f3cb477bd,0353e386-17e3-4918-8407-680ed5c37157,702c5cb0-a610-4240-9bed-879c69cdb9e7
73553c7b-2e86-4a92-8d6f-1e52aa21f3f8,dd0628d0-0287-4dd2-8cdc-791c9da93431,702c5cb0-a610-4240-9bed-879c69cdb9e7
8615714a-81e9-49c6-bccf-c4ecbbe58e70,562c3aae-f41a-4f5d-8bd0-c97c60fa4473,702c5cb0-a610-4240-9bed-879c69cdb9e7
bc28e858-852c-46d2-914e-26c09ba70774,5a42bd8d-29f2-4f5a-ac11-fab370320ac5,702c5cb0-a610-4240-9bed-879c69cdb9e7
7374e3c0-48dc-46c2-abfb-c76e5579ad15,38e5dd2c-4923-4d69-a16a-1e62295c49ae,702c5cb0-a610-4240-9bed-879c69cdb9e7
55d32e52-1a84-4061-a792-7872f4b6a8e6,8455c768-d2c5-46ae-85f3-0103e35cc2e1,702c5cb0-a610-4240-9bed-879c69cdb9e7
bdc7602a-2e48-4726-b6c8-0649eb167373,6249058f-6954-4617-9618-a65c3353db6c,702c5cb0-a610-4240-9bed-879c69cdb9e7
e0ba1bdc-ffbc-4750-8202-8548e53d2169,7bb7e1a3-aa86-409a-9b19-98d3d64adcc0,702c5cb0-a610-4240-9bed-879c69cdb9e7
780e4373-b59b-406e-994c-d19c9d7a6440,b5e4598d-9830-4938-aab1-d60f0f9d11fa,702c5cb0-a610-4240-9bed-879c69cdb9e7
877305a8-652d-4ba1-86c4-5b0b4e71022a,59c5e932-2fae-4ec5-afb8-3dcaeec8df95,702c5cb0-a610-4240-9bed-879c69cdb9e7
d54c8cfc-3372-430b-b834-72c721ec29ca,e5e3759d-8801-4987-9748-5709058c22fa,702c5cb0-a610-4240-9bed-879c69cdb9e7
7373a4ed-dd0c-4fb7-94c8-dc4a873be6b0,4b9a08f5-4a7f-4272-a4ea-56c709ed38f5,702c5cb0-a610-4240-9bed-879c69cdb9e7
5fe8cad6-7c4f-4109-8ed6-89bdf2af27e8,42a9a314-26c7-47f8-963d-2dbe41a56615,702c5cb0-a610-4240-9bed-879c69cdb9e7
a88ae3b1-4089-40ae-a652-cc3e5cc75a65,f752bdd8-cca6-469d-999f-8cb870ddb94e,702c5cb0-a610-4240-9bed-879c69cdb9e7
be743f00-5cdc-4330-8d8b-977b284b02fe,839f067f-169d-4f79-96ac-8e61cc04d057,702c5cb0-a610-4240-9bed-879c69cdb9e7
89195b89-bc64-46ed-ba4d-580d1cc901f5,b96b8e77-cf26-48a4-8305-4828873c2d79,702c5cb0-a610-4240-9bed-879c69cdb9e7
fa793411-4a8b-44fc-a223-3d4d359aab60,c15a44dd-6383-426c-b909-9043de765606,702c5cb0-a610-4240-9bed-879c69cdb9e7
b43e6245-950a-41d6-b119-ee523f65851f,f7b0146c-09a3-4c59-a359-2cdb0ae69e79,702c5cb0-a610-4240-9bed-879c69cdb9e7
31b0ea83-b8ae-4732-ad9d-bfb6da148791,db5d6730-b876-4cc7-a76c-cf24319fd6ac,702c5cb0-a610-4240-9bed-879c69cdb9e7
8a695a21-9d13-4548-bfe2-ffc34dc68bc6,f0841b7f-098a-4119-8649-68ed2334ebbd,702c5cb0-a610-4240-9bed-879c69cdb9e7
a8ca9711-2c97-444c-a7f6-5deb8a866e2a,1f189323-edee-4bed-b1ec-ba64b16456b3,702c5cb0-a610-4240-9bed-879c69cdb9e7
e7df9066-3af7-4f9f-aa15-b548dd0dbe87,2504739b-73f2-4300-aeba-0db2eab463c3,702c5cb0-a610-4240-9bed-879c69cdb9e7
3aba7b5f-db8e-4760-a255-92fc8a485c57,0f0f438c-a045-4675-8d03-6593c29cb133,702c5cb0-a610-4240-9bed-879c69cdb9e7
f196ed33-c2b3-40b3-a4fc-0e59a225e471,9b66c2b0-109f-411b-9c41-28e886dd00d2,702c5cb0-a610-4240-9bed-879c69cdb9e7
283e31b7-cb8e-44e6-902e-d5baf450d388,450830da-5e10-41b4-9d59-d841075f234a,821f14d9-7bc0-4e9b-94af-b8fcb6e5280a
727b8960-eeba-4ec6-97bd-01862484f824,7bda8941-3830-460d-8a2a-51b7dba5a4e8,702c5cb0-a610-4240-9bed-879c69cdb9e7
e00b14ca-23d8-47c5-b61f-535959a06cfa,da67b1f3-db60-4ec5-a568-ad2d58c10a5d,821f14d9-7bc0-4e9b-94af-b8fcb6e5280a
21ddfe34-cb5e-4607-a91e-44507b48dd13,be7fd91f-f746-4b9f-b54b-cd25ace07c7e,821f14d9-7bc0-4e9b-94af-b8fcb6e5280a
2de5b9f9-19d6-47b3-b999-05aa0824bd00,5c41fda8-6655-43b5-abbe-34e2b1099eb0,702c5cb0-a610-4240-9bed-879c69cdb9e7
915577b5-dc19-441c-a483-bc5169cd6eb1,2701cecc-a08f-492b-ad54-f32aec6bb8e1,702c5cb0-a610-4240-9bed-879c69cdb9e7
f885ed9a-231d-407d-9e86-679fcaf4f634,a43d94fa-a33f-4500-81c2-9c0b822c5196,821f14d9-7bc0-4e9b-94af-b8fcb6e5280a
52bd9863-cc1c-4e69-be5a-873bf13cb019,a7f452ae-2e25-43a5-b440-7c1b02f8a145,702c5cb0-a610-4240-9bed-879c69cdb9e7
f41b5901-5d3b-451f-a8bc-c4d860fe6e3c,a07a3eb6-94d1-4e3c-889c-4ed842d4006e,821f14d9-7bc0-4e9b-94af-b8fcb6e5280a
92ec5821-e538-462e-a1fa-bd74b6976bde,58547516-d853-4618-8529-a2e7dc036aec,702c5cb0-a610-4240-9bed-879c69cdb9e7
64a9e9c9-20fd-46fc-a90a-1139334fd807,467c5299-12eb-4acc-859d-ba95a090d579,702c5cb0-a610-4240-9bed-879c69cdb9e7
c6718c54-b823-4cbd-90fd-c91816a2f65f,acc1c454-23a2-4290-b080-1cce971f0735,821f14d9-7bc0-4e9b-94af-b8fcb6e5280a
b2348d21-711d-4df8-9a12-16bc1db0597c,a39b92cb-559c-400a-821f-d7dcbca784f0,702c5cb0-a610-4240-9bed-879c69cdb9e7
e4a731a7-6efb-497b-9df6-6a2c8187cc30,fea5a6ef-25be-4a62-a7a8-842a810605dc,821f14d9-7bc0-4e9b-94af-b8fcb6e5280a
3a3c2e36-7d24-4e72-b87e-dd0ff7eb91d3,7ea492cc-41c9-4baa-8786-b41073823390,821f14d9-7bc0-4e9b-94af-b8fcb6e5280a
6d563116-d9a8-4808-bbbf-9e517628f164,4ea2fbb7-e2d3-4292-b57c-e3434faaac4c,702c5cb0-a610-4240-9bed-879c69cdb9e7
75213357-36bd-4664-8f69-fe43390495b6,d1377e8a-784b-4cfc-94f0-8eb076f62b5c,821f14d9-7bc0-4e9b-94af-b8fcb6e5280a
fdd6a818-b2c7-4e58-b560-68251fa01097,4cbca49b-c7c8-4c2a-becc-365e723a3801,702c5cb0-a610-4240-9bed-879c69cdb9e7
ff5e1919-ae98-4daa-82a4-01c87f83808c,4fdd607f-f2fa-4bd8-aeaa-32beb3dad445,ed204181-0a5c-4ffc-aea7-05dc9d565ecc
9bfa6fef-7b91-4807-935d-f2ab8ec8af21,b9cabd82-1126-43c9-ab82-7f31ec45866b,702c5cb0-a610-4240-9bed-879c69cdb9e7
d2e13af3-369a-4f11-8a01-cf1e00c15fb4,47da8960-f58e-4011-84ea-85e397f0bbf9,702c5cb0-a610-4240-9bed-879c69cdb9e7
b49b5810-b1f5-4640-985c-ee78c810f62c,e48f77c7-31a7-4743-9c12-42594231098c,821f14d9-7bc0-4e9b-94af-b8fcb6e5280a
ade8bc4d-25b3-4790-a97f-d50be8caa56e,709178cc-987e-43f0-ac6f-7066bba1a798,702c5cb0-a610-4240-9bed-879c69cdb9e7
2b175770-888b-449e-a9e6-a2d1b28352e9,83dd5262-0bbd-485c-9f59-01cd5cc7f525,821f14d9-7bc0-4e9b-94af-b8fcb6e5280a
54addcc7-f729-4368-aa0f-edc53adfc805,b768c8d8-6b10-4c42-b177-0f31ce761940,702c5cb0-a610-4240-9bed-879c69cdb9e7
c1682abd-d42b-4b4b-aef9-cb8ae689fd43,55459fd3-3777-468b-b786-6b518be134d1,702c5cb0-a610-4240-9bed-879c69cdb9e7
5acecc09-08b0-4fab-8ab8-f5e5ed110a67,a46a885b-d5c5-4c63-97a7-ea2a52479c66,702c5cb0-a610-4240-9bed-879c69cdb9e7
23262883-52dd-4df3-a04c-f59f0f823526,6a129c76-955f-4413-bd3e-62d8ddf3b562,821f14d9-7bc0-4e9b-94af-b8fcb6e5280a
aad33210-0b06-4f7d-9955-b7b06c893b5b,b35f4818-46e0-40ce-a8a1-26389efaa298,702c5cb0-a610-4240-9bed-879c69cdb9e7
8e2755f2-3525-4502-af5d-3b6419f3f70d,76845393-37f7-4817-a035-c08ad104b76d,702c5cb0-a610-4240-9bed-879c69cdb9e7
c5ed5ae9-13f3-4f55-a82e-6ea80d3059e7,e31e723b-c533-4c82-9575-3fca98287f57,821f14d9-7bc0-4e9b-94af-b8fcb6e5280a
c927fc30-a4f5-4817-96ae-c1c5059776d3,321dd2bc-d9d4-431c-904d-8815a7fb2ee1,702c5cb0-a610-4240-9bed-879c69cdb9e7
5d89d24a-6bdb-44d5-8bde-54e75550a92c,285af00f-6d6f-40dc-9874-d19e888d123b,821f14d9-7bc0-4e9b-94af-b8fcb6e5280a
2f20a86b-703c-474d-89b0-0b939d57dbf1,4a87d82e-cad0-4141-a3e0-52799f33165b,821f14d9-7bc0-4e9b-94af-b8fcb6e5280a
343bb7a2-e4a5-4ab6-82e1-768610ab057d,67b3b019-e13d-4764-a639-29fff1dba0f6,702c5cb0-a610-4240-9bed-879c69cdb9e7
91e5279d-4fb6-4918-b2a3-ef6aede12be4,dde79eb1-c72b-4518-baa2-3d850f000018,821f14d9-7bc0-4e9b-94af-b8fcb6e5280a
54b5775d-f0b6-4b4d-a3e5-10ba2b2f4544,65d3d234-6dbc-4977-b106-b8b2a91fd5fa,702c5cb0-a610-4240-9bed-879c69cdb9e7
8c25ff5d-3a8d-4842-9d8b-b45e17e9a5af,9b76e28c-af58-422f-9c0f-2220b5519e1d,702c5cb0-a610-4240-9bed-879c69cdb9e7
f388973f-d6e4-4516-873b-4219fcb3cd9d,f568bf75-5214-414b-8ac5-12b74fbc612e,702c5cb0-a610-4240-9bed-879c69cdb9e7
3f7f362c-b933-433b-9f91-1a9509cb19d0,d010cfd8-76c5-4159-872b-8b2a66a0ddff,702c5cb0-a610-4240-9bed-879c69cdb9e7
10643f9f-b45f-4192-82c4-fb4570e2066d,857843da-92bd-41c9-ba9d-da4fb6e0d1f2,702c5cb0-a610-4240-9bed-879c69cdb9e7
4fb26c7f-55a9-40bc-97b3-cb2f81815d04,4370be41-da39-446c-968d-0848d3a9ba9b,702c5cb0-a610-4240-9bed-879c69cdb9e7
abc1de07-327f-4629-b812-9038113df507,2ced6f62-8875-488a-b3bb-5653b7af81a2,821f14d9-7bc0-4e9b-94af-b8fcb6e5280a
a1a26728-421c-4bd1-9a91-18dd030dc68f,a462a389-e5bc-4281-92ec-55e794caaeaa,821f14d9-7bc0-4e9b-94af-b8fcb6e5280a
2b9a3f2a-b5b0-48b5-848a-d54e2f25978d,bc4a9450-4687-4ff1-b5eb-e9c34c5cb9dd,702c5cb0-a610-4240-9bed-879c69cdb9e7
f9020d48-e316-4b1f-9a74-f12eff268a3c,dfcd24a5-d308-4d3c-a3ab-22512999c9e1,702c5cb0-a610-4240-9bed-879c69cdb9e7
f5f21203-5662-4ca4-8faa-f8cc6d551846,83ed7508-e158-4907-b4a2-d41c9b7c1f37,702c5cb0-a610-4240-9bed-879c69cdb9e7
6e2415f7-6abf-4e51-acea-8037ce86d62c,6803e51a-34b5-4f5c-b418-103e531c576c,702c5cb0-a610-4240-9bed-879c69cdb9e7
0de67524-252a-4bda-a289-a64a1396d925,6130581c-448e-409e-8b2a-97078a7f4dd3,702c5cb0-a610-4240-9bed-879c69cdb9e7
b9b33629-a8aa-4c62-92a1-c09225c16875,491dfe85-b475-45f6-8b86-3c32e81bde05,702c5cb0-a610-4240-9bed-879c69cdb9e7
a0bff0c3-c4b2-4be1-b867-97beebfac414,f02714a2-6279-4285-859f-2b597398ccfb,702c5cb0-a610-4240-9bed-879c69cdb9e7
c885ce06-9452-4b8c-a690-b049996da3d3,8213ff02-44c5-4e92-9885-80f5d59a0959,702c5cb0-a610-4240-9bed-879c69cdb9e7
59b04293-610c-457e-9310-547bcb05fa28,abde3c3c-b9ed-42e9-b708-5260e0fe935d,821f14d9-7bc0-4e9b-94af-b8fcb6e5280a
7415d999-4a1f-4d6d-9b2c-ffdf27ce8481,d916a62e-35e3-45f0-885b-e9103662e029,702c5cb0-a610-4240-9bed-879c69cdb9e7
3e3b6148-21d9-498d-9f29-eccd07b2f559,3495dcfa-3386-4baf-9371-f6071732a534,821f14d9-7bc0-4e9b-94af-b8fcb6e5280a
5875fec9-c1cd-470a-af99-43b911d0cbba,c1ed44cd-b72c-4b7c-9458-af2f14163d7e,821f14d9-7bc0-4e9b-94af-b8fcb6e5280a
b33534a0-fd14-4628-9f82-544e46a4ce49,cd513678-5cb2-4054-9629-e3a1d6a201f9,821f14d9-7bc0-4e9b-94af-b8fcb6e5280a
2c34f134-dfd3-407e-bc49-a74f03fe9ecc,1657839a-deaf-43a6-9e8b-df704b31f723,702c5cb0-a610-4240-9bed-879c69cdb9e7
4b3e5084-e565-4700-aa1a-24f66fe06085,a0498742-59c7-4346-8256-b2001922599d,821f14d9-7bc0-4e9b-94af-b8fcb6e5280a
669b78e6-3f38-4071-9b21-670629fb8a37,a25f16b8-37a0-434c-a179-1a94b2b58f8a,702c5cb0-a610-4240-9bed-879c69cdb9e7
69cf718f-0860-4e89-9e27-e99932d13ba5,bbc8bfc4-3d8f-4695-88a2-79519278a85f,821f14d9-7bc0-4e9b-94af-b8fcb6e5280a
c80e30a9-a9f6-479b-bead-62618547490a,e9426ea5-6a90-44e3-97bb-6c6726636f20,821f14d9-7bc0-4e9b-94af-b8fcb6e5280a
390c7dd1-cb4e-44fa-8600-e71260fcc752,cff37a3f-309c-4bde-aae5-26b783f83a25,702c5cb0-a610-4240-9bed-879c69cdb9e7
594fc387-f5e5-4f83-8684-b0889756e8dd,bbeae28f-1631-4567-87f2-57a7b69293ff,702c5cb0-a610-4240-9bed-879c69cdb9e7
e7c8fc7d-2aaf-4e37-b655-86ea6488a1de,bd4b63f2-dcbc-45db-a6b1-deaa73f1ec9d,821f14d9-7bc0-4e9b-94af-b8fcb6e5280a
ae43b363-6a2e-44ed-a8fa-8b81662ef73f,279c8b07-0cf7-4e6c-8d4e-ac2f296a2320,702c5cb0-a610-4240-9bed-879c69cdb9e7
bbc64325-70b4-4417-bef4-ba76a333843e,2ade899f-65bb-4caa-922b-967392efa016,821f14d9-7bc0-4e9b-94af-b8fcb6e5280a
2fddf437-fbbb-40e3-936b-c775bfd5d7e4,7434927a-9880-4919-a932-680ae89404a9,821f14d9-7bc0-4e9b-94af-b8fcb6e5280a
e72665ab-7534-41eb-8f2f-da02635ba863,4843eee7-a39d-47d3-85e3-585c859fe57c,821f14d9-7bc0-4e9b-94af-b8fcb6e5280a
b67fe22e-a59c-47c7-b39d-e9a5f294cc84,ed6c8eff-1e0a-4c9f-891f-dc2c22255f18,821f14d9-7bc0-4e9b-94af-b8fcb6e5280a
81f93ebe-e335-49c3-b53f-7d5b783cc60b,ba239f0c-189f-40fc-881b-ce60c7aecd55,821f14d9-7bc0-4e9b-94af-b8fcb6e5280a
2e53d325-6bf0-445a-b7cc-58757c906b5a,0559882d-9869-4c55-bf0a-c7fa46262b59,702c5cb0-a610-4240-9bed-879c69cdb9e7
e48fb6bc-43e2-4883-8839-ed96a0bbb00c,52225d68-0713-48b6-b225-79929c2d30e4,702c5cb0-a610-4240-9bed-879c69cdb9e7
0162eeb2-3ca6-45da-9af5-82d851064ef7,a800c295-6d6a-4e25-82a1-7d22e51733fd,702c5cb0-a610-4240-9bed-879c69cdb9e7
5c446592-ffbf-4688-bc3f-7c5a7830b50d,62f16140-074b-4ea6-9859-7f353ece1d01,702c5cb0-a610-4240-9bed-879c69cdb9e7
90152811-13d7-41f3-942f-0b4283529d47,9f8c597a-c937-4c03-a9eb-1fb37e9fe162,702c5cb0-a610-4240-9bed-879c69cdb9e7
a29e69fd-b6f4-460b-92e7-a3e50d3d7ccf,49c88260-2e97-4b62-8452-496f499592dd,702c5cb0-a610-4240-9bed-879c69cdb9e7
6c6d9806-eab3-4031-9cfa-b657bf2b6aed,daa1f8eb-a886-43f6-89c3-18e129c529d3,702c5cb0-a610-4240-9bed-879c69cdb9e7
e5e29666-0f13-44db-8c33-dcf9570823ba,a0536b70-0bf9-4d99-ad6d-fa497b5aabe4,702c5cb0-a610-4240-9bed-879c69cdb9e7
db1cf325-9fe5-4bf5-ac3e-f92b095ebd34,ece39ec5-225f-4109-9b00-d4dd271b6822,702c5cb0-a610-4240-9bed-879c69cdb9e7
71437a77-3229-446b-9556-1d230619f47b,1c7a0cfc-b0e8-47d2-8136-7cfcfd8ead64,821f14d9-7bc0-4e9b-94af-b8fcb6e5280a
bb3d1e63-35f3-40ea-ba21-4a2a7183e9b3,7ad9b3eb-f0d5-4966-b552-fd080b181bab,702c5cb0-a610-4240-9bed-879c69cdb9e7
3bc9b6e3-7fbe-464d-bf7c-a45f69d9c015,7875d732-6168-4666-b734-8fb059918db1,702c5cb0-a610-4240-9bed-879c69cdb9e7
4619396e-0ada-4c8e-99e2-e4bf732f328c,93b6273e-85d2-467c-b40f-631cc7bf9e5a,702c5cb0-a610-4240-9bed-879c69cdb9e7
796ca02c-4e31-44ab-b772-5f7ba017e4e1,8cd5073a-64da-4199-9c9f-9dd7836a7782,702c5cb0-a610-4240-9bed-879c69cdb9e7
e96e5d62-7894-4512-894c-34b03e7cefcc,28324ab8-b55d-46e2-8780-eb3cc1f3b9ff,821f14d9-7bc0-4e9b-94af-b8fcb6e5280a
7eb34d64-135d-4199-8cc9-bd2c05fbeb5f,7f128e4c-af6c-46eb-b9d1-9652c3fb6df5,702c5cb0-a610-4240-9bed-879c69cdb9e7
2b1850d3-8588-428e-b119-be06b17e13ba,aa121b54-e418-4600-b94d-6c9a5ca7736f,702c5cb0-a610-4240-9bed-879c69cdb9e7
a680f7c2-7504-4170-aa25-0e9f25f2c7c5,70e6647e-e867-4167-b51c-62933fcbccc0,821f14d9-7bc0-4e9b-94af-b8fcb6e5280a
3389057a-f21f-4a4e-8172-064fd77f20ce,9cd02bed-8a90-4524-85b0-8f57289733b4,702c5cb0-a610-4240-9bed-879c69cdb9e7
3c9038b0-318f-47f7-9bd2-d9c1e50acb9f,ebd57717-d9a5-48f0-8dc9-356a8b688d5a,702c5cb0-a610-4240-9bed-879c69cdb9e7
b7372c51-b2fa-448f-8a14-fa707a592f5b,48211ad0-8ede-4e16-afe5-31fae9672d34,702c5cb0-a610-4240-9bed-879c69cdb9e7
0a4f2b83-d387-4796-bd99-639d8e1fa7f7,31b162e1-be3a-4c38-85b8-2ef4a2075de6,821f14d9-7bc0-4e9b-94af-b8fcb6e5280a
2a81e7af-90f7-4dcb-b70a-9f8e5263093c,07d50e31-5e3c-43bf-ae5b-1fbf87861984,702c5cb0-a610-4240-9bed-879c69cdb9e7
cd9c6869-858c-4ea1-82d9-cb1a4bdc2660,3f905e88-8421-428d-b7bf-551d2d165e30,821f14d9-7bc0-4e9b-94af-b8fcb6e5280a
a62cd784-db01-4186-9f72-198db0effec0,542f2ba5-391f-40d1-b6aa-3abe558411d2,702c5cb0-a610-4240-9bed-879c69cdb9e7
642c6c3b-7c91-42d8-9996-fd184319a852,598e99ec-d6eb-4ff8-b669-9109cb183ecf,821f14d9-7bc0-4e9b-94af-b8fcb6e5280a
1f4b4a48-4f72-41f0-bdf1-ff405a0d4975,52e75314-b6e8-4a6b-9737-5037349eca3f,702c5cb0-a610-4240-9bed-879c69cdb9e7
a44079c6-9e52-44bd-9541-cbb33cd9e15e,dbec89f9-d687-4d07-8a91-7761348bb2ea,821f14d9-7bc0-4e9b-94af-b8fcb6e5280a
4bb31a2e-2975-4895-85a5-5db009ce5f1d,6f095342-451d-4c35-babd-72ac90bf72bc,702c5cb0-a610-4240-9bed-879c69cdb9e7
e39b2b5e-a183-4f27-b472-98114fe79518,cc9f0ce7-8d64-45c3-ad35-e9760eecfa96,702c5cb0-a610-4240-9bed-879c69cdb9e7
55e74667-29d9-4704-b1c1-9f62cdc01c39,7bee0632-1e1d-4610-9ec6-6ce7088341fd,821f14d9-7bc0-4e9b-94af-b8fcb6e5280a
1cb62417-043d-48db-9596-3a292fa33ea9,49b5b3bc-f7bc-45a0-a6c8-622a27f86836,821f14d9-7bc0-4e9b-94af-b8fcb6e5280a
7adbeb6d-fa73-45c8-86d2-de2a96b1bb25,a9b36d10-0eb3-4246-8a42-cd4a4a9797ef,702c5cb0-a610-4240-9bed-879c69cdb9e7
576de93f-b366-4dcc-82d4-e8b328c9f1b6,d11b0b13-a52b-4acc-a1f3-fa31421e70a5,821f14d9-7bc0-4e9b-94af-b8fcb6e5280a
92e45566-97a7-4912-97ef-f5a63d3adb9f,1617271a-ea19-4d26-818d-f7ad681a63b7,702c5cb0-a610-4240-9bed-879c69cdb9e7
f17f2d9a-8312-4745-acaa-0794b7911611,205f972b-aa2a-4ed4-8f9f-7214569b9cc5,702c5cb0-a610-4240-9bed-879c69cdb9e7
a4b7032c-d5cd-49ac-96c8-3c75a5e6c5d9,8709a453-7878-4a94-b5f2-28b4765ff966,821f14d9-7bc0-4e9b-94af-b8fcb6e5280a
554a78c1-4d9b-4ff2-a661-9cce3a6ff60a,cbb3d588-7bad-46ee-a97b-a40e282e851f,821f14d9-7bc0-4e9b-94af-b8fcb6e5280a
5b40c5ee-5705-45eb-82b2-a1c025a54c3c,c184e19e-3b1d-4689-b641-8c9a92eeaa07,702c5cb0-a610-4240-9bed-879c69cdb9e7
109b2534-c4f2-491d-9316-aef76af689e0,1e9a31a1-1707-4372-8843-1395055e0978,702c5cb0-a610-4240-9bed-879c69cdb9e7
597bc746-da0a-4351-8c07-a7cce060956f,6f15a3df-161a-48d4-adbc-9d7588be499f,702c5cb0-a610-4240-9bed-879c69cdb9e7
e73b5050-48e6-42de-9759-1b05902b86d0,c21848d3-647c-462e-a5c6-c2f470483593,702c5cb0-a610-4240-9bed-879c69cdb9e7
69bb7243-8d15-4109-b874-8032c83df475,96a9db8d-ae51-4343-b8fc-952f0e2d86e3,702c5cb0-a610-4240-9bed-879c69cdb9e7
ffe1e9ae-d2ef-4455-a988-8fe32d817e74,a25bdebd-3b2c-40e8-b9d5-bdf39fbed59f,702c5cb0-a610-4240-9bed-879c69cdb9e7
b6451edd-8830-45a8-ba0f-3f988bcc44f9,35e203cd-c2a2-40d7-9db4-d99c6ad376cb,702c5cb0-a610-4240-9bed-879c69cdb9e7
337139ad-71dd-47e8-affa-b7aac2e03e05,8bb30f25-3f96-4f56-8ee0-574b57ccfa6f,821f14d9-7bc0-4e9b-94af-b8fcb6e5280a
f7d57324-7f17-4ddd-835c-6d07e80af734,c5fdb094-4d62-4e81-b9b7-3d06e75fbbbb,821f14d9-7bc0-4e9b-94af-b8fcb6e5280a
8143ed95-054a-46a5-a368-64360fab9c53,ef0436cb-6238-4e18-a919-1923508c3274,702c5cb0-a610-4240-9bed-879c69cdb9e7
6c57cc22-99ce-413e-b6e5-656aa32a0162,14f50560-8a4b-42c2-a779-779c1070cf72,702c5cb0-a610-4240-9bed-879c69cdb9e7
4ebe380d-5905-4d82-89bb-51386ecdece9,20ca1fd0-5ecf-4210-842a-184d00c61ca1,702c5cb0-a610-4240-9bed-879c69cdb9e7
2bba0720-b5cc-4da4-b9dd-83763098900c,5da36d2f-4546-42a1-ab36-b6cf071bb704,702c5cb0-a610-4240-9bed-879c69cdb9e7
a6d1f638-563a-4be7-aba3-521feadb8fb9,7b93ef37-9cc7-4c82-a88a-050f7de654c0,702c5cb0-a610-4240-9bed-879c69cdb9e7
233c68e6-2247-4ad8-b6bb-10c4bb497e31,0b5605e2-7515-493a-824c-44cb7c477cff,702c5cb0-a610-4240-9bed-879c69cdb9e7
3ff9b9d9-259c-44cb-9ee6-cbf3f975b958,e97da009-2fd8-474a-a1a0-741443a08d42,821f14d9-7bc0-4e9b-94af-b8fcb6e5280a
aedb1cb5-a6fd-46fb-930b-7abfb124bde2,f5401553-ba15-43d1-9957-0f7f25532f12,702c5cb0-a610-4240-9bed-879c69cdb9e7
18d63007-015c-4a0b-b6d7-50140c3cf812,136637ad-f9fa-4108-b211-a4847753f15f,821f14d9-7bc0-4e9b-94af-b8fcb6e5280a
0e338541-0907-4cfa-975b-060c1db8b6a4,2f9e920b-ccb3-47a6-9e29-ff57d08278d3,702c5cb0-a610-4240-9bed-879c69cdb9e7
510a960b-f752-46ed-865b-a88104d42d9a,efa38206-3859-4724-beea-99f18b68cfed,702c5cb0-a610-4240-9bed-879c69cdb9e7
69d5ae77-f302-4623-8adb-bb6b5e2f8938,5221b5a9-32be-449e-8880-8d87970a1c68,821f14d9-7bc0-4e9b-94af-b8fcb6e5280a
44458d80-f51d-4476-876e-10b8422c3078,8658f1c9-49a0-4b4a-a45b-6ed9486bc529,702c5cb0-a610-4240-9bed-879c69cdb9e7
6d01af59-d6a3-48d6-95ce-767210d76c73,ff8ec0be-c039-4389-b448-d8629dacd05c,702c5cb0-a610-4240-9bed-879c69cdb9e7
54717dcf-c028-48fb-94c5-f0ccd1275feb,28bdfefe-b192-4a2d-86d5-7a91dfa2e37d,702c5cb0-a610-4240-9bed-879c69cdb9e7
f88976c7-8146-45be-a8b8-29ffa62056e5,7fb248a9-dddb-485e-a2f1-d3810f070d1a,821f14d9-7bc0-4e9b-94af-b8fcb6e5280a
95a29fc1-ea1d-4637-8968-75a5b45cbc0f,4a3ac6dc-377d-4d22-bc98-bf53137a676b,702c5cb0-a610-4240-9bed-879c69cdb9e7
3b2207f3-6033-48d8-bbce-982a91306331,e920d47b-0cfc-4ca6-8627-419a95ef1de3,702c5cb0-a610-4240-9bed-879c69cdb9e7
634e5136-f674-40e7-8a1b-8cd3cda70127,deb9516d-965f-4f8e-8d41-5931828dc3e0,702c5cb0-a610-4240-9bed-879c69cdb9e7
2be25d72-bd1c-4fad-8ee9-e8da77d268ec,d1004d89-ddbd-4fd7-8949-9230009c978d,702c5cb0-a610-4240-9bed-879c69cdb9e7
3503c21d-4f2e-4164-bf42-c331fe72d028,37d13851-3417-418d-b1b7-f3b798664498,702c5cb0-a610-4240-9bed-879c69cdb9e7
fd3f4989-c923-4c23-ab4e-d7a24809b000,8a402738-4ac1-4343-b9ee-fed5ff569905,702c5cb0-a610-4240-9bed-879c69cdb9e7
3773b482-1c0a-4ce8-ae33-f48f8510ea30,e98d2049-19c4-4af3-bcab-3515f731eda1,702c5cb0-a610-4240-9bed-879c69cdb9e7
32d5d0a0-6fce-4bc6-9c50-f0debac0feb1,4f243f9e-a952-4641-a5af-22895335f05d,702c5cb0-a610-4240-9bed-879c69cdb9e7
1fc210c7-e4c9-40a9-a072-988f604ab2c0,e57045c8-86dc-4e2a-80f8-5bb50807497b,821f14d9-7bc0-4e9b-94af-b8fcb6e5280a
edb28551-f3bf-445e-904d-e21e100acfa1,abd33611-4396-4d19-9cc4-ee427d57ec94,821f14d9-7bc0-4e9b-94af-b8fcb6e5280a
2d7a6819-314e-49e7-8bc9-c15ac3287a8a,07194285-0e78-42f1-89aa-d5afa946c8b2,702c5cb0-a610-4240-9bed-879c69cdb9e7
d314c8d0-b3b4-4107-8174-04c6e011a193,ba624a85-cfe0-4586-999a-ed7a59ca8b32,702c5cb0-a610-4240-9bed-879c69cdb9e7
1c91b942-8290-448b-8e99-cc95ca9d3f6f,5d032bc5-27ff-41f6-b31d-27428c483527,702c5cb0-a610-4240-9bed-879c69cdb9e7
eee4f2ae-6c28-48a4-94c7-e071590cf325,b57985eb-0886-4bf9-8aea-fc58f0dbc4c1,702c5cb0-a610-4240-9bed-879c69cdb9e7
c35fb4c3-a469-4dbf-8369-3444b8468910,bb7e481f-4496-4966-832d-f1ebd8ea8610,821f14d9-7bc0-4e9b-94af-b8fcb6e5280a
3097fdca-dcf3-4ed1-8b6a-4f61ea331c6a,f1ff8de2-118b-4930-a270-8ad3a6baae9b,702c5cb0-a610-4240-9bed-879c69cdb9e7
c67312af-4ba9-456e-ad97-61b7f805ca33,8425ee40-2155-4f73-a319-093fc0d8031e,702c5cb0-a610-4240-9bed-879c69cdb9e7
7ada178a-8454-4b60-8ebc-03bcbd6abb26,c87749d0-f9af-493e-916b-3ee5d19f1dda,821f14d9-7bc0-4e9b-94af-b8fcb6e5280a
eb2eab5b-b3bc-46b9-a155-ffcf97c5b5c6,38021df9-bf79-4dc3-bc52-451d35bf2a2e,702c5cb0-a610-4240-9bed-879c69cdb9e7
119c62bb-06ab-4399-8a61-6d0f9d9ee7f7,c21db7d4-ed3c-47a9-9e63-0c06dea494ed,702c5cb0-a610-4240-9bed-879c69cdb9e7
9d2e1620-3079-4a90-b358-3f4049502d42,a86d1dca-5c34-43fa-8a43-5c03de6e4cbd,4934dc25-aa95-4f0b-80f6-da9704d700d3
8d764802-f70d-4eb0-8cd9-33d97b2742c8,ff9d0925-ef33-4369-bc48-6ae043152848,821f14d9-7bc0-4e9b-94af-b8fcb6e5280a
ea6bc25e-7ebc-4e81-808c-16bf553cb95f,4be1dce1-155b-44a8-a4cd-62301cd2f18b,702c5cb0-a610-4240-9bed-879c69cdb9e7
98d4b5f0-a48a-4bb8-a9b6-3e42e232dbb3,a431a4cc-9f05-4e34-913b-9585abb5a88d,702c5cb0-a610-4240-9bed-879c69cdb9e7
6a055ceb-82ee-405c-a988-4d8552ab9797,229e2050-9c68-48f7-ac32-fe918c61a76d,702c5cb0-a610-4240-9bed-879c69cdb9e7
51d6d678-d257-4e54-af8d-076099479ac3,8fcea423-7b1a-4876-9c50-db82084dad11,702c5cb0-a610-4240-9bed-879c69cdb9e7
285d6abd-872b-48ad-8688-13e49a0990a2,811ad558-90d5-4534-9304-336a02f9dbe2,821f14d9-7bc0-4e9b-94af-b8fcb6e5280a
cb849727-37ea-4615-951e-82a57e61dade,737bb9bb-6624-4192-98ff-f265d0b6411e,702c5cb0-a610-4240-9bed-879c69cdb9e7
0c17e4d7-553f-40c8-9849-41c75a347c14,f5ef371b-79bf-4282-a8f5-ed39c53d8b1b,702c5cb0-a610-4240-9bed-879c69cdb9e7
26cd849a-d65d-45e8-a6e9-48bb95d79c27,f49bd735-4b6b-40fe-b33b-6bb75d7b7865,702c5cb0-a610-4240-9bed-879c69cdb9e7
85c19153-de2f-41b3-9286-a5d5950bbe1a,fb5fd5cd-80b6-430d-9605-2d107ef06919,702c5cb0-a610-4240-9bed-879c69cdb9e7
2ac577cc-8cff-4e21-9e5a-71f73730cc22,bf262711-2196-4832-a352-61eb5d376c0d,702c5cb0-a610-4240-9bed-879c69cdb9e7
f00cbe62-88df-4494-bf52-1c960dfe182f,d0fa7638-71f0-452d-8071-0187919f34a3,702c5cb0-a610-4240-9bed-879c69cdb9e7
8a02ebbd-5db6-448c-8934-3c218fada07c,7c3cdda5-c896-4090-aeaa-1864f3774a48,702c5cb0-a610-4240-9bed-879c69cdb9e7
8271e513-65af-41da-97b4-52c56fd8e84b,23fe666a-fe9b-4108-864e-1f0ac97276ba,702c5cb0-a610-4240-9bed-879c69cdb9e7
f472e4d6-c469-4177-b8ec-a4b35b558e14,de7aa2ef-55fb-4fb1-a2b1-a6a63a1fc377,702c5cb0-a610-4240-9bed-879c69cdb9e7
01ad5e97-d7ec-47cd-a65e-29b61d9406b7,243e10d2-dfba-445d-83e9-cd38f81f669a,821f14d9-7bc0-4e9b-94af-b8fcb6e5280a
a5835c14-2a7e-4dfc-93de-bb70fe569cdd,f91754e7-1f4e-47a4-aab6-1e2cfc5d0fc8,702c5cb0-a610-4240-9bed-879c69cdb9e7
a3dffd2a-3d75-4644-bd5c-bb3fa2add5d3,a06a6ecd-be36-4572-b366-7049c8de6c14,702c5cb0-a610-4240-9bed-879c69cdb9e7
ef18ea0e-856d-4a6b-94d1-a803129b8170,0de812dc-b1db-4a10-acbb-141f3d287c3c,702c5cb0-a610-4240-9bed-879c69cdb9e7
84d6ef67-c2c0-4615-9fa8-4c71545ecd2a,dd0a930a-a265-41ee-9825-11e22fdaa500,702c5cb0-a610-4240-9bed-879c69cdb9e7
c5f9d6e6-154f-43ec-b38c-ab4999e75a1c,0c1f79bf-a90a-45d9-9e3f-8d85848de9d0,821f14d9-7bc0-4e9b-94af-b8fcb6e5280a
cd855b0f-9802-40a7-a566-209c7ab92d33,1a434608-5f23-4c55-bbeb-1b22d701f4e4,702c5cb0-a610-4240-9bed-879c69cdb9e7
b3ac05cb-6d68-47ad-9db8-f19421cd32df,84c783fb-d4ce-4fb7-ae3a-6ad42881b1db,702c5cb0-a610-4240-9bed-879c69cdb9e7
afe6e9d6-b3c6-45a0-81bd-a1f864b375b7,6629a372-0b6e-4cef-915a-5f7cb613183c,702c5cb0-a610-4240-9bed-879c69cdb9e7
e2824c41-ecce-4481-ad22-d6d0be337ca9,698354b4-e705-4934-8021-b70d7478f6ba,702c5cb0-a610-4240-9bed-879c69cdb9e7
6e00fdb1-0a10-402a-8c63-4753fabcb416,8ed4dadc-2f02-40a7-bcd9-417827770552,702c5cb0-a610-4240-9bed-879c69cdb9e7
5e4fd6b6-0bf9-49c1-b00c-61266dc4e340,125084c4-7306-494a-b573-15554978e4e4,821f14d9-7bc0-4e9b-94af-b8fcb6e5280a
bcf515b8-b23e-480c-87c5-98f6e44f3eb6,ca437f37-7819-429f-ac58-dd44a4bf5795,821f14d9-7bc0-4e9b-94af-b8fcb6e5280a
f540d8c8-5253-4a4c-877a-a39235dedc56,e4b177e3-dd0e-40c8-a187-b3ddb89806ab,821f14d9-7bc0-4e9b-94af-b8fcb6e5280a
3872ef46-2f99-4ecb-8543-24622e6c4b57,3a814c9e-7b6f-4448-ae23-760bafb93e4f,702c5cb0-a610-4240-9bed-879c69cdb9e7
c8b1439d-cb9c-4009-b1d7-b4c6bce999e1,350e2c76-6c84-467e-b334-aba2b74e6db6,821f14d9-7bc0-4e9b-94af-b8fcb6e5280a
fb5c4468-5b10-4ad1-a7cf-c7a82185f021,b71feddf-0ebf-4a42-8dd4-9a592808bdac,702c5cb0-a610-4240-9bed-879c69cdb9e7
95ebc9b1-b49e-4c67-a330-62aec0937df8,b55cec3a-a778-4a94-b8ee-bfb7423ab337,702c5cb0-a610-4240-9bed-879c69cdb9e7
46707ab4-5ce1-4954-bb94-5a987655dab5,40783b79-293a-4ca4-b251-d2006441fc31,702c5cb0-a610-4240-9bed-879c69cdb9e7
4b394ccf-a0ce-42b5-81f2-d3c60f6d7629,7feb5b8b-937f-4c57-8a78-5f98edea20e4,702c5cb0-a610-4240-9bed-879c69cdb9e7
2ae82bdb-0fd9-4f46-aad0-87ee918fcfbf,4886f173-5142-489a-8b8e-9b4be36cfe18,702c5cb0-a610-4240-9bed-879c69cdb9e7
bf364e3e-8332-4edb-a261-ea2c917fd95a,86df81cd-4922-47aa-88bb-192d7711c727,702c5cb0-a610-4240-9bed-879c69cdb9e7
da506a92-ff5c-41bd-9a92-88e8a44dae46,10d28632-bb91-4f3f-9542-c38aeeff30e1,702c5cb0-a610-4240-9bed-879c69cdb9e7
3e695b04-e824-42c2-93ff-0118a5679b13,e6169fbe-5e9b-42dc-830d-6b386161b7e2,702c5cb0-a610-4240-9bed-879c69cdb9e7
864a1b3d-e624-4b22-941a-9aba1cc44701,c7c3485c-6b54-446c-8e29-eec7a0d61f5f,4934dc25-aa95-4f0b-80f6-da9704d700d3
a4e17b35-d1c3-4316-9237-d424714f9fe2,dbcc0f03-0b9c-42a2-8ff9-1d4d8bd0c68f,702c5cb0-a610-4240-9bed-879c69cdb9e7
2857101e-ce2e-4268-a35b-f91ad06366e4,cdbdef30-744e-4da2-9cf3-39fa8a5b7a27,821f14d9-7bc0-4e9b-94af-b8fcb6e5280a
3afe4b86-4859-4a4d-bb2f-4244bcc1e9c6,fb85b263-087f-4586-8587-7257dd4f69f3,702c5cb0-a610-4240-9bed-879c69cdb9e7
7382b6ad-9503-4c53-b7f9-02d0b7c9f743,19c6f070-7cce-4c30-b09b-55e04faa742b,821f14d9-7bc0-4e9b-94af-b8fcb6e5280a
0e1f7ca4-57f4-4215-87a8-1102275b2f38,39370bdf-7d9c-4dee-bf26-1111bd8bfac5,702c5cb0-a610-4240-9bed-879c69cdb9e7
4361b1b3-de2e-4a39-aa7b-fdfba20f0632,27b5e814-0cf7-4757-94bc-baf35ad8a859,821f14d9-7bc0-4e9b-94af-b8fcb6e5280a
710577dd-e9fd-4af9-bbc6-8a263da1d3dc,ca70c58f-a256-4a14-b850-c08cb910f95b,702c5cb0-a610-4240-9bed-879c69cdb9e7
3eb7ec22-78b3-49f7-8fb7-ea886e5ab983,c5d9b35b-f661-45d1-8764-e57d0aa424a8,821f14d9-7bc0-4e9b-94af-b8fcb6e5280a
23ad7c84-4729-431a-8f8d-d6e0c4adab37,1e9cbd74-2c20-4def-b5b5-8763086e410a,702c5cb0-a610-4240-9bed-879c69cdb9e7
17bee308-9ad8-4df6-bdad-0eea6b3db044,5b08e334-86d4-44e8-8a20-1f85b413b3be,821f14d9-7bc0-4e9b-94af-b8fcb6e5280a
73dafd7b-7997-4b60-861c-6893ed8f5aa7,6dd2ed67-ca89-42ae-8529-bfff728e75b9,4934dc25-aa95-4f0b-80f6-da9704d700d3
c960fbb2-4c3d-48f2-b00a-c39126f420b7,a0d0aa32-eed0-4b73-8ad2-75e6caa63ae6,702c5cb0-a610-4240-9bed-879c69cdb9e7
dfa567d9-207c-4839-b4c9-20e55b992696,7e29d95f-13f3-440e-88c6-c6f54e823c91,821f14d9-7bc0-4e9b-94af-b8fcb6e5280a
2d427e0b-f562-4efc-99c5-706562203851,80ac4d09-c7e7-498d-9448-80eff088ebc2,821f14d9-7bc0-4e9b-94af-b8fcb6e5280a
fa6ee2af-d844-4b30-926e-4326a015f5eb,337d7843-141c-47f9-93d4-cbc5609ed20d,702c5cb0-a610-4240-9bed-879c69cdb9e7
99af2c66-be50-40d2-ac69-897f671d456d,f674c113-8dbd-4630-8243-5cef63fd44fe,702c5cb0-a610-4240-9bed-879c69cdb9e7
08e023e2-ac46-4847-a72a-8afa92f1fac4,a1af6be4-410e-4375-a81f-94dfd11be725,821f14d9-7bc0-4e9b-94af-b8fcb6e5280a
bd0054a3-1ce7-4183-b324-ba210eea3e20,fc33e980-a063-4637-bc26-d8c30b6ee88d,702c5cb0-a610-4240-9bed-879c69cdb9e7
31dbe7a5-234a-41e1-be2a-54499899211f,8370a1f4-d1e4-413e-adba-c4b7edd01480,702c5cb0-a610-4240-9bed-879c69cdb9e7
92b936e1-860b-4633-87c5-d03acaf07487,e0a1aeae-94e4-451b-9909-bdcad6b36839,702c5cb0-a610-4240-9bed-879c69cdb9e7
3798a61d-831b-4b17-8193-713a330f5ae7,9c02fa2b-b128-4b6f-901d-98ab84d30f13,702c5cb0-a610-4240-9bed-879c69cdb9e7
0188e855-aaa4-4262-84e9-222442a9faef,bad09e74-c257-4e2f-ad46-9cf9703c2785,821f14d9-7bc0-4e9b-94af-b8fcb6e5280a
6dafb96f-427f-45f7-bc88-6463fd8fcdc8,ed821abe-9675-49dc-a9b7-39d98796e89b,821f14d9-7bc0-4e9b-94af-b8fcb6e5280a
4020cd4f-3367-4fbb-ba46-e23425cd0d4c,e4a8497c-9288-4e9d-b809-8e970309c847,821f14d9-7bc0-4e9b-94af-b8fcb6e5280a
982d4b81-a3f6-462f-a55d-3c9b14e73b6c,f376ce71-c84a-436c-9c4c-660001972cb8,702c5cb0-a610-4240-9bed-879c69cdb9e7
22fd918b-ed54-4453-a259-f6566667ac6d,e0ea1155-fd0c-4dc2-9779-c419a1238f79,702c5cb0-a610-4240-9bed-879c69cdb9e7
c014c672-1132-43cb-95b8-14f7522e59b3,ecab4616-6b70-4a17-baf7-042d32b92508,702c5cb0-a610-4240-9bed-879c69cdb9e7
2a30c4b9-12c7-4b2c-9e78-41beee70d708,276f9dba-b7cf-41ab-8204-96d112d708b2,702c5cb0-a610-4240-9bed-879c69cdb9e7
9535ac81-9127-4595-9b51-c951de8ddad2,975c512b-5896-470e-b072-fdd3452338b4,702c5cb0-a610-4240-9bed-879c69cdb9e7
3b614b4b-8704-44fc-bf79-1126c9ddb81c,30fb8abd-6aca-494d-aaa5-1d96dd42bd8a,702c5cb0-a610-4240-9bed-879c69cdb9e7
b6bafed5-05b8-4365-9870-2e114bf4e5ee,a96798d8-5742-45da-ba94-7dcb1130ef33,702c5cb0-a610-4240-9bed-879c69cdb9e7
00b516b9-bb4f-4bcc-9a13-1044b2ad587d,b678efe4-af70-4e3d-8887-2bfbd49c94a2,702c5cb0-a610-4240-9bed-879c69cdb9e7
17384a11-4987-4a1b-9848-972f1df40843,0241c01f-ead3-4755-a412-024854c58083,702c5cb0-a610-4240-9bed-879c69cdb9e7
3a3069f0-517e-4bfb-b804-f9ded490248d,e4544890-0a53-4845-8d2e-cb4a44285585,821f14d9-7bc0-4e9b-94af-b8fcb6e5280a
55a946de-31dc-4b87-910b-cf9195fc0c18,ada91618-6798-4657-8ec3-b5a02d96757c,702c5cb0-a610-4240-9bed-879c69cdb9e7
187352f2-cd6b-4b35-a544-1697436fd2dc,503f1cd0-b75c-427d-9831-c17ef4bbd1dc,4934dc25-aa95-4f0b-80f6-da9704d700d3
40f749dd-8776-4fd2-a7de-b72fae7d9e1b,edf3b5bf-6709-445d-aeab-23ee9e43387e,702c5cb0-a610-4240-9bed-879c69cdb9e7
ff22b928-c6d8-4635-891f-6c3a09d2020a,660a2718-544b-49c7-b8f0-267f05135d1b,702c5cb0-a610-4240-9bed-879c69cdb9e7
4a204cc3-5219-4073-b335-91b5a00ce8aa,dc8f80e1-981a-4238-9b59-8f7c5e1e1bb9,821f14d9-7bc0-4e9b-94af-b8fcb6e5280a
0eecf06f-f319-4e65-8fb3-a73b1d1090a8,7fb1c45c-da1a-4298-975e-ad4bdfa8a63d,702c5cb0-a610-4240-9bed-879c69cdb9e7
d9fc8566-d4fa-4971-833f-ada504d5c9c1,b2a7dcd7-9d35-4a40-82bf-a90f899b384b,702c5cb0-a610-4240-9bed-879c69cdb9e7
5a517e02-02bb-44c5-94c5-55fc4126aaca,4432fbdf-1c94-4079-87bd-af2ef7947fd1,4934dc25-aa95-4f0b-80f6-da9704d700d3
5023530b-e992-49d0-a5bc-381b2f7c0884,b4e18c82-5bac-4b73-8184-84746b62d5a3,702c5cb0-a610-4240-9bed-879c69cdb9e7
10e258b8-4140-49b2-b4b5-ccd05a6ad44d,20bf84d1-a548-4a8f-91f0-ca746d6fd349,702c5cb0-a610-4240-9bed-879c69cdb9e7
a2a8a4e0-f33f-450a-95b6-07d0ce2ec67e,286b7552-4ac6-4b51-83e8-8ef51ffad361,702c5cb0-a610-4240-9bed-879c69cdb9e7
1dcded91-1be7-4370-8b13-239ca1af204c,8bc0cdbd-6bc2-4c8d-9a8d-59e6e75af001,702c5cb0-a610-4240-9bed-879c69cdb9e7
9a97f909-a254-4557-845b-548ef371bda4,ed4fdcb3-d92b-4a2e-bdf6-f65b8c302c72,702c5cb0-a610-4240-9bed-879c69cdb9e7
808f0fc6-3da3-4f23-860b-e0c9240b3f81,0411be18-5f6f-4cea-a947-51ded45ee876,702c5cb0-a610-4240-9bed-879c69cdb9e7
341e47d9-4847-492f-9926-4ade484bead6,46254fea-45c3-4d17-bf81-62fdc4aeeadc,702c5cb0-a610-4240-9bed-879c69cdb9e7
6205ef2f-119a-4a69-8d2e-b81c9be0c0c2,3d0a81ab-9208-44bf-8918-16a2cca7f560,702c5cb0-a610-4240-9bed-879c69cdb9e7
e2805cfb-16ad-4876-b6f9-c8ca780954bd,20577089-2e83-4553-8021-1a2c7b3858b8,702c5cb0-a610-4240-9bed-879c69cdb9e7
49f326fb-fb58-4346-8360-312955b27eff,340acb02-621c-4706-bb6b-62f8700bcd6d,702c5cb0-a610-4240-9bed-879c69cdb9e7
08414b32-eab3-4630-b53e-7836823bd813,8235f534-e67b-451d-b4b2-d3a0cd94bddb,702c5cb0-a610-4240-9bed-879c69cdb9e7
b80420ed-8a80-49d9-874e-e07a05cea9d3,c60288cb-c4ed-41a8-a886-fc8ac494baa8,702c5cb0-a610-4240-9bed-879c69cdb9e7
2fcafe8f-e918-4c65-9bd1-16366ef8eae2,987caf7f-6d84-47b1-81c2-39ce1628e2ff,702c5cb0-a610-4240-9bed-879c69cdb9e7
d608760f-1948-4e6f-9109-c62a6df1a215,eabba4a6-d2cc-410e-8c37-bf1ac96ed5d2,821f14d9-7bc0-4e9b-94af-b8fcb6e5280a
0f6d0239-fdfb-4d29-8904-87aadf860146,2924cd80-64f3-4729-9578-e4be5f727bca,702c5cb0-a610-4240-9bed-879c69cdb9e7
894d108d-a84a-4527-a18a-805e85623ffc,4a8a4513-42ed-4985-9a0b-eddce121e6c5,702c5cb0-a610-4240-9bed-879c69cdb9e7
98111f7e-a4ea-4254-81b7-47c26d7e5c34,01c572b5-204d-492e-83fd-fd9ec96f2157,702c5cb0-a610-4240-9bed-879c69cdb9e7
b8e254d6-583c-48b4-b30f-773f5c2e0c8e,664d2a07-0381-43de-b53e-d7c96917ddbb,702c5cb0-a610-4240-9bed-879c69cdb9e7
5709e1ee-c0a4-4777-857f-7fe99d6c60a3,6de39ca4-9039-4772-baa2-2896e28d464c,702c5cb0-a610-4240-9bed-879c69cdb9e7
0a3aa4e7-7107-4ac1-9157-c8555e663189,5c19cb4b-433c-4191-ab4a-0ec16794b990,702c5cb0-a610-4240-9bed-879c69cdb9e7
03961a5c-8d19-432f-84f9-1d478140ded1,bec9cd74-1bdf-4e2d-bf17-9e37c9364225,702c5cb0-a610-4240-9bed-879c69cdb9e7
d6a70bee-ff67-410c-869e-d4a72351a522,45c7ffa0-4bc3-4b2b-8ac9-0b42858eb6d4,702c5cb0-a610-4240-9bed-879c69cdb9e7
88bee6cd-7e52-4bb8-8457-0a158e82d07a,0ad312e6-d292-4b73-bb60-0656ce13d7f3,702c5cb0-a610-4240-9bed-879c69cdb9e7
8faab5d2-f88f-4eda-a939-2c573f069c97,f0b7f507-d575-4347-a9b3-ead4165e034b,821f14d9-7bc0-4e9b-94af-b8fcb6e5280a
64179cf6-85d8-47f2-bad0-d61ca23f19d8,d9ddc335-cd9a-44aa-9260-956f754f4896,821f14d9-7bc0-4e9b-94af-b8fcb6e5280a
2c12d3ca-f917-4edb-813f-d99580053a25,c5feb454-96ec-442e-9b38-f9b7692d9306,702c5cb0-a610-4240-9bed-879c69cdb9e7
ae8240de-562c-4c50-bbb6-d7b75660ab8b,a38e3477-efd3-4ca4-8b7c-fa676ebed700,702c5cb0-a610-4240-9bed-879c69cdb9e7
441ccacd-256b-4d52-97ff-24a414ce0275,54e3865f-26b1-41a1-9945-d9e685d123d9,702c5cb0-a610-4240-9bed-879c69cdb9e7
fbc4d393-35e4-4393-bb55-ef047f5035a2,d968f341-b6d6-4057-88fb-555e99134ca7,821f14d9-7bc0-4e9b-94af-b8fcb6e5280a
b67afa3f-7b5d-4625-9566-133fcbf13a8b,5076e6cb-7df0-4258-a17a-51b9e93754cf,821f14d9-7bc0-4e9b-94af-b8fcb6e5280a
772be538-71dd-4be3-95ce-ecb250914ce4,1c3248d6-09fa-4c74-a1f7-cc79c321537a,702c5cb0-a610-4240-9bed-879c69cdb9e7
23c886f6-94b0-444e-9655-88dd7bf29726,6f1e430c-54ae-425b-91b1-14442594e459,821f14d9-7bc0-4e9b-94af-b8fcb6e5280a
c5935a32-717d-4077-bf89-dd68c70db0c6,3297eccd-a253-4da1-826b-ea3ae1f57f76,702c5cb0-a610-4240-9bed-879c69cdb9e7
7ae228f9-48de-4bda-9292-629f75256530,0174f830-a2ff-4fc3-b022-84eeda4ada50,702c5cb0-a610-4240-9bed-879c69cdb9e7
6d67c4b9-0d4a-4317-baca-0bd7a9b67e63,102e5d3a-eef0-4c83-8001-ccf7de0e16fb,821f14d9-7bc0-4e9b-94af-b8fcb6e5280a
ab7f1fbc-5e58-4794-b98b-3096b3c60c2d,171841f3-a65e-4c69-a47d-5dfc4080a43c,702c5cb0-a610-4240-9bed-879c69cdb9e7
e0d25f2e-4630-414f-9a8b-a5de5a8b1e26,aa2415b4-86ac-4f67-a221-c99cf942b636,821f14d9-7bc0-4e9b-94af-b8fcb6e5280a
9292e967-b99d-4e0b-8c0a-10fb7ed13813,2676bdd3-5f95-45e1-a4db-bbaa6eefb56d,702c5cb0-a610-4240-9bed-879c69cdb9e7
96ff769a-ec19-4a7b-bad2-1b4253775e9f,6e8c637a-ab3e-4366-9094-a6175c7b77af,821f14d9-7bc0-4e9b-94af-b8fcb6e5280a
dcbefbae-b529-4d4d-a691-878f45a36518,9305b0fe-418a-4103-9135-24a688d6f94c,702c5cb0-a610-4240-9bed-879c69cdb9e7
96a44432-aff0-49ec-bba9-4b593f1583b4,c5535dec-91f4-4ca8-911a-15a3afc4515a,702c5cb0-a610-4240-9bed-879c69cdb9e7
4193e3d4-9a67-40f2-8b0b-08d15aa52b31,fa0171a5-fc9a-41e8-a590-f74afe2cbdf2,702c5cb0-a610-4240-9bed-879c69cdb9e7
a54a7990-e19a-4f33-a58a-74cb922c5689,02a8c69e-ea69-4cb0-86a2-cf3ad3522002,821f14d9-7bc0-4e9b-94af-b8fcb6e5280a
461133c6-64e0-4bcc-b18e-77fe320e9901,d2dde4f8-a321-4c48-92c1-b461c31d71f7,702c5cb0-a610-4240-9bed-879c69cdb9e7
7d1c6927-8bcb-40ac-9362-b658765c9195,e4eb195f-f982-4193-bcc5-3b7b0dd51ab6,821f14d9-7bc0-4e9b-94af-b8fcb6e5280a
443ad0cc-c895-4ed3-902d-738bb9d722f4,a1c69a2b-f893-4f2d-89bd-cba5eee0740c,821f14d9-7bc0-4e9b-94af-b8fcb6e5280a
23f7ef92-449a-4c48-bc22-64443694a617,3e0ed3b5-5a95-4d1c-830f-88c9a794364b,702c5cb0-a610-4240-9bed-879c69cdb9e7
bad64e83-73c6-4fa2-888c-a26fb7ab787d,fb1b34e5-7449-4975-87f6-4a55673cd291,821f14d9-7bc0-4e9b-94af-b8fcb6e5280a
d3e3177d-733d-4eb4-a7c6-f1c27824d442,8d74417f-3e97-4de0-8758-50a1b5c97aab,821f14d9-7bc0-4e9b-94af-b8fcb6e5280a
3eab6a1f-7e71-4938-8ba4-0d606591e129,0f48e977-21b0-49eb-ad27-8055290bf3a5,702c5cb0-a610-4240-9bed-879c69cdb9e7
72b4a9ac-4218-4870-9da3-57d257351b5a,6f37c7a6-c661-48aa-bf4b-1c1e41813037,702c5cb0-a610-4240-9bed-879c69cdb9e7
ff0ee0b4-e039-4a56-b49a-63a6714f8c73,5ba4adda-ae13-4b9f-89d5-71dc29af6a65,702c5cb0-a610-4240-9bed-879c69cdb9e7
df9c2ad2-c5a2-4e8d-be7d-38deafa6fca5,fa8ec196-f5e2-406a-bbeb-d069859d2b3c,702c5cb0-a610-4240-9bed-879c69cdb9e7
7220a117-4dba-4d4c-b43e-305f68b01796,6180f6a7-7627-4b3c-a722-0a636ec18883,702c5cb0-a610-4240-9bed-879c69cdb9e7
f49a3ca2-3bf2-4b47-b646-a9e3deff3d65,e4e09829-84fd-4bfc-9e7c-ab4c4f8939f9,702c5cb0-a610-4240-9bed-879c69cdb9e7
abb2ca84-c318-4732-b7c8-11bbf5e7a8ff,6023e7fb-2d95-421d-ab0d-9ea5e020d301,702c5cb0-a610-4240-9bed-879c69cdb9e7
5ab1eeb8-194b-43a1-b130-6b031c0871a2,cc67068d-3800-49d9-a712-b46fc7033820,702c5cb0-a610-4240-9bed-879c69cdb9e7
d3dd36a1-a49f-4281-8c2f-09c8b80ee536,c67b0b81-5341-4a21-a27d-8eaab1a51e0f,702c5cb0-a610-4240-9bed-879c69cdb9e7
bcf5f180-8ff8-42e1-bb3a-cef24342d443,f9a6c647-7648-4ff7-be41-816696c85985,702c5cb0-a610-4240-9bed-879c69cdb9e7
bb37af53-786f-403f-b147-4bc2048f66c8,1056e461-3e63-490d-99e1-b99512bf317e,702c5cb0-a610-4240-9bed-879c69cdb9e7
5cbb8b5d-6fe2-4777-8696-11e3a484b24d,c2067cca-258a-4f3d-95d1-bb3492846aaf,702c5cb0-a610-4240-9bed-879c69cdb9e7
83536a45-ef16-4100-8749-8d30a4cec91c,90d99688-3f4d-4511-bfe4-d60cc3f74096,821f14d9-7bc0-4e9b-94af-b8fcb6e5280a
8b0350e3-b794-44c3-bf0a-ce16251b9a5c,687708cb-305a-4125-9b3b-09e21713fcdc,702c5cb0-a610-4240-9bed-879c69cdb9e7
b24ef5b0-dc0a-44ba-a9bb-19071a5f8105,6bfae0b8-f953-4fb4-be9d-4141865a3481,821f14d9-7bc0-4e9b-94af-b8fcb6e5280a
acb38b09-8578-473f-9440-c29f6a7ddca4,4a964c4d-83a7-4321-afa5-e7702d306c40,702c5cb0-a610-4240-9bed-879c69cdb9e7
2604b096-4e57-418e-9899-2ba5d19ce3e7,ae0140cc-b2f4-4bb3-b33c-ec22cd3a0e18,821f14d9-7bc0-4e9b-94af-b8fcb6e5280a
8bf932db-890d-49e7-87a7-61c4c290095b,2ebc2ba7-446d-4174-8424-1c6ddbc6156c,821f14d9-7bc0-4e9b-94af-b8fcb6e5280a
434fe2c2-b01f-4816-bbf0-8dcaf3788c8a,7b7d51c3-baca-45e3-8447-8170ed3acac3,821f14d9-7bc0-4e9b-94af-b8fcb6e5280a
a7778908-58c5-46db-8d03-34e9ef9b401e,c46e0990-79de-45ad-9966-45cdbdf3897f,702c5cb0-a610-4240-9bed-879c69cdb9e7
97d005cd-a496-49f0-8bb7-3f209c1315d8,8300675e-f340-4465-940d-5a8f8ec28185,702c5cb0-a610-4240-9bed-879c69cdb9e7
df668246-1a1c-4ac0-a458-52596700ab7a,0ea3fb4c-1d73-44cf-8e17-ee52a091c114,702c5cb0-a610-4240-9bed-879c69cdb9e7
fb5187ff-c334-4454-919d-2a20ab006c0c,35589f67-b12c-4f25-bd4d-e9b84b71dbc4,702c5cb0-a610-4240-9bed-879c69cdb9e7
7994b3bc-178a-43f7-ba04-50fb8585e04e,7de52fd6-412a-4cc1-9204-2a3ec5946e5c,4934dc25-aa95-4f0b-80f6-da9704d700d3
9750a258-6e83-4a31-b702-f0a3dfc320a8,a64e99d3-aa1e-45ef-b3f3-6ed274dae5e9,821f14d9-7bc0-4e9b-94af-b8fcb6e5280a
6b4c4589-809e-4a57-aeab-dd1dc865f7c1,d3c8ad48-136d-4cf9-846a-9c38de35a18d,702c5cb0-a610-4240-9bed-879c69cdb9e7
5a5e6ff9-e59c-4657-be41-feb0ff612c04,91c7c1bf-6285-46b9-ae3c-916c65a601c8,821f14d9-7bc0-4e9b-94af-b8fcb6e5280a
fae4fc59-39f1-4602-b34d-6d0a1ead0146,408473a8-c9b1-4ba7-a00e-002e21b9ec72,4934dc25-aa95-4f0b-80f6-da9704d700d3
f5b1f54e-4462-4250-a3e6-fb849c813b80,a5dfec7e-55bb-4576-939d-05ea3a087960,702c5cb0-a610-4240-9bed-879c69cdb9e7
75f7de12-6151-4a78-95ed-703cb203df16,7fc0cf9c-0e32-436e-befd-a9ebbb37cd12,821f14d9-7bc0-4e9b-94af-b8fcb6e5280a
11256920-ba2c-4232-a125-dd2c077373f0,365240f1-402e-4d66-86a4-2ea2137941b8,4934dc25-aa95-4f0b-80f6-da9704d700d3
f65ee8ff-60cb-44aa-a906-3e8e6183faea,97fc08a2-a3cc-41d3-adad-9f3516e22875,821f14d9-7bc0-4e9b-94af-b8fcb6e5280a
844b341f-fbf9-4764-b4b9-eb3bfc15b743,c6637ab6-ef83-4a35-a49e-5626d19d3b39,702c5cb0-a610-4240-9bed-879c69cdb9e7
14cbc124-3977-4e22-aaae-870d6208e432,f3923d86-f2c5-4796-8c1b-3d1eac972b02,702c5cb0-a610-4240-9bed-879c69cdb9e7
b9bb6c85-6208-4dbe-97b1-866264463a4e,d4efb5b7-b33e-4c50-a89f-2995e971334c,702c5cb0-a610-4240-9bed-879c69cdb9e7
09a0fa25-cf08-4eb1-93bd-a2139433e633,c83236cf-0a20-492f-8b41-d40a3d4ce99e,821f14d9-7bc0-4e9b-94af-b8fcb6e5280a
e35cb234-7334-4e06-a8ee-a7a6a092f80f,9ec48465-2699-4a93-84b9-0d8bfe08da5c,702c5cb0-a610-4240-9bed-879c69cdb9e7
b36f04cd-c8fa-430e-84dc-3f777774dbf5,5c426123-bb71-4117-829e-9eadf862296d,821f14d9-7bc0-4e9b-94af-b8fcb6e5280a
91b38254-3b46-4df7-a9d0-64c12be66d82,7d91e0d3-8faa-449a-8a94-8b214ae33343,702c5cb0-a610-4240-9bed-879c69cdb9e7
cfa93c62-bf5e-408b-a730-e775788ffc02,51f47d2a-e81f-4ac9-b207-f1859920a1a3,702c5cb0-a610-4240-9bed-879c69cdb9e7
e26798f7-aa0f-4c41-8e5b-4c6c7af048da,bcae99c8-ffcb-4738-8f3a-709ed497f2f4,702c5cb0-a610-4240-9bed-879c69cdb9e7
6bbe8f96-87ad-48cd-afec-73cdb01bfc51,ecaab7d1-b436-4238-8d8d-e796f0823063,702c5cb0-a610-4240-9bed-879c69cdb9e7
cb771e62-9425-402b-96aa-d8b8e9edb99a,e3ed5e91-227a-4980-a7cb-de333002f32b,702c5cb0-a610-4240-9bed-879c69cdb9e7
1bf775e8-21cc-4a1d-be8f-b21b5f76c296,46760264-9548-4236-895a-70c958a64776,702c5cb0-a610-4240-9bed-879c69cdb9e7
b09bb26a-cc37-4a9a-a649-48ad16ac14ad,b431f2c1-5e0c-4bab-8efd-7504f6489c0b,702c5cb0-a610-4240-9bed-879c69cdb9e7
a6f510a6-d4cb-4783-a699-e8e36f645d8c,4de82de5-a424-47ba-9bb2-68899106e6c8,821f14d9-7bc0-4e9b-94af-b8fcb6e5280a
7d02726c-d9ef-4bf8-90a3-c8361254d5fa,4c6f9dd2-2479-4e50-a7ac-90d7e61db046,821f14d9-7bc0-4e9b-94af-b8fcb6e5280a
3a31bebb-cba6-460d-bbd3-68c61ac11f3c,ad074ea8-4ba6-4b2b-a11b-62161bcf10ef,821f14d9-7bc0-4e9b-94af-b8fcb6e5280a
e2bea991-aacd-4095-b3ea-72a12cfc73a9,23b30119-44f4-47f3-a968-97111aaf9760,821f14d9-7bc0-4e9b-94af-b8fcb6e5280a
657635cb-96d6-49cd-bf61-bdfeb1ea420c,9b99bf81-8c23-46ad-873c-e3de5bc78046,702c5cb0-a610-4240-9bed-879c69cdb9e7
5989dbb6-6c6f-4a65-bf43-7b567afca6e9,ef16f5ee-79e7-4d6c-9cd3-0ec8cece0f71,702c5cb0-a610-4240-9bed-879c69cdb9e7
e412c2b4-3fe4-44e6-8c7d-926331e6bb05,3ee765d1-b10b-4934-acdf-e6e9e1e2e763,702c5cb0-a610-4240-9bed-879c69cdb9e7
06f9ed4c-39b2-44e6-acf0-ad762111702c,df662b9d-50eb-4e87-9424-65bbe94400d0,702c5cb0-a610-4240-9bed-879c69cdb9e7
5e53806b-97ee-4ca9-8912-f2459009b91e,75c79c0f-54d1-41f2-b7f7-d84108f65a03,702c5cb0-a610-4240-9bed-879c69cdb9e7
7c07a9a5-3fb3-4b8a-a7dd-49baf8c0f715,93e8b7dd-2ced-4025-b0e1-1aae69cef66e,702c5cb0-a610-4240-9bed-879c69cdb9e7
16c2c07b-a48a-4800-af50-0a1624dd5f76,8778c149-e94c-4144-8d15-8ec081b40a42,702c5cb0-a610-4240-9bed-879c69cdb9e7
67da1f29-9836-4fd1-99a4-b22cbf30d2a5,c17888b6-45a3-4177-a7e2-570ee37d71ba,702c5cb0-a610-4240-9bed-879c69cdb9e7
2ac17410-2277-45a6-a142-d77407361a1a,64a94c01-5776-44a0-8945-be3d7dd51d82,821f14d9-7bc0-4e9b-94af-b8fcb6e5280a
eb31f6c1-1acd-48cf-9a62-55c7961559b6,bd7d282a-cd84-4c7d-94d4-f988199e825a,702c5cb0-a610-4240-9bed-879c69cdb9e7
c333b459-441b-4875-ba41-8292b76f1ca6,38330ac3-3dfb-43a4-9eab-e64d8c7ffa85,702c5cb0-a610-4240-9bed-879c69cdb9e7
9005bcb9-e0b6-49a9-9701-d589c87169b0,ce631916-69eb-46d0-a2ba-cece881b6255,702c5cb0-a610-4240-9bed-879c69cdb9e7
308775b9-4d1f-49fa-8f2f-0d33a5c2b875,f0991cda-8823-47af-866d-7850aaa1e7a6,702c5cb0-a610-4240-9bed-879c69cdb9e7
0ff97d54-2f91-4e9c-ae14-191382459dc9,646fac93-c5af-405c-9ace-7dfdfb6d9738,702c5cb0-a610-4240-9bed-879c69cdb9e7
b4ca0230-61e5-42aa-a085-ab1a009254c8,05776d5e-c346-42e4-9d79-0f6f28a3f368,702c5cb0-a610-4240-9bed-879c69cdb9e7
9080c654-0b13-4c03-9baf-3fc807eec6eb,bf473861-ee45-4297-b03b-85c751ed2a6e,702c5cb0-a610-4240-9bed-879c69cdb9e7
082e8beb-1587-47ca-a808-c33d05a517c0,cb51d1d2-6b24-48df-a4fe-80105b2bffef,702c5cb0-a610-4240-9bed-879c69cdb9e7
850226a1-2d2d-4e74-8012-d0b8524a56be,d19cd43c-df3c-4253-84f3-cb2ed6a647dd,702c5cb0-a610-4240-9bed-879c69cdb9e7
2f0e150a-4e8e-4607-bc7f-6bc800134f50,26478995-d43d-4b89-8e39-de57a5c1b55a,702c5cb0-a610-4240-9bed-879c69cdb9e7
d42aebad-6709-4c81-9da0-c3e66a33e699,a9a030e6-ad87-4bea-92dc-1fc69350b854,702c5cb0-a610-4240-9bed-879c69cdb9e7
ec323acd-62a7-44fd-904f-7554f541da59,c51244b5-4051-40cc-a7c0-359a2e4a106a,702c5cb0-a610-4240-9bed-879c69cdb9e7
1ad48d55-211a-42c1-8cca-8f2dd581a84e,8aa7810a-c6c8-453a-839d-1dbee60bdacb,702c5cb0-a610-4240-9bed-879c69cdb9e7
0f75efe9-6ffe-4bde-9911-36d4eaff5acb,749f8b41-63a5-4a8a-8e4c-b2226a3806d8,821f14d9-7bc0-4e9b-94af-b8fcb6e5280a
a3ccd041-66b2-496a-817b-86417ce8346d,602f8680-551b-4151-8aad-faa541fc7080,702c5cb0-a610-4240-9bed-879c69cdb9e7
d17df2d6-66a3-462f-a19c-14520a1e9af9,27884c58-810c-409c-a3f1-a5080e17aa05,702c5cb0-a610-4240-9bed-879c69cdb9e7
d4b440c2-aeca-44b2-9ecc-52e5928af002,9d5d862f-f9b2-4649-a47a-84ff31ae11a7,702c5cb0-a610-4240-9bed-879c69cdb9e7
d23ad678-741f-420b-a87e-2f542703e0f7,ee517a00-8c75-4ea9-9f10-fa37507cb533,702c5cb0-a610-4240-9bed-879c69cdb9e7
fcfc884d-54fa-47e8-9dbb-b6e8ec2556c8,2e9753a3-475e-4438-9525-f277470812d4,702c5cb0-a610-4240-9bed-879c69cdb9e7
42ea0936-9edb-4537-adf6-a270f9908f8c,23b7d86e-3ecb-48ba-ba65-70cf259f1674,702c5cb0-a610-4240-9bed-879c69cdb9e7
553cd494-7b0a-47ab-8a23-9688bf09beae,3666a63a-95d8-464b-b467-168adc2cad81,702c5cb0-a610-4240-9bed-879c69cdb9e7
040cd8bd-b3bf-4515-94bb-f745f6ccda41,9b8138a7-dde6-4c13-82b2-751718c19cad,821f14d9-7bc0-4e9b-94af-b8fcb6e5280a
a7fe5873-7445-4b52-9961-ba40066f212a,f22ad846-b061-47ea-b762-3f996e4ecf50,821f14d9-7bc0-4e9b-94af-b8fcb6e5280a
1a90629a-657b-435d-9ecb-50b6dfe76855,5f3a5074-56a2-4d61-95a9-56a289e0d07e,702c5cb0-a610-4240-9bed-879c69cdb9e7
f5be6887-dcf5-4190-8513-4b10694ff947,59b305ee-772b-4332-9160-a4afa028a974,702c5cb0-a610-4240-9bed-879c69cdb9e7
a6bd7010-7c05-41e7-b8b0-064523e626a8,66038538-10d8-4617-8d95-43eba1266155,821f14d9-7bc0-4e9b-94af-b8fcb6e5280a
0d2eff67-a013-48db-a2b2-1b57c130e17f,39e07822-79c3-4203-ba85-5aa0c9ebee8c,702c5cb0-a610-4240-9bed-879c69cdb9e7
387c714e-8be4-4890-8687-026701123848,d4530e2a-1734-472b-8562-56065a88d74b,821f14d9-7bc0-4e9b-94af-b8fcb6e5280a
21228e21-52da-4959-81b9-7b41d6aed10f,bf5046a1-6d58-458a-95a4-9d51df57b98e,702c5cb0-a610-4240-9bed-879c69cdb9e7
1a9d6dfb-070b-4280-b0b4-7019c6d80a41,c92eeaaf-ac6c-453b-8477-7eb89b4de6a8,702c5cb0-a610-4240-9bed-879c69cdb9e7
8946678d-04b6-4665-94f9-0a1f253fa599,d6d80845-a727-496f-a501-8584864013d2,702c5cb0-a610-4240-9bed-879c69cdb9e7
eb1f3435-ebc9-418e-8ddb-6387c496c11b,6c4f7013-43a7-474b-a748-d8552cbd9509,821f14d9-7bc0-4e9b-94af-b8fcb6e5280a
9e1d0f83-7f68-4d02-a23b-deb468aeedec,f63ddc13-897d-415d-aff5-e0d735c69f77,821f14d9-7bc0-4e9b-94af-b8fcb6e5280a
43a925d8-938d-41ad-8d02-b220a76dc50d,14456d51-8a99-44c1-9d17-d5999a0a0664,821f14d9-7bc0-4e9b-94af-b8fcb6e5280a
dac81d5c-79bc-489b-a5ce-e1e103aa4f9f,41195535-2554-4ca7-8ec5-69ff230b0194,702c5cb0-a610-4240-9bed-879c69cdb9e7
5e9d8572-6cd8-4c9d-a22f-ae616ae95739,c8b9ec63-2154-4d56-9ea4-2860b3de2660,702c5cb0-a610-4240-9bed-879c69cdb9e7
7e2aedff-9384-4e85-a2f5-7edca7a07e4a,dc35d281-63ee-49fb-a165-7272e9076c77,702c5cb0-a610-4240-9bed-879c69cdb9e7
5e8ad3ec-f279-478c-8019-ea6187ef3f03,47b78629-513a-4fde-bd7f-bfc73a13d578,702c5cb0-a610-4240-9bed-879c69cdb9e7
5891a0d6-73b5-4e00-a221-c20e48ff6b6a,87c5965b-baac-4ee2-8c4e-4e4fe0cd4f81,821f14d9-7bc0-4e9b-94af-b8fcb6e5280a
6d54bd80-d3a2-4b5e-8d1a-d55f42f95aca,b0bf0057-74b8-4f06-93ca-3fa4c8203518,821f14d9-7bc0-4e9b-94af-b8fcb6e5280a
fbf90eab-85db-4151-af52-d2bb2e032c68,75548fe5-1d2e-45a0-a31f-c24cfcd55951,821f14d9-7bc0-4e9b-94af-b8fcb6e5280a
109dd93b-53b8-470d-9207-0e807f26f62e,9baf659f-c4af-47b3-b445-8e2c3c56d929,702c5cb0-a610-4240-9bed-879c69cdb9e7
2680c6f8-c0cc-4fec-953a-a8b456005dfe,3726bd90-3171-4392-a44d-5b7cb6662dc5,702c5cb0-a610-4240-9bed-879c69cdb9e7
890e7851-ee13-4434-b803-c3890e4e44bb,e8454af1-5115-4b5d-a25b-e29f9e3a7ea3,702c5cb0-a610-4240-9bed-879c69cdb9e7
388e3667-1da6-4617-be92-54d5d48ec932,eec99cdc-1f0c-4e51-bdff-067e8c50b1d0,702c5cb0-a610-4240-9bed-879c69cdb9e7
b22206ed-4f4a-4121-9c32-6e0e92ac255e,2b6cac7d-a1a2-48da-8a23-121de8a34f3e,702c5cb0-a610-4240-9bed-879c69cdb9e7
513084d0-dc66-4b66-9553-2188252291e7,8c0bde93-0817-4d61-9b5c-1538ff0f33f9,821f14d9-7bc0-4e9b-94af-b8fcb6e5280a
124f2a2e-89af-4538-9f7b-2ef73d569247,ef410a74-6eea-4aca-a01f-5418616fa158,821f14d9-7bc0-4e9b-94af-b8fcb6e5280a
0bee41f7-635f-47a9-93e1-3444316761af,e206c69c-8e92-4901-95ee-ec2a62281bf0,821f14d9-7bc0-4e9b-94af-b8fcb6e5280a
d293afd2-e7de-44c0-bf9a-6e4a7b66045f,2882dfd2-3829-4b3f-b3b5-2289810c2fbc,4934dc25-aa95-4f0b-80f6-da9704d700d3
cd5045a2-a572-4c0e-ac38-cfbe7550782a,f1101203-c01e-4834-b9f6-6074c99feb1b,702c5cb0-a610-4240-9bed-879c69cdb9e7
ee3085e6-986d-4fad-911e-5344a65423b8,618c42c7-2113-48ca-9c3c-163a1b2fe2ff,702c5cb0-a610-4240-9bed-879c69cdb9e7
a6216df6-5738-477a-a855-28b18c71cf13,a2ec6ef1-f724-4b61-9dce-da4edbb8c4af,821f14d9-7bc0-4e9b-94af-b8fcb6e5280a
41fa0422-2fd3-4826-89e0-e0983c58bccf,636fcb17-645f-434e-ad60-4c974a28a737,702c5cb0-a610-4240-9bed-879c69cdb9e7
e0d94f6e-d2fd-4ed4-8494-88c27ad7ffd4,3dc4c81f-1294-401a-b393-424f2b36f44e,821f14d9-7bc0-4e9b-94af-b8fcb6e5280a
2fcae302-7964-403c-a918-54c66b129235,b8857090-f7f7-4009-8aae-df9a6d3e8898,702c5cb0-a610-4240-9bed-879c69cdb9e7
cefab44c-a6c7-4ee8-8154-5d3ac28a5781,58e060ad-b3c2-4525-8ed4-d9407d6cebb4,821f14d9-7bc0-4e9b-94af-b8fcb6e5280a
43950fca-99a9-4a44-957c-3511c0eea5f6,7fccfb43-1b51-4de3-bbc7-b68eba69665f,702c5cb0-a610-4240-9bed-879c69cdb9e7
21feff71-ecdf-4c17-b5a8-d70ade405740,4a055c07-6130-4ded-853e-b5c0879e02d0,702c5cb0-a610-4240-9bed-879c69cdb9e7
49b12c72-f661-48e3-b644-851bde2d515a,a63dca06-fd89-4fd4-b9d3-14ee57792d6e,702c5cb0-a610-4240-9bed-879c69cdb9e7
045fbe91-3360-4703-9d2c-60e6cc2c62ff,c82cf69a-8257-4e2c-bad6-2fdc209dd883,821f14d9-7bc0-4e9b-94af-b8fcb6e5280a
1115c654-d513-43f9-a581-d99fdb3edf49,9ca2c266-b0b2-4774-be2b-1b98204295cb,821f14d9-7bc0-4e9b-94af-b8fcb6e5280a
6e72b720-aebe-438f-98b4-e496b36dd7b6,347a0d12-dbd4-4cb5-a41d-14846e14873e,4934dc25-aa95-4f0b-80f6-da9704d700d3
e358c622-28c1-4408-8684-5eb4f9c564e3,ea143de1-5016-4731-9cbd-ee606550cbe3,702c5cb0-a610-4240-9bed-879c69cdb9e7
2adcbaef-9644-42f1-81a4-f1fc67f324c7,4233c7d4-68cd-414a-8207-e0e130435ad3,702c5cb0-a610-4240-9bed-879c69cdb9e7
4802f598-49f1-46be-8be8-4237478688d0,22462d6e-126c-4912-98d1-b48fb56cfa95,702c5cb0-a610-4240-9bed-879c69cdb9e7
21553caa-725c-4b7f-a57e-2f3b02ed53e8,fe500e62-e38f-4e68-b863-2e152d0b2c06,702c5cb0-a610-4240-9bed-879c69cdb9e7
11c014cf-324b-4a9a-b771-16775a3b9ff9,897a23eb-addb-483f-880c-762118bc81b7,702c5cb0-a610-4240-9bed-879c69cdb9e7
d30676fb-c3dd-40e1-b0fc-2469a77ebbe3,1e499b2a-fe7e-417f-90b7-15cb093eed9a,702c5cb0-a610-4240-9bed-879c69cdb9e7
4d4ea491-01b0-4423-9930-49401c757c74,2955a2f6-4360-4591-9fd5-f3bf93d3fde0,702c5cb0-a610-4240-9bed-879c69cdb9e7
a25f4d8a-d4a0-4bfd-a3ba-3204aeb76237,f6aefc72-32a2-4d25-a18d-40e547311cce,702c5cb0-a610-4240-9bed-879c69cdb9e7
d0fad391-223a-4b35-b87e-0b105c9a61d7,e0fe97b3-14a4-4ca9-b025-98f04d8af9f9,702c5cb0-a610-4240-9bed-879c69cdb9e7
2835a575-be34-4c92-9abb-c33c8ef361ba,99da1209-9b0c-42db-8185-3dfbcf006af8,702c5cb0-a610-4240-9bed-879c69cdb9e7
3d1e19d5-ba4e-49c9-a240-8862fb8ea222,892d42ec-6e13-47d0-8f26-52fcab9e1a0b,702c5cb0-a610-4240-9bed-879c69cdb9e7
a5fb3aac-03cd-4c33-9f53-768bc92ff9c2,bb789523-5f0d-44a6-a424-bc3a7d20143e,702c5cb0-a610-4240-9bed-879c69cdb9e7
a33c0819-3ba5-4d42-8d6f-7da0e86698d9,a95a10e2-b7b9-4cb2-9315-9c469a3ff16a,4ef94708-9c27-402e-9600-3eb5525b0ca9
ecc1c59b-1f16-4073-92ca-27a4547b861d,cdea9ed3-c7b0-4ec9-8977-64157101a11b,702c5cb0-a610-4240-9bed-879c69cdb9e7
5e2fe088-04b4-4dcd-8be1-d8f83efe90bd,316fe659-e395-4582-83f7-63a1985146d5,702c5cb0-a610-4240-9bed-879c69cdb9e7
3f2c75b0-369c-4c96-8303-f64ea8ce42a9,e4b79739-0489-4c27-9e40-b6a93f199825,702c5cb0-a610-4240-9bed-879c69cdb9e7
4fe7390c-8021-4145-99e2-ffa9b6713b5e,fd63f989-ec23-4c8c-8ac2-bf7ae8346db3,702c5cb0-a610-4240-9bed-879c69cdb9e7
97be4080-113b-49b4-9b70-48a49fa27501,cf18e75b-5e05-439f-b21b-7c5fb6941a3f,702c5cb0-a610-4240-9bed-879c69cdb9e7
e8709e8a-74d0-4dcc-ac9c-0a3ec69e3512,72495ff2-bec2-407f-bb9f-6aacd48f2590,702c5cb0-a610-4240-9bed-879c69cdb9e7
2b1a7dad-f5df-4ec6-b29a-b89ff15eb388,7b8f9a82-3919-430f-a1c0-5071cfd8e8bc,702c5cb0-a610-4240-9bed-879c69cdb9e7
1407776d-f2ef-4e26-920e-499887b59aa4,c43b3375-0f88-46c6-b0bd-a2c2e829fd12,702c5cb0-a610-4240-9bed-879c69cdb9e7
fec29263-f318-4688-87f3-e824a9404584,a08f1470-bcb0-413b-919e-1318f51e1c93,702c5cb0-a610-4240-9bed-879c69cdb9e7
d6e0d03b-d495-4b0c-bd70-02a59ae21e16,e1d70d07-5b50-4e8b-a9d7-28d68e91e5f9,702c5cb0-a610-4240-9bed-879c69cdb9e7
92bdedab-a29a-4fae-8cf6-7da1775852ce,c6bce569-1ce0-4e60-a747-59ca4f90c67c,702c5cb0-a610-4240-9bed-879c69cdb9e7
a9ccf189-0a61-4aea-963a-1ec302974bd9,7a795d11-34c0-4a05-afbe-eb91bc27034a,702c5cb0-a610-4240-9bed-879c69cdb9e7
b03d283e-a879-4ff6-a9bd-b405f2168dd1,a562a53e-e1e4-4d07-9310-cfc763ffd47f,702c5cb0-a610-4240-9bed-879c69cdb9e7
b53b887d-9cf6-48b8-a3d4-4f6c9065ee6a,70690454-51b7-43bd-b750-6084941abe3b,702c5cb0-a610-4240-9bed-879c69cdb9e7
9061dbb9-7334-460f-9e37-6cfb4a048cf8,9a93e2c3-67ee-45bf-9e18-e789ef441348,702c5cb0-a610-4240-9bed-879c69cdb9e7
d3901f33-f9b6-4335-851f-e470ba69f761,b0692e4b-ac00-40eb-90b5-7eb2afff16f2,702c5cb0-a610-4240-9bed-879c69cdb9e7
3d380bd8-2e13-499a-8f7f-4f668f01214f,2d367064-629e-4c74-a58e-8cb6c2a84fce,702c5cb0-a610-4240-9bed-879c69cdb9e7
11de2ede-35ba-46f4-9e31-f99c321e6349,598633d6-2b24-44e1-bf04-2323465e8291,702c5cb0-a610-4240-9bed-879c69cdb9e7
460990ec-c746-4865-bdb9-434eceda4c5e,c30f7e9e-d9fa-4356-8fcd-a267da80d239,821f14d9-7bc0-4e9b-94af-b8fcb6e5280a
10a73e7f-b1a9-4376-9f7a-36a4264232e0,5377d433-1b30-429d-9168-354fd29ba5bb,702c5cb0-a610-4240-9bed-879c69cdb9e7
82a8dc62-d3b7-41a5-b012-e4e23444782e,f8088362-a973-4511-880b-4573f11a5d6a,821f14d9-7bc0-4e9b-94af-b8fcb6e5280a
85df0b4d-098c-4ea2-be34-d9e71b59bd06,28be7c29-fe0f-440a-a2c6-3eeaed50ff5a,702c5cb0-a610-4240-9bed-879c69cdb9e7
8fe738c0-4a75-4d95-82ac-325d01e8aa3b,41c2e765-6f61-4a89-b5f5-c12ce1725ad6,702c5cb0-a610-4240-9bed-879c69cdb9e7
4b5f4919-8cdf-47cb-848f-6386246ef2be,ce5967b7-68da-49a3-b474-965c415312e9,702c5cb0-a610-4240-9bed-879c69cdb9e7
5f435aa7-70a0-4530-aa38-9aca7b0c376d,6b3087ea-0408-4cc3-9ef0-dc0f693a8927,821f14d9-7bc0-4e9b-94af-b8fcb6e5280a
9c9c9315-d319-4db9-81ff-960e22c3a379,4e019b37-23fe-45d0-9f9f-87dd71419a53,702c5cb0-a610-4240-9bed-879c69cdb9e7
9e45eae7-f4a4-43d6-9869-28d2dd3b6bdf,fb4f7ba9-390f-4975-b74d-a306ed9f393f,821f14d9-7bc0-4e9b-94af-b8fcb6e5280a
487b7247-bdff-4d0a-8425-5f6ceba133af,062ea4d6-2353-434d-b51d-06d7adfa2573,821f14d9-7bc0-4e9b-94af-b8fcb6e5280a
3f6ae168-4635-4dad-b987-564d8e9e903a,5b985c4f-50df-4482-ad92-d13d3000f32b,702c5cb0-a610-4240-9bed-879c69cdb9e7
f9fabc8d-9958-4fcd-955c-60c07712473b,d7572541-f155-4e05-8966-2c23a2078d46,821f14d9-7bc0-4e9b-94af-b8fcb6e5280a
4ee1cf53-0b0f-400a-ad00-0a2b97893afb,857918ee-8646-4f40-854e-6b97a6f4c9b3,702c5cb0-a610-4240-9bed-879c69cdb9e7
58412fe2-2367-4790-aef9-bbd5e44ba2ac,8a87b531-5a89-4c09-a7ee-7aa691487cb0,702c5cb0-a610-4240-9bed-879c69cdb9e7
32be57f6-3db3-4468-859a-7f8172ee9c5a,6c122717-c82d-4394-a5db-2a4fc488d761,821f14d9-7bc0-4e9b-94af-b8fcb6e5280a
c917b891-a27d-4b0d-8432-0a554c4875fd,af26f1dd-619e-4e69-ae52-cd93eb96e1f0,702c5cb0-a610-4240-9bed-879c69cdb9e7
6ffa2b61-3a1c-4493-b695-f1f696e2a7c3,2f836aeb-c589-4e0f-a57c-401b5a4c2a6e,702c5cb0-a610-4240-9bed-879c69cdb9e7
7868ef1b-0a09-4fde-8ea4-22db3c062411,24c85854-8ade-49e1-be42-34f313cdacb8,702c5cb0-a610-4240-9bed-879c69cdb9e7
69be268a-dd83-4a11-90f6-a5e037248f64,31a2f5ee-b63a-4746-95cc-4e55d3ed6f76,821f14d9-7bc0-4e9b-94af-b8fcb6e5280a
4d228fc2-3fde-4a50-9815-8eac67edb1ff,ca59afb8-490a-4f1b-8d4e-e52f693b4e7c,702c5cb0-a610-4240-9bed-879c69cdb9e7
c62d3dfe-6ba1-4847-bd40-eb7ce3775b27,06452a18-ba99-4e9b-9ef4-4915f13d427a,702c5cb0-a610-4240-9bed-879c69cdb9e7
df8caa4c-4428-4abd-8a9d-6e51b455aca3,761f1c8b-401f-4f23-854c-e48a0f60d430,821f14d9-7bc0-4e9b-94af-b8fcb6e5280a
d0b848d6-e64a-46f2-be5e-50939d32ce21,9f281f38-74a7-4f49-a771-337b3eb16f89,821f14d9-7bc0-4e9b-94af-b8fcb6e5280a
d2026b4d-c742-4eaa-9569-91c224184998,709ebf29-6cd0-4d82-b801-3779423b6b80,702c5cb0-a610-4240-9bed-879c69cdb9e7
5490a8cd-e1b9-47cb-b4c4-d8309fa1765e,59992485-1315-4e61-aa38-0644b8aec2ed,821f14d9-7bc0-4e9b-94af-b8fcb6e5280a
f27eac1b-7271-495e-bea4-4686bc8ecb5a,0c35550f-0c12-4784-a325-70f9f494c257,702c5cb0-a610-4240-9bed-879c69cdb9e7
16e233f0-2b6e-4906-9663-94a303e3fb86,12c1a821-3096-4dd5-82f8-a6de3e614d39,821f14d9-7bc0-4e9b-94af-b8fcb6e5280a
bce540b7-2704-466a-b3c7-2df85562cf97,20c1d311-5724-40ef-ad29-966c002f35a2,4934dc25-aa95-4f0b-80f6-da9704d700d3
8a157161-0d32-4c56-afc4-35fba0ac4f99,2e28e7aa-9aac-4e88-91e3-8af6adebe8dc,702c5cb0-a610-4240-9bed-879c69cdb9e7
769abf03-4c1a-483e-ab95-826d76f9035c,bfa4d289-e6ae-484e-8019-8fbcb7858a37,702c5cb0-a610-4240-9bed-879c69cdb9e7
61af1a7d-957c-4fb5-9911-c837c0907f73,c096be2d-4f7c-47ed-9dc7-742048f18f70,702c5cb0-a610-4240-9bed-879c69cdb9e7
6122c97b-7434-4f61-aad4-42215b21c54e,7897fe75-4228-4a68-a091-c599896c0dd5,702c5cb0-a610-4240-9bed-879c69cdb9e7
8928510b-736d-40bc-ad60-7917c9f7bfae,b6f4a59f-05ff-4b3c-ac9c-99206d7648d2,702c5cb0-a610-4240-9bed-879c69cdb9e7
e63771d0-890a-4599-a483-7137f7756cec,d3aebf3e-88ab-4552-be1e-2d5c10cc6874,702c5cb0-a610-4240-9bed-879c69cdb9e7
96318c3a-d992-45df-80fb-46beb46e83a1,584e0cfd-fe82-4756-9297-823b7ed890e4,702c5cb0-a610-4240-9bed-879c69cdb9e7
fe35b1c9-7d23-4dbc-a79e-781cb4366004,897941c8-dbc9-45db-a80a-9333deb5e6a5,702c5cb0-a610-4240-9bed-879c69cdb9e7
6f1f51f0-c4d2-4ec6-a809-f1d6873d51da,e9f7e6c6-2abc-4490-a6f5-d414d069615c,702c5cb0-a610-4240-9bed-879c69cdb9e7
f1e22086-14de-48d0-bab1-ba755612cd55,ed3e6274-7902-462d-b8f5-771163451200,702c5cb0-a610-4240-9bed-879c69cdb9e7
0c0bf4aa-9a2e-484d-9aef-59440fa94dc2,820113c8-5add-4600-bf9b-33879f290cf3,702c5cb0-a610-4240-9bed-879c69cdb9e7
5d4d2baf-9ec6-4a1b-b2b5-ccdb80193164,ce81141d-c5e7-43f3-891b-485311961b9f,821f14d9-7bc0-4e9b-94af-b8fcb6e5280a
f8e243fe-130a-4496-ae4f-0ca072e4b676,4f2439f4-b58c-4034-aa7d-c31008a8d00c,821f14d9-7bc0-4e9b-94af-b8fcb6e5280a
7c328294-4f8d-475f-8aa2-4ec9684b4f71,beaaeeaf-4945-40f1-a565-cb4c13a4208f,702c5cb0-a610-4240-9bed-879c69cdb9e7
e821e584-5f1b-4fc6-b57c-69e5dca0ef4c,25840607-9658-4071-91eb-980a764226c6,702c5cb0-a610-4240-9bed-879c69cdb9e7
9f29cda6-3acf-4225-90da-63486fcccb43,0e1934be-ad3d-40ac-8ae9-446d53f3af77,821f14d9-7bc0-4e9b-94af-b8fcb6e5280a
981ab43c-2f37-40eb-8af7-a0074da062b0,267fa6f0-ceae-4c7e-8ead-45851ed3082a,821f14d9-7bc0-4e9b-94af-b8fcb6e5280a
df74a330-505d-4af5-a998-c34e4f2f4f07,3198fe73-d252-4c7d-b53d-b5cf7a95cbd4,821f14d9-7bc0-4e9b-94af-b8fcb6e5280a
2390b750-67a2-4b22-a3f4-6cd079917be6,70b0140c-0db3-42d2-807e-69e08a24e78b,702c5cb0-a610-4240-9bed-879c69cdb9e7
1ed83f34-dcb6-4ed4-bd6a-dd174113e148,d5a1eed8-2179-4506-8a74-1d0316675b86,702c5cb0-a610-4240-9bed-879c69cdb9e7
7446a581-7896-4e77-b5aa-8473b320368d,e4ba163c-7ce4-4fc5-b9a9-216327f693a2,702c5cb0-a610-4240-9bed-879c69cdb9e7
b9a8544a-0094-4c2a-b63c-d77a6b217620,5f264d06-0ee4-4ac0-864a-e1e5c59c548b,702c5cb0-a610-4240-9bed-879c69cdb9e7
31f79186-f102-4036-aa84-d0b98aa66047,4f85079b-23e8-47eb-9fd8-9307cba0d40c,821f14d9-7bc0-4e9b-94af-b8fcb6e5280a
d196d8b3-405e-4d54-8dce-01265521d5c6,9f9ee9d8-97b2-413e-9bce-14bd6bef9b38,702c5cb0-a610-4240-9bed-879c69cdb9e7
9d6ddc0e-f02d-4e5d-bb7e-40a405fc62f8,488ad74f-a084-426c-bec0-5b95d1077c0f,702c5cb0-a610-4240-9bed-879c69cdb9e7
06df929f-76ee-4b7d-a31d-cfcd9cb02446,98a12cde-391e-485f-bc39-2c22e703135f,821f14d9-7bc0-4e9b-94af-b8fcb6e5280a
636e54da-f0d3-4c3a-bcaa-d91efbb39ba4,4b78342b-add2-47ac-a6a8-82f284bd5613,702c5cb0-a610-4240-9bed-879c69cdb9e7
1a654fb8-64da-4b88-9363-bb800f478aa3,6d068904-4218-4713-99cd-c155b880f70e,702c5cb0-a610-4240-9bed-879c69cdb9e7
481e8eff-21b6-4829-bf8c-86d7fe2e3139,74f1a768-281e-4147-9318-b225ae8600a7,702c5cb0-a610-4240-9bed-879c69cdb9e7
01841ade-0dcb-4d8d-9f63-21a75cf19cc1,29def0b1-d68d-47df-a713-a896b04ee2a0,702c5cb0-a610-4240-9bed-879c69cdb9e7
1dad0060-0923-4881-801a-fca60bc16f7c,f0cb314d-292e-4f16-9f8f-64ec8704ca65,702c5cb0-a610-4240-9bed-879c69cdb9e7
f27ab434-b484-4d10-a6f7-684699993171,33c71019-b9f1-4aa2-839c-b91bacfa1148,702c5cb0-a610-4240-9bed-879c69cdb9e7
508f42a4-695e-4722-8f5d-1f0d12c591df,450ba7cf-b9a2-4477-963f-f6f18877a5bb,821f14d9-7bc0-4e9b-94af-b8fcb6e5280a
3ab3bb2c-bc78-4a27-b48c-b40a834be83b,ff82edc9-a414-4cb9-8a9b-da21462b3b58,702c5cb0-a610-4240-9bed-879c69cdb9e7
decc8f22-84a4-463f-a597-43eaaebc6da1,5a08ce9e-e7e9-42bb-b617-99753e333a77,702c5cb0-a610-4240-9bed-879c69cdb9e7
9188f358-0c9d-4327-b90b-6d40df0531a3,4a3bc92b-a27e-453d-aac6-1c3407f9da62,702c5cb0-a610-4240-9bed-879c69cdb9e7
007e08f0-3286-4148-b1a6-9b83f965be58,3d7a155b-6dd2-4d72-8292-37b24b7e68a4,702c5cb0-a610-4240-9bed-879c69cdb9e7
d2068552-9466-491d-b226-ea4449c38d59,ebbc7940-f2eb-44ae-9d5f-9a849f37fef4,702c5cb0-a610-4240-9bed-879c69cdb9e7
663f6ff8-7a54-4d01-851d-6a2e90cbbcb4,00e8d036-1f82-429b-91a8-049933667432,702c5cb0-a610-4240-9bed-879c69cdb9e7
5b2e644e-a444-4cb8-8c9a-375ec29ae4cb,0303236d-96c5-4e8e-8108-ffc937300348,702c5cb0-a610-4240-9bed-879c69cdb9e7
95fac9da-42a2-4673-93ea-c0052d31fefd,1a1556e0-3478-408c-a408-558f39b6d203,821f14d9-7bc0-4e9b-94af-b8fcb6e5280a
b58978d4-91e7-4b80-a5c8-a39ef80b9e88,71a5ddba-c758-42a3-a2b6-796068d1bbf0,702c5cb0-a610-4240-9bed-879c69cdb9e7
eed78b01-9e60-4b21-97b0-43ee52164534,d3be00e5-7daa-42d7-8098-c69466e49c60,702c5cb0-a610-4240-9bed-879c69cdb9e7
b2e2bb2d-3186-4c5d-b78f-51e27061f606,b4b760fd-4a18-4df2-a175-7bfce42b89c2,821f14d9-7bc0-4e9b-94af-b8fcb6e5280a
ca843bfb-7fdb-4dd4-8f29-d26a43863511,76c49264-a880-4b99-99de-bd7dcdaa023b,702c5cb0-a610-4240-9bed-879c69cdb9e7
c02f429b-d7d7-408f-99a5-cb8cf0cbd0fe,e0268044-d495-404d-a356-a4ddb7230f24,702c5cb0-a610-4240-9bed-879c69cdb9e7
63d414de-5cd7-4964-bbd1-ce702bcd5e6b,d7386bef-f60c-4951-9bb5-f0e51dc2c1f7,702c5cb0-a610-4240-9bed-879c69cdb9e7
5a4de92d-d0b0-448b-b49e-d8c2014c9676,6e5248e1-1c39-4bb6-b565-1153c5f7367b,702c5cb0-a610-4240-9bed-879c69cdb9e7
3ff11b2c-b323-45d3-a849-7bf289dc9bd9,f72fecd7-756f-4f7d-8be3-5daf7f2c354d,ed204181-0a5c-4ffc-aea7-05dc9d565ecc
48565a78-8253-4948-a268-41c6e44bb62d,608d4ec1-c500-4632-980f-013666312d9a,702c5cb0-a610-4240-9bed-879c69cdb9e7
0a0bff63-c18c-414e-96d6-be34471a0988,ad5cd094-f806-4950-8f25-d97db234031f,821f14d9-7bc0-4e9b-94af-b8fcb6e5280a
adb56cf5-cd2a-4a7f-bc50-7e13ffe07f4c,5272ac74-46a8-4918-9d37-fa9741cdcad1,702c5cb0-a610-4240-9bed-879c69cdb9e7
e50160e5-a0a7-494b-81fa-9e8a51fae816,7bfce916-1725-40a4-8961-3504cb00364b,702c5cb0-a610-4240-9bed-879c69cdb9e7
311b6a7e-9395-40f7-9f67-5b5722d72a9c,6fdb6087-26d5-4d18-aa9b-bda80df5e158,702c5cb0-a610-4240-9bed-879c69cdb9e7
912fe2c6-fb74-45e8-9ac4-a99cbb11ae66,90c6da15-bc94-490c-aad8-9dd5fa1e1bf7,702c5cb0-a610-4240-9bed-879c69cdb9e7
6fcd072d-2033-41dd-8460-c987c64e2961,81a944da-6ee7-401f-a76e-9b863ac44f59,821f14d9-7bc0-4e9b-94af-b8fcb6e5280a
94231d61-16f4-43f9-ae0e-f4c278f4f43c,824818f1-9b17-4cd1-9c66-07953cac8c5f,821f14d9-7bc0-4e9b-94af-b8fcb6e5280a
45f07c2b-f623-464a-aad7-cd366438ae69,c2d6bd55-c68f-4c98-818e-8e520c9b59b3,702c5cb0-a610-4240-9bed-879c69cdb9e7
33e43f02-d10c-4aac-9122-13cddac8411c,3f15b1da-fd3d-4e3b-9f8d-20952a928f58,821f14d9-7bc0-4e9b-94af-b8fcb6e5280a
5b12597b-f1a5-4bf6-b362-0d4f37e569c7,b4c5af9b-c878-48a7-829f-290af0065673,702c5cb0-a610-4240-9bed-879c69cdb9e7
231c5e05-b5d2-4278-bf98-0ee898b049a7,8f075e39-71f8-4199-a486-256e8e364b9a,702c5cb0-a610-4240-9bed-879c69cdb9e7
be6d5357-d137-4ca7-b418-730e4ee3c41b,7144502b-ab47-47dc-9c55-4cb6bff2b7db,702c5cb0-a610-4240-9bed-879c69cdb9e7
10f9b533-20e2-48d4-bf2a-6d9457b4f256,017b0e87-0302-4928-a309-79f40d7dcd80,702c5cb0-a610-4240-9bed-879c69cdb9e7
d4036f31-d0d6-4a79-9ecd-b11e07d6dcf3,acc6919a-31ac-4085-8ed4-32cf0525ad3f,702c5cb0-a610-4240-9bed-879c69cdb9e7
a7358f77-40e5-4ca0-ad81-3798b86f7d50,d94576eb-ef68-4101-ac9c-3b0511348287,702c5cb0-a610-4240-9bed-879c69cdb9e7
0d473b8c-8172-42a6-969b-8846f76675d0,34c26acd-a2ec-4f47-ba69-31de8a0ec8f6,821f14d9-7bc0-4e9b-94af-b8fcb6e5280a
459cbec5-72d1-452c-bc48-c89d93227c00,5931358e-1d71-4674-85a7-194161d0114c,702c5cb0-a610-4240-9bed-879c69cdb9e7
cf6d60db-372f-4717-be62-9e7255231d91,fcee57fc-bb2d-45ce-a95a-f13df3951744,821f14d9-7bc0-4e9b-94af-b8fcb6e5280a
fbfaf57b-0b8d-48ad-8410-fab7698246a0,862a88c9-194b-4c2b-92a2-4b246a3d0efd,702c5cb0-a610-4240-9bed-879c69cdb9e7
df63b2ca-bec9-4dfa-a16f-87cfa0465ddc,eaa86542-f984-48e7-ae00-8c20a348d9b0,702c5cb0-a610-4240-9bed-879c69cdb9e7
4650f46a-82ca-44db-ab1c-d3a64014527d,1fd450da-56f6-4e34-b52d-0e4ce1317771,821f14d9-7bc0-4e9b-94af-b8fcb6e5280a
9fc68a9e-7c06-4b73-b8c0-2dd1ba7d0a6b,f1c48ae5-7eef-418e-a394-ecd249ed1116,702c5cb0-a610-4240-9bed-879c69cdb9e7
e6981c2e-d9bf-4e97-b151-06067ab87786,c76366ef-2acb-4190-8ae1-7ae33d99f04c,702c5cb0-a610-4240-9bed-879c69cdb9e7
e7c90d8e-24cd-4b47-9bd4-ac022c709a9c,7a121add-08ee-4717-b2e5-152b9213a3bf,702c5cb0-a610-4240-9bed-879c69cdb9e7
5fd1f984-db0c-49a9-aea1-9719178fcfb6,0a15fa44-281e-4561-aeec-14a9a3b58c5e,702c5cb0-a610-4240-9bed-879c69cdb9e7
2076c688-5fc0-4963-86fe-077beed6301c,24e36815-5b1c-4051-98de-f1980d2af17d,702c5cb0-a610-4240-9bed-879c69cdb9e7
1914aaee-10a2-4bb9-9534-03f85a29a10d,41997c55-431c-44bb-8ccd-0affe191bf75,702c5cb0-a610-4240-9bed-879c69cdb9e7
07a58835-c47c-4a2f-aed1-397775c45e21,97107e75-6be9-45cf-a264-6250ca7f49b2,702c5cb0-a610-4240-9bed-879c69cdb9e7
9f449164-2035-4a64-ada9-229738ca6bb7,209c1cef-5f3a-43b1-be3c-56f9076a2b47,821f14d9-7bc0-4e9b-94af-b8fcb6e5280a
a68fcf89-2021-422b-b786-886d777b43e6,2cea216d-4cdb-4b8e-8d32-c591e160213d,821f14d9-7bc0-4e9b-94af-b8fcb6e5280a
9dbccb48-eea0-4588-87b1-f71a13de4767,ba614420-6d51-44af-a07a-a4728f42b9cf,702c5cb0-a610-4240-9bed-879c69cdb9e7
b88bfc1a-05c6-49f4-9fa8-5bb73d470373,bc2a27f0-65dd-40f1-a228-9d3177faa7c3,821f14d9-7bc0-4e9b-94af-b8fcb6e5280a
53a8222e-4c2d-40ac-90b0-af24fab43d6b,0ab03488-687d-424b-bd03-dc5d311c0fda,821f14d9-7bc0-4e9b-94af-b8fcb6e5280a
31ca28ae-ad3c-4131-a8d8-19862f0add5b,ee081593-b776-4883-b38a-112c69e318ca,702c5cb0-a610-4240-9bed-879c69cdb9e7
13eb5192-2715-4eff-a4f2-71a8cc66a629,d927a9c5-979c-41a8-aa6d-e5d9fe52740f,702c5cb0-a610-4240-9bed-879c69cdb9e7
bf0e4084-af06-48bb-b0c7-1bc9ca8c604d,ade0daa7-ef1d-4c31-a946-8fbc63d82cea,702c5cb0-a610-4240-9bed-879c69cdb9e7
f85e4cbf-4704-4387-a80b-bafa2c1a5cc5,11c7c4e8-e1fb-4caa-bd4f-e8f83fee306e,702c5cb0-a610-4240-9bed-879c69cdb9e7
5700a41a-ada3-43fa-93cd-456bc43fd73f,cd27cb12-325a-4005-b3b9-9800fee69f4c,702c5cb0-a610-4240-9bed-879c69cdb9e7
01e707ac-1342-4fca-8d0b-a528d73194dd,7f380c14-6cfb-4cff-bbe9-bfabe463e4b1,702c5cb0-a610-4240-9bed-879c69cdb9e7
687ec7c1-3d87-4364-9c2c-f4779001377c,8e678393-8c34-4e7e-aeb0-5848f6985c92,702c5cb0-a610-4240-9bed-879c69cdb9e7
2e35ff23-dbbc-498a-a74e-5a4f196f8f9a,3c22f823-ac09-408c-b8d5-382b1ed0bb0c,702c5cb0-a610-4240-9bed-879c69cdb9e7
d12a3ba8-942f-4373-bab6-c93f120d96d0,33f8dbb2-136a-4ac5-8bec-51a98a8c3a72,702c5cb0-a610-4240-9bed-879c69cdb9e7
986dd448-e05d-4047-b95b-85fd658eb80d,c9bd17d8-9527-4a94-ac42-23074783a26a,702c5cb0-a610-4240-9bed-879c69cdb9e7
c0ba8fa5-09f3-488b-9665-a8a327a5da6c,d29c7d62-d435-4018-810b-487180d96a8d,821f14d9-7bc0-4e9b-94af-b8fcb6e5280a
800b1e4c-95e4-49db-bf93-54dab4514ecc,3f514625-5e34-4a1a-82c9-491564119f45,702c5cb0-a610-4240-9bed-879c69cdb9e7
997e02c8-a620-418a-ae1a-06c1ab29ffb6,a7d0177c-30e5-4579-94ee-73d666b4122d,702c5cb0-a610-4240-9bed-879c69cdb9e7
cdf84ff3-8282-4398-a2a2-9d557892fbfa,c959ea16-91ee-4946-8b8c-9ed88d6e854e,702c5cb0-a610-4240-9bed-879c69cdb9e7
5908dcd6-d299-4a18-af44-82e5c339314b,727ace46-38d6-417b-aa0a-89d0755c54c2,702c5cb0-a610-4240-9bed-879c69cdb9e7
88eba6f6-4341-4f29-919e-55936937348c,f40e1663-41d5-4b1c-9929-0b8e871293fa,702c5cb0-a610-4240-9bed-879c69cdb9e7
2dce5ed3-f78e-476e-84f1-91f47e5d40b2,b2ca6dd3-f866-4b87-b76f-c0736fa831ba,702c5cb0-a610-4240-9bed-879c69cdb9e7
d0ad27d4-29d0-4665-bf40-527f8f42e0d7,616dddec-9e49-4bc4-8a7d-3e5afd82d053,821f14d9-7bc0-4e9b-94af-b8fcb6e5280a
c1133b85-50f4-4bb9-96d7-3ffe70ec011f,c4295ba3-a59d-486d-a532-33ecb08f0735,702c5cb0-a610-4240-9bed-879c69cdb9e7
7815b63c-4abd-4112-9c5f-f7c75278366b,a13a0f2e-a592-4c9f-a573-7c728363d5b9,702c5cb0-a610-4240-9bed-879c69cdb9e7
038f462e-04e0-43ed-bde4-6e06034a4462,142b2b02-d8d3-4248-b4c7-04a9680b458c,4934dc25-aa95-4f0b-80f6-da9704d700d3
2885752e-74ea-4278-a085-ef16a1bcd568,2b1f0d0c-c2f5-4b6a-8956-dee824c4268a,702c5cb0-a610-4240-9bed-879c69cdb9e7
ecde900c-2611-4329-906f-c20f7adc6b4b,b307c54a-de88-46c5-b2a9-59904d7a505f,4934dc25-aa95-4f0b-80f6-da9704d700d3
365b41a2-b4b8-4403-943f-dad87be40a49,e5462d50-d42e-4cc7-8b1c-eac0b9f1fc9c,702c5cb0-a610-4240-9bed-879c69cdb9e7
3c24ecfa-36f0-4448-ac97-600beca5323a,acc04634-d218-43c1-a81a-51ce87070572,702c5cb0-a610-4240-9bed-879c69cdb9e7
e7b63b68-478c-4b86-b688-3bb9db09ced1,de96177a-9e1e-448a-8ab5-d46b6890528d,702c5cb0-a610-4240-9bed-879c69cdb9e7
92c5b4df-c043-49ce-8736-d6451cc84e67,7b3e6c5b-fea2-415f-b89c-95c1ed8e069a,702c5cb0-a610-4240-9bed-879c69cdb9e7
4d756f9c-4fb4-4b79-8318-4050548f2da9,524547b8-67f3-48a8-921a-041b6165903c,821f14d9-7bc0-4e9b-94af-b8fcb6e5280a
0b277743-d057-482a-a56c-95f510b02f9a,ce6510f1-aebd-44f8-a2d5-15ad6eb40f83,702c5cb0-a610-4240-9bed-879c69cdb9e7
77180359-6230-4ee7-9ab3-d431cb45fc95,8349df48-f8a8-4445-92c9-c3f454c5203b,821f14d9-7bc0-4e9b-94af-b8fcb6e5280a
dc79ef3d-e0e8-42b9-8b33-fdccd4391a2f,57625277-2f52-4806-8a77-0d43a9803987,702c5cb0-a610-4240-9bed-879c69cdb9e7
d8d5d541-9de7-498b-bd8a-2c2a89737dbf,ff764f27-e70b-4d70-ab42-47735ee3445a,702c5cb0-a610-4240-9bed-879c69cdb9e7
ebd9f6f3-21d5-4fb1-9717-58b095613e85,2ab14ddd-f686-42ef-bd3c-de51e7282de5,821f14d9-7bc0-4e9b-94af-b8fcb6e5280a
df0e4c1b-7759-4502-8fd3-8c61f7a23c03,0c2d467c-921a-4955-93a4-abad25ecd659,821f14d9-7bc0-4e9b-94af-b8fcb6e5280a
89f632f2-c6b6-4aaf-86d5-1554525be8aa,2dfc0bc4-30b9-42d3-b298-f5b7f6d3c8de,821f14d9-7bc0-4e9b-94af-b8fcb6e5280a
9a19b681-08b4-47f0-bf76-cec8e8c99690,774398e3-d190-4c2f-b976-150e03ebbdce,821f14d9-7bc0-4e9b-94af-b8fcb6e5280a
fcdee7b8-ef7e-4249-a43a-d3b6baa4d594,efb5b632-6cc6-41a5-90b4-e6c94144738b,821f14d9-7bc0-4e9b-94af-b8fcb6e5280a
d3112a76-0c5b-41f1-8e01-a5a4333364c7,8873c69a-ea11-4945-9a6b-31fa2b472b97,702c5cb0-a610-4240-9bed-879c69cdb9e7
f3723902-04dc-477c-a5d1-47b021f3583b,aa376f98-46ed-47a4-9a63-6ec6d519baba,702c5cb0-a610-4240-9bed-879c69cdb9e7
c1b60c46-495c-46ff-aa4a-d3ce2711678d,1c06e910-2bba-431d-a95a-50df4eb4463e,702c5cb0-a610-4240-9bed-879c69cdb9e7
8978feb4-5bd0-48b2-92a0-c6341c30da72,c4db78b9-a5e9-47ad-ba6c-891c66307fb7,821f14d9-7bc0-4e9b-94af-b8fcb6e5280a
aaa6df67-6800-4865-9991-df1df4517244,85fe278a-66a4-4ebb-b6a0-0ac34af4e572,702c5cb0-a610-4240-9bed-879c69cdb9e7
f7f47b7d-904f-4fd1-b153-8cc06d0a8c16,b0e6d8b7-8d02-4383-aec4-1b0edeb30922,702c5cb0-a610-4240-9bed-879c69cdb9e7
8ed37633-5516-46d1-88d8-aa4fdae7bdb8,999df03f-1aac-4a7c-b273-7de694b8e314,702c5cb0-a610-4240-9bed-879c69cdb9e7
0b532d2a-76d0-4495-8dda-c5394a968674,3f5bf3c9-5c71-453a-8f3d-7e2e8d519201,821f14d9-7bc0-4e9b-94af-b8fcb6e5280a
2cca72ee-5f16-43d1-afee-a673060c43dc,e7099855-0ee2-4957-9526-cc4856b8bfbe,821f14d9-7bc0-4e9b-94af-b8fcb6e5280a
3aae6cc5-47e0-4639-950b-773c9a5c9949,d405814c-26f0-4879-9232-559f6bae6503,702c5cb0-a610-4240-9bed-879c69cdb9e7
b608093d-672f-46a6-8252-b410a5a8581e,3ac7aa66-6604-413c-943e-25dca687dc8e,702c5cb0-a610-4240-9bed-879c69cdb9e7
637630e1-ccc1-4288-b8b0-a305b0cfe9fa,56a9299c-62ea-4f87-b18d-17ce373be2a6,702c5cb0-a610-4240-9bed-879c69cdb9e7
ced5c91e-c79a-4796-95ad-5de7c3782abe,88518e16-3f59-40fc-b728-d5959cba7ab7,702c5cb0-a610-4240-9bed-879c69cdb9e7
09c75863-450f-4ff2-9d65-d89aac99ef09,bfd750bb-8865-4f6b-9862-3b9bae78e120,702c5cb0-a610-4240-9bed-879c69cdb9e7
148b6867-e2ca-4e68-a65c-0fcea04deecd,0cea7320-af0e-4d18-8b33-7eae667d0647,702c5cb0-a610-4240-9bed-879c69cdb9e7
10f466bb-8d7f-43b5-9e85-704a70a39a87,b3fdb3f8-58f5-4a42-9e54-51cf9a427a01,821f14d9-7bc0-4e9b-94af-b8fcb6e5280a
0975b222-f0bf-4f6c-a53c-1ed1fbbf6d2e,7007646c-b384-4514-a01e-78fd273ae3d7,702c5cb0-a610-4240-9bed-879c69cdb9e7
fb7df72b-7a2e-48d9-a281-5188a41ff14f,a25aaea9-8687-420e-a619-26b691df912d,702c5cb0-a610-4240-9bed-879c69cdb9e7
b38426e9-e08e-400d-a095-f15f3468b2b5,21e38e01-060c-4647-a52b-eba03457d122,702c5cb0-a610-4240-9bed-879c69cdb9e7
a449edba-5cd7-4f21-936b-85bf9675a553,01cb2ebf-4244-48b1-9703-7ed14fcd2e57,821f14d9-7bc0-4e9b-94af-b8fcb6e5280a
76b9d4d9-fa5b-41ab-98ab-ba39f6a76d43,249a5ef1-2877-4eae-891a-5effd100ec21,821f14d9-7bc0-4e9b-94af-b8fcb6e5280a
cdd41fad-41c9-4166-9dd2-1f0a7e931138,5da3b89e-d4c0-4ae9-9ab7-081923349aaf,821f14d9-7bc0-4e9b-94af-b8fcb6e5280a
7b301b93-0f69-40a4-a2dc-06972e1e14a3,00c60483-499a-488e-bd8d-6350cffa61be,702c5cb0-a610-4240-9bed-879c69cdb9e7
aa5328c5-967e-4996-9db6-c15f054afe4d,f299b307-02e8-48e4-80da-d40799046c73,821f14d9-7bc0-4e9b-94af-b8fcb6e5280a
3a3e3e4e-6c2f-442a-8b9b-8556f7800cfc,14f5abd6-378d-49c5-972d-7c28a9936dc3,702c5cb0-a610-4240-9bed-879c69cdb9e7
c255230d-8ff4-480c-b5f5-df13b7b7e9f3,27ae4b98-6cb8-4bc5-91fa-401211b5ba1e,702c5cb0-a610-4240-9bed-879c69cdb9e7
e00a38c9-afcc-42f5-8f30-81dc30481c24,2b3d8d76-1599-4a44-b096-5dd5e82b1fee,821f14d9-7bc0-4e9b-94af-b8fcb6e5280a
108c4c4c-75b9-416d-b0e6-8a565bc8dc3a,c0f82857-afd6-40cc-91e9-5f4773d25814,821f14d9-7bc0-4e9b-94af-b8fcb6e5280a
32fe92c1-f15b-4fa5-9778-33e3c28a0f0f,60ed6819-dc41-4ec8-a331-4a13cdff42e5,821f14d9-7bc0-4e9b-94af-b8fcb6e5280a
3353d9e8-24d9-4d9a-a3ed-40c75d55dab4,cfbde9fa-b483-46c0-9d68-75c0288608b0,821f14d9-7bc0-4e9b-94af-b8fcb6e5280a
0e362a3f-d773-4089-b65f-1ecc07279e4b,7564c735-bb9a-4137-8d58-afedadc3d220,702c5cb0-a610-4240-9bed-879c69cdb9e7
11884b8c-be2e-4251-a35b-f7eb1d91bee7,e8f2ffc0-619f-47d4-985c-a4c581945240,821f14d9-7bc0-4e9b-94af-b8fcb6e5280a
e8bbfd9d-ad52-424c-9b95-bfc3e939d363,1cedf570-4d0f-4ee7-b02f-3643a7e8267a,702c5cb0-a610-4240-9bed-879c69cdb9e7
4a21ff7f-4aca-4792-b49a-818c1f2d7391,8de2c534-7c21-4a09-8f46-e3078abbf82f,702c5cb0-a610-4240-9bed-879c69cdb9e7
05c2a8a7-5de6-4c8a-b368-ec2be725de98,a9bc7970-a1d9-4949-8fe4-6be9331c1c88,821f14d9-7bc0-4e9b-94af-b8fcb6e5280a
611a101d-fc0c-4c18-9062-5a2ae8e4fa9d,3531b134-098e-4458-a50c-2138a3377325,702c5cb0-a610-4240-9bed-879c69cdb9e7
24a40d42-7009-45a8-a421-5aa2ff46a0f4,0dd237c0-1c7e-4728-8042-4d12cdb4df91,821f14d9-7bc0-4e9b-94af-b8fcb6e5280a
3565edac-fd2d-4f6a-9c06-4e4a3f466d6f,67baaf43-59be-465c-a4f8-ccd5bcec3eff,702c5cb0-a610-4240-9bed-879c69cdb9e7
2b58da0c-7359-40c6-9136-47e91f8f12fc,2cef72a2-3d87-44bd-aafb-d9d0e23e181e,702c5cb0-a610-4240-9bed-879c69cdb9e7
3a734ae4-2a49-4cbb-8da9-022e57787b4c,ed957480-b895-4bde-8eec-0761fea669aa,821f14d9-7bc0-4e9b-94af-b8fcb6e5280a
a940c33d-b583-4e34-aac3-8db6a6d8797d,c1b25f85-1cf0-4f8d-bb04-0c72e29db162,821f14d9-7bc0-4e9b-94af-b8fcb6e5280a
9d4a9b78-5be2-4069-bdab-bf329af8c79d,4dfa85b9-e746-4e1f-8f22-5d214e24f8fc,821f14d9-7bc0-4e9b-94af-b8fcb6e5280a
aef10ec5-7f22-4d97-a14e-246facf7bc07,a20e05fe-4d55-4627-82b3-05d89d839bc5,702c5cb0-a610-4240-9bed-879c69cdb9e7
4c45762b-10cc-4cc4-aa60-261a417184a0,98d02889-aff8-43d9-9d12-2492a9e70fe6,821f14d9-7bc0-4e9b-94af-b8fcb6e5280a
55e8cedc-9c51-4fcc-a062-eec74a3a8a76,4c2293a2-8252-44c7-ae9a-77b8806328d9,702c5cb0-a610-4240-9bed-879c69cdb9e7
057a793e-90db-4fbe-970c-389643add8ae,ba42fc3e-e27b-4ac7-92f2-5b26ef1c0c22,702c5cb0-a610-4240-9bed-879c69cdb9e7
c8377073-4729-4b7c-9d05-b34c4f39673d,73e4702d-0bb1-4b7b-8b09-67be4461fc19,702c5cb0-a610-4240-9bed-879c69cdb9e7
c02dcf11-2ac4-40e8-8e77-1f60b76cfdbd,b49b6ad1-d46d-4276-a3a6-b0d689d496a4,702c5cb0-a610-4240-9bed-879c69cdb9e7
23224442-4228-4906-b746-8fe02d681c9e,fd1bbdc3-c43b-46f9-b173-a2906f181751,821f14d9-7bc0-4e9b-94af-b8fcb6e5280a
219531f3-98be-4da8-b195-31b01239c02f,43638a51-691d-42a8-aa95-0c465f46d1b0,702c5cb0-a610-4240-9bed-879c69cdb9e7
4854ec99-36d7-49ad-98c8-81792d3ae052,6e88956a-d62a-413a-91af-47eb817bff88,821f14d9-7bc0-4e9b-94af-b8fcb6e5280a
dbe28d2c-e4f9-4e01-b32d-4bc134158945,ad998594-cd7e-4567-845a-604d570e3a38,702c5cb0-a610-4240-9bed-879c69cdb9e7
184d12e4-c476-4e03-af2c-918f4ce38d78,99f37c7f-d0f9-4552-9940-5fc63b333397,702c5cb0-a610-4240-9bed-879c69cdb9e7
629d53ae-3b1c-461a-a616-e5d270c9bb60,afbbfdbd-7a4c-4b19-b7dc-61ec8e716cf9,702c5cb0-a610-4240-9bed-879c69cdb9e7
40154583-502e-47eb-bec4-94be33a13c76,40ef8f36-fe4c-4773-81ac-7067146d14cd,821f14d9-7bc0-4e9b-94af-b8fcb6e5280a
93e3eda1-2f57-42eb-88c3-aa536d753609,cd56d22a-37d9-4a8b-9b97-85f664bdd41f,702c5cb0-a610-4240-9bed-879c69cdb9e7
96beb433-b024-4e14-972f-1778508d375e,d091dcc1-e69b-4b19-b85d-5091f4f1a57d,821f14d9-7bc0-4e9b-94af-b8fcb6e5280a
98f74f14-3718-4e03-8b24-1420dda5cdf2,535971f6-0536-46f3-9a9a-85f2896cf1e0,702c5cb0-a610-4240-9bed-879c69cdb9e7
8d9123b6-906c-488c-8a51-713968fd70e2,5a362db4-6fc0-4e16-bc27-88cf14bc9324,821f14d9-7bc0-4e9b-94af-b8fcb6e5280a
08956aef-8372-4b17-95fa-89df97c090eb,6e608702-3722-4ee1-bdbd-8cc6e625237c,821f14d9-7bc0-4e9b-94af-b8fcb6e5280a
52cfd247-88f6-418e-a44c-5b6868c1b9bd,70eed48d-21d5-48fe-988f-01eda4675f19,702c5cb0-a610-4240-9bed-879c69cdb9e7
4c7a56fa-e072-4ab9-b949-787078bed1c0,0b95785c-043d-4dcb-9212-f2992c8ea16e,702c5cb0-a610-4240-9bed-879c69cdb9e7
41eebb2d-e1eb-4381-af0c-7ac6b710eb2c,2c4e7ac4-8012-4050-a42c-17f5cc748e61,4934dc25-aa95-4f0b-80f6-da9704d700d3
b0fbf119-6730-44d9-b91e-2cbad0a1269f,a200f6e7-2540-4501-8733-d7249c134312,821f14d9-7bc0-4e9b-94af-b8fcb6e5280a
35e8337e-cdbb-405a-a7ba-da6ebcb7f22c,a242002e-2850-4af2-87d2-7a78e6543941,702c5cb0-a610-4240-9bed-879c69cdb9e7
734ca5b1-b93d-4fd6-af21-9450eae0cc74,27400b61-8225-4c02-b221-fa140c906cc1,821f14d9-7bc0-4e9b-94af-b8fcb6e5280a
b5da0b1e-43d9-4b6a-abc3-0a372be862c4,eae3668a-6aed-42c2-b2d2-85ad52f46633,821f14d9-7bc0-4e9b-94af-b8fcb6e5280a
9b214412-0707-4c1e-8079-68bd77309eb4,d444d5fb-0046-449f-914b-fcc0c0fee1a2,702c5cb0-a610-4240-9bed-879c69cdb9e7
015236ba-be64-4f45-bdd1-354a77a0b297,38df019b-6268-4377-9c71-a4744f2fc6dd,821f14d9-7bc0-4e9b-94af-b8fcb6e5280a
57f86339-fce6-4daa-a18d-86ae179e8de7,2fb05633-488a-4d4e-acca-2e5081ba9a4e,821f14d9-7bc0-4e9b-94af-b8fcb6e5280a
84dc8517-8d8e-4ded-8875-33cceb66a9e8,b6276fe4-d25b-4003-8e65-535a0c6bbaf6,702c5cb0-a610-4240-9bed-879c69cdb9e7
ed4b53f0-c8e5-489f-b290-8737c1eae58c,f2bfd9bb-0c45-40ff-a376-64e1b1305736,702c5cb0-a610-4240-9bed-879c69cdb9e7
0d5fea07-657f-44db-8cc3-d3e398dda4a3,7a6505d1-f5f7-4102-9a51-038f0197f8b9,821f14d9-7bc0-4e9b-94af-b8fcb6e5280a
3e0433e1-bfd8-43d2-b300-9fe53e8ba7f5,ae948e33-4d99-4bea-9869-484ef406142a,702c5cb0-a610-4240-9bed-879c69cdb9e7
fd1d9a61-e0ee-42c2-9a25-bd51dbe56e4e,83daf102-dcc9-4ff1-9ebe-fd652ffbb010,821f14d9-7bc0-4e9b-94af-b8fcb6e5280a
5def08f6-2681-4eef-b7ee-a277abbed00f,f8ca5e06-07d0-43da-b3c1-d2de03f31fe9,702c5cb0-a610-4240-9bed-879c69cdb9e7
8f239c06-7042-4af8-9fec-647409296aae,1f0baaaa-1bac-4c1a-a7aa-db1ce9ef831a,821f14d9-7bc0-4e9b-94af-b8fcb6e5280a
5f54938d-00bb-431c-aff5-6660ca99a3c3,7d70a8d7-95da-42a5-a71e-16ccb9744159,702c5cb0-a610-4240-9bed-879c69cdb9e7
8ce89c85-696f-48ae-bad6-1bdfcf2ca140,b8636ebc-4fe0-4243-978d-164122a6a22c,702c5cb0-a610-4240-9bed-879c69cdb9e7
f1a299db-f77d-445a-a4f7-631fafcb942c,4f19f377-b85e-413a-ac02-bfac62672736,821f14d9-7bc0-4e9b-94af-b8fcb6e5280a
72e00e92-5a49-4abd-bec5-cf70531e6b86,ab4731ff-f918-4a1a-9c96-081214047a09,ed204181-0a5c-4ffc-aea7-05dc9d565ecc
32f92d5a-efc0-4781-88e0-0eac6d473270,68559d47-c290-49d5-a61c-a9f5fbaa2909,821f14d9-7bc0-4e9b-94af-b8fcb6e5280a
38ed1fad-8694-4f13-ad9a-baa466959201,8cce4071-f0e4-4673-86dd-4080a3731aa6,821f14d9-7bc0-4e9b-94af-b8fcb6e5280a
9986d147-b0db-4bd4-a612-23b4ce5ac3b6,7fda3c13-852c-4dc8-80c1-2331f90f371c,821f14d9-7bc0-4e9b-94af-b8fcb6e5280a
6fa4b063-e476-4d8f-9ebf-1563f7457a5c,f979d072-ebcc-4778-b263-d01732ceb01c,702c5cb0-a610-4240-9bed-879c69cdb9e7
3a1aa47b-bd81-4342-bfa1-05ae7df1b9d5,e53b1092-1791-4bc7-b07c-dd38dd105222,702c5cb0-a610-4240-9bed-879c69cdb9e7
b14e08fb-571e-421a-99a7-ab1fac55ec08,f7cc50d7-4602-4d03-ac2b-4df0409afab8,821f14d9-7bc0-4e9b-94af-b8fcb6e5280a
5a64c6f8-5f34-4580-a0a3-ddd47bac8b1a,c8248f0d-c33c-492b-85bf-186636a2f42b,702c5cb0-a610-4240-9bed-879c69cdb9e7
d4d7b872-02e6-4d42-a307-55d5f95c55d8,07f3a186-82ce-4540-bad6-939f4ba1e047,702c5cb0-a610-4240-9bed-879c69cdb9e7
338a2183-7caa-4586-ae20-319617735685,283b18eb-a6c5-4598-b768-dbb23b722eb4,702c5cb0-a610-4240-9bed-879c69cdb9e7
4130a8fd-60a9-4fc6-b757-317b448f2545,bd36a367-24eb-4f31-88ac-fb072134bf09,702c5cb0-a610-4240-9bed-879c69cdb9e7
a0008e9a-c84c-4871-95fb-1535aafd434b,51280e7c-5712-4ff8-b27d-171eea631913,702c5cb0-a610-4240-9bed-879c69cdb9e7
68cd86b7-ff28-4c74-9e5a-ec404a941ff2,875043c5-c93f-493e-afa5-fa1d3adb47a0,702c5cb0-a610-4240-9bed-879c69cdb9e7
65137837-5681-4f87-9216-bbbfd0432100,1b6e5fd5-1d72-4ccc-942c-54848ea54487,702c5cb0-a610-4240-9bed-879c69cdb9e7
4014078e-15ee-452c-84e8-8d34c0a58300,5b53c0a9-5bd7-4379-a4de-4062570324f8,702c5cb0-a610-4240-9bed-879c69cdb9e7
f91bce0a-d82f-49c7-bceb-e249745cc51e,5fc53b57-299d-4f0e-b6a2-67410b1d4661,702c5cb0-a610-4240-9bed-879c69cdb9e7
5b4fe3e1-77bb-4cd3-b6d2-a551690d5dd7,06cfadab-fd92-4053-b25a-3055090dd0e1,702c5cb0-a610-4240-9bed-879c69cdb9e7
1b68e4ff-f2ff-4966-b771-9e9f593e7788,6b77224b-03b7-4b39-8fa0-8d1887b8b8c5,821f14d9-7bc0-4e9b-94af-b8fcb6e5280a
7cfc2b36-3e5c-48be-a9e8-05aa22c849ae,73bc74a9-e95b-473e-9773-0a7ed2a01681,821f14d9-7bc0-4e9b-94af-b8fcb6e5280a
52bedb89-9c58-47c2-b6cb-f188415283a2,d010296d-c527-4409-aea4-7d3dc0df7790,702c5cb0-a610-4240-9bed-879c69cdb9e7
2162c5e8-51a5-459c-bd3f-4e4216f082d7,7c2db3f2-46be-428a-bf71-c3daa463d608,702c5cb0-a610-4240-9bed-879c69cdb9e7
1adc6bbe-76bb-411f-b72c-d7b04fc06ffa,c2316982-467d-479c-8e15-d1a923a6ef37,702c5cb0-a610-4240-9bed-879c69cdb9e7
65f2f374-67b5-4d33-a762-127b808e8775,97d3325f-ab7c-4eca-906a-e1126ad76d8a,702c5cb0-a610-4240-9bed-879c69cdb9e7
8ea7cadb-b5a4-44d9-9a07-b1d69d895328,920d192c-a202-4ba3-a8cc-340b5f004cd7,702c5cb0-a610-4240-9bed-879c69cdb9e7
a5066aa9-6476-462c-af41-c4ecfe7e05c8,57cf334c-f47f-4115-81d8-12924521a31d,4934dc25-aa95-4f0b-80f6-da9704d700d3
f6ac1127-300d-4759-a31e-56febfcfafa4,2d27e2f9-ade2-4b3d-9433-60d734b95570,821f14d9-7bc0-4e9b-94af-b8fcb6e5280a
9745b1b2-7705-4e20-bad9-96df60676e2e,0add7baf-9598-4327-a6fb-81aac9bc2642,702c5cb0-a610-4240-9bed-879c69cdb9e7
960ff1c0-2364-48aa-9f97-2d48a003b4f4,a9b462e9-6081-4cb5-b78e-29cec9b4ad9b,702c5cb0-a610-4240-9bed-879c69cdb9e7
7159d43b-c3ed-4f07-805a-60d9fae4a969,421ed0ca-9f3b-434c-87c4-fbae1197cd0c,702c5cb0-a610-4240-9bed-879c69cdb9e7
c1826339-f74e-4c63-9482-12ccff8c8e1c,53966355-6c13-46d5-8236-f93ccb0537fb,702c5cb0-a610-4240-9bed-879c69cdb9e7
117e497b-1bcf-457c-88d7-b37822e3903c,345f1b60-6745-4e89-a1ef-26256e38711b,821f14d9-7bc0-4e9b-94af-b8fcb6e5280a
f00b54ac-eb7e-4baa-be20-b54b13dc8976,07374b51-ab7e-43c7-8478-e6c796c9dd6e,702c5cb0-a610-4240-9bed-879c69cdb9e7
d956cb63-b2a1-4bac-9e2f-e813c134fb0c,2e45cc3e-2a1e-4272-9669-f5f3e32ac0cc,821f14d9-7bc0-4e9b-94af-b8fcb6e5280a
c0a737e1-4b8e-4431-84dc-d6920a88a03b,f6ed3a8e-e8af-47df-87f9-6b643f0799b6,702c5cb0-a610-4240-9bed-879c69cdb9e7
3c516357-924b-4791-aa1e-6fa73e6313bc,b09969ea-2024-4c87-b306-2594ad255b55,702c5cb0-a610-4240-9bed-879c69cdb9e7
12597dc2-c39c-43c3-9e11-338532b97b6f,cc13a5bf-b312-4b1c-8530-c9459e881622,702c5cb0-a610-4240-9bed-879c69cdb9e7
498f2be5-fe08-45f9-894c-bf3d411bf1a1,fdfd3ef7-6616-4b8a-90d7-f98b1cedc99f,821f14d9-7bc0-4e9b-94af-b8fcb6e5280a
effe6bcc-2c9c-4722-8d4f-bb00c2af4b7c,11eeba7b-4c01-4d95-a508-b591d56c9775,702c5cb0-a610-4240-9bed-879c69cdb9e7
72a7aebf-e3f7-4cb8-8fd7-344d8121c467,a56b0a86-2143-443f-ab69-1d2d2b902c19,821f14d9-7bc0-4e9b-94af-b8fcb6e5280a
439d5c6c-404c-4d1a-b8a3-a8d7bcf8a40b,cd522340-4dcf-4e1a-b4b3-164aa5f79516,702c5cb0-a610-4240-9bed-879c69cdb9e7
6b1be3b0-a839-464d-b737-f3ffc2eb7866,34fd1251-6f55-4e8b-8ab4-8b3db499301e,702c5cb0-a610-4240-9bed-879c69cdb9e7
4d1ade9f-521e-450a-8385-9ea0751597cf,b6b1115f-88bc-4441-a355-e8e9bb667f1e,821f14d9-7bc0-4e9b-94af-b8fcb6e5280a
fa399b9e-5171-4fa1-ac55-4e5baa411b46,11c2c819-80fe-4f91-9551-9a4e62fba91b,702c5cb0-a610-4240-9bed-879c69cdb9e7
86b4e31a-5253-40ae-b3d3-052138bca760,ef309d07-038d-468e-bd20-bfb4539d1df3,821f14d9-7bc0-4e9b-94af-b8fcb6e5280a
be046040-9e8c-44cd-afd7-54a787b97005,c3fabce4-9922-4f11-b1df-e45e5c22e51b,702c5cb0-a610-4240-9bed-879c69cdb9e7
a2f4a107-5761-40d8-9613-047ea6a6497c,153155de-b0d8-45bd-b9ce-56cd85649fde,821f14d9-7bc0-4e9b-94af-b8fcb6e5280a
6954c0f7-64dd-41ce-a2b9-1e0a9bf74d04,a35c95b5-cb90-40a7-bd08-b1ae067e735e,821f14d9-7bc0-4e9b-94af-b8fcb6e5280a
67780366-392f-4468-9cad-5814c643e393,330ed223-8a4d-40d5-ba49-f8f12563f939,702c5cb0-a610-4240-9bed-879c69cdb9e7
54094e5f-89fe-4c28-8e52-1222c569c284,fa714594-cf2e-4297-b845-eb803662f58a,702c5cb0-a610-4240-9bed-879c69cdb9e7
a4aa1026-773d-49fe-b31a-373389d455dd,c62c19ab-c736-4047-9850-dbb78d4f1c1a,702c5cb0-a610-4240-9bed-879c69cdb9e7
a1dc09b7-dc44-4b55-9a31-6e5141bc8e9f,4f67d67a-386f-47a8-9eca-82f4667edeec,702c5cb0-a610-4240-9bed-879c69cdb9e7
1b80f849-0e0a-4fd0-bd1d-214660b604dd,3477b2a9-2abb-4ace-94fb-67ed9192bad7,821f14d9-7bc0-4e9b-94af-b8fcb6e5280a
5e30d798-89f0-4cb8-823a-e130f79118f5,4279e17b-bdce-433f-92f7-b549686ebfa2,702c5cb0-a610-4240-9bed-879c69cdb9e7
3fa6fe3f-0058-453d-8fee-5f32fb48a79a,583675fc-68a9-40a6-8d20-b1ff61f5f8d0,702c5cb0-a610-4240-9bed-879c69cdb9e7
848a118e-b592-484e-9098-f23da6c61269,95bacf46-117b-4982-994b-991466d0f2dd,702c5cb0-a610-4240-9bed-879c69cdb9e7
a7849b13-17bb-4c71-ac0c-8ac28392702b,b5c16afa-ab75-43ca-9eee-ea5ea5e4a1a1,702c5cb0-a610-4240-9bed-879c69cdb9e7
5d0aca63-cff3-49bd-902a-92f1a545dbed,1de8df91-477a-4435-8d97-44a390c15900,702c5cb0-a610-4240-9bed-879c69cdb9e7
8f971731-2b54-4505-86f6-ee07143d1d42,63b921d1-69d2-46f8-8bbf-31b163518086,821f14d9-7bc0-4e9b-94af-b8fcb6e5280a
c47c12ce-d354-4c6e-a17e-ec6b4e5b15c4,1998b0cd-b977-4805-8bf7-c97d5580c325,702c5cb0-a610-4240-9bed-879c69cdb9e7
59854bbd-b557-4c27-95c8-c265ae104e01,83d02300-bbb3-46ca-9711-fdafadfb5947,821f14d9-7bc0-4e9b-94af-b8fcb6e5280a
c103a405-c980-4195-b7b9-93c1c5cec647,92c48e9a-c9d7-4e49-b98e-8865a98416a1,821f14d9-7bc0-4e9b-94af-b8fcb6e5280a
da88f7af-3491-4790-9f31-7a05e2c046ec,a6f27c33-539c-4716-b083-1394456d64c9,821f14d9-7bc0-4e9b-94af-b8fcb6e5280a
8aef6fe7-b8d9-46fd-834f-0bfa219dc622,2d90fa41-f695-4bbc-b7ce-c1b3c532b376,702c5cb0-a610-4240-9bed-879c69cdb9e7
e4a20a0e-9ec7-48d2-aedb-61e7953ead4a,d5cb0e76-73d0-425b-a161-1feb1a7aef42,821f14d9-7bc0-4e9b-94af-b8fcb6e5280a
28f0040d-ed74-420e-839c-3661f6caac3d,6c892e51-f5b9-4bc3-8853-1f021b3a81e8,821f14d9-7bc0-4e9b-94af-b8fcb6e5280a
732cbeb9-a3f5-4cf9-af41-b0bc98524cf8,574c7241-b2d1-4314-bae7-add2ff405d48,702c5cb0-a610-4240-9bed-879c69cdb9e7
a4bf9ed3-7f2f-4848-8039-9dedfe4ac182,6a62e654-b2ba-4824-9a74-c6b7a44b9101,702c5cb0-a610-4240-9bed-879c69cdb9e7
8d293cd1-a182-4495-907f-a59e19a2d967,a4dfdd55-301f-4673-94bf-2c50bcdfa5be,702c5cb0-a610-4240-9bed-879c69cdb9e7
25709d89-50e6-434c-900e-b4c1ec80ca31,7dd5c1d0-694b-4b16-868a-c0b5ee7e417d,702c5cb0-a610-4240-9bed-879c69cdb9e7
62920a56-44eb-4ab8-8d0a-7c6738389c3e,b072ae78-6266-4cf6-86dd-89bbeadb4496,821f14d9-7bc0-4e9b-94af-b8fcb6e5280a
3afc47b8-d87b-476e-8bbb-5c1393a8a31c,83d62b00-51c3-426d-b01a-0a368ca62316,702c5cb0-a610-4240-9bed-879c69cdb9e7
cef893aa-3a1d-416b-9930-7b59ebba0a88,154211ed-7d45-4408-aa13-d993d17c37e2,702c5cb0-a610-4240-9bed-879c69cdb9e7
609050df-c618-49f7-aa09-473394c6d477,2ebafe7d-da4f-4212-be1c-54fb42e5ac34,821f14d9-7bc0-4e9b-94af-b8fcb6e5280a
060da365-7db2-43a6-9f71-c40a8bb67ff3,324a2010-9232-4b4c-96b2-51aa92aaf36d,4934dc25-aa95-4f0b-80f6-da9704d700d3
5c4ccc81-092b-456b-9fb7-5973bdddaf5b,79621479-4c66-4262-963d-80fde4481c02,821f14d9-7bc0-4e9b-94af-b8fcb6e5280a
f68d12f3-df49-4b1c-926e-4f73564a484b,80a48c01-2f94-4013-8517-60b2f58fc9cf,821f14d9-7bc0-4e9b-94af-b8fcb6e5280a
1c81b07a-41d2-4467-8814-60a2df7fad84,d214b473-8aba-4943-9701-cb79ec2b738d,ed204181-0a5c-4ffc-aea7-05dc9d565ecc
4afb2c58-1aa0-45d9-b1bc-e4020c63e55d,0af97d03-a622-415f-9ebb-524b09bdab60,821f14d9-7bc0-4e9b-94af-b8fcb6e5280a
2e483086-a9bf-4b92-a5f7-326c15241f4a,ad028286-fd05-4c67-8e0a-cda9e8b11e86,702c5cb0-a610-4240-9bed-879c69cdb9e7
976e890b-2a91-4feb-9886-1ceee1d77f1b,b3fcd010-9f76-4eca-9890-7392052ed8e6,702c5cb0-a610-4240-9bed-879c69cdb9e7
c72b92a4-e1ed-4bc4-8f85-5276c5de7278,1d5c2c8a-aaad-43ef-a545-8a905b942aa2,702c5cb0-a610-4240-9bed-879c69cdb9e7
a383c4b2-9ad7-47b7-b735-b775553c20e3,31e6ffa0-3c73-4d8e-ac0d-31aa7e1f9db2,821f14d9-7bc0-4e9b-94af-b8fcb6e5280a
da1b7c4c-c8d0-41d2-a67b-c88a7eb88808,99b9d337-65d9-4420-ace0-c5a65b6e2f21,702c5cb0-a610-4240-9bed-879c69cdb9e7
beeea5b9-cc53-42be-bbb7-3ecbcc5182a0,a8a58e02-a38b-4516-ac90-8a1f9f162065,702c5cb0-a610-4240-9bed-879c69cdb9e7
b7ac80a3-ba5b-4e8c-9b4d-cb3e70566748,b27deb7e-ac28-4ecd-af44-4cd430a1ea29,702c5cb0-a610-4240-9bed-879c69cdb9e7
23842143-d49c-43cc-8554-c1949b385383,7611ea75-d98b-4800-a9cf-73a1c229c232,702c5cb0-a610-4240-9bed-879c69cdb9e7
8ad929a9-1be0-43f4-a132-cea5b5bbc798,523d0dcd-dba8-4fc8-beab-41b4a64aa9f2,702c5cb0-a610-4240-9bed-879c69cdb9e7
1961c786-bde8-49d4-ab9f-f32328eebc3e,c0b0777b-65c3-404c-b1b1-7935e540c99d,702c5cb0-a610-4240-9bed-879c69cdb9e7
1cac0719-f971-4cb9-80a0-c1116e88c0c7,25fb95e3-c0a2-4da9-a283-e6d136ce5938,702c5cb0-a610-4240-9bed-879c69cdb9e7
a59d8409-e8d0-4b33-b7b1-33b5e1183bf0,79b8ec21-82c0-4553-b09e-ab56e9fe8a94,702c5cb0-a610-4240-9bed-879c69cdb9e7
a24484be-0098-4b20-a65c-4c6fa7342eda,3635df57-f5a1-4ae2-944c-afb90297280f,702c5cb0-a610-4240-9bed-879c69cdb9e7
750de42f-a2ad-4c06-a8a9-d680044dcc13,4bbe9ef4-e8e5-4b03-9805-f71d3bff247d,702c5cb0-a610-4240-9bed-879c69cdb9e7
e92687d0-95a9-4ae7-aa1f-aae1ea92f16f,4d5d84b4-ca88-45be-859d-99ea9820a2ba,702c5cb0-a610-4240-9bed-879c69cdb9e7
89e4f288-7469-4100-ac64-b96fee0f0e66,182578ad-ed03-4fe4-a5d1-a05305e226c7,821f14d9-7bc0-4e9b-94af-b8fcb6e5280a
e8d9f123-6a83-467d-a3eb-59d8c200b657,8c4a60f2-6571-4872-9507-2f3f27923625,821f14d9-7bc0-4e9b-94af-b8fcb6e5280a
32ea55e1-0af0-4303-b0f7-c6ed02997bdd,e399bf00-52da-4c5d-87ec-9bd35adb5c14,821f14d9-7bc0-4e9b-94af-b8fcb6e5280a
82a80206-2946-4eca-a117-cfffb08b88af,97645485-4fa2-48e3-b0a3-506bdfb700e5,821f14d9-7bc0-4e9b-94af-b8fcb6e5280a
03c8ae55-4b0c-4d2a-b336-74221deb1287,42144c46-dbeb-47ca-b47d-c728cc6be28a,702c5cb0-a610-4240-9bed-879c69cdb9e7
e980300e-5152-4d86-b391-00304a6d57b6,c0a87455-8c9f-4649-8efc-78fca599c15f,4934dc25-aa95-4f0b-80f6-da9704d700d3
c89483b6-0ad9-4698-a5b1-0186b84fc90c,44622368-6ad0-4df5-9674-347825bae941,821f14d9-7bc0-4e9b-94af-b8fcb6e5280a
cbf23381-189d-4fd4-96f6-15e46cae7886,a6c570b3-fcee-4994-ae45-6049a547958c,821f14d9-7bc0-4e9b-94af-b8fcb6e5280a
7c123720-1513-4a19-9ab9-65732b3e78ad,051258b3-53a4-4173-aa30-be88fb1c5dc6,702c5cb0-a610-4240-9bed-879c69cdb9e7
bfff62f8-a811-44e4-9179-798b4fb95512,286b47a7-e670-448f-93bb-55c1b45bed41,821f14d9-7bc0-4e9b-94af-b8fcb6e5280a
ec9d5e26-48d9-41d1-80ee-9d089c6d7a99,957dd4f0-769e-4013-b25e-fa87fb7ce4b9,702c5cb0-a610-4240-9bed-879c69cdb9e7
3b53d9e9-650c-4db7-9f15-232b7c38d1cf,35679204-68b5-488e-8212-e20504add814,702c5cb0-a610-4240-9bed-879c69cdb9e7
5305104d-16f8-41b8-8944-340c9bfb93be,d9d5ec87-b7a7-4f21-a8b5-9b8ef919e0ae,702c5cb0-a610-4240-9bed-879c69cdb9e7
d4173425-cd0e-4e0e-a0bf-8387f0dc83d0,8567b911-dcbc-49e0-ac34-a14885be4217,702c5cb0-a610-4240-9bed-879c69cdb9e7
ea4cbb35-1df7-4d0a-8ec3-0517ac873403,9ba3aff2-419b-47e2-866f-b55716a8713c,702c5cb0-a610-4240-9bed-879c69cdb9e7
c913b8fe-a78c-44ca-b6c5-e4184554290c,5a1bba35-6e9e-4a60-ba99-1c5121497e0d,821f14d9-7bc0-4e9b-94af-b8fcb6e5280a
310d4e9c-0186-469a-ad73-7f279533c086,de9a123e-50bb-4128-a796-4c68f5e54798,702c5cb0-a610-4240-9bed-879c69cdb9e7
39835f76-bc3b-4a79-91c4-206e04fbdab4,86bd5e66-1a78-46d4-99e2-8161c1ec15be,702c5cb0-a610-4240-9bed-879c69cdb9e7
f5e6a896-ade1-4631-b4ff-ea481063953d,ea5fab25-4bcd-4b3d-8b8b-fc9399a66ed0,702c5cb0-a610-4240-9bed-879c69cdb9e7
753b84a5-9a18-4e3a-84ba-12ba1e967f6c,bd4db0b6-4a8e-4468-a518-3ba6dab334f3,702c5cb0-a610-4240-9bed-879c69cdb9e7
45606c7d-14ee-4b41-8d5c-eaa1a90a6cc9,9fb9293c-0666-4363-a658-288987e19dbb,702c5cb0-a610-4240-9bed-879c69cdb9e7
ca4a261c-606e-4d6c-bb33-4be7f19547b7,d8bf585b-10e1-4292-82bf-75f48e73784b,702c5cb0-a610-4240-9bed-879c69cdb9e7
587a89b7-d085-48cf-9feb-43704b0e5267,8eee1926-11f1-41a5-b41f-fe8d07ae71eb,702c5cb0-a610-4240-9bed-879c69cdb9e7
8079bd89-d6b5-4366-897a-5822e84a6c83,e0b267ec-6b33-4197-ae41-997a90bd1876,821f14d9-7bc0-4e9b-94af-b8fcb6e5280a
90449ea3-b0f3-47a6-b901-f28732edc620,b8cbada8-310f-48d7-aa66-47a190a06c4d,821f14d9-7bc0-4e9b-94af-b8fcb6e5280a
41c2b744-c65e-41a7-9982-02072e661082,0814d109-94e4-46f1-b32c-3187423bd9cd,821f14d9-7bc0-4e9b-94af-b8fcb6e5280a
dc8823b2-2b70-46c9-91a1-f695278df83a,65a18683-a7bc-4e79-a9f8-8122832c179e,821f14d9-7bc0-4e9b-94af-b8fcb6e5280a
9238cd96-fa07-47ff-96aa-4a468f919299,8f21ced3-e04b-432e-beb7-4bf685a6dc58,702c5cb0-a610-4240-9bed-879c69cdb9e7
58188b5e-379a-43ec-9a55-f09a4a62bdba,16fc36c1-2168-4d08-9813-ceafe87a37b8,702c5cb0-a610-4240-9bed-879c69cdb9e7
2553883b-7443-4a22-976f-de9ec3abb563,b3bcdbb3-590f-4528-b447-de6b00534fbc,702c5cb0-a610-4240-9bed-879c69cdb9e7
74726a60-9ce3-4e65-aa95-fa3a83c44ed9,018a2e38-fee1-4661-8d09-3d48daa89127,702c5cb0-a610-4240-9bed-879c69cdb9e7
9befa7ef-a435-47d0-93e3-60624f9f9373,294a86f0-76d6-4539-84a0-c3a63d720eb4,821f14d9-7bc0-4e9b-94af-b8fcb6e5280a
40fcbee0-17d2-495f-9cf6-e63a78d60c03,5b47354e-61d3-4647-8ff8-d7f1bf5259a4,702c5cb0-a610-4240-9bed-879c69cdb9e7
2ab16a72-2935-4467-80c1-5f7f10017dd8,adc20ae1-f059-42d0-bd61-eb896f9c4a34,821f14d9-7bc0-4e9b-94af-b8fcb6e5280a
9a1ec10a-6bb3-433e-9e45-2a9d9dc271ce,78758012-0513-4e1f-b352-8ceb464cdced,821f14d9-7bc0-4e9b-94af-b8fcb6e5280a
86df786d-c45f-46c8-b70b-b680a4070e08,6e36d07f-ccca-4de2-9d52-3d0c3ff6be41,821f14d9-7bc0-4e9b-94af-b8fcb6e5280a
83e6c2a8-8dcd-4cb9-8c53-37f18cdb563d,d03de58f-560e-4d65-b3fd-a5b42503df74,821f14d9-7bc0-4e9b-94af-b8fcb6e5280a
d9320e20-124a-418a-b9e3-d66a893f659c,1dad7aa6-c0b1-4070-a3fe-fa1b2920127c,821f14d9-7bc0-4e9b-94af-b8fcb6e5280a
1ee32ecc-897f-4ea8-910d-9a0a2d9c58cf,d0c4695b-d0ef-498d-8d3c-1d78d32a9cc8,702c5cb0-a610-4240-9bed-879c69cdb9e7
d08d1f0c-e184-4223-900b-43caefbd4e79,3a0636da-e12e-4b80-bd87-df64ddd86c9d,821f14d9-7bc0-4e9b-94af-b8fcb6e5280a
b1b23f94-cf0b-4ae1-8440-ab89f32095db,117bb669-5dd1-48b7-a6e5-f0ae59f50d7b,821f14d9-7bc0-4e9b-94af-b8fcb6e5280a
160d5022-f159-4e4b-bdd9-6006445574ad,b57d3bc3-8604-4d45-8789-ca4b6a092fb7,702c5cb0-a610-4240-9bed-879c69cdb9e7
1e2b591e-677e-4875-a9d6-cc59530d481b,a8f292a8-a75f-4071-ad33-76391b17a0c0,702c5cb0-a610-4240-9bed-879c69cdb9e7
6ffd91b1-2d1a-4677-b3bb-94b8869504d6,a094a9dd-e103-4061-982d-725d682bb675,702c5cb0-a610-4240-9bed-879c69cdb9e7
f2490626-2fa5-4f89-bc6d-20c7f1b71e52,5ace9725-b344-4f05-adbe-997033885cd7,821f14d9-7bc0-4e9b-94af-b8fcb6e5280a
fd987605-d42f-4fac-8ccd-91e7a455f234,96c89d07-1204-4a72-98f2-d7f5d3382aff,702c5cb0-a610-4240-9bed-879c69cdb9e7
c29a202c-abfb-4bc7-a690-2b3658f8e8fc,504d9018-9522-4f19-90ea-da609b5be80f,821f14d9-7bc0-4e9b-94af-b8fcb6e5280a
d42a9dcf-e817-492b-b457-4fc0986235b8,55ab10e7-ecad-4772-ae0d-07a34b4d8ee7,702c5cb0-a610-4240-9bed-879c69cdb9e7
e8157ced-f382-47f4-878f-bf945d3d2f5e,8d46bc8a-2336-45c3-935f-e65ee0e4efa3,702c5cb0-a610-4240-9bed-879c69cdb9e7
b02d8328-f1cc-4c8c-baca-158282765b7d,11e7a589-1572-44a4-bc01-fa5a9d9632b6,821f14d9-7bc0-4e9b-94af-b8fcb6e5280a
febde77f-e719-427c-87c6-0e4f843d5377,a2cbc518-d0e9-46cf-852e-2d10b654e8e4,702c5cb0-a610-4240-9bed-879c69cdb9e7
d4a3d1e0-91e9-4d05-9376-4cc1d2e6fb7f,ff1b5428-980b-4ee9-81af-1ddcb4abd525,702c5cb0-a610-4240-9bed-879c69cdb9e7
ae5fa2e9-e1b1-42e6-82d8-27c4a048c679,0a1f4eac-76f6-43f4-99cb-aeff75fa3847,702c5cb0-a610-4240-9bed-879c69cdb9e7
76195f8a-6678-451b-9ee8-34c359846d30,8390b3f5-ca1c-4be0-8121-f606967e2c30,702c5cb0-a610-4240-9bed-879c69cdb9e7
b73c0f18-b2ab-4e53-a1d6-a147b9029f1c,6c077ae8-0c59-4349-8cbf-ace75441ab37,702c5cb0-a610-4240-9bed-879c69cdb9e7
1d018927-9cdb-4367-bcfc-6ae7023d5f3d,0b3f93fb-1247-4051-acab-e2098402cbe7,702c5cb0-a610-4240-9bed-879c69cdb9e7
cd94dc11-a700-40f4-b903-6bb28d8a3c1f,5be3cd57-5132-49b2-af77-cb933e220e0c,702c5cb0-a610-4240-9bed-879c69cdb9e7
58b1b601-50e3-4978-9556-bff9cf9c8389,107d03ad-bb89-4b59-9b33-a1e1d226d63a,702c5cb0-a610-4240-9bed-879c69cdb9e7
8f1f8259-f2e3-4370-9dd6-ce05a13424d4,0eabbf87-6a1b-471a-8a1b-6cf4d3211ebc,821f14d9-7bc0-4e9b-94af-b8fcb6e5280a
e7e3379c-7b12-4624-9852-c4148dd4cfe8,1527100d-e884-4257-9724-78409ca258f8,821f14d9-7bc0-4e9b-94af-b8fcb6e5280a
fbb0f152-05d5-4b6a-a2c3-9b9e6059adf6,db9327e8-de34-416e-919b-9ed782a2739f,821f14d9-7bc0-4e9b-94af-b8fcb6e5280a
e963e25a-bc4f-4ef4-aedb-2a1dde45be11,b4f14a45-d166-458d-952b-0b0ea154031d,702c5cb0-a610-4240-9bed-879c69cdb9e7
2e4c6e01-77b5-4d3b-a57f-53925126e29c,b7548e23-c332-43b0-a065-18b4e0964ddc,702c5cb0-a610-4240-9bed-879c69cdb9e7
d11661f4-2438-47bf-8702-16436ce7e9b5,f29c6a8e-5f36-46d1-931e-6df8e2151503,821f14d9-7bc0-4e9b-94af-b8fcb6e5280a
256dcfa4-67d3-4318-ba5d-9c62bcd8f88e,cccb9bba-023e-4ed9-b1ca-eb45e48b991f,702c5cb0-a610-4240-9bed-879c69cdb9e7
ea1daf86-c993-4007-a9cb-ccaf4134c78e,d09df78a-4375-4367-b965-1c425b397b1f,702c5cb0-a610-4240-9bed-879c69cdb9e7
e0bf0c4c-5d54-4765-a239-c7ef353acc77,fd5e5e8c-42a9-4e46-96e7-6d7edaabf83c,702c5cb0-a610-4240-9bed-879c69cdb9e7
a42a9e57-cba9-4440-a719-28281094be0f,17793bb0-100b-451e-be55-59d3e030a28b,702c5cb0-a610-4240-9bed-879c69cdb9e7
4e843c23-2b58-47b7-b6f5-ff3e29490333,c063ded1-67e2-457a-a72c-378cc5971a57,702c5cb0-a610-4240-9bed-879c69cdb9e7
3653e9be-8875-4f7b-aded-f40345ec80c7,97017fcd-0dd5-4191-b898-d5c48cd001a8,702c5cb0-a610-4240-9bed-879c69cdb9e7
9d3207ac-7a50-44a0-b497-c160cc3651e6,650c8ecd-a525-4f4b-83ce-d54e16c4d3d7,702c5cb0-a610-4240-9bed-879c69cdb9e7
38538b10-875e-46e5-ba8d-1f4fd7c844f7,317d3594-6225-441b-b2b1-6fe46cdae740,702c5cb0-a610-4240-9bed-879c69cdb9e7
0b320f88-7157-4516-9f09-7e2f68109b0e,90f37a5c-873f-4a20-9cef-bead5fe3cd40,702c5cb0-a610-4240-9bed-879c69cdb9e7
7806d73b-26bc-487c-a270-4c1818214604,c38f3f7e-d544-463b-9b0a-942cb26d5359,702c5cb0-a610-4240-9bed-879c69cdb9e7
945c7387-624f-4169-9e2d-848c467e7b2e,782c36d1-1f15-4986-8fc6-1fa475ba2a89,821f14d9-7bc0-4e9b-94af-b8fcb6e5280a
4a475b2f-c50e-4402-8b0b-950755d8c91f,151b31d3-c417-4151-a60b-ea96a4e76c0a,702c5cb0-a610-4240-9bed-879c69cdb9e7
80a0f84b-4ecc-4cb0-91bb-4f28756d85cc,47eaf225-f1ee-4652-a2f0-e602f353abe6,702c5cb0-a610-4240-9bed-879c69cdb9e7
fa634556-c6c4-4bdb-8f35-d4f228bb8efb,f318cf30-02df-4e0e-87e4-a281bfaa1e9f,821f14d9-7bc0-4e9b-94af-b8fcb6e5280a
f78d9dfb-b669-4758-9901-c533a6f397b6,b53784ae-a310-4ba5-ad3e-f03edba62ef8,702c5cb0-a610-4240-9bed-879c69cdb9e7
74c017ce-e923-449e-9e77-27f5a3d3a260,597185b2-e8b0-454c-b703-0c2ffc2c0e3b,821f14d9-7bc0-4e9b-94af-b8fcb6e5280a
7118b2d5-51f6-4738-af35-0678e75e73b1,d0bfc18d-da69-4002-91ce-27521064628c,702c5cb0-a610-4240-9bed-879c69cdb9e7
1fe96cd1-ea86-429b-a372-7564ee2045da,1934277d-5b82-44b9-aaeb-15592b2ec3b0,702c5cb0-a610-4240-9bed-879c69cdb9e7
60a052a1-d024-4537-88c8-68c705594356,3ca192ea-00e5-4ede-bac7-0c6ac439406b,821f14d9-7bc0-4e9b-94af-b8fcb6e5280a
c118e40e-b09f-431f-b8fa-57fdbbb812ac,24ff3ba8-170e-421a-ba56-3b9c9387a11f,702c5cb0-a610-4240-9bed-879c69cdb9e7
011d9a76-757c-4726-9a8d-807194a46cf5,147b89bd-21d3-41d8-a8a2-33fee6739ae8,821f14d9-7bc0-4e9b-94af-b8fcb6e5280a
1fffdae6-5fe6-4936-af32-d09119438cca,b6300330-ccf0-43c2-8f4c-be552808ad6e,821f14d9-7bc0-4e9b-94af-b8fcb6e5280a
b930929d-7e69-4ad6-9e89-d1d2328b5386,78df4e61-c7a8-49c8-9571-ed17a7a50cfb,821f14d9-7bc0-4e9b-94af-b8fcb6e5280a
2134f626-790e-458a-a018-025f7741e91f,12ea5eb7-2234-4a54-819c-94d8c1e84be3,821f14d9-7bc0-4e9b-94af-b8fcb6e5280a
3a9aeb4b-5152-49db-8f8d-768d29c84d57,0e8af3cd-0a90-409a-a560-2b76927cf1a2,702c5cb0-a610-4240-9bed-879c69cdb9e7
bb3a7342-67cc-4df2-a060-d8467ed27601,800edb40-8fbc-4bf1-b899-1eff0e190d91,821f14d9-7bc0-4e9b-94af-b8fcb6e5280a
7d6d0207-7eb5-4f22-837a-27b98b0acc7e,f9d3baae-ada0-4859-8793-7fdda0136418,702c5cb0-a610-4240-9bed-879c69cdb9e7
bcca3faa-ec19-4837-8c4b-7e4888c5e84a,681cfe31-00f4-41f7-8abd-7a6bf1881b53,702c5cb0-a610-4240-9bed-879c69cdb9e7
e9af6b67-1c35-4db3-9306-34895d491344,1b928b2b-0990-4c11-bdea-2f165a2c38a0,702c5cb0-a610-4240-9bed-879c69cdb9e7
e3e9080d-77c6-4a10-a9e7-5e100430bc72,576b7344-aa95-4fd8-8881-d3f1206c7e3e,702c5cb0-a610-4240-9bed-879c69cdb9e7
cebd08d6-f493-45a7-8309-5491da17a431,d23b9f85-2288-4832-bcdb-f892c6270e7f,4934dc25-aa95-4f0b-80f6-da9704d700d3
1482feb3-c392-4287-abfb-3f98a44ace13,667c32b4-4a2a-44ff-bbb1-7ae80fcd1d65,702c5cb0-a610-4240-9bed-879c69cdb9e7
070142c2-d5f4-484e-aca6-8c8840a859f1,47683129-8401-4c27-9b06-961afc1edb94,702c5cb0-a610-4240-9bed-879c69cdb9e7
e3f17a12-dbbb-4355-b99f-19155270630e,18976272-3da0-4b94-ab66-ca3a38ca2937,821f14d9-7bc0-4e9b-94af-b8fcb6e5280a
61837c2d-4409-4739-ba98-78e0afe1b0fa,154392d8-f6da-4f04-91f3-ae8044d67f00,702c5cb0-a610-4240-9bed-879c69cdb9e7
2681c35e-7459-4d24-920f-53f7485d434b,1e2a14ca-a5ee-41b1-aee1-d1c8a4975f07,702c5cb0-a610-4240-9bed-879c69cdb9e7
c09e40c6-a1bb-4075-83fb-869c6a25659c,2f78500e-f46c-4a0c-b33a-75dcd3a3f94a,702c5cb0-a610-4240-9bed-879c69cdb9e7
1b2ba564-7c38-4585-83f4-1e36cda9248a,4565dad9-ef00-4792-8a62-91ba43f06505,702c5cb0-a610-4240-9bed-879c69cdb9e7
73fa649a-1de6-48b9-8094-cc3806dc7e36,780cf907-f9ad-43eb-9baf-bb83a8a45ebb,821f14d9-7bc0-4e9b-94af-b8fcb6e5280a
97abcdc1-377f-4e12-90c4-738f34a3e0cd,5bb3ee67-c30f-4ba2-bd9a-cad25fd707fc,821f14d9-7bc0-4e9b-94af-b8fcb6e5280a
2f1bb1e7-8aae-4a71-95d0-48491bc8bae6,864dd738-f790-4d6c-ad3f-2615f39e17a1,702c5cb0-a610-4240-9bed-879c69cdb9e7
a63d2949-cc62-4b79-8494-3801da3262bf,e25a3f6b-2676-47c3-afe9-b82f662f85b1,702c5cb0-a610-4240-9bed-879c69cdb9e7
0e5c64aa-779a-496e-98dc-34ea931a2f96,4ebb5fef-6e3e-4e3b-a4c0-66f04f74155e,821f14d9-7bc0-4e9b-94af-b8fcb6e5280a
dd2052bb-8bcc-4e64-9d86-1f58de563e8b,9d5ffd4e-0065-4af1-b009-a334738d4b8e,821f14d9-7bc0-4e9b-94af-b8fcb6e5280a
bfb565bd-6969-4cb2-ba74-82cd73fd036d,dc76e072-a9ab-4120-ad91-e749c81eac0b,702c5cb0-a610-4240-9bed-879c69cdb9e7
ee85db15-d67e-40a2-8e67-f256097baed6,5980fef9-22b5-4fb3-8eb4-d569de1df66a,702c5cb0-a610-4240-9bed-879c69cdb9e7
35be72a6-4098-4180-a947-6a8916346f3c,396955ea-3bf7-49f0-a9aa-6c14e390a995,821f14d9-7bc0-4e9b-94af-b8fcb6e5280a
18d7dcd6-54b2-41b2-8509-07b13a2ebc52,44349885-0829-4b02-8b67-2aca1fc33bd8,4934dc25-aa95-4f0b-80f6-da9704d700d3
0dfb4e22-cf12-48b3-ba17-ab997c069adb,ab9bdb1f-8b8a-4a2d-adbb-4a4fb4a3e379,702c5cb0-a610-4240-9bed-879c69cdb9e7
75aecbbb-309b-4f50-9d2d-7db44d0962da,3312e38e-963b-4af8-940b-76a383bcc8f9,702c5cb0-a610-4240-9bed-879c69cdb9e7
96c706cd-e03d-48d1-84b9-02ae6789ba0c,e88d49a0-0b56-4162-b684-e95d6668aede,702c5cb0-a610-4240-9bed-879c69cdb9e7
a8206b69-97f7-4bc0-8afa-f17f2b68270f,ac13d901-ddcf-497f-bedc-1b09a1a5e959,702c5cb0-a610-4240-9bed-879c69cdb9e7
ce64aaba-1819-4bff-b868-cfca723ffe3d,32ed8444-3605-4241-a379-53e0a819f0aa,702c5cb0-a610-4240-9bed-879c69cdb9e7
9c09aee3-178b-4cef-8a8d-5a65ce736d89,774d27ab-d5bb-474c-9a43-49b30d6de8b4,702c5cb0-a610-4240-9bed-879c69cdb9e7
0fbe5ad9-2cd8-48bc-8691-7067953e7c70,4f3290a7-69c3-4472-9cbc-ba54870fa1bb,821f14d9-7bc0-4e9b-94af-b8fcb6e5280a
08bef61c-b0ec-4920-8688-1d54dff69db4,8f469e8e-443c-4b0e-9396-246ae9e1ffca,702c5cb0-a610-4240-9bed-879c69cdb9e7
9268b961-43ed-4760-b64b-7dedf4ba72f4,0b0446ec-53fb-4a78-805b-7d4eeb4aa8a1,821f14d9-7bc0-4e9b-94af-b8fcb6e5280a
38d7f9da-b187-40f4-b62f-b661a321ff17,04afda87-fb08-4996-9bd3-ae6a9892629c,4934dc25-aa95-4f0b-80f6-da9704d700d3
d45a8ee4-f23d-4032-84fe-b18d36ef8bcc,eaa85307-6e80-4874-aed2-edfe22652bbb,821f14d9-7bc0-4e9b-94af-b8fcb6e5280a
fe08ae92-3a9b-4b1b-b321-564e235bcab7,1035a75d-fd01-417c-a88a-553934a0deee,821f14d9-7bc0-4e9b-94af-b8fcb6e5280a
d1aadbe0-0793-48b3-b686-f55be370c465,39acf4a9-2627-4598-ae09-f609a577aa66,821f14d9-7bc0-4e9b-94af-b8fcb6e5280a
f7f2ad46-ca11-4cb3-9336-2e796d343b31,a566620a-5e64-4191-985e-45a0c085ddfe,821f14d9-7bc0-4e9b-94af-b8fcb6e5280a
55c247c5-3d42-4fc1-8b85-0c4ae53d0f44,467db63e-b041-4bcb-ac5b-ed441cc05575,702c5cb0-a610-4240-9bed-879c69cdb9e7
12b10155-5d66-4298-b7cf-5796edad94cf,0668971d-a411-4b78-b99b-c8de94bd46c1,821f14d9-7bc0-4e9b-94af-b8fcb6e5280a
1398e202-db90-4fe4-966b-eabd1b14a601,e5fb7c82-dabc-47f9-a072-b5f8b5e201b5,821f14d9-7bc0-4e9b-94af-b8fcb6e5280a
7e5841c1-0f00-41e7-be06-df11ec15896a,5f9ce728-025e-4b6c-b440-9284c35650b2,702c5cb0-a610-4240-9bed-879c69cdb9e7
32246ff6-d9d6-4837-9a0e-cf885f9ac599,324aed68-ff74-4072-be89-3c09d23b44b3,702c5cb0-a610-4240-9bed-879c69cdb9e7
bcd1cba6-6689-44d3-b58f-9056e61d0888,147c47d7-1357-4cca-901d-7497687edb07,702c5cb0-a610-4240-9bed-879c69cdb9e7
8032f870-b94a-4f52-b970-ca3509c43742,41f002c8-7bd8-4de0-a681-23980dc19445,702c5cb0-a610-4240-9bed-879c69cdb9e7
051ea92c-900e-4ebd-b244-34b7e4490da9,19addbfe-888a-4f29-b49a-c4131b1cb79f,702c5cb0-a610-4240-9bed-879c69cdb9e7
cd4f18d2-a769-41f0-ab23-777ee4d673d1,e13d8629-92fc-42b1-a008-8589c210b066,821f14d9-7bc0-4e9b-94af-b8fcb6e5280a
a342b575-969a-4c85-965d-625b46c44c6f,676b7891-c370-4908-8033-b8617a838493,702c5cb0-a610-4240-9bed-879c69cdb9e7
1816dcf7-8787-47cc-9305-50a6f46b6f8b,9fd7ad0a-bb3c-4add-9497-7459b9b50e0e,702c5cb0-a610-4240-9bed-879c69cdb9e7
f2c24289-4032-4bbd-b14d-9b61c7ea0ed8,d378af6c-5e9d-429b-8bac-e6e027772946,821f14d9-7bc0-4e9b-94af-b8fcb6e5280a
e503ebda-1eb3-400a-9b83-36c63cdcfc8e,fd9dd384-7386-496c-b9b6-69797a70495d,821f14d9-7bc0-4e9b-94af-b8fcb6e5280a
f444fada-5648-4380-81be-396056bee287,c1f7bdda-8543-4cad-bd13-9c550625b7ab,821f14d9-7bc0-4e9b-94af-b8fcb6e5280a
255c63e4-2afe-4b40-9f04-e37c7eb3a809,9e38aea4-0174-4f71-acd0-69bcadb1002c,702c5cb0-a610-4240-9bed-879c69cdb9e7
3a999c65-d7e7-4a2a-b233-1c51e3928a00,7b2a255c-56a8-4cea-af55-185c521a9f2d,702c5cb0-a610-4240-9bed-879c69cdb9e7
9c07b172-f95e-48a1-ab4c-cb202e651b2f,4793b559-2328-49ac-b2a7-a0e6ccebbaf8,702c5cb0-a610-4240-9bed-879c69cdb9e7
591ea761-8e00-4db4-a249-fc64aa1020db,1e7d044a-ac7c-45d7-b875-d41456620fed,702c5cb0-a610-4240-9bed-879c69cdb9e7
0bf842c8-3e1c-41f3-849f-5225f9a5672c,2ad5b486-15ce-4f46-b70a-a8e0a5085390,702c5cb0-a610-4240-9bed-879c69cdb9e7
db907e26-7738-45be-8a0c-ab0bbc347583,6410864b-e768-41f7-a330-7757995b9955,702c5cb0-a610-4240-9bed-879c69cdb9e7
7c6a4bbb-6812-45ee-af75-36fced1fe6fc,41970628-6c34-429a-a9ed-025806e363e4,702c5cb0-a610-4240-9bed-879c69cdb9e7
7d56f5be-f3f6-4eea-8c6d-24a9c5931704,322d9ee9-41a6-4ebf-8dda-30b62390c8a2,821f14d9-7bc0-4e9b-94af-b8fcb6e5280a
19e874e8-d3a2-4a44-88cc-c5c05b5532df,0b9492e7-221b-49f2-a15f-039c11e69431,702c5cb0-a610-4240-9bed-879c69cdb9e7
450083a6-47df-4de3-beac-b9a37c2bf056,709a6100-3ef7-47f0-a08d-81630e10385c,702c5cb0-a610-4240-9bed-879c69cdb9e7
ac56a38f-8358-49ea-b325-5ca1715a787c,ea8b737a-0cfb-410e-9f19-ba956bf3f88a,702c5cb0-a610-4240-9bed-879c69cdb9e7
70ad180a-1765-4d31-9365-ae61e733b568,c0f89cd4-9536-4059-abfc-39255a1a626c,702c5cb0-a610-4240-9bed-879c69cdb9e7
d977354f-1594-4d68-8b29-1aca1a27d3f3,4d1bf553-0b6f-41f7-8a6a-ff50b2918083,702c5cb0-a610-4240-9bed-879c69cdb9e7
0f4fa611-4b9e-4477-924d-0a10b80aaca1,7e8a92ab-6291-46fa-8b9e-c4f7b47585ad,702c5cb0-a610-4240-9bed-879c69cdb9e7
8f538dae-f894-46ae-ac1f-4bbb5651b483,4e5356d1-0530-41f6-9bb3-b8de8f5834e3,702c5cb0-a610-4240-9bed-879c69cdb9e7
832ec189-915e-4a7c-a72c-3e17a3119382,9218be79-03b1-4076-8ed5-35887af92553,821f14d9-7bc0-4e9b-94af-b8fcb6e5280a
5f639813-d8c3-4b22-86ff-d0fe50716f59,207ae7e2-391a-4d07-8a60-66a587443378,702c5cb0-a610-4240-9bed-879c69cdb9e7
c306168a-ec10-43ca-b6a1-031316421c96,a3879355-2462-48b9-97cc-dbf7b49af993,821f14d9-7bc0-4e9b-94af-b8fcb6e5280a
00b60353-e2c6-49ed-ab9e-f29060d03243,7893a1f5-6594-44eb-8091-6a95753d20d4,821f14d9-7bc0-4e9b-94af-b8fcb6e5280a
728c3445-dd30-4968-ad1b-49510ad52810,d3099d8e-b790-47c6-b328-58df8a0cf38b,821f14d9-7bc0-4e9b-94af-b8fcb6e5280a
3b27ee1d-6e2e-4309-97f6-5eabfd34cc2e,3409ced5-3cad-4377-a899-50f047aaebe9,702c5cb0-a610-4240-9bed-879c69cdb9e7
bc13701e-60e8-4f52-8b94-ba3d88c57f89,62142d7a-1a9d-4606-a9ee-385a66fcd441,702c5cb0-a610-4240-9bed-879c69cdb9e7
8113ce82-0b17-4c42-915a-a3c65cf8fdab,da42f0d4-ad94-4630-8995-97b06f1c8f29,702c5cb0-a610-4240-9bed-879c69cdb9e7
2aa8593a-5ae6-48ee-bb42-6931a4866e83,17b32484-7396-421e-b5ac-712804d433c3,821f14d9-7bc0-4e9b-94af-b8fcb6e5280a
2c1b1959-f28f-4b90-84a9-8f324c4e980e,9a6d44e1-69aa-43a2-ab05-c5708f105670,821f14d9-7bc0-4e9b-94af-b8fcb6e5280a
15f4987e-d78f-445d-9caa-c3e9e4cee08a,4af097b0-cc82-4cdd-af89-29220ae67707,702c5cb0-a610-4240-9bed-879c69cdb9e7
ead8cb23-3ee8-4f34-b629-45a2cdcc448e,89600a0f-e7dc-4b3b-a254-d394f635833d,702c5cb0-a610-4240-9bed-879c69cdb9e7
43cb2067-8c96-47f8-b66d-93b8d904dcb6,1f005d9a-c9b6-44e6-b81f-7658b986b2db,702c5cb0-a610-4240-9bed-879c69cdb9e7
7ef0de6d-0780-4b31-9a95-c6eedab7258f,f8385b50-524e-4444-bbfa-e1dbe196c020,702c5cb0-a610-4240-9bed-879c69cdb9e7
b800b66e-4790-4489-bd84-c0b70335b6db,03f4581c-9490-4820-98d7-5a12ae913df6,702c5cb0-a610-4240-9bed-879c69cdb9e7
caa93765-d465-4b51-8940-b6e9d231d48a,79f0a529-9366-4206-b8c7-28a26c1c4ac8,821f14d9-7bc0-4e9b-94af-b8fcb6e5280a
befa02aa-9c54-4939-939b-b4e5f91c65e6,ef9b73db-2cc9-4fdd-b6e5-7a3f68fb7790,702c5cb0-a610-4240-9bed-879c69cdb9e7
56b080f6-0096-40c1-a2ba-2745fafd1e7d,c6087fb6-8ddf-4f0b-bc04-63fe0c75e10f,702c5cb0-a610-4240-9bed-879c69cdb9e7
9bc7f336-2e0f-4cc1-9501-6500e2e8cab4,4b686c95-0179-4aa9-80ff-f84f773fcae7,821f14d9-7bc0-4e9b-94af-b8fcb6e5280a
ffceb21d-6dd3-4b2a-9fb6-823049212ef8,aec4d7e8-9276-4961-8a3f-377fea5ad9b6,702c5cb0-a610-4240-9bed-879c69cdb9e7
e6e05e11-0236-44fa-beea-7d4112448874,f6b73bb2-2470-419b-8890-88a0a5653732,821f14d9-7bc0-4e9b-94af-b8fcb6e5280a
3885ab1b-d223-4ac6-a88f-cc5ab538d0dd,49d2a768-a133-49d0-bb6b-83b6a0006dbb,702c5cb0-a610-4240-9bed-879c69cdb9e7
bfc88a65-bdb2-4046-b798-1d6bb6654b88,845b24aa-8b2c-4ed6-ab3f-d8f627ef2ea5,702c5cb0-a610-4240-9bed-879c69cdb9e7
ae52560d-9086-4f4a-be36-3dfd67d29200,d13a6ff3-1b4c-417d-a443-4df831bc1489,702c5cb0-a610-4240-9bed-879c69cdb9e7
b02abde9-bb7b-4d21-bc76-417af8f2952c,33f72590-26ad-45b6-95d6-450f23e72594,702c5cb0-a610-4240-9bed-879c69cdb9e7
86107917-7b08-428f-9099-45b41ba20c47,03c8c307-0e88-4cc0-9cdc-a116e03b0ba9,702c5cb0-a610-4240-9bed-879c69cdb9e7
79588851-a65e-411f-a153-932b0338aaf6,fdf2de59-049c-4ac0-835c-79c95679547f,702c5cb0-a610-4240-9bed-879c69cdb9e7
8071207c-7317-4dfb-a523-f413e834603f,33ae9a46-f23c-450f-8135-dcdd43863b4c,821f14d9-7bc0-4e9b-94af-b8fcb6e5280a
64bb3bc3-a240-46c3-9d6f-3acac1b2b738,ac74dc03-0b5f-453d-8c4c-5da1d60936bc,702c5cb0-a610-4240-9bed-879c69cdb9e7
f1a0b030-a2f8-44e1-8ac5-ee2b3c57d11c,7becba12-47ae-4df4-90b9-efb051e2e4f6,702c5cb0-a610-4240-9bed-879c69cdb9e7
81c5ac68-c275-41a6-9b94-eab4d758f09a,8a1ad98b-ec96-4143-9e3b-ec9473914e2b,702c5cb0-a610-4240-9bed-879c69cdb9e7
deff7586-fe35-498d-8755-843f59427912,46fca732-6f0f-4d4a-9174-d82c9eb89ea6,821f14d9-7bc0-4e9b-94af-b8fcb6e5280a
3d09ac1c-0ed7-4505-ae78-b6b0033d8f3e,811ee203-e8ff-42d0-b9cf-4548cb77b016,821f14d9-7bc0-4e9b-94af-b8fcb6e5280a
ee03782e-92a2-46b7-b592-31d0bed43a14,834057ba-2da7-40a0-a3d1-ceeea6c10dd4,821f14d9-7bc0-4e9b-94af-b8fcb6e5280a
91cd1a3a-1771-48c9-bf6f-568607cfe6fb,b9b6638e-1963-4714-99cc-2efec9b4d9e6,821f14d9-7bc0-4e9b-94af-b8fcb6e5280a
052a5e75-0be4-4592-8f02-0ac9a7aa4283,bb865d9d-d44f-4181-aca5-3620967e3bda,702c5cb0-a610-4240-9bed-879c69cdb9e7
766b7dca-e187-49d9-bea0-9c1888b22076,650495a3-aa07-40f1-b2c8-d960b539977c,702c5cb0-a610-4240-9bed-879c69cdb9e7
1eb298a5-7d29-4c48-b046-1935c61a1acd,3027ce95-03b1-4aad-9717-afed3aaeb88b,702c5cb0-a610-4240-9bed-879c69cdb9e7
1e97d3b3-1be6-44b8-aab8-aa26a159efe6,34a82941-fee9-4dfd-b4d2-2e45a1eef5ae,ed204181-0a5c-4ffc-aea7-05dc9d565ecc
b9149595-3e8e-4b79-8218-46bbdcc93fc7,18e63fff-34ff-459c-9e4e-9089efa7c6e6,702c5cb0-a610-4240-9bed-879c69cdb9e7
570c0560-8f6c-4514-9edb-184228e5ff7e,2873e734-94b1-433a-ad7e-1ea1397de4c1,702c5cb0-a610-4240-9bed-879c69cdb9e7
7121578a-957d-47d2-83e1-681121587927,15f6ac20-3c7d-47d4-9a2f-9b8fec9f0f07,702c5cb0-a610-4240-9bed-879c69cdb9e7
a1b35380-4a9a-4399-b76f-efd76e2a6afd,98862a81-8470-487e-96d1-aa2567f9db82,702c5cb0-a610-4240-9bed-879c69cdb9e7
e6178b32-1ade-4ac5-8b5c-6212715172cc,ee965c83-0308-4c3f-a317-aaa78c06dfbc,702c5cb0-a610-4240-9bed-879c69cdb9e7
524efd50-1148-449c-898f-1dd91b39757b,3c6684fb-fb62-4c61-987f-3656278fa76e,702c5cb0-a610-4240-9bed-879c69cdb9e7
86c14e03-75f0-4cf4-b24e-8c3e4dd2bb6a,3b94dc60-1af7-465f-a800-ef99cb2637ef,702c5cb0-a610-4240-9bed-879c69cdb9e7
59a2f6a6-e4b7-499b-a974-3aa6382db395,b25035d0-7d74-444f-bc91-1a418e5fe43e,702c5cb0-a610-4240-9bed-879c69cdb9e7
76ba0b1b-fe53-42f8-abcb-41be9707de25,04b109d9-5a83-47be-a63c-c99c0e8ca7e9,702c5cb0-a610-4240-9bed-879c69cdb9e7
76021fb1-43cf-42d9-b7ba-ff45b20d583f,bad97b86-5e61-48a3-bb34-8449171c5303,821f14d9-7bc0-4e9b-94af-b8fcb6e5280a
726dce4f-ac96-4018-97c3-17b647906759,a9e20f73-1448-44bc-8f5e-1d832f2508e1,702c5cb0-a610-4240-9bed-879c69cdb9e7
556f751f-ce08-4726-acb9-42b05abb1a01,1d6d6d8a-4387-4b54-a26f-8561d9b8bdf6,702c5cb0-a610-4240-9bed-879c69cdb9e7
bc5deb15-4b05-46d7-9249-70561e0bbe19,dfef771d-f6ed-4cf8-82ed-aedd0d8f7469,702c5cb0-a610-4240-9bed-879c69cdb9e7
1c305cf8-17fa-4687-a30d-604cb146480e,4d6e6c3d-7edb-44f3-b7e0-342bffa46316,702c5cb0-a610-4240-9bed-879c69cdb9e7
e25dd168-675f-4d86-8116-e242c82b277e,66f27230-2471-4a4e-899a-59ab44fe3efe,702c5cb0-a610-4240-9bed-879c69cdb9e7
a027150c-5a6f-4ef5-9427-eda0bb4309d4,a4cd92cd-3a87-4f31-9c08-20229e7d002c,702c5cb0-a610-4240-9bed-879c69cdb9e7
ce3c27fb-7192-49fb-a5d5-a5692fc5b8a4,cb58783e-9487-4f08-a5c2-0dff4e664b80,821f14d9-7bc0-4e9b-94af-b8fcb6e5280a
da2e5442-7c0a-4f44-b145-f6add82b6fac,1b86d2ac-caf0-433f-9023-4e2cf31e0477,702c5cb0-a610-4240-9bed-879c69cdb9e7
a99f826c-4127-441b-a5df-819306247e17,2b3939d4-cd8d-471b-91a0-99a12cc28654,702c5cb0-a610-4240-9bed-879c69cdb9e7
d13a879b-ba9a-4711-8b9e-8e74a3235ce5,179634cb-80e5-4e0d-89b8-60e5edae53cd,702c5cb0-a610-4240-9bed-879c69cdb9e7
4aed4331-a39a-4c4d-b8e5-314545253256,0892e8f3-c713-412d-96a8-72a3c207e115,4934dc25-aa95-4f0b-80f6-da9704d700d3
052984a5-ef24-48f2-a6a8-80651c26a449,76a639db-7fd2-4a3c-a30a-46492bfd86d9,821f14d9-7bc0-4e9b-94af-b8fcb6e5280a
920eb2ac-ec54-422a-97b1-ebb56e93a3ee,894e90ed-c8d4-4b1f-a700-be99770ed703,702c5cb0-a610-4240-9bed-879c69cdb9e7
daeb616a-a547-4916-9bee-e27ca550071c,69af20c3-9b48-4e2b-a9ce-e4c6ee153224,821f14d9-7bc0-4e9b-94af-b8fcb6e5280a
d554c68c-ad93-467e-95e2-48ee99889289,1a53021f-643d-43d3-852a-bf7a06cff516,821f14d9-7bc0-4e9b-94af-b8fcb6e5280a
d365a7a6-3066-425c-8492-1c5f841acd70,19a71be1-6994-4ad1-9b5b-b4a7ce156273,821f14d9-7bc0-4e9b-94af-b8fcb6e5280a
9c25f189-d23b-4f5c-8a94-80112d756d63,26461bbb-2c41-4cac-b9f4-ca53f50ec20f,702c5cb0-a610-4240-9bed-879c69cdb9e7
98b90db1-34d2-4c1f-a681-b7cc85edf537,ec610f6e-8d15-453a-aaa6-a04ab22e34c6,821f14d9-7bc0-4e9b-94af-b8fcb6e5280a
9bd04f25-cdb3-45d6-bb8b-ea48938fb4dc,432230b8-7c14-46b1-90cb-fc1692d13f96,702c5cb0-a610-4240-9bed-879c69cdb9e7
795457de-7888-450e-aa5c-ff19824cdb69,15d5b174-300c-4c3c-a157-44dbe0407708,821f14d9-7bc0-4e9b-94af-b8fcb6e5280a
579ca88d-cbea-465c-b193-321d5bfa68d9,956a53c2-ada8-4222-b5a7-6a7d724b7a2e,821f14d9-7bc0-4e9b-94af-b8fcb6e5280a
4cb4bab4-0b36-4130-ba73-29c5a53f9a7c,f240753d-3503-403c-9c5e-cd2c49849a06,702c5cb0-a610-4240-9bed-879c69cdb9e7
ff3bbb31-4b4b-42e7-bc1e-041104575975,8e803486-edb4-4a16-accf-344a89ad13d3,702c5cb0-a610-4240-9bed-879c69cdb9e7
7a420eec-bcb7-4d40-8faf-0a9af397a937,addf15d3-c75a-486d-b2ee-abf2aa5fb5cd,4934dc25-aa95-4f0b-80f6-da9704d700d3
cb228909-cde8-4db0-9a8d-0ddd911c9de7,3727d34e-1bbf-4b01-b7fc-55d7af3c56c1,702c5cb0-a610-4240-9bed-879c69cdb9e7
285403aa-94a8-4013-8ed0-68dba4aaa8a8,8bd40df7-6f4b-4ad3-9472-f4eb61d51cbf,821f14d9-7bc0-4e9b-94af-b8fcb6e5280a
94ce07b4-1960-4f94-82a0-1fb71d58e81f,9c0a094a-e858-4140-9e18-5f850b503bbc,702c5cb0-a610-4240-9bed-879c69cdb9e7
d3581174-fe9c-4413-8896-b563493905b3,01b0502b-2eef-40ef-9f0c-d4bf9c63a750,702c5cb0-a610-4240-9bed-879c69cdb9e7
b679b09d-8195-4aa7-a4a3-eb8449a8b44a,2f3a4e0a-015b-4784-850a-f4645254a37d,702c5cb0-a610-4240-9bed-879c69cdb9e7
e92e473b-a00a-47a4-90e7-383eec9dad56,94eaaf7b-9d96-467c-a6df-14de427139e3,821f14d9-7bc0-4e9b-94af-b8fcb6e5280a
5c2b5bb2-2ae9-4da0-84e7-9dcdb941598d,f44677a0-c0a7-4644-905b-b6391094311d,702c5cb0-a610-4240-9bed-879c69cdb9e7
ba952b4d-3752-493c-9161-f988d9dc5ce3,943116d6-a961-4e46-9bdd-c7b7dd1a09f0,702c5cb0-a610-4240-9bed-879c69cdb9e7
66551769-9ee6-424e-a323-e528e405332e,b81354ce-e8b8-4d1a-aefd-db1e36685cfd,821f14d9-7bc0-4e9b-94af-b8fcb6e5280a
473a7674-533b-4f8a-9267-7c1123ff767f,45f57978-1574-4f90-a8ed-97e9a4a21bff,702c5cb0-a610-4240-9bed-879c69cdb9e7
96f93170-f404-4495-9681-93eca6b85f6a,c083ef53-e020-4775-98c8-8080066cee40,702c5cb0-a610-4240-9bed-879c69cdb9e7
3f2ae856-929c-4921-a6c9-bba0169ff52c,ced69145-5b1c-4250-8954-9c6516339082,702c5cb0-a610-4240-9bed-879c69cdb9e7
a4a12d69-6100-4637-b6cd-60aa7afd64d3,9df890e7-a134-431f-a3bb-0af3e70f8d32,702c5cb0-a610-4240-9bed-879c69cdb9e7
e98a38af-8cc3-49b2-91fb-a264ed6b7b90,e2b7b510-056e-4ca1-883b-93306c6bcddc,702c5cb0-a610-4240-9bed-879c69cdb9e7
a1ce20a3-1638-4648-b1b1-cf35308f9c80,c1e75c60-3688-4848-a93d-55ace0dce5e5,702c5cb0-a610-4240-9bed-879c69cdb9e7
e916e72e-e604-47d4-b4fd-8eaa7d914337,1919734d-f1bd-43cf-b111-9517c2163eaa,702c5cb0-a610-4240-9bed-879c69cdb9e7
ab5319c8-7d61-40df-aafa-379d499f710b,98b13cdb-f943-4a80-a28e-6b013febea9d,702c5cb0-a610-4240-9bed-879c69cdb9e7
348e7b97-68ef-46ae-9729-eefff80612dc,936c2efa-87d1-46b6-97fb-e7651bd98816,702c5cb0-a610-4240-9bed-879c69cdb9e7
01d2c377-3965-4e7f-a874-ae4960e4f08a,71c790ad-da87-4316-b231-1757786cc18f,702c5cb0-a610-4240-9bed-879c69cdb9e7
9b78b436-a367-4731-9022-e8639b4340d8,8128d24d-ccaf-415f-a2c7-62ff768f30cc,821f14d9-7bc0-4e9b-94af-b8fcb6e5280a
81f5fe7b-37a4-49f0-9c6e-50055f134b86,9b91272c-d47a-494c-aee6-7bf91f76bb33,702c5cb0-a610-4240-9bed-879c69cdb9e7
65acb21e-c7aa-4478-a67d-573606e6539b,0b608fc5-9f85-485d-9cb7-ab4b5c967405,702c5cb0-a610-4240-9bed-879c69cdb9e7
8a95894e-bc57-4561-9a29-0c68b88b8525,8c10a83e-f8b8-44bf-bb0f-4e7f6a7376f4,702c5cb0-a610-4240-9bed-879c69cdb9e7
1d584910-f493-4c4f-9c74-d9921b030b4e,8386426b-dcae-4217-95b3-0f903e08e283,702c5cb0-a610-4240-9bed-879c69cdb9e7
efc2518e-7561-4528-81ad-3ccd4cd6cf35,5a0a4242-0a06-4cf6-b6b9-7c9f4868f9a8,821f14d9-7bc0-4e9b-94af-b8fcb6e5280a
275ad304-7adb-4fdb-bda1-9f3d85fd0903,baab5e34-2fdc-4e1b-9c61-8080ca48bb88,702c5cb0-a610-4240-9bed-879c69cdb9e7
218b3b68-40f9-49cd-af63-844543baa5aa,ba0f400a-730c-45c9-ac82-bae334c73e16,702c5cb0-a610-4240-9bed-879c69cdb9e7
41360ea4-d76b-45da-aaed-8dd39149dffd,4a32b14d-dca7-4cd0-bdd4-cda3180b27d0,702c5cb0-a610-4240-9bed-879c69cdb9e7
ab96b92f-b4f0-4875-8d89-312eb370af6d,10a6573a-5bda-460e-ae99-59c6418bf2f2,702c5cb0-a610-4240-9bed-879c69cdb9e7
833aa4d0-c3b4-41ef-b9cb-fc2ca8a26651,730d878f-e770-442d-9e2f-6e7b6a13fc3a,702c5cb0-a610-4240-9bed-879c69cdb9e7
7d467da2-4a23-4303-b1c0-d24f9a5359ed,1c609fa9-4e52-4c51-8890-27739030667a,702c5cb0-a610-4240-9bed-879c69cdb9e7
52268a69-d838-468b-af78-9025c286cffa,2700eeae-5faf-4f37-84f1-f08e1e3307a9,702c5cb0-a610-4240-9bed-879c69cdb9e7
ca2e28ac-7c97-4f68-8364-7bd65e0d6f97,ccd1cfea-d08d-4889-af5d-c1df8099caaf,702c5cb0-a610-4240-9bed-879c69cdb9e7
d859355c-2e8c-4253-87a8-6f792d0e9cfb,d06bfb57-9f29-4b84-9455-5c6b1d8fba9c,702c5cb0-a610-4240-9bed-879c69cdb9e7
1b0efeb5-7f8e-4509-9d70-364e1cf3631b,92c9da25-0963-4a98-8ea3-cfcb22a639d7,821f14d9-7bc0-4e9b-94af-b8fcb6e5280a
32eae960-f3cb-4c58-97be-92ddffc5c867,c09a2295-d046-42dd-a68a-6e747f35be10,821f14d9-7bc0-4e9b-94af-b8fcb6e5280a
b7f0b43f-bd83-4e58-b0be-a8c464a8a0b7,6daa2ac5-b4b3-4dcf-a9a8-d2ffe34e39b0,821f14d9-7bc0-4e9b-94af-b8fcb6e5280a
d4e9575d-bc87-4fea-9797-ec3b732c4069,9ef49fe1-3c21-4925-9f0f-62f1fbf661dd,702c5cb0-a610-4240-9bed-879c69cdb9e7
4de932a4-e653-431e-8535-e9817e845a63,0af92086-5e16-43a7-9ed0-c4ce55061338,702c5cb0-a610-4240-9bed-879c69cdb9e7
919fc6c2-75a4-472f-bda9-f2900f2df32e,ee0274b3-61cd-4a09-a0cf-63cbb97f2372,702c5cb0-a610-4240-9bed-879c69cdb9e7
2c8dae08-9a29-45d8-ab3a-6fe145005eed,b4a43068-c1d7-4042-8ea4-4d0ee684efb0,702c5cb0-a610-4240-9bed-879c69cdb9e7
0c55aec7-430c-461b-aa40-d21515d7c2c7,e06cdabc-13f7-428d-a712-a1b756312365,821f14d9-7bc0-4e9b-94af-b8fcb6e5280a
d9618c24-2743-40b4-a149-4551338aa4e4,72bce7f6-6f55-40ac-a8ff-cfe7d7765259,821f14d9-7bc0-4e9b-94af-b8fcb6e5280a
964bcf13-f96d-4c7d-adc0-b452567d6bd1,7e974be0-8735-4340-b5d1-f9d74c390b23,821f14d9-7bc0-4e9b-94af-b8fcb6e5280a
74d2317f-5819-4b64-9d6d-48942124f462,8032b23d-5e02-4399-9955-fd52f0eff775,702c5cb0-a610-4240-9bed-879c69cdb9e7
8f04b840-ed7f-4bdd-ac92-d2a58439938a,4a297161-71ca-43c9-90cd-894b8e39a42d,821f14d9-7bc0-4e9b-94af-b8fcb6e5280a
3e5f03d9-0b11-443e-b9ad-349a98b8974c,637dc96a-3ba3-4e19-ae43-9305829a6f9c,821f14d9-7bc0-4e9b-94af-b8fcb6e5280a
84438627-f4f4-4ba9-bc6f-ae18f5e29f82,83073737-3a12-4c2d-99eb-05bd23f26c19,821f14d9-7bc0-4e9b-94af-b8fcb6e5280a
e16523d4-aca0-4f99-af5f-a485a3cb27a6,feb5c3cb-1552-488d-b7ab-c411024fc979,702c5cb0-a610-4240-9bed-879c69cdb9e7
5a1a863b-96db-4d5b-9467-db7ffe884588,a639b91c-e747-409b-97cc-05bdb13dbb6d,702c5cb0-a610-4240-9bed-879c69cdb9e7
82a8ca2c-008c-4c4a-8f05-fd42ec5ceb93,04a77831-2264-4679-a9a0-0aa14d8cc2f9,702c5cb0-a610-4240-9bed-879c69cdb9e7
63e15ec4-8ebb-477f-8c21-2a992b41fe06,f2357f0a-090e-4220-9293-6469845ea34c,702c5cb0-a610-4240-9bed-879c69cdb9e7
2112f02d-f684-460b-a933-427fc9cad603,92dda34d-3ca3-4528-8912-b42a5ce77aaa,821f14d9-7bc0-4e9b-94af-b8fcb6e5280a
2e285593-0d13-4ae7-a718-d3a94bb2d277,e9098698-f821-4d20-8a4f-75972d17e842,702c5cb0-a610-4240-9bed-879c69cdb9e7
764e8f5c-91f1-4b9c-af1d-d3873390c23d,34142bf1-a04c-4e62-a103-044f164f1abb,821f14d9-7bc0-4e9b-94af-b8fcb6e5280a
6041ac01-8708-45b9-96cf-e92682910b26,c0ff1a36-5edf-4f8f-a160-3d2450245ff2,702c5cb0-a610-4240-9bed-879c69cdb9e7
e2813f6a-5483-45af-968d-09eb22bb57a6,6c7639f0-1550-451d-ba63-075f1838101f,702c5cb0-a610-4240-9bed-879c69cdb9e7
c8bc5a50-fc1c-4acb-9147-e562112711d9,4bb468f7-232e-472e-b441-5481f7a0e011,702c5cb0-a610-4240-9bed-879c69cdb9e7
4cd3dd32-a77a-484e-bfea-73eb93c5acd8,6a9505fe-e50f-46c1-9d7c-64f6405618c0,702c5cb0-a610-4240-9bed-879c69cdb9e7
0fc06592-c013-4753-acc7-1593ac6bdf1b,94d0aa09-0783-4741-a8e2-cf383665dd3c,821f14d9-7bc0-4e9b-94af-b8fcb6e5280a
c4360d85-e90c-49e5-80c5-4d287a1ba883,2e9c45cd-7d28-4309-a3bb-3f460334d9de,821f14d9-7bc0-4e9b-94af-b8fcb6e5280a
f76892a0-44e7-40af-89d6-cddbcae6076d,80662b0a-72d1-4c50-918d-c97402f53684,821f14d9-7bc0-4e9b-94af-b8fcb6e5280a
9dbbc95a-4e20-4bb3-941f-0823ecdf99d8,5a285e29-f7cf-4f88-9df6-217279bdde9a,821f14d9-7bc0-4e9b-94af-b8fcb6e5280a
36d45395-3d39-4d84-8555-0165562ca42d,c994f6e7-31f5-4fc1-97f8-7b2a4fcfd691,702c5cb0-a610-4240-9bed-879c69cdb9e7
7ab6c985-8865-43e7-b9a7-f46d61ffef87,cc82b8a6-ed03-4c17-b4d2-4fe1b2465510,702c5cb0-a610-4240-9bed-879c69cdb9e7
dc5bc8df-5a08-446d-853c-41973e4859a5,f75f8002-0502-4b66-a63b-c2eded9acf4a,702c5cb0-a610-4240-9bed-879c69cdb9e7
7423b988-19b3-44c6-ac11-722e5245b765,91ccb9a4-bf30-4d12-921c-93f4af76f79e,702c5cb0-a610-4240-9bed-879c69cdb9e7
ede97984-ffb5-4044-9649-1f5a50f45189,d56bbb41-b33f-40e3-a518-398863e4d3f1,821f14d9-7bc0-4e9b-94af-b8fcb6e5280a
d5a78521-878a-410a-93a6-24a78c2a816a,fcf22b41-57d6-44ee-a9eb-ab1610517570,702c5cb0-a610-4240-9bed-879c69cdb9e7
f4e20479-e338-4a2f-ada1-30d4e59caf17,118b9540-8ac5-4f36-b3fa-0edbfc2f18c6,702c5cb0-a610-4240-9bed-879c69cdb9e7
56768544-e347-4a9b-b8dc-34762c654f5a,18fe5469-16f3-418c-bb62-6f014831035a,821f14d9-7bc0-4e9b-94af-b8fcb6e5280a
05090042-02dd-4d50-aab3-8284b2dc4a37,80e92524-95df-4f64-99e6-9b7c1f144a7f,702c5cb0-a610-4240-9bed-879c69cdb9e7
827331a3-45d2-46d0-8ea4-a48203766b32,bc28eaab-2155-46e8-bba3-e8c5496a045b,702c5cb0-a610-4240-9bed-879c69cdb9e7
ed3db339-c72d-4d69-80ed-7dc81ece71d6,e2e68829-1adf-4498-b367-604809b82249,702c5cb0-a610-4240-9bed-879c69cdb9e7
dff23d3f-b904-47e9-9195-07a7895f2acd,a6f0b1a6-cd63-4ce0-a13a-f614b7d5a9fe,ed204181-0a5c-4ffc-aea7-05dc9d565ecc
80091fbd-aeb4-4b86-bc77-d4f1d95cd530,976a1ad1-48d1-40f9-ab0e-6f50468ea78c,821f14d9-7bc0-4e9b-94af-b8fcb6e5280a
cb44cc13-529f-407a-9468-9024dd328f6c,30587960-9756-4d6b-8a89-26966996379a,702c5cb0-a610-4240-9bed-879c69cdb9e7
6202cc68-9f28-43c4-9027-1954ae5f280e,9da5090b-1901-42b9-8728-553ddc3b0a79,821f14d9-7bc0-4e9b-94af-b8fcb6e5280a
522b2527-f919-4009-ba83-7f0949364d98,156d5ced-9cdb-40ab-8f86-6ca687c8d4a3,702c5cb0-a610-4240-9bed-879c69cdb9e7
7bb1c10f-2bd4-4cff-b34a-312cabd19206,c6efff61-90ac-408f-8a7c-0a6aaae0934e,821f14d9-7bc0-4e9b-94af-b8fcb6e5280a
fbcaedc8-9882-427c-83e0-b790bbc54767,3aab89f4-83fe-4232-a260-9983d0f57e8f,702c5cb0-a610-4240-9bed-879c69cdb9e7
323c2319-440b-42b1-b49b-7f0b4a02feb4,19383387-8c42-4de2-9529-fb4748b03422,821f14d9-7bc0-4e9b-94af-b8fcb6e5280a
829f59ca-aebe-45f0-b126-cfa66dd72944,a86ec30a-734f-4047-892d-a71812bb3e4d,702c5cb0-a610-4240-9bed-879c69cdb9e7
8b3cbc23-7a99-4c49-819b-f9fd59036c20,713e90da-761a-4eba-9c89-5cc179686508,702c5cb0-a610-4240-9bed-879c69cdb9e7
c642dab1-82bc-4ca4-8c63-44e425eabe3b,b23b6851-d2c4-42d3-ad07-8a39741b7a23,821f14d9-7bc0-4e9b-94af-b8fcb6e5280a
3237a229-b1df-4fee-9ba8-dc63612da0f0,a4afbd35-baad-4330-8858-4e06ee1d583b,702c5cb0-a610-4240-9bed-879c69cdb9e7
7d59f86e-2dd8-45c5-ab4c-af066025376e,a1c43be4-9c53-49f9-ad73-480584517ce1,702c5cb0-a610-4240-9bed-879c69cdb9e7
29eeadc6-7d9e-4033-bf48-a9ed73bc9f4d,22e6af6a-9c76-490b-a33a-2cb4db2e7322,702c5cb0-a610-4240-9bed-879c69cdb9e7
7d74b56b-2e5a-44b0-b8d8-6809557df7c1,26064378-6c81-4b94-bed6-1322a603f057,702c5cb0-a610-4240-9bed-879c69cdb9e7
c9b9b86f-e4fd-4002-9d23-b0fd24ef2fbf,ffb69f45-32fb-4747-8400-0d50db5bf3f1,702c5cb0-a610-4240-9bed-879c69cdb9e7
d5cba747-9572-4388-81ab-4c93b23b8b62,2744cc14-113e-47d9-8291-990b07808ef7,702c5cb0-a610-4240-9bed-879c69cdb9e7
51b7ccb1-eaff-4c46-acd8-b6d44e2b65da,53349dd9-2ada-4a63-a137-efbb2ddf407f,702c5cb0-a610-4240-9bed-879c69cdb9e7
681e26a5-f09a-42a1-a2c7-618fe87c3f3b,e5760f99-a3dd-4e57-b4ed-df549a01c83a,702c5cb0-a610-4240-9bed-879c69cdb9e7
d9888888-3794-4fd2-b452-c1f8688293b9,9332f705-43d5-4b41-84f0-e9f6bda07273,702c5cb0-a610-4240-9bed-879c69cdb9e7
3a8fb988-e3e8-470a-8521-b7218031c6df,ab600733-d6e2-4775-b440-ef7847ac31fa,702c5cb0-a610-4240-9bed-879c69cdb9e7
7d264ed5-483f-45cb-a2b0-b6837cdedf6a,bee01f31-d6d6-43cf-81af-02a2cd34c29a,702c5cb0-a610-4240-9bed-879c69cdb9e7
51472f41-dc35-4319-a2bf-c426bdbd9c3b,2795b3b4-0dff-4729-9645-404a6882affd,821f14d9-7bc0-4e9b-94af-b8fcb6e5280a
18a8ed43-c4fe-456f-8f04-ab6db4c27b47,f6619516-46e6-40fe-b572-9fadfc9507e7,821f14d9-7bc0-4e9b-94af-b8fcb6e5280a
72aa690c-81d8-499e-84e5-4d6864fadfe6,457f5933-6155-4529-93ee-a234f3191bcb,702c5cb0-a610-4240-9bed-879c69cdb9e7
5f339b25-f74d-4344-bb17-aa8e7f248ee5,d784e599-cdf0-4258-b704-6b5e126b790e,821f14d9-7bc0-4e9b-94af-b8fcb6e5280a
a687db10-e86f-4b38-956e-deff525f4799,e5db2fce-e8e6-4b5f-90d1-a42248e98d99,702c5cb0-a610-4240-9bed-879c69cdb9e7
b4bb10ec-01dc-4e71-8b23-96dff5849605,c2686da4-9442-4b67-9398-d22ad75a5591,702c5cb0-a610-4240-9bed-879c69cdb9e7
f9192e68-d4e1-42ff-92e7-d568f7daa781,72bbd85d-75c6-439e-a014-32c3a138502d,702c5cb0-a610-4240-9bed-879c69cdb9e7
7ccddbc4-f436-428b-b786-163eb76994ce,9442abd6-5e3c-489a-873a-cf7960eea2a2,702c5cb0-a610-4240-9bed-879c69cdb9e7
23e4bd61-f0ee-4cdc-9931-b7db54c8c56e,14798e90-a13f-4a37-a483-844f4e3b96e6,702c5cb0-a610-4240-9bed-879c69cdb9e7
70a70714-dc8c-43de-a3b1-f047eeb069d2,afdafca5-b755-4bd0-9996-126f9d778629,702c5cb0-a610-4240-9bed-879c69cdb9e7
3f717a48-8a8d-4164-a402-41aa0c0388db,5f1362ff-70d0-4164-8cb1-c35a9a025cc3,702c5cb0-a610-4240-9bed-879c69cdb9e7
62bc37e8-a434-43f2-bc20-00b3c6cb7062,b4795b5f-56e5-40dc-aa6e-8e7442a74cef,702c5cb0-a610-4240-9bed-879c69cdb9e7
4ccad534-abca-4657-89a6-0923d0729f96,808830a6-c630-44b8-8c3d-e8e5f2310e30,702c5cb0-a610-4240-9bed-879c69cdb9e7
9086df6c-85e8-49e0-b9b5-faa2676ad778,6d3d0ed0-894c-41be-9b2b-9089020df2c7,821f14d9-7bc0-4e9b-94af-b8fcb6e5280a
d3647080-0498-4654-9a4a-3d0385b2e7d3,c8d49f70-f6eb-401f-ba0c-d8ec8cd04fe7,702c5cb0-a610-4240-9bed-879c69cdb9e7
f2c8d25f-9129-4e38-a0dd-0103d25f189f,7ba96118-904e-4973-be2a-0c8100faa156,821f14d9-7bc0-4e9b-94af-b8fcb6e5280a
fb6d507a-c845-437d-a15f-01501f88b497,a04ff63c-ab9e-466e-8f66-ccad10c4f48e,821f14d9-7bc0-4e9b-94af-b8fcb6e5280a
00ae439b-0d47-43db-9e80-9e8ca3851337,7ad3e913-0d33-4471-9a16-d18653c5d156,702c5cb0-a610-4240-9bed-879c69cdb9e7
e36de420-ecde-48a9-8517-31dd882b6047,f61ab6c5-bf8a-4380-8574-435220682a6f,702c5cb0-a610-4240-9bed-879c69cdb9e7
5500752d-d0f3-4fd5-b3ce-ab18a476b19f,c960726f-e012-4645-ab82-b932d53aac52,702c5cb0-a610-4240-9bed-879c69cdb9e7
efd2572c-1489-46ee-aa5f-1f966d3fc2c8,e15703c0-5cc9-49ee-849c-1d81522353fe,702c5cb0-a610-4240-9bed-879c69cdb9e7
d6664005-1e27-476a-978e-85c2dbcd7a28,f6b0e865-a180-4a26-857a-4a2a8c480701,702c5cb0-a610-4240-9bed-879c69cdb9e7
983e52b5-feed-4501-abc0-40a7744be1ab,3c478744-b00f-41b1-b17d-2427e098b957,702c5cb0-a610-4240-9bed-879c69cdb9e7
8dc37856-3806-4e3d-9891-dbb8bfbe1200,70ecaf3d-f141-4afc-be39-a36033eee9f6,821f14d9-7bc0-4e9b-94af-b8fcb6e5280a
41b0b3d3-8b5f-4d68-b6b8-940ec5d9f962,30097710-ac41-4795-9ff2-5483665ecaaf,702c5cb0-a610-4240-9bed-879c69cdb9e7
89d0b567-b8e9-4c6a-a264-dba15a8e1f2b,de37c919-2295-45b0-be28-308d81e4bd43,821f14d9-7bc0-4e9b-94af-b8fcb6e5280a
13374d92-ccd9-4eec-b0f4-592c3c7bbed4,67815c65-0249-46ad-b64c-8a1f1e38dd3a,821f14d9-7bc0-4e9b-94af-b8fcb6e5280a
c02615d7-eefb-4c1f-8e19-4b72d8f142c4,5a6d3e59-fc32-42b5-895a-c31c83403ef0,821f14d9-7bc0-4e9b-94af-b8fcb6e5280a
2638126a-0889-4710-84f3-b75bc083dc95,619de0b6-eceb-418c-8015-f83290d6bc9a,702c5cb0-a610-4240-9bed-879c69cdb9e7
d75d2b3e-230f-4620-a2ca-68feff1d978a,c6f8dafb-4a39-4d4d-a96c-c8c5c7edcf06,702c5cb0-a610-4240-9bed-879c69cdb9e7
a203e146-9673-46b1-b843-f8e0a6b51970,f9db0f7d-1010-4c69-adbc-d42931a89fd1,821f14d9-7bc0-4e9b-94af-b8fcb6e5280a
0c124f96-8810-432b-ad49-3cb2d0530f14,e0aced9d-ade5-44e8-8865-bf4efeb5e97e,821f14d9-7bc0-4e9b-94af-b8fcb6e5280a
3bf874f0-0dc2-45ff-85f2-0449e6cac5a3,e6c7438c-4b9c-41f7-b26c-72d45d425677,821f14d9-7bc0-4e9b-94af-b8fcb6e5280a
82eeceab-7f03-4e56-a293-a57de8579c95,2089e9e4-5377-4ab9-9f80-244c4e80e32b,702c5cb0-a610-4240-9bed-879c69cdb9e7
29333632-0365-426d-8a7a-7fa9327c996d,0ad65b83-ec8c-46dc-9579-c1cc00124b2b,821f14d9-7bc0-4e9b-94af-b8fcb6e5280a
7099d11e-6553-4f01-a553-923f5ccb832f,0c9b6cf4-983e-4814-876a-f921db9a4747,702c5cb0-a610-4240-9bed-879c69cdb9e7
1c2ed9ed-0465-45e5-85b4-54a71d062ecb,1848829b-1422-48ca-a9c0-940087167c9b,821f14d9-7bc0-4e9b-94af-b8fcb6e5280a
b7c12594-e09f-43dd-af91-fc98125b6a6a,423a7122-41c1-4d97-9ff1-5e85edf25fcd,702c5cb0-a610-4240-9bed-879c69cdb9e7
3b2131fb-5aef-4b4f-b188-405fd117e050,5efcf5b6-02f1-4187-8840-04c805c8778f,702c5cb0-a610-4240-9bed-879c69cdb9e7
007e00a8-8790-41df-b9a4-aaca43899e86,14c14e35-11d2-4bae-86a9-9c63588abb08,702c5cb0-a610-4240-9bed-879c69cdb9e7
5f8a437b-2b8e-48d9-9ef8-64e389bfa4ad,72324b5d-e70c-4514-a79a-5606f87e6782,702c5cb0-a610-4240-9bed-879c69cdb9e7
2685d0e7-61ef-436f-afb9-eec53eef47ad,dac9b03e-a8d2-4b9d-bb41-9615564591c9,702c5cb0-a610-4240-9bed-879c69cdb9e7
e215c5c2-5e06-421d-ae8b-bb16c5cf555f,ee028fd6-2756-4826-987c-2a8332601eae,702c5cb0-a610-4240-9bed-879c69cdb9e7
1c60b688-ffcc-421c-a9c5-bcb389f677f1,0d6914b2-6da2-4757-87a8-6e8a035358a4,702c5cb0-a610-4240-9bed-879c69cdb9e7
eb427f42-aba5-48bb-b299-240334cb4dd3,bf3b1f18-b205-4220-91f1-23d84f9bb997,821f14d9-7bc0-4e9b-94af-b8fcb6e5280a
860803ba-1314-4edf-a538-bdf21e110bfe,c9e39580-a58b-42c8-ae3f-cf10bf4e2889,702c5cb0-a610-4240-9bed-879c69cdb9e7
a0af5411-d559-4a04-bc3b-93f8ee1ca985,1a62fdcf-3ffe-48fb-afff-d398dab68e3d,702c5cb0-a610-4240-9bed-879c69cdb9e7
0345949f-49f0-47e6-b8a5-5bdb49aa6331,a8701538-3baf-47b3-837b-bfe3c7d34595,821f14d9-7bc0-4e9b-94af-b8fcb6e5280a
5ef3551c-57c6-48a1-97e8-5b209fb909ed,04f3a3ca-f6fb-4e84-b243-33d2fcd6d0e8,821f14d9-7bc0-4e9b-94af-b8fcb6e5280a
795567a9-5fd0-45fc-a008-288e320e5192,624cca9b-9625-488c-a109-5f4860d0f57a,702c5cb0-a610-4240-9bed-879c69cdb9e7
d97f3caa-49c2-420d-9c86-d2ca3fd40674,54a28c14-cfed-4983-b3e8-dbfa6f0934d7,702c5cb0-a610-4240-9bed-879c69cdb9e7
6beb628a-73c9-4ed0-81d1-615c94bccd58,ce9a3f5f-3e53-40a9-a217-52235f18fee1,702c5cb0-a610-4240-9bed-879c69cdb9e7
34b394d6-47e6-4ed2-8d52-a4fecd9049dd,9e49f936-7656-4df3-99c2-a291ba4cf910,821f14d9-7bc0-4e9b-94af-b8fcb6e5280a
8e23a7cc-a64d-4d85-a7ff-3dd406c43bb1,36a81d48-0629-4734-8ce0-790f269ef898,702c5cb0-a610-4240-9bed-879c69cdb9e7
bff62b0c-2c2c-4293-a7cf-d599eedaf695,5fefb06c-c317-46f1-ad9a-7faaed1336f8,702c5cb0-a610-4240-9bed-879c69cdb9e7
7f77002f-b360-4739-b391-9822513f8584,8f8baa59-f7c4-42cc-ac82-b8fd5347ffe3,702c5cb0-a610-4240-9bed-879c69cdb9e7
64e4b58d-065e-4d56-978a-8a3a2bb4fcd0,fe54befa-dd71-4deb-9503-0e05eb46dc51,702c5cb0-a610-4240-9bed-879c69cdb9e7
d352630e-c920-49c3-b34e-215b0b3a2c97,6f723c61-bfff-45ba-bf53-6f3cfcdcc893,702c5cb0-a610-4240-9bed-879c69cdb9e7
e642b72c-4ce8-4de0-856b-f5b6f25833cb,9dbc5ff4-009f-4547-b316-2b76086f4475,821f14d9-7bc0-4e9b-94af-b8fcb6e5280a
3a6f8be1-429f-4c5b-a056-32abaf064f46,837d2572-70c4-4e16-a20a-9d0b361eefa2,702c5cb0-a610-4240-9bed-879c69cdb9e7
c63aa4eb-ec7d-4422-9365-6a69d8c742f0,db105dcf-ebd1-41d4-9330-612bb831a270,702c5cb0-a610-4240-9bed-879c69cdb9e7
55d15faa-47f0-46d7-9aef-38996d7e390c,639da732-5ca2-4230-bcf2-59ae59fc5c92,821f14d9-7bc0-4e9b-94af-b8fcb6e5280a
f73ccfbc-3a44-4356-9b22-91f99b316b01,66a9e6ff-f9f4-4454-83d0-f28f22470886,702c5cb0-a610-4240-9bed-879c69cdb9e7
b09fdd7f-6b8c-47e5-99cb-3662b2ea82d2,9e0738ec-b20b-4cd2-a5e1-db780c738854,821f14d9-7bc0-4e9b-94af-b8fcb6e5280a
50e7de3b-ca8c-4b57-a3d0-930400830d1b,455c6f02-5a7e-466e-9359-ea434556c44e,702c5cb0-a610-4240-9bed-879c69cdb9e7
10e4eca5-4d99-4aef-86d8-8e110e894c29,2a0b7ba8-f764-4902-972f-a22e1b7f5e34,821f14d9-7bc0-4e9b-94af-b8fcb6e5280a
d6cca1fa-305c-4ea6-aa6b-f9e4853dc614,6a40deb7-7e15-4e9a-b017-5ebbaec76509,702c5cb0-a610-4240-9bed-879c69cdb9e7
94fe675d-d182-4657-b38a-9c922c1382b7,f3bedb28-2599-45ee-baea-166d1c7ec810,821f14d9-7bc0-4e9b-94af-b8fcb6e5280a
353c357a-2625-40b2-be60-f1b1c031b554,159304ff-7d12-486c-941b-1926ad583f96,821f14d9-7bc0-4e9b-94af-b8fcb6e5280a
349891db-7174-418c-9a25-7b42e986552f,5d1df6ff-09a9-4749-9e97-ddeda46e87b8,702c5cb0-a610-4240-9bed-879c69cdb9e7
c043edd2-55ef-4501-91be-865ee9440cc8,70fbec09-2b0e-4695-931e-d56710aa5c38,821f14d9-7bc0-4e9b-94af-b8fcb6e5280a
414b9826-7236-4d20-858f-3410faf41a00,15dbc6cd-6931-4bce-8bc6-2824e000a071,702c5cb0-a610-4240-9bed-879c69cdb9e7
7a795ab0-2215-401c-91ca-793cee035ada,6f0cf46c-b35f-4845-b591-8e29a2a62dd0,821f14d9-7bc0-4e9b-94af-b8fcb6e5280a
4d39b78a-690b-4657-82ee-d98f61cb8532,83c0331d-6b7b-4c46-bc9b-72146fdf3ec1,821f14d9-7bc0-4e9b-94af-b8fcb6e5280a
acc8a500-0410-4d5b-b192-186d998f1e22,a9d30ded-7114-4cdb-9072-182b5660653a,821f14d9-7bc0-4e9b-94af-b8fcb6e5280a
8ca7f226-c9fa-4b28-ac47-d90a08fad991,098938c4-9eaf-4d83-acca-87bc303610d0,821f14d9-7bc0-4e9b-94af-b8fcb6e5280a
710c3b47-2eb6-47c4-94c1-632b74a803c4,bb0f9d20-9e02-4391-812d-c9e4c0f97b5b,702c5cb0-a610-4240-9bed-879c69cdb9e7
3fa9b1da-26f1-4c12-a2a6-91d7c8741709,765af683-d015-4723-9d8f-44d259cd0870,702c5cb0-a610-4240-9bed-879c69cdb9e7
f3bad0a3-6d27-4a9b-9d1f-02e94d083f63,4b5ecf28-1c8a-4d69-b632-1baa2102b7cb,821f14d9-7bc0-4e9b-94af-b8fcb6e5280a
401cff97-2f69-4e10-b602-c7cb76893660,73ca7cf4-5208-46e5-ba69-57314aacd52a,702c5cb0-a610-4240-9bed-879c69cdb9e7
321fa174-62ec-4256-b589-c9b49e70d0aa,270d3344-4d81-4414-a6f8-b4512088de04,702c5cb0-a610-4240-9bed-879c69cdb9e7
c9b49cda-a191-4ef6-918d-214a0e62dc43,836ec312-2663-403c-9874-df17947734d5,702c5cb0-a610-4240-9bed-879c69cdb9e7
6a0871d4-b104-4664-beb3-a044b5851257,b2230fb8-09b9-487a-9606-d00183cf5421,702c5cb0-a610-4240-9bed-879c69cdb9e7
babea84c-e4dc-47d6-a135-774d5ae62816,6e63adea-dd78-4673-ba57-ccb499915c4f,4934dc25-aa95-4f0b-80f6-da9704d700d3
e654ba09-0283-407b-90d8-5e38b6e15de0,57ad15f8-4436-4aa9-9151-337f1fd8fd78,702c5cb0-a610-4240-9bed-879c69cdb9e7
e87b61ca-0d51-4af5-a776-9b141a7e9e58,91ad1cc5-9cf4-447d-b204-62b99faf92cd,702c5cb0-a610-4240-9bed-879c69cdb9e7
04e48283-7fa1-4d66-84cf-94ddb0676d08,f6311b9c-4d72-4dcb-b341-c72d706119ee,702c5cb0-a610-4240-9bed-879c69cdb9e7
635e81db-7992-4386-b540-e6264fdd9d82,a481b5db-c7e1-4b82-bd82-acfdfe0ae610,821f14d9-7bc0-4e9b-94af-b8fcb6e5280a
17159c9d-5e6d-47b6-a08b-ed08a3680cd9,34d51f80-d539-4add-bd42-d86a7c6158d6,702c5cb0-a610-4240-9bed-879c69cdb9e7
f471199e-5102-457d-8c1e-d5f448e6ea0a,91edc503-1eaf-4ede-99c4-1f0afee07430,702c5cb0-a610-4240-9bed-879c69cdb9e7
c3ed071e-42fb-4bfc-94c9-47b3315010ba,e49c5555-1c3f-4814-97c7-dc7acf2f19de,702c5cb0-a610-4240-9bed-879c69cdb9e7
dc3f9ba7-3e61-4eb0-8cae-b735f66f1b06,4c6a5fc5-f7d5-4a55-b7ea-07bea828afb4,702c5cb0-a610-4240-9bed-879c69cdb9e7
f36e087c-e1e8-4165-8c37-a0db7d95c90b,428f88e6-77fb-49f6-8ae9-14742acb2c07,702c5cb0-a610-4240-9bed-879c69cdb9e7
8dd43134-0e63-4adf-a6f2-28d7f69f1bc3,4366bd5f-620f-499f-9258-058838f40014,821f14d9-7bc0-4e9b-94af-b8fcb6e5280a
af617af1-3e6d-4112-a18d-903c64c0c119,2e393da5-ee5c-431f-897c-8aafb2505296,702c5cb0-a610-4240-9bed-879c69cdb9e7
4ccff1e5-854a-4b26-9f7e-33cac266766d,266539a6-a412-4d08-9d09-0e008d39e5e8,702c5cb0-a610-4240-9bed-879c69cdb9e7
04dc1b28-468e-432c-9b4a-46fa20022b82,774b6411-e358-43da-b80a-6118b7d836bc,702c5cb0-a610-4240-9bed-879c69cdb9e7
0f47f5b7-e72b-4b46-9669-80c2c22e7493,c66ff790-4f0d-4737-99a4-f68d48f3a970,702c5cb0-a610-4240-9bed-879c69cdb9e7
af2fc1d2-f85d-47af-894b-c45c484ce652,e3168ea1-dbb9-4bba-a573-e558bd7e819c,821f14d9-7bc0-4e9b-94af-b8fcb6e5280a
3848fcc9-e32a-451a-bd21-31ac5a675d42,5eb2748f-38ed-4d92-809f-ece0e2c135f8,702c5cb0-a610-4240-9bed-879c69cdb9e7
d3dbcdb1-d456-4367-9d00-ee04f422a4e6,39fbfb22-ef10-4d7e-a2ec-ff9bc1d16173,702c5cb0-a610-4240-9bed-879c69cdb9e7
98972bb0-17fe-4840-a338-ab7814824763,5592502a-be01-4c34-9ed7-865970946168,702c5cb0-a610-4240-9bed-879c69cdb9e7
8bef9550-90b5-4257-91aa-4aad95fa7f21,0ac867b7-a2b0-4246-a8fc-9c8f525ee7a9,821f14d9-7bc0-4e9b-94af-b8fcb6e5280a
adc8fd45-872c-411d-9ccd-33fab94319fe,63ba7244-dd88-4a75-a7a7-81d7a668b6d3,702c5cb0-a610-4240-9bed-879c69cdb9e7
c9de58c3-dc61-40e1-af3d-41308c9bd773,ecdd3a52-6c32-4acd-9058-cf4029cc162b,702c5cb0-a610-4240-9bed-879c69cdb9e7
a9c6b665-8ade-4fc6-a029-3fb1d976587b,89b43655-9b99-4b91-89a1-49f568116473,821f14d9-7bc0-4e9b-94af-b8fcb6e5280a
f091641b-09a4-4f87-8857-bc1545cacad5,a71485a3-9a5d-4f1d-aa5d-463153c960f3,4934dc25-aa95-4f0b-80f6-da9704d700d3
1b793552-bcec-466f-8b40-38557ef8022f,6e109843-5e12-45ce-af56-bdb35096bdea,821f14d9-7bc0-4e9b-94af-b8fcb6e5280a
2a22ff8d-fd2d-42b2-baaa-ccdb4d79343f,ea310df1-eac7-427d-a610-a3e0cc2072a5,702c5cb0-a610-4240-9bed-879c69cdb9e7
63d9a0fe-8dbf-45e3-85bb-27c370459fed,b8410f7a-c234-48a5-80e0-d9bb6143869b,702c5cb0-a610-4240-9bed-879c69cdb9e7
3860169f-ad0e-4666-b478-aabfd18c1019,4d99cf0b-af7b-4850-89d3-a9d9f0f6dbbe,702c5cb0-a610-4240-9bed-879c69cdb9e7
b83c30f3-8a2f-4361-b4cd-6b309fed7a18,54beb280-b814-423f-8edc-b82fb9b021f9,702c5cb0-a610-4240-9bed-879c69cdb9e7
52789e1d-ea53-491e-95d2-4e43e3415ed1,9041bdab-b205-4217-834e-0ea4175f32f4,702c5cb0-a610-4240-9bed-879c69cdb9e7
ee2eae31-dc9b-42ed-a040-826390fba01e,449ab3b7-7811-4df4-8ee3-861fe6a45a1a,702c5cb0-a610-4240-9bed-879c69cdb9e7
773eddaf-4014-4105-865b-a4341e599183,2e13e410-07cc-497f-a7b0-87348254d5f4,702c5cb0-a610-4240-9bed-879c69cdb9e7
723dfe31-dc65-45d0-ae80-9b108012af98,d9911d95-1c2c-4bfc-83c2-fe9091a39298,821f14d9-7bc0-4e9b-94af-b8fcb6e5280a
09021d1b-e6eb-4493-b5ea-063aeb9ed15b,73d6c71a-dea1-4571-bf42-de4a4b5b57ec,702c5cb0-a610-4240-9bed-879c69cdb9e7
a66aaf37-8eb5-4152-b26f-82f6ed453860,dc947edf-6af8-488c-9c70-cd53d997e313,821f14d9-7bc0-4e9b-94af-b8fcb6e5280a
507fb7d3-395f-4d31-8fd5-22ef3e36063e,7c42c6cc-79da-4394-ac46-ccac0f6e947b,702c5cb0-a610-4240-9bed-879c69cdb9e7
302b4d6a-9d8b-45c0-b52c-a19dcda179c6,4714107c-2d93-40e2-a33b-a40395031b12,4934dc25-aa95-4f0b-80f6-da9704d700d3
b633eaac-71f6-4795-994e-476471b04658,3c2d763d-813b-4713-bfa6-5ac20ea07d03,702c5cb0-a610-4240-9bed-879c69cdb9e7
282b3228-d4e9-483a-a860-17b3eaaef3d4,bb2c55e0-f635-41c2-adc8-7ea8f9deb1a4,702c5cb0-a610-4240-9bed-879c69cdb9e7
06d7bc2d-355d-4b4f-ad34-97a56815cac2,e5a8bae9-7cc8-437c-bb67-e2975bad9934,702c5cb0-a610-4240-9bed-879c69cdb9e7
0cdcf431-6472-498e-a532-056bdc337124,6bf1a2a0-b228-4b21-9f43-c70f14dde0b7,702c5cb0-a610-4240-9bed-879c69cdb9e7
7864bb87-9084-41fb-a400-3780a3978b0d,2552883e-6d38-4c40-a89a-f3e9b3bfc7a9,702c5cb0-a610-4240-9bed-879c69cdb9e7
09247640-77e5-46b0-9172-1be378d0b2b6,9374284b-6503-46c9-ba5e-cabf36176f1f,702c5cb0-a610-4240-9bed-879c69cdb9e7
a1a93689-2763-4ae5-a3d8-63d36f030a9b,a4193424-2630-4cc7-b7bd-74bb01eed3d6,702c5cb0-a610-4240-9bed-879c69cdb9e7
5a0ecd6b-9151-4ea2-b28a-cd195e8e4d22,15c49398-fded-43f1-9675-932d6bb333b3,702c5cb0-a610-4240-9bed-879c69cdb9e7
00c822a6-93c2-4114-80c6-15e8654c9b83,5fe4b184-bc92-4ff8-be71-139ab4c6ac73,821f14d9-7bc0-4e9b-94af-b8fcb6e5280a
3b443302-9b6a-4f04-8eb7-f1b508b4a055,50425c27-6bd6-43c5-ae0c-f9ad311abd5a,702c5cb0-a610-4240-9bed-879c69cdb9e7
ddfe70a5-6581-476a-86a5-76ed39822f90,d3760da0-c75d-47ab-bcdc-17c8a79ed835,821f14d9-7bc0-4e9b-94af-b8fcb6e5280a
f9853fba-c9c4-422c-a66b-3a1489596182,ab4ab0b3-92f5-4243-9f38-d4b35a5fd5a9,702c5cb0-a610-4240-9bed-879c69cdb9e7
226fa6dd-9b1c-4e86-a367-1d913544d796,ef802448-fd53-400e-b400-c33160b20b4b,821f14d9-7bc0-4e9b-94af-b8fcb6e5280a
02aae519-9e38-411f-ad26-3fd69e463d99,a2ad5189-d632-48fb-a207-b2efa2a43cce,702c5cb0-a610-4240-9bed-879c69cdb9e7
8d8287db-9c4b-4c93-b27f-4a686c71d3e0,2d0ff0e6-d273-4df9-b3eb-d043fd5dabb8,702c5cb0-a610-4240-9bed-879c69cdb9e7
7df1c980-dbc8-4117-a64b-4ad057fc28f7,c6c595c6-f3ca-493a-98c7-b8fc20e918ab,702c5cb0-a610-4240-9bed-879c69cdb9e7
ddcee4ed-c363-4850-b85b-362614a5c129,df43ae9c-f149-415d-b930-1118716da9f6,702c5cb0-a610-4240-9bed-879c69cdb9e7
4cc428f4-22f5-43a8-9f59-d6c25313373f,c8fa9d05-5c18-418f-8137-26f1385cd5f8,702c5cb0-a610-4240-9bed-879c69cdb9e7
4db1b175-0f5f-4ae2-b33a-fe424514015a,87010b10-c0cc-4471-9227-bea22eb5690e,821f14d9-7bc0-4e9b-94af-b8fcb6e5280a
f27f0bf6-65fe-488c-94e7-604863da0919,6e010900-ae8d-4f44-9df3-497c2d6031b3,821f14d9-7bc0-4e9b-94af-b8fcb6e5280a
848f73b9-b240-4940-97c5-e6a81fd14d20,271335db-fda7-43e1-86af-b1fd46f2292b,702c5cb0-a610-4240-9bed-879c69cdb9e7
f1ea57a4-5f30-4fe0-94fa-b79f84d28791,c6918a35-4079-417c-84ce-f30ec4ff27a1,702c5cb0-a610-4240-9bed-879c69cdb9e7
665a0efa-e584-42f0-81c2-2d0faa3fa02c,2921a93c-68da-41a9-90e7-554fb4d75f89,821f14d9-7bc0-4e9b-94af-b8fcb6e5280a
0e4041a3-c141-4c78-9385-672e7c1a085f,f822ef3d-25d0-48df-b20e-88ef74da0dc4,821f14d9-7bc0-4e9b-94af-b8fcb6e5280a
c3ee7bbc-b8a2-49b7-b9bb-1414ca8f0a67,871c5456-9e6a-476e-a35a-d926e07abd82,821f14d9-7bc0-4e9b-94af-b8fcb6e5280a
30be670d-1613-4b83-890b-62ac192c43cb,2e5e2a45-6a19-4e09-80d5-27af5f78fad3,821f14d9-7bc0-4e9b-94af-b8fcb6e5280a
2cd4ae9f-18ce-4d8a-a3a3-364fc87e6d51,fe19d6db-aad5-484e-886c-0becd8da5d53,702c5cb0-a610-4240-9bed-879c69cdb9e7
62571827-d911-4c42-8136-58d1c2176416,1afde866-587a-4a2f-88e5-0e18d2e49e82,702c5cb0-a610-4240-9bed-879c69cdb9e7
c2a441e4-e650-4cb5-b782-7c7fef96465d,5f9abf16-16cf-401c-917b-d6045bcf156a,702c5cb0-a610-4240-9bed-879c69cdb9e7
3ce817f8-6c66-4124-97c6-ba2d6544194d,43fc9939-7011-47c2-9526-1057b3c05d7d,702c5cb0-a610-4240-9bed-879c69cdb9e7
e30318af-e902-45f7-ad61-826c2ccfdc6f,a430b636-ad90-440f-8807-76915116edd1,702c5cb0-a610-4240-9bed-879c69cdb9e7
c62c5f26-84b2-469f-944a-f4fde13ee5c4,d4106896-9c65-4dbb-991b-2dcc5d8b5282,702c5cb0-a610-4240-9bed-879c69cdb9e7
0d91ed3e-3d00-4172-bd9b-aca8369d5ed4,a53eea9a-2785-44e8-9d5a-ad5906085f72,702c5cb0-a610-4240-9bed-879c69cdb9e7
ca9d32e0-7d40-40cb-845c-64b46abf2e8f,4befefa4-5404-434e-90a2-131f87672a0f,821f14d9-7bc0-4e9b-94af-b8fcb6e5280a
2cc49059-ccd0-4e2b-86c1-42c3ee3ae858,5397d8e2-8978-4677-aa59-25258605783f,821f14d9-7bc0-4e9b-94af-b8fcb6e5280a
ddf09f0f-1195-4d5f-b7bb-10c1b1e91895,97601a48-a075-4ced-a4e0-296295df06e4,821f14d9-7bc0-4e9b-94af-b8fcb6e5280a
97cc1e18-bfc6-4a9b-afc8-7839afd61b0e,887fdd04-2e33-4c01-8ea4-b0959b076d09,702c5cb0-a610-4240-9bed-879c69cdb9e7
691948f5-db82-4af6-808e-3a013e38c32f,cfb92d61-8953-4039-9326-a1dca1ba49b0,821f14d9-7bc0-4e9b-94af-b8fcb6e5280a
00aae3cb-1c6e-4751-9292-addf8d379117,87df3de7-0ad1-4350-a827-ad29cee46f5c,702c5cb0-a610-4240-9bed-879c69cdb9e7
915a01ac-9cd0-4414-93d3-f877c346834e,b7c2d535-0444-48cf-b19f-754a17848307,821f14d9-7bc0-4e9b-94af-b8fcb6e5280a
25c0bbf9-0c09-4f55-b7e5-bb7dcce36177,e8bf76ea-5310-4014-b643-0d3c3069cb9c,821f14d9-7bc0-4e9b-94af-b8fcb6e5280a
a78f0b1b-d47d-4f62-94ed-2aa986312082,cfc5391a-07ec-4a49-9a5b-ef79531c3875,821f14d9-7bc0-4e9b-94af-b8fcb6e5280a
7def4974-1cf7-4707-b4d8-abdbdbf18ed6,8c56adb0-803a-4692-91d2-976b5a4c3633,702c5cb0-a610-4240-9bed-879c69cdb9e7
f4569ad6-6f1c-4863-a61d-c38b65cb4265,9633fb76-dccd-45ce-8c68-c05618388064,702c5cb0-a610-4240-9bed-879c69cdb9e7
44dbab02-a768-4b5e-8356-19bfef1321b1,dd9b01d3-ed13-4586-b301-0a3927b89c38,702c5cb0-a610-4240-9bed-879c69cdb9e7
58285c02-a3d3-4527-910a-91817e3986a2,efb2648e-e8cf-4ce5-b2fd-b63b98a524fc,702c5cb0-a610-4240-9bed-879c69cdb9e7
f9afbab2-afaf-4378-808c-5c8210d37b55,f6b72a3e-04b4-4267-ac04-744cf7723d6d,702c5cb0-a610-4240-9bed-879c69cdb9e7
9d583856-c7a9-4169-94a4-0403a558a63a,ba84283c-e623-499e-a140-38eb230555a9,702c5cb0-a610-4240-9bed-879c69cdb9e7
af7b1a0d-04ce-4b7b-b8a1-39a495b3ae0f,f4588d95-a032-48f3-a144-e6997753af52,4934dc25-aa95-4f0b-80f6-da9704d700d3
649a8cf9-55eb-48d8-bf9f-e82abbde87e5,6a9f02dc-5574-42d7-aec4-b201b3d76395,821f14d9-7bc0-4e9b-94af-b8fcb6e5280a
b4cbb7c1-83d1-46b7-bc1c-382298f4512a,b780ed91-d67e-4a15-9951-5f6218534296,821f14d9-7bc0-4e9b-94af-b8fcb6e5280a
de806d98-12c0-4f03-bfb7-62bb39c7724e,fafdc592-1596-438b-9711-65bb72e3f2d8,821f14d9-7bc0-4e9b-94af-b8fcb6e5280a
b75b6851-f3fb-4643-96f5-f27bd7fcb0ee,b2d96076-e91e-492d-b69f-9ab297b52956,702c5cb0-a610-4240-9bed-879c69cdb9e7
e56075fa-3105-485a-b5a0-c750132cae18,ef6b6fbb-84c7-499f-b078-5ff9bf2cb534,702c5cb0-a610-4240-9bed-879c69cdb9e7
6b0c2cbd-c36a-46a8-8da0-2f290908905d,96a1107c-fcd8-4539-837d-7812fc06ec92,702c5cb0-a610-4240-9bed-879c69cdb9e7
28c4bdd9-3a7a-4d9c-9807-d2c7eb3c6041,da5fad0a-9a2c-416f-ad04-fecb718f02ca,702c5cb0-a610-4240-9bed-879c69cdb9e7
99e68c7f-8efd-4d3c-bf48-e539ef84775a,5b3a21eb-309c-4445-ba6b-76dba540cd60,702c5cb0-a610-4240-9bed-879c69cdb9e7
ee1f0df3-1f9a-4a6d-9b2c-d1ac0f72040e,b0ef267e-3d82-4e63-8d61-1fd38b920cc1,702c5cb0-a610-4240-9bed-879c69cdb9e7
2451740c-8df9-4ecc-9a10-f3149d11f68e,0fcbdbe5-b4fe-4997-ac8f-8180c2d88408,821f14d9-7bc0-4e9b-94af-b8fcb6e5280a
f7a1b196-6a32-4d44-9f05-52b08f609977,ae7e994e-52ac-4967-9753-fd77ba18ac2c,702c5cb0-a610-4240-9bed-879c69cdb9e7
4f91d890-ec24-4794-afad-4a83b04a9e70,d5faa164-40bf-43f0-aa70-75a6d71f5365,702c5cb0-a610-4240-9bed-879c69cdb9e7
51f998c3-7246-414a-ae96-9e246ddc4dc3,3a5f1be8-b2bf-48b8-92c9-5fc59910cb44,702c5cb0-a610-4240-9bed-879c69cdb9e7
f7edf330-8663-4d48-8390-d90b98ebe7c0,9b9f0c08-cd93-4044-adc2-6ea920935e18,702c5cb0-a610-4240-9bed-879c69cdb9e7
3ff0bfba-9b55-4f68-922f-cbfccaa71f2c,c58b135c-279f-46bc-81b8-7188a4974d89,702c5cb0-a610-4240-9bed-879c69cdb9e7
4c917f13-5ec0-4a01-8d04-fd3cd3bb085b,68579b75-c4ce-4496-b581-711e49939084,702c5cb0-a610-4240-9bed-879c69cdb9e7
04ae14d1-2286-480d-bafd-d569c848d5a6,ef29ee04-082b-4b04-8042-9ba046792a17,821f14d9-7bc0-4e9b-94af-b8fcb6e5280a
c81d2f92-3c88-4b19-969e-4e928cd85e75,2b7ed5ba-9ef6-429a-97af-8601b7b44fee,702c5cb0-a610-4240-9bed-879c69cdb9e7
31019369-a9a6-4d9c-88a7-73f0f4a2b683,f51ad3e9-8cc7-487c-b2e2-fb09c3cff947,702c5cb0-a610-4240-9bed-879c69cdb9e7
cebb9bd3-5642-470f-8924-67df96cee0ea,f70d3271-61e4-48fa-987b-1455a9677d2b,702c5cb0-a610-4240-9bed-879c69cdb9e7
22d30533-117b-4f86-b0f3-05933d97c3cd,30aa9781-0e50-408e-8cc7-611d2060dca1,702c5cb0-a610-4240-9bed-879c69cdb9e7
80425190-9c55-47af-9108-f25c0f01fe66,43247e14-bca7-4765-82d4-deb8f7e068ff,821f14d9-7bc0-4e9b-94af-b8fcb6e5280a
24a9b560-4f1d-4aec-af23-00ca871b20d8,2781897d-6ae9-4421-b563-8524ed6230ce,702c5cb0-a610-4240-9bed-879c69cdb9e7
4e3b905a-3bdb-4c3b-9c1a-09c164673575,abe12e95-b21b-4c50-9523-0afa4814d4d6,821f14d9-7bc0-4e9b-94af-b8fcb6e5280a
7f1ae323-7816-4e17-b503-898184577a7d,6294bbc8-bb3c-49fe-83e4-e35b8e5aec55,702c5cb0-a610-4240-9bed-879c69cdb9e7
97c78754-c56f-4d18-903e-2c114adc607c,f3bbe31d-fe74-454d-838b-153390bc23a0,702c5cb0-a610-4240-9bed-879c69cdb9e7
9f73d426-435a-4993-83ff-9cd67b059f17,c1b42ab6-0fb1-4e55-8cb8-2e21bac9eb8f,821f14d9-7bc0-4e9b-94af-b8fcb6e5280a
1eb4b9b3-af2c-45a9-83db-7b09ae673bc0,4ba6abce-1973-4b80-b3a6-41e24afbcfb0,821f14d9-7bc0-4e9b-94af-b8fcb6e5280a
24663091-ae62-4906-9428-e03cab4ba93d,6d14d4cd-4db5-4a0a-95a7-10035f8d6a4f,702c5cb0-a610-4240-9bed-879c69cdb9e7
98bfe675-13ea-4461-97c5-7029e9f60c44,8f5c5165-5c3f-4d57-8b43-716a5cc6af90,702c5cb0-a610-4240-9bed-879c69cdb9e7
affbebce-1e45-42c6-841e-a304400acce8,169275fd-8f6a-4094-b05c-d97c457ddf64,702c5cb0-a610-4240-9bed-879c69cdb9e7
462d0569-ddcd-4cca-a409-f8632558fa36,a90b51c4-175f-4fb8-9447-9b1c7c4aa958,821f14d9-7bc0-4e9b-94af-b8fcb6e5280a
353dd4c8-c219-4083-b97f-f28aa1913c90,a945c780-d8ec-4bc9-8524-f64005c033d8,821f14d9-7bc0-4e9b-94af-b8fcb6e5280a
d04b4deb-5bfe-4836-b35a-5682573bd297,a1539da2-61e4-4c76-b4d1-718507756ced,821f14d9-7bc0-4e9b-94af-b8fcb6e5280a
eb3c41d6-c098-4d68-860d-23fdd0d4820c,b1cf9519-8588-4440-a54a-622347fd0872,702c5cb0-a610-4240-9bed-879c69cdb9e7
a8c17275-68ae-4724-bf58-c943722e56a8,9d56a675-1464-4792-927c-c767814fd022,702c5cb0-a610-4240-9bed-879c69cdb9e7
7597f762-29a1-48d7-a2b6-d64954b71788,692a92fc-a549-459a-bb7f-475585fa0eb5,702c5cb0-a610-4240-9bed-879c69cdb9e7
9f01c305-1966-4b07-a3f1-56877aee2b1a,59ca6134-033c-404f-b33a-cc8340507069,821f14d9-7bc0-4e9b-94af-b8fcb6e5280a
00da5aa1-b276-47e6-9ff7-b5d786a92d37,d410e350-a186-4d6e-ab04-cc9fbc542000,821f14d9-7bc0-4e9b-94af-b8fcb6e5280a
861be228-7b04-438b-9066-cafe7d7e112a,a3e86f01-0d54-450d-bee8-96eaa62ee4a5,702c5cb0-a610-4240-9bed-879c69cdb9e7
645cf66b-8240-408e-b8da-104fb444564c,6abaa51a-3758-43a1-ab10-1fa29bc43fd5,702c5cb0-a610-4240-9bed-879c69cdb9e7
3d9af729-f72d-4444-87c0-d9c5613b502c,2a45479a-314c-49b1-9892-aa0c1a86e29e,821f14d9-7bc0-4e9b-94af-b8fcb6e5280a
fbf54a89-7623-4ef5-b0bf-5b9f916bc41c,f79099c0-e597-4a29-be97-9e6f1a057cd7,821f14d9-7bc0-4e9b-94af-b8fcb6e5280a
6587a571-50b0-45d9-91da-ee28a59aa923,b05ffc4b-e6fe-4920-8339-bb17950e1ba3,821f14d9-7bc0-4e9b-94af-b8fcb6e5280a
3123d9a7-8d01-41bd-9c54-c6f29c643bdd,969afc77-29e3-43a1-9e75-e65330ff521a,821f14d9-7bc0-4e9b-94af-b8fcb6e5280a
c793d1c6-c9fa-4cd0-b317-1bb2d20b02a1,25673827-a8ef-4dfa-ae19-f80ccede6c64,702c5cb0-a610-4240-9bed-879c69cdb9e7
5ed4c0d8-1f59-4472-a980-a0089f1c8d33,1f930197-aff2-4399-99af-7780962f80d5,702c5cb0-a610-4240-9bed-879c69cdb9e7
3c9790cb-29b3-49a7-aff9-ed753451eece,cd2f905a-49cf-46df-ab27-00551423b820,702c5cb0-a610-4240-9bed-879c69cdb9e7
28f795a4-b3ee-4316-bf4e-0d1e6337d851,c4bae7fc-46c8-4e9d-b31f-f7742c62420f,821f14d9-7bc0-4e9b-94af-b8fcb6e5280a
507b2952-be4b-4d6f-88e1-67cb5e655330,6c4f47b7-b0af-448f-a603-794ca8f13a45,702c5cb0-a610-4240-9bed-879c69cdb9e7
6a656360-d15d-447f-9bf1-245d629ce0f9,73d1a095-5242-4b0a-bd5d-80b0f2dcd764,702c5cb0-a610-4240-9bed-879c69cdb9e7
2879b663-bdcc-4b54-9d81-6fa270fe053e,3f76d860-c87d-4590-9853-eebd14d46de0,821f14d9-7bc0-4e9b-94af-b8fcb6e5280a
49bf26f5-8f2b-4a05-bbbd-22d6a4631722,493a2856-b924-46c6-a4c5-75ff5f83649b,702c5cb0-a610-4240-9bed-879c69cdb9e7
5c907b22-9ae8-403c-84f4-524f7b03f84f,395629da-1dff-4a71-b6f4-2ff038f12626,702c5cb0-a610-4240-9bed-879c69cdb9e7
19cfb591-eac2-4314-b3cb-11c8f7607bb9,0b94c3e9-3e77-4be0-af6b-5f017cf33691,821f14d9-7bc0-4e9b-94af-b8fcb6e5280a
d89b0092-452b-47c0-9ad5-8cf408f2faed,8ef04a5b-7047-42f3-aece-255a034f669a,702c5cb0-a610-4240-9bed-879c69cdb9e7
0f1c2342-4d7f-4b86-80c8-fe51ce13a220,2b682cc2-c185-4f27-bbdf-c0712b77a9ef,702c5cb0-a610-4240-9bed-879c69cdb9e7
30d96375-c9f6-4494-b28b-45791e309048,0991f032-965d-46d6-9cb6-99b0b791a000,821f14d9-7bc0-4e9b-94af-b8fcb6e5280a
1f80bc12-a3d4-4616-8365-a5cfa33ddf84,273cddb4-6c0e-401b-8d34-450242feefef,702c5cb0-a610-4240-9bed-879c69cdb9e7
23cc9c24-3079-4912-a2b7-0b05c8d6de5c,25099858-5ba2-4bf6-a4d2-3a91cee73208,702c5cb0-a610-4240-9bed-879c69cdb9e7
c4e62b11-8f45-477f-b3af-ca6a83d16c68,c8938817-ebad-40f6-9397-802fe07f0084,702c5cb0-a610-4240-9bed-879c69cdb9e7
fe2bdb73-7e22-4179-9ccf-599dd6f0ea9c,a35ec347-f51b-4b67-b62f-f12cf2543280,702c5cb0-a610-4240-9bed-879c69cdb9e7
c91fe61f-8b70-43ef-8d34-fdc8570fcc5a,b00d2efa-8709-42b8-9254-5adbd38e59d3,702c5cb0-a610-4240-9bed-879c69cdb9e7
21796aea-cbd7-4f66-8b64-2daee56e3e45,c1a960e3-708d-4e44-925b-de93ec503450,4934dc25-aa95-4f0b-80f6-da9704d700d3
0405f322-3541-4271-9093-d59cfef39adb,ab3fa824-ca7e-4cb5-817c-e3bbc785ecda,821f14d9-7bc0-4e9b-94af-b8fcb6e5280a
a9007e2c-1fc4-49b1-8c6a-7bc23c3f64ea,3d4387d6-381c-449c-ac7b-474b04304c5d,4934dc25-aa95-4f0b-80f6-da9704d700d3
8413120b-7a80-4fe5-9ee4-785f212e0cd3,a054ae41-a106-49d6-be1f-47a7648bb263,821f14d9-7bc0-4e9b-94af-b8fcb6e5280a
d7dc2fd4-67e8-489f-a32e-2e86b07f2686,4d33ec52-659e-4c1e-bafb-a3e5a24fcde4,4934dc25-aa95-4f0b-80f6-da9704d700d3
5d650a9d-ddc3-408f-9ca1-427a4c519223,d5d54a42-e58c-446b-b7e6-fb7938b93cfc,702c5cb0-a610-4240-9bed-879c69cdb9e7
e2314f4b-e9bd-40ba-a520-521d6f3deafe,95016339-fa40-4d0f-8103-46e589589ee1,702c5cb0-a610-4240-9bed-879c69cdb9e7
e2c56457-a9e8-4e34-82d7-9dcda35c3f03,0921a0ff-b82f-4790-9398-d463e94b2271,702c5cb0-a610-4240-9bed-879c69cdb9e7
dc7efb74-fb08-40a6-b49e-d255d7c01170,c026f1ca-ee5a-443c-a397-28ed699ab519,702c5cb0-a610-4240-9bed-879c69cdb9e7
ccdf259e-d407-413f-8ef1-70795fd43c08,187ef031-bde9-4adf-9eb8-1a0197ae8b3b,821f14d9-7bc0-4e9b-94af-b8fcb6e5280a
b68fcf58-463b-4a65-bf58-71d38e0cbba4,5595655f-c1a2-4775-8374-2018dd44af38,702c5cb0-a610-4240-9bed-879c69cdb9e7
42b79386-06b9-47b0-aca8-53f8ba9c9ce4,3f3dbe2c-ba39-4c5e-b6f7-491df32fe8d5,821f14d9-7bc0-4e9b-94af-b8fcb6e5280a
154aa163-fdea-4fff-a2d5-e10a52fc5473,d2388fd3-3769-423c-83f4-a5dd0f61e0ba,702c5cb0-a610-4240-9bed-879c69cdb9e7
0bb615e0-0d56-46a4-ac9d-727bc1ac733a,a019a2f1-4412-43c2-b8ce-2b91ad3c2baf,702c5cb0-a610-4240-9bed-879c69cdb9e7
148cfc06-e82e-4d15-80b0-161738cf41f4,3faa4d21-5862-4d37-9a0a-a57f021c541e,702c5cb0-a610-4240-9bed-879c69cdb9e7
3928d513-fc0b-4753-9742-67b1d60475b4,c65c28b4-1624-43fd-bfe9-f45686171483,702c5cb0-a610-4240-9bed-879c69cdb9e7
a236410a-ceae-4819-9cfa-ab112eab308f,8f4b9cc7-d937-48a7-9b6a-4d66586c6974,702c5cb0-a610-4240-9bed-879c69cdb9e7
c687ee3c-8a7a-40f7-b7ef-ff864adfd46b,99743761-081c-4eb6-ba3e-96aad7649167,702c5cb0-a610-4240-9bed-879c69cdb9e7
d1ac40ea-b25d-4f38-bd00-1aabace51300,2d7a09dd-ec1d-485b-be79-dd0cc5361ff7,702c5cb0-a610-4240-9bed-879c69cdb9e7
5c95e240-a026-4982-a058-dd8c51e3d5ee,76ee1823-93d6-4e7f-9535-9e4f84271a78,702c5cb0-a610-4240-9bed-879c69cdb9e7
ce5a08cb-a1aa-4a1f-8391-8b0969cc1aaf,22e91f18-dfd6-416a-a078-3559665154f5,702c5cb0-a610-4240-9bed-879c69cdb9e7
1ab418eb-e44e-487d-b03c-321b64190a09,e069fd96-777b-4f94-8759-49032ed27e77,821f14d9-7bc0-4e9b-94af-b8fcb6e5280a
c4958771-8276-4cc5-9d82-d5569219c6b0,9ae4f8fc-b9db-4818-a3f1-3d1b0fa0cb9c,702c5cb0-a610-4240-9bed-879c69cdb9e7
cbc9159a-4437-4a10-9b10-e4a055fdabcd,39d4b029-51e0-4720-bf59-b8f91fef46f4,821f14d9-7bc0-4e9b-94af-b8fcb6e5280a
0d523700-12b4-41ae-9c16-201616fb125b,c64040da-ce2a-4c5d-a4f5-d0197896aa38,821f14d9-7bc0-4e9b-94af-b8fcb6e5280a
c1591efa-0bec-453a-95ad-b760a0236adb,071a8efb-8538-4c59-ba40-052c9d634c6b,821f14d9-7bc0-4e9b-94af-b8fcb6e5280a
21f6da90-84cd-4da7-9b05-5c61850e5a0d,1e6dd7a0-420d-4e42-8ef8-f8d1f36cb831,702c5cb0-a610-4240-9bed-879c69cdb9e7
9ccacb09-8608-4ff4-916c-53eb693d08f0,fba82c7d-e0eb-4fd2-ab43-5eed235088bf,821f14d9-7bc0-4e9b-94af-b8fcb6e5280a
f5da9218-ad83-43d4-abea-542d8cce23fa,e9dfdaa3-6ca1-4f88-b9b5-f40a28d0d617,821f14d9-7bc0-4e9b-94af-b8fcb6e5280a
aa5d6d38-eef8-44d3-89b7-09f301565d4e,6ff2622e-e287-4662-86c3-23ba26dc3358,821f14d9-7bc0-4e9b-94af-b8fcb6e5280a
c0618330-9b63-4dd1-b21b-0b8a1b4a4637,d1733f55-c0c0-4eb1-93f5-7ba6b4236aa0,702c5cb0-a610-4240-9bed-879c69cdb9e7
75bea067-f84c-4c67-9933-2a4be76656c5,157fa222-210e-49ae-b91d-6847cbede9da,702c5cb0-a610-4240-9bed-879c69cdb9e7
cc64fdcc-001f-4d45-bf40-db9169d4bba5,cf002ba4-1a8c-445a-8fd7-39685c5ef63e,702c5cb0-a610-4240-9bed-879c69cdb9e7
93f3dd06-4bd4-4c8a-af5e-1707c73b8e95,d7406ec1-df18-442c-9dd3-b394bfb652b0,702c5cb0-a610-4240-9bed-879c69cdb9e7
bdd2a465-97a4-46cd-bfc6-7797a049f4c8,daf64e00-8a11-455b-a62b-ab06471fb46a,702c5cb0-a610-4240-9bed-879c69cdb9e7
3dea9c3f-1ec0-48b3-a13a-5aad0a3edbfe,3870fbed-bf08-49d3-a7d4-09760a7e5add,821f14d9-7bc0-4e9b-94af-b8fcb6e5280a
8a9cdbc9-9975-45e9-8e8d-a28c6d6313f1,326eb673-3ae0-49fa-98a4-8f942150ac07,702c5cb0-a610-4240-9bed-879c69cdb9e7
766c09e3-44fc-422e-b223-c5bb8fa1c4cb,9b24bfa5-2733-4741-bf0c-b08b802492a6,702c5cb0-a610-4240-9bed-879c69cdb9e7
3c0c7ea5-c523-420e-8a56-e44b29a240f6,f222fcad-44a5-49e4-82ed-61fff54c8b13,702c5cb0-a610-4240-9bed-879c69cdb9e7
cf0b1d15-9b72-447d-88bc-fef09bc5c77f,277512e5-ec78-4be5-9b87-ef4836a284c1,702c5cb0-a610-4240-9bed-879c69cdb9e7
8a708aea-582e-4350-9ca4-7ad17ec85585,410a3890-a1d0-4504-892c-7bcaafc3dea2,821f14d9-7bc0-4e9b-94af-b8fcb6e5280a
c35e3b71-2868-4e60-a5af-b5b5d3c7ccfb,2b701a69-edb0-421a-8132-08068b3f3de9,702c5cb0-a610-4240-9bed-879c69cdb9e7
c5eb24e7-579b-43cf-bd6f-61908c557451,11e9a82f-cd67-4539-b57d-c69c70fea3e2,702c5cb0-a610-4240-9bed-879c69cdb9e7
d27f4776-26fb-4826-bd9a-28af333d00fb,a41f85a3-b2ba-4ea5-be72-40a7681590ce,702c5cb0-a610-4240-9bed-879c69cdb9e7
ba34ab44-85bb-427a-8fd4-b885802b64cc,8821c831-5141-43e0-a663-f4b004b01d1f,821f14d9-7bc0-4e9b-94af-b8fcb6e5280a
c789f985-3059-49ca-9c61-31c62807fe7c,d7a55738-88bc-4848-bc04-b9ec937c836f,702c5cb0-a610-4240-9bed-879c69cdb9e7
21fd02a0-4f15-447b-a059-97a8f37e4377,9682c09e-6cf0-434c-82e4-7fe7622d5672,821f14d9-7bc0-4e9b-94af-b8fcb6e5280a
c1c7f002-e180-4164-9ad4-f65999125859,7cbee695-1839-4e5d-9073-ff30a45de356,702c5cb0-a610-4240-9bed-879c69cdb9e7
e9c41109-870e-4868-b2a3-1400dceba418,1a24dfbd-b760-4c2f-ab70-5490b848a09f,702c5cb0-a610-4240-9bed-879c69cdb9e7
2db12fa4-de9d-40b3-af86-9bfdb524a405,1f6e6cb6-77cb-4833-871e-b42b8b8aed1a,4934dc25-aa95-4f0b-80f6-da9704d700d3
67723910-82d8-4058-94a0-548fde1e774d,203ed301-4d2f-42c5-837d-bf3098e50baf,702c5cb0-a610-4240-9bed-879c69cdb9e7
72090a1d-33c6-46e0-9cbd-ab2ff165189e,ce843cdb-89e8-4995-971f-1da9c1f17b5a,821f14d9-7bc0-4e9b-94af-b8fcb6e5280a
7935f186-f711-45bc-9422-38125fbf7e22,e0bfbb6e-c53c-4b39-a93a-dbc3728a49a4,821f14d9-7bc0-4e9b-94af-b8fcb6e5280a
ce0204c3-7ce4-44f9-86f0-eece2ccda3be,9ab344b6-f7b6-4ca3-b500-a4ab86527a5e,702c5cb0-a610-4240-9bed-879c69cdb9e7
e7c33402-cbdc-4198-a505-3d6f92fd6745,ded04baf-d404-43fc-910d-45b4d2a6ea7c,702c5cb0-a610-4240-9bed-879c69cdb9e7
863d853e-955d-480b-96c8-b268e5ec077b,5658e8f4-aa95-47c1-b948-55b4e67cbe4a,702c5cb0-a610-4240-9bed-879c69cdb9e7
626350f1-238f-4794-97d0-f4b394188e92,f02c0bd2-a97e-4ae7-8420-709904557f9c,702c5cb0-a610-4240-9bed-879c69cdb9e7
9386958c-e6e9-4db4-bbaf-feb8f77a737a,56f575be-a372-40e6-8d17-8d44688c5f69,702c5cb0-a610-4240-9bed-879c69cdb9e7
012c5ff5-4074-46b7-8e2e-070bc7261eec,08ec0092-29ad-419c-87e6-95f9cb5fa552,702c5cb0-a610-4240-9bed-879c69cdb9e7
55c8fb31-9a5a-4d93-a9d8-15ebebd6f637,79d313c9-8af5-417d-850e-8ca98412fb7d,702c5cb0-a610-4240-9bed-879c69cdb9e7
75bc68e9-f57d-4434-9fd8-2d50503c760c,7d4abc47-b95f-4549-be77-e0541cce94d0,702c5cb0-a610-4240-9bed-879c69cdb9e7
6db1c44c-73cf-45cd-bdcd-8611f9f520a5,c2994126-2f4b-4498-8b4b-25aaf614d81c,702c5cb0-a610-4240-9bed-879c69cdb9e7
08790fe4-482d-40cd-841b-8d10ce78e361,c3b78cef-cea4-4b2d-becd-daa14d697187,702c5cb0-a610-4240-9bed-879c69cdb9e7
74ad2021-24f5-494a-9a7e-245f00bd45f2,3e7e761a-2ce2-4288-9dc8-fd8004a39cd5,702c5cb0-a610-4240-9bed-879c69cdb9e7
352e4b9b-2756-41bc-b05f-b209a87ee5a8,035b9f43-1bad-4bf0-8b87-2ebf38b43781,702c5cb0-a610-4240-9bed-879c69cdb9e7
7253e1c4-1f7f-4f37-8646-9f9ef59765ea,4959788d-a260-40bc-b8a7-83f3bdfad548,702c5cb0-a610-4240-9bed-879c69cdb9e7
972d382c-43ff-46c3-a4ae-aa3c603c22ec,f6f6be56-6c51-422e-a69c-bdeb41806d7d,702c5cb0-a610-4240-9bed-879c69cdb9e7
40f86e30-94c9-4fe5-a7d7-1915528fd4a7,e969e7cd-7690-4c74-b37d-8719024beef8,821f14d9-7bc0-4e9b-94af-b8fcb6e5280a
b0717529-b3f9-4869-b8bf-123e6787ac0b,d65d75a6-87de-4407-93fc-ed52eb1041d0,702c5cb0-a610-4240-9bed-879c69cdb9e7
0f89955c-d4e8-4b10-99c1-7f75586f36e3,6ec43f31-375e-4c42-b835-9f172a0ca509,702c5cb0-a610-4240-9bed-879c69cdb9e7
8fca1f0e-2e78-4ffd-9f30-b63d7d91866e,11bc6aa2-dca9-4af3-8e83-8694249eeda6,702c5cb0-a610-4240-9bed-879c69cdb9e7
dd06fd48-b79c-464b-9e2d-c5a1b1ba2ad1,66a73c67-760d-4141-a26e-f71bf9d2a4e3,702c5cb0-a610-4240-9bed-879c69cdb9e7
ce671a3d-9700-47c1-b8bb-6d7da2bd5eae,932c22df-9642-4ae1-bc51-bb12d3f67725,702c5cb0-a610-4240-9bed-879c69cdb9e7
6622c604-7a0b-4a7d-bf8a-a77fa1a979e7,6ee9a3e3-6de0-4ad8-8127-c73ed2fb110c,702c5cb0-a610-4240-9bed-879c69cdb9e7
9a94360b-b26d-4753-9457-29ef2f415786,395ef7b8-05f4-41a3-926b-83edf2eedae6,702c5cb0-a610-4240-9bed-879c69cdb9e7
e3d9f37d-b32a-4742-b261-e55872189e73,66ab227b-f5e1-4b09-b88c-14e9cda7032c,821f14d9-7bc0-4e9b-94af-b8fcb6e5280a
62ea7815-94c0-40ac-96e0-a477b61e9ac4,3f1e3497-3bf1-4725-873a-7652da81ce05,821f14d9-7bc0-4e9b-94af-b8fcb6e5280a
a6429ee4-2ea0-43ac-ba0e-ffa647a1f7c6,bb2ed487-baa9-4520-bf03-410bbb45de02,702c5cb0-a610-4240-9bed-879c69cdb9e7
a2792cc2-c151-4354-848b-edea014973f8,eda09fdf-6106-46ce-976d-83d0b991bef7,702c5cb0-a610-4240-9bed-879c69cdb9e7
80d5bfc7-91b4-497b-b388-8a40d6cf241e,936b7427-a3b5-4ce4-b5a3-dc49090bd802,821f14d9-7bc0-4e9b-94af-b8fcb6e5280a
f83e1874-9eb8-4a4b-9276-289c12b3e027,159a4687-0307-4235-ae0f-b5bb75e0d3ad,821f14d9-7bc0-4e9b-94af-b8fcb6e5280a
e5f24eba-6819-42fe-88d5-ec1eeb6f7427,3628682e-e6d4-4168-9c49-4acc347170fc,821f14d9-7bc0-4e9b-94af-b8fcb6e5280a
d2c7d2eb-b22c-419e-a81d-95ba407c2504,01667f5a-5489-4ebe-b13a-caf77cf0bb0e,702c5cb0-a610-4240-9bed-879c69cdb9e7
802b1259-0e41-48fb-a32c-0b126d143bca,f8e3002e-19d8-4a58-bf57-f76c48b36a5e,702c5cb0-a610-4240-9bed-879c69cdb9e7
1967adff-a734-4dbe-85f8-0a5bc6458632,7683debd-c27b-4004-b6f3-35e70395851f,821f14d9-7bc0-4e9b-94af-b8fcb6e5280a
cb349e4e-5780-44a3-ae83-3cc366f7bbe0,e84b293e-c3f1-4033-ba5e-1454b7e302c4,702c5cb0-a610-4240-9bed-879c69cdb9e7
6ff3fddc-ccce-4f88-836c-c36b21a89d2f,931e7075-fcce-4042-9875-898ce8c3978f,702c5cb0-a610-4240-9bed-879c69cdb9e7
433be138-8497-43b5-b24c-2042f08c3fab,d10c8714-f7fd-4413-997d-615912560ce3,702c5cb0-a610-4240-9bed-879c69cdb9e7
92223e08-70b1-44e3-bdcb-62d4887fb7a0,b2da6f6a-cba4-4cc9-97b5-12c990778b4c,702c5cb0-a610-4240-9bed-879c69cdb9e7
c934372c-4cc1-4d8d-b7fd-2749cde8d9da,21da2f94-950a-4bd3-9d69-893911604db8,821f14d9-7bc0-4e9b-94af-b8fcb6e5280a
2c54a34e-4fbc-4940-a61e-0d272cd82d90,788c9ca1-c56c-4c08-a585-6d5c46f37444,702c5cb0-a610-4240-9bed-879c69cdb9e7
d6b0e870-412e-4b06-8d9e-c001a205da60,a32df00b-69ad-4d67-921e-3b90d7db7f5a,702c5cb0-a610-4240-9bed-879c69cdb9e7
f3975ffd-0bac-49a4-a668-4d1432027ec6,a72fdd85-af01-4d56-aa95-27b3e0171410,702c5cb0-a610-4240-9bed-879c69cdb9e7
75ebbeec-e178-4f05-86b2-a862bb21f430,c46366f5-5b81-4093-a0e0-e037d80b7398,702c5cb0-a610-4240-9bed-879c69cdb9e7
cea347cc-2dd4-4484-8c70-c6515d75cd89,229f83f9-2427-4015-a5b3-a911e97e41b3,702c5cb0-a610-4240-9bed-879c69cdb9e7
5504da0d-e829-4fd2-9625-1ce87f2b9812,a6185275-6985-4203-856b-1661e99656cb,702c5cb0-a610-4240-9bed-879c69cdb9e7
9f8b315f-dee9-4efe-9bbb-c14e5e92aab0,3b2fc9d8-e9da-4367-90d9-026b7b92bba0,702c5cb0-a610-4240-9bed-879c69cdb9e7
088d306e-f639-44f6-994c-139b7e384484,7bceec26-1e22-4caa-97df-52702af197d3,702c5cb0-a610-4240-9bed-879c69cdb9e7
61ad37ac-1c79-4ec5-94e6-198e06a917fb,8b1655fe-2c52-448e-9629-776e51c99bf7,702c5cb0-a610-4240-9bed-879c69cdb9e7
f83a874b-1424-4506-ba1c-cfcdf8d2d6f4,d1a4ab6b-ca4f-4887-82ab-85db7ea362bc,702c5cb0-a610-4240-9bed-879c69cdb9e7
83a0d884-1644-4a3f-99af-b25bc8bf253c,6fa6bd86-4e81-4b33-b3f2-5ff908638de0,702c5cb0-a610-4240-9bed-879c69cdb9e7
e49fd4f4-928c-4af3-98fd-374ffbb0a376,7f6734e5-3737-447f-83d4-8bd0bfde9262,702c5cb0-a610-4240-9bed-879c69cdb9e7
ab09fc7f-730c-4071-82f9-80d2efe16f87,0494b022-9e15-4226-9b30-b9b141946357,702c5cb0-a610-4240-9bed-879c69cdb9e7
8e75321b-5a7e-457e-8a0f-84a1d0dfbaa3,c142c6ea-c675-4f70-86ce-eb99d2b0b899,821f14d9-7bc0-4e9b-94af-b8fcb6e5280a
f5b59792-ff91-45e8-bff9-1534390ca6d2,2ef85a38-8add-4327-8967-bbea5ca21ac0,702c5cb0-a610-4240-9bed-879c69cdb9e7
b50e6cd5-fea7-4e6c-bf1a-e081a31b8e70,e7a987c8-1d95-49de-8c92-f75c0023b726,702c5cb0-a610-4240-9bed-879c69cdb9e7
e33b3420-bbf1-4a68-93ac-ad167d74ad51,e79aa5a9-b136-47dc-873f-945939e253d3,702c5cb0-a610-4240-9bed-879c69cdb9e7
4c9df244-dd49-481e-b7a8-85a3b9d9f2cc,f4fd4bc1-d8c3-49fa-ae85-53187f37bc76,702c5cb0-a610-4240-9bed-879c69cdb9e7
e25317ef-b1a0-4560-b225-74461dbfb12c,4fdac9e9-88c9-4765-a354-bbadde0ecef2,702c5cb0-a610-4240-9bed-879c69cdb9e7
734863d4-a2af-47f4-a6ce-91de49a583f8,1702fc27-3aa9-4bb7-b075-2fe3ec905bbc,702c5cb0-a610-4240-9bed-879c69cdb9e7
1412a472-7dd8-456d-a297-082990ab1300,1c5b133f-7080-4e2f-9e58-282c4cacc139,702c5cb0-a610-4240-9bed-879c69cdb9e7
625e37d7-4e65-4f3c-8094-72d48718843a,2e8710ee-0b5e-40bd-a8e9-a9cbb48d2e00,702c5cb0-a610-4240-9bed-879c69cdb9e7
8968fd40-dd99-4a4e-bdca-868c5d7659b3,df87a841-263d-4b59-b496-333a8a8102f5,702c5cb0-a610-4240-9bed-879c69cdb9e7
3ef59f65-2bcb-40d3-b234-d5adcdc068f0,956c806e-2ad0-492d-b35a-a651e6156104,702c5cb0-a610-4240-9bed-879c69cdb9e7
28094e92-936e-45aa-920a-42602362355b,09728d70-16d2-4bb1-92af-a0c4ea572483,821f14d9-7bc0-4e9b-94af-b8fcb6e5280a
37a0104c-6cf3-4fb0-9e0c-b4e95f00fad6,8acadb0f-5fd9-4eee-b3fd-2e368d78cddf,821f14d9-7bc0-4e9b-94af-b8fcb6e5280a
c4765f0b-a262-4a77-82af-0077868b08e4,9c4760d2-fb39-4150-ad63-5be375aa5c81,702c5cb0-a610-4240-9bed-879c69cdb9e7
e0cdcf09-be9e-4f55-97ec-fd956d5d151b,33164220-1f6c-458e-a8a4-74c62bc408e4,821f14d9-7bc0-4e9b-94af-b8fcb6e5280a
8f2c9249-7cfd-4fe0-b173-79aeadfb580c,6974e423-ef6b-421b-8793-acd53c87fbbb,821f14d9-7bc0-4e9b-94af-b8fcb6e5280a
1b5a9a85-f821-4ec8-9cb7-edbf4d36ca46,8c3dbf14-ced8-438d-8bf5-3bb636f0fdff,702c5cb0-a610-4240-9bed-879c69cdb9e7
af2dd76b-c796-4f81-99fb-e5d20dedc89c,b83226c9-fd1c-412e-93e8-eb970567970a,821f14d9-7bc0-4e9b-94af-b8fcb6e5280a
59a0d4a3-205c-4b3b-8dac-4433cddc3893,b8bd3156-0623-446a-9d5b-5081fa0a2139,702c5cb0-a610-4240-9bed-879c69cdb9e7
7d149dd4-c945-453f-b541-156027d698e9,0549436f-5aae-42ce-be0b-a5db94add796,702c5cb0-a610-4240-9bed-879c69cdb9e7
85aa4225-6f7e-409a-87f3-8a64cc458208,2656c69d-1219-47e2-b55a-281f8e3864c8,821f14d9-7bc0-4e9b-94af-b8fcb6e5280a
3f5eba08-8d3b-4e63-add4-7f39a3bc6a71,61bcf9d6-6beb-478d-9fc7-e73589d2fade,821f14d9-7bc0-4e9b-94af-b8fcb6e5280a
5aab22c8-0e0f-4e5f-84ea-465ba6623535,e42fe354-8ac3-43dd-b607-a7b5f861db4d,702c5cb0-a610-4240-9bed-879c69cdb9e7
94ad0b3a-f166-4634-9f38-1c752d3beb73,f2ac4e87-e09e-4d49-9d80-66e23154fc96,702c5cb0-a610-4240-9bed-879c69cdb9e7
79ce3e76-d22b-4a49-9031-46e8963afac0,74b253f5-da76-4352-a7eb-a459345d563d,702c5cb0-a610-4240-9bed-879c69cdb9e7
fce31ede-a144-476c-a845-21a79ec1aa64,eb4d262c-806f-4c8b-9f54-db4578a6975f,702c5cb0-a610-4240-9bed-879c69cdb9e7
b725be42-a66e-4faf-acf9-fb531635ad50,eb41b8bd-dea3-4b05-b0b8-4fbd6b5c8e06,702c5cb0-a610-4240-9bed-879c69cdb9e7
5f3e862a-8ec0-4036-afab-2a5b18c4022c,eac6d8c8-a925-4661-97c6-9579043b1c44,702c5cb0-a610-4240-9bed-879c69cdb9e7
c4be9abc-ebb3-4505-b78e-c97a09a462a7,8acc3f32-20f1-43e5-b806-a78448b88d85,702c5cb0-a610-4240-9bed-879c69cdb9e7
c7b5ffce-c692-4ea5-85c5-e6e04e06bf4f,c626fb7f-0a27-4a5e-8fc4-4d1102b0d73b,821f14d9-7bc0-4e9b-94af-b8fcb6e5280a
679dbee3-fb4f-49bd-bbfb-550480d895f3,eea383bd-6ddd-4367-8c2a-88c90766a34d,702c5cb0-a610-4240-9bed-879c69cdb9e7
5ef0dc51-74cb-491a-b3f7-3f650eb0e776,a4f62c80-2cd9-4046-b3bd-a5d3b272eb2d,4934dc25-aa95-4f0b-80f6-da9704d700d3
e3f9fc62-70d3-4af2-bcd4-06820d59adb2,ea52bc59-bbb9-478e-a22d-c8a47d08cd9d,702c5cb0-a610-4240-9bed-879c69cdb9e7
620b5d57-1c1f-4a06-9aea-3ea7fa2ddb1d,d094239f-02c0-4fc9-97e7-b3f14c99c467,821f14d9-7bc0-4e9b-94af-b8fcb6e5280a
fa94d8ca-d6e8-4b63-947d-7c5a4c7cc6d3,1f7dce68-7c4a-4c1a-8973-cfbdc0f40eff,702c5cb0-a610-4240-9bed-879c69cdb9e7
18ebb7b2-cbe8-4bfe-b399-5ba3ad01169f,5348531a-3f0b-4dbb-86cf-b5f9d4ca03f0,821f14d9-7bc0-4e9b-94af-b8fcb6e5280a
0ce447c9-eeb6-458a-9828-038be3d688ea,30afac47-6eb9-4365-9edf-1f411a45c732,702c5cb0-a610-4240-9bed-879c69cdb9e7
939f4e91-3e46-4d5e-a416-d9d681f8a6fa,55eea05a-a9d1-40a3-9ae6-d953392fc16a,702c5cb0-a610-4240-9bed-879c69cdb9e7
2f12882b-eca0-458f-ab23-b2414ad28e89,3c913949-b36c-4ace-83ed-04e3ccabc9b3,702c5cb0-a610-4240-9bed-879c69cdb9e7
2c320821-55e6-4130-af22-82a89d822570,5b397a59-9722-421c-9cec-46eed9377787,702c5cb0-a610-4240-9bed-879c69cdb9e7
6c8c8e16-4e81-4662-bf16-c98867389d31,6a5ea696-dba8-44b8-a537-8624d900b879,821f14d9-7bc0-4e9b-94af-b8fcb6e5280a
425a7fe4-67a4-4c7c-b064-d61bd497f001,3c3d34aa-6c7c-4972-a2f7-21165adbf065,702c5cb0-a610-4240-9bed-879c69cdb9e7
ffbf0b95-a8eb-4a86-b01d-d4795f33ecc3,f4319889-7d7a-412d-8647-0c4b207404f0,821f14d9-7bc0-4e9b-94af-b8fcb6e5280a
fdc593bc-7813-4878-870b-094ee7cd423e,800680e2-5570-4f58-a178-9bb5a6637b22,702c5cb0-a610-4240-9bed-879c69cdb9e7
d24955f0-83a2-4546-907d-a5a7568cc4f8,d3b074d2-46ce-436a-9662-f89783253023,702c5cb0-a610-4240-9bed-879c69cdb9e7
9a40039b-2412-4618-8399-35025e4c50b9,899c43ba-3f17-46c8-8488-670c175d0320,702c5cb0-a610-4240-9bed-879c69cdb9e7
2c30043c-3197-446c-8a6b-dd4e04c60631,a51f269e-07df-49ea-8708-14062b4a8eed,702c5cb0-a610-4240-9bed-879c69cdb9e7
a737a795-fd60-4efb-bdf7-0d1054023848,27870e67-f273-437c-a553-1e4e45110f17,821f14d9-7bc0-4e9b-94af-b8fcb6e5280a
e1437bf4-4c38-4287-a456-fd9b5343b9ff,a552a3d2-0446-41d5-ad3f-301bb4b50fb3,702c5cb0-a610-4240-9bed-879c69cdb9e7
d5d7ef10-ba31-4919-9e3e-77b618ffa0c0,2fef2716-a120-41f9-a897-67d0b8b143b5,821f14d9-7bc0-4e9b-94af-b8fcb6e5280a
d1e1f75b-29ea-4d04-98bf-3af276d653a5,f2c10390-b723-4faf-a94c-b4de16879ec8,702c5cb0-a610-4240-9bed-879c69cdb9e7
7b85f226-a4e5-4382-bf6c-8364f8bb8a52,9423718e-86c4-4220-97ef-f1dcbb4be7d4,702c5cb0-a610-4240-9bed-879c69cdb9e7
1ae223d1-e12f-4699-877e-04d3a2095a23,e497c8ab-1b37-4f08-b384-c07c7460615e,821f14d9-7bc0-4e9b-94af-b8fcb6e5280a
c674d176-8517-4284-84e6-937a3082becd,fa2a15ff-df4c-46ec-8678-38f13dbcaebc,821f14d9-7bc0-4e9b-94af-b8fcb6e5280a
df4eb181-e1d3-49ec-b987-ec33baa56c09,5cad808d-46e1-4b3f-9875-0e019524db16,702c5cb0-a610-4240-9bed-879c69cdb9e7
c8baf188-a044-4edb-9a8d-82df01f56f6b,9ebd57bc-f64f-41fa-827d-65ff73590940,702c5cb0-a610-4240-9bed-879c69cdb9e7
dcdda1f3-f50f-44da-9d28-25d51c0de617,ce5f111b-6ff3-461f-8b7a-ac8500817ac1,821f14d9-7bc0-4e9b-94af-b8fcb6e5280a
22160aae-5a66-4955-8925-bc65d2267fcd,f5cc7ba8-b9f4-4318-a2a3-28f6f26a7d54,702c5cb0-a610-4240-9bed-879c69cdb9e7
9fe0d194-5765-46d1-bdc9-053eef3caca8,28af2615-a44b-4d23-bc37-a89eb52864f8,702c5cb0-a610-4240-9bed-879c69cdb9e7
3cbdd96d-86ce-4a47-9b5a-f3f061fa9a4a,ed0aa039-a499-419b-8c29-ce309158f053,821f14d9-7bc0-4e9b-94af-b8fcb6e5280a
e8f427b1-f51a-45ca-8670-81a082d68b32,2aca4838-15a2-4f12-a960-84ebfc54edfa,702c5cb0-a610-4240-9bed-879c69cdb9e7
de859088-57d3-40ab-b11c-74ccbe33eea6,a3e26f1f-d643-4e0f-9338-b17dcc53befe,702c5cb0-a610-4240-9bed-879c69cdb9e7
9eba8845-6e8a-4530-b348-46c6ea02d198,6d3497e4-16d8-4bde-b1d3-d6a941f89b66,821f14d9-7bc0-4e9b-94af-b8fcb6e5280a
3203c7fe-19ba-4a69-93c7-389c44ec1800,5dcff38f-59db-4e1a-adb9-7862bc1ea325,702c5cb0-a610-4240-9bed-879c69cdb9e7
de2d919e-b36f-41fe-bdce-dcfa90e0e971,b1e3d54a-c128-4d9e-aad9-f5a21b7b37a5,702c5cb0-a610-4240-9bed-879c69cdb9e7
24eeb096-29a1-4e5b-b55c-6e1c30448b1e,5117ad18-92e4-4e5f-83a8-c65ea77ce0a6,702c5cb0-a610-4240-9bed-879c69cdb9e7
13e023c9-171d-4ad2-b5af-e40fae9126a0,44a4251f-dbba-46e8-aaeb-11ba4a53bda5,702c5cb0-a610-4240-9bed-879c69cdb9e7
6aa3cfef-f398-4d26-a210-be4bb15fccd1,66f837ac-f3cc-4cc5-94c6-456747f6497b,821f14d9-7bc0-4e9b-94af-b8fcb6e5280a
633e864d-839f-4294-a983-a58f99750136,9687b32d-5812-4f98-bf89-6c219a2c6e2b,702c5cb0-a610-4240-9bed-879c69cdb9e7
a2c8cb81-2881-48c7-99a0-c3a565e62884,8b5ad306-84be-478d-8ed2-f367201986c0,702c5cb0-a610-4240-9bed-879c69cdb9e7
a87ebb26-f7da-4f1f-b3e7-3464103c4b78,38aa1b2f-3f6b-4a52-ace1-0b222f876d5a,702c5cb0-a610-4240-9bed-879c69cdb9e7
24ee1dee-1e94-49f7-bfdf-3af219e40377,a8685152-e7db-4e32-8378-ef290e0cb71c,821f14d9-7bc0-4e9b-94af-b8fcb6e5280a
64d964b4-dcf3-4359-a15b-92f6223717c0,1cbc96e1-8d6c-4705-bd63-f45d77553fc6,821f14d9-7bc0-4e9b-94af-b8fcb6e5280a
091fb2c5-40f7-4814-9201-f4863c75561d,5dc73045-dc48-467b-9731-1c58d349ae05,702c5cb0-a610-4240-9bed-879c69cdb9e7
fb7c587f-cf7e-4863-b678-e9184fd456d0,f46b8f5f-5080-45d5-b6ac-c9015ef95a42,702c5cb0-a610-4240-9bed-879c69cdb9e7
29e65620-3bc6-4d09-aca3-d01b06cd2a79,d20ea4f0-39c9-4269-af42-1797f07c4d0f,702c5cb0-a610-4240-9bed-879c69cdb9e7
2a0becc6-e6d9-41fa-8fc7-f719347e91c2,71db411d-9839-47d0-85e9-ebba518d5707,702c5cb0-a610-4240-9bed-879c69cdb9e7
c8799826-207e-405d-84ef-de3dd6300d94,ce931fd8-cda5-4bd2-b110-d5fa6612ad32,702c5cb0-a610-4240-9bed-879c69cdb9e7
3a4ceac0-9cdc-44ba-a618-513ca9882c47,4782271b-247c-4bdf-9e60-eb5c2e782a03,821f14d9-7bc0-4e9b-94af-b8fcb6e5280a
517a58cd-9397-48d1-b215-cbc0747179bc,e11c7a82-1624-4800-84a0-a9f62e75d977,702c5cb0-a610-4240-9bed-879c69cdb9e7
f3980ea2-60ff-4474-bfa8-7dc53d515488,d1966d7b-b776-481e-912b-0a4b79610a49,821f14d9-7bc0-4e9b-94af-b8fcb6e5280a
3178142c-5664-402b-a7af-75594a4d36ef,1b4204d1-4ff8-4b56-9107-5f11eca088db,702c5cb0-a610-4240-9bed-879c69cdb9e7
2f82c13f-e5fe-40bd-a328-99a37ffec4f8,4bab635b-5324-4107-9d94-be8445cb9de2,821f14d9-7bc0-4e9b-94af-b8fcb6e5280a
fa7c6b14-7c1d-4e07-aa8e-d13bab8ad67c,fbc4771d-2431-4f47-a19e-ab54703c7dd0,702c5cb0-a610-4240-9bed-879c69cdb9e7
87fe5ae1-57d1-40b7-97d7-990de3a19df2,5ee43fc8-e4b2-4511-82b5-015e5a2bde09,702c5cb0-a610-4240-9bed-879c69cdb9e7
68a66f33-2f62-46c1-8b78-182ab4ec4959,957f93a7-34fb-4820-a6b1-1220bc12e8ef,821f14d9-7bc0-4e9b-94af-b8fcb6e5280a
52162cc3-ec99-48bb-adbf-01f0e8c151c7,14f1d352-70ea-4b81-95e0-bf6c2ff5ffef,702c5cb0-a610-4240-9bed-879c69cdb9e7
98e4e166-8fdc-42a7-9cf1-5f2778fbdc6c,54512b74-a6e5-413e-a11f-083f2b46a812,821f14d9-7bc0-4e9b-94af-b8fcb6e5280a
aa273acd-0acb-433e-9219-d561eafbb080,3db30009-84f2-4dbd-9542-5517c7b71683,702c5cb0-a610-4240-9bed-879c69cdb9e7
b398c787-df5b-4713-9b0d-582793c17ac5,d13ffeaa-f595-4471-8092-8bb8871e81d1,702c5cb0-a610-4240-9bed-879c69cdb9e7
1e8edda5-2752-4b24-831e-165de4185fc3,b49e0e14-e748-4d32-9c15-a2690c2c30b0,702c5cb0-a610-4240-9bed-879c69cdb9e7
e26a16d6-0b53-450f-ba10-36eeeb957a73,cc4a6926-771c-4a97-8547-676fb5a7fa0d,702c5cb0-a610-4240-9bed-879c69cdb9e7
c09f53de-8129-422d-a66d-6270e0f362af,7b3be8c9-8cb0-4d48-90d9-2f101e651c09,821f14d9-7bc0-4e9b-94af-b8fcb6e5280a
ff7a6467-54e0-4c0f-8268-963610e7fd93,a82d8795-de3a-4551-957f-a699cb2f85c2,702c5cb0-a610-4240-9bed-879c69cdb9e7
7199fbc8-86d2-491a-a353-de4406f7701b,21ae88a3-dc90-4e15-b748-3eb3713b26be,702c5cb0-a610-4240-9bed-879c69cdb9e7
b3373b66-0a8e-4633-ae2f-56c87c174812,6c3a4dec-2d12-44d8-8d73-9ee49a3e699f,702c5cb0-a610-4240-9bed-879c69cdb9e7
d315dd28-3854-4187-8efc-953b49226ce7,6e99045e-4a9b-40c8-b325-4dd953b8f39d,821f14d9-7bc0-4e9b-94af-b8fcb6e5280a
d12534c3-1a5a-44f5-9c93-07556e50c346,db29e57c-d2ec-473c-8673-a063cd517921,702c5cb0-a610-4240-9bed-879c69cdb9e7
9a4b7f7c-3d46-4e58-9b25-dd63fa9db469,0ebd0f71-96a5-4e75-8daf-b55c5056b2f1,821f14d9-7bc0-4e9b-94af-b8fcb6e5280a
7d285de2-c51c-466f-bc20-9e216add8211,fbe8c08a-e27b-46c7-b782-17ea0fdc0acc,702c5cb0-a610-4240-9bed-879c69cdb9e7
75541c2d-1bc6-4a36-80eb-f7ac3f943732,ba23c107-6efb-4029-97bb-bfd048b287c1,702c5cb0-a610-4240-9bed-879c69cdb9e7
33e4f587-f766-462e-ab32-c43b603ec3d6,0a502be6-c3d0-4510-9627-0cb8b5aaae14,702c5cb0-a610-4240-9bed-879c69cdb9e7
aa5f0e79-f55a-48ee-a6d7-863ef114fdf0,3630b2ff-f424-41c7-90e4-b99893ca9b58,702c5cb0-a610-4240-9bed-879c69cdb9e7
00da1373-e11d-47f5-85cc-70708ba61675,1c239c4b-3c2c-41ff-ba7f-db8d9df714ec,702c5cb0-a610-4240-9bed-879c69cdb9e7
73595156-efb7-4e8a-8081-d312fc5c90f3,574fe727-2349-431d-9b1b-18c59d8070be,821f14d9-7bc0-4e9b-94af-b8fcb6e5280a
c1a931ab-d52f-4e05-b6fd-3231029a3c29,d66c48d7-e146-4ceb-9a92-e79e1eb7672d,821f14d9-7bc0-4e9b-94af-b8fcb6e5280a
9191a049-927e-478a-9011-9ca736fb52e0,4403bfa5-ef48-4e89-a54e-11918749e3a0,821f14d9-7bc0-4e9b-94af-b8fcb6e5280a
5ffd52ca-22dc-4a7b-93c2-7e00a0f0877a,5edddbe0-7ce3-4912-a9d6-775ecd5c85f5,702c5cb0-a610-4240-9bed-879c69cdb9e7
6b2443c1-4f98-471a-b136-20bb999e1adb,3a688409-ba7d-485c-ae37-61a480a8af52,702c5cb0-a610-4240-9bed-879c69cdb9e7
31a2fd6a-f52f-4f09-81f4-8af19c96ac79,3afce6ae-554b-4cb6-9fb1-9e7624a9e0de,821f14d9-7bc0-4e9b-94af-b8fcb6e5280a
051a4563-0244-46cb-8954-3502da617350,6f8fa745-e554-4600-9017-988039dcf3c1,702c5cb0-a610-4240-9bed-879c69cdb9e7
a4dd043b-3989-4ee3-9fde-c01abc375d6d,9d46fd96-d8b6-4604-a04f-d8a2c468184b,702c5cb0-a610-4240-9bed-879c69cdb9e7
4397351f-ed4a-41a8-bab2-df8fadb6dad7,57574c9b-e134-4382-9707-af9848c1e688,702c5cb0-a610-4240-9bed-879c69cdb9e7
334535dc-dd20-4538-90c1-86a7b3563e39,27213cde-df2a-4c24-af1a-b114268ce507,702c5cb0-a610-4240-9bed-879c69cdb9e7
dc05cc7d-f716-4ad9-9424-90edd033e4ac,eb8f391b-0a19-4aa1-a0b4-5811960d081d,702c5cb0-a610-4240-9bed-879c69cdb9e7
4ce8d880-864c-4ec3-9fc4-faf5251f5a19,ba3ab2b5-ed22-4bb4-9c86-c4575b90d173,702c5cb0-a610-4240-9bed-879c69cdb9e7
20aac39b-8d70-4375-84af-44471a634962,e8fcaa56-20cc-4310-96e8-bdc2c140c411,702c5cb0-a610-4240-9bed-879c69cdb9e7
b4aadc32-e2fd-435c-88f6-372a72d9e36e,d04a386d-8351-4a6e-ad1a-7805fe2229a2,702c5cb0-a610-4240-9bed-879c69cdb9e7
504f51ba-e4ec-4f23-9ada-861e022eb056,383f8ffc-6a73-463b-a2ad-a479e647eec1,702c5cb0-a610-4240-9bed-879c69cdb9e7
0968d195-bd51-4b3a-834b-c6f2b69c136e,8c3ae624-3f74-406f-ac70-16c7a2eb08b6,702c5cb0-a610-4240-9bed-879c69cdb9e7
a959893e-e4c0-49ac-b5b9-ad24c0f82cf7,6df84e1c-b3c7-4cd4-99ec-28f9544c6bff,702c5cb0-a610-4240-9bed-879c69cdb9e7
9ad4b41f-699c-47cb-96df-267165ade6ed,7b7a9f7a-6f63-4555-8519-24615fed6ccc,4ef94708-9c27-402e-9600-3eb5525b0ca9
e92427f2-1679-4502-b999-fd7d17b38905,4d942983-5f19-4947-a0b5-40b12a6218d2,702c5cb0-a610-4240-9bed-879c69cdb9e7
f77fb69c-f039-4e8b-aa25-fb50aa906803,d2325209-2d1b-4089-80a6-14a345a8bf17,702c5cb0-a610-4240-9bed-879c69cdb9e7
74b50fd6-dd92-4c8c-a3ad-ff6cb478217b,c0d23cb6-a942-46a2-9921-39e4bc9a3b08,821f14d9-7bc0-4e9b-94af-b8fcb6e5280a
663a7d68-cf0d-4aa3-9db1-f94e6c6c9681,de04dc43-0ec2-4e54-99ed-e79409331a06,702c5cb0-a610-4240-9bed-879c69cdb9e7
be241e95-b848-450a-b363-d673173415a1,a3ce2bcf-f636-45a3-9f50-e6df77c1122e,821f14d9-7bc0-4e9b-94af-b8fcb6e5280a
ce262322-66e8-40c1-a87c-55ae3c3bdc9d,7a8700b2-ee56-4ccc-a501-698b2016f015,702c5cb0-a610-4240-9bed-879c69cdb9e7
38998c92-723c-47fa-8418-17e27bbeb7b7,11d6fde1-d8b3-41f9-82b0-5a2a75d3caa8,702c5cb0-a610-4240-9bed-879c69cdb9e7
dbb9356b-0d5d-4115-bebb-e88139d78db6,9a007f6f-9e63-4dd1-b35f-647651f5f346,702c5cb0-a610-4240-9bed-879c69cdb9e7
59bab65e-a8bd-4dba-b5b6-357c931f1d64,e47c208e-c31b-4594-a4bb-0d8b4689b1f7,702c5cb0-a610-4240-9bed-879c69cdb9e7
936fbac9-6a7d-4d9c-a790-65f8c171a0e0,2b2a52c1-c554-456b-b59e-468c4991b365,702c5cb0-a610-4240-9bed-879c69cdb9e7
9d42b6fe-f058-493f-9760-ac9322591898,8bed725a-329d-439d-bc90-b1fc041cad3b,821f14d9-7bc0-4e9b-94af-b8fcb6e5280a
4624ac3b-5f3c-4672-9f2d-92c70b3e01c8,fc13e00a-2958-4632-8000-6523e1beb5da,702c5cb0-a610-4240-9bed-879c69cdb9e7
ec77712e-961f-4a75-a3dd-0af148c03025,7c57d993-f673-4825-9554-58acd1f83a19,702c5cb0-a610-4240-9bed-879c69cdb9e7
9c946130-adba-40f4-ab47-b6741cdeefa3,7d94b348-d05b-4ca1-8b79-55b3d9d9e13a,702c5cb0-a610-4240-9bed-879c69cdb9e7
fad81374-1fe2-4383-ad8b-0850bc5477db,7dfc952d-4f52-4c61-b921-99f679c2859a,821f14d9-7bc0-4e9b-94af-b8fcb6e5280a
bbf5b578-78af-473c-8def-1a99982bd997,fae346b0-2a47-4727-94cd-b3ef5ea9cfff,702c5cb0-a610-4240-9bed-879c69cdb9e7
ff33556e-f7c1-4f68-bf3d-dabc94bf5e84,0300aea1-eba9-41cb-824b-d384572b4954,821f14d9-7bc0-4e9b-94af-b8fcb6e5280a
356e9e39-5bd4-4058-b905-1a2e2e49447e,fa0cb0e3-dc31-4b4c-b702-5e949ec75a7f,702c5cb0-a610-4240-9bed-879c69cdb9e7
1c0f330a-68fb-4208-bc77-8755e8e1ec1d,d8030175-52d4-4687-9dcd-3df20f146762,821f14d9-7bc0-4e9b-94af-b8fcb6e5280a
a482d644-1240-4baf-8dfd-2e05712e9808,6cefd069-889b-459f-b961-1e27fd504cad,702c5cb0-a610-4240-9bed-879c69cdb9e7
14112870-a254-4400-b6af-514c9cfa0859,e83e6890-0496-4703-806f-ab30a78bc7de,821f14d9-7bc0-4e9b-94af-b8fcb6e5280a
53c5c13e-32c5-41c3-91a5-5e7d1f52e16f,2bd0b845-8ca9-4ba2-b813-619e46d1836d,702c5cb0-a610-4240-9bed-879c69cdb9e7
747279c2-e245-4efb-954d-b1f23d8168af,110b7ef8-74d1-4b4f-a823-97cec02e4f5e,702c5cb0-a610-4240-9bed-879c69cdb9e7
f4a0eeb4-8e72-479d-9a90-e5aa180583c0,c926601c-330f-4d20-8aed-390afaff48c9,702c5cb0-a610-4240-9bed-879c69cdb9e7
5bdfcb1b-bbca-4bb4-aa8b-b3c85216e833,f0b598a2-ccc1-4669-a3f7-9a5dbaa678e9,702c5cb0-a610-4240-9bed-879c69cdb9e7
566e515e-a361-4c6c-bf47-77eec15e8824,b5c518c9-fe66-41a5-97de-528a14189b41,821f14d9-7bc0-4e9b-94af-b8fcb6e5280a
7eaeaf3e-fb56-4e24-9775-4b1d7d784ee0,483ff82d-58c8-42b2-91d4-4ffe8cfd4b8b,702c5cb0-a610-4240-9bed-879c69cdb9e7
0c251732-9c44-4d9b-b068-3c0a3d6302db,32bc9c7b-84a4-4b5a-8f5e-c7a5379c5669,702c5cb0-a610-4240-9bed-879c69cdb9e7
a8b5f95d-b60d-4076-9381-5ac75803c23b,7463e140-5b19-4fdd-b804-35099f4478d9,702c5cb0-a610-4240-9bed-879c69cdb9e7
3c30f161-7d14-424c-aa7f-9226a6166fd5,25ea58fc-28ad-47e1-b57a-8d840469a54f,821f14d9-7bc0-4e9b-94af-b8fcb6e5280a
2325f92a-cd6c-42ad-afcb-a24a91708176,03010226-1e3a-468a-87c7-8cb0d429c751,702c5cb0-a610-4240-9bed-879c69cdb9e7
ec88a02c-d98d-4d66-88b3-1f88ef582015,f8fecc97-9e6e-4b4e-a1fd-71326c19234a,702c5cb0-a610-4240-9bed-879c69cdb9e7
2dc7fe8a-0e8e-454c-bc24-d0f773848829,54e5815c-9a66-4f05-bca1-08342c8c135b,702c5cb0-a610-4240-9bed-879c69cdb9e7
8bf8bba9-6f3f-4b3c-b34b-c2b25ba92763,c0b0a0b8-44ff-48dc-aefb-13479baaa6b6,702c5cb0-a610-4240-9bed-879c69cdb9e7
d3f6293d-1d4a-43f8-aee5-d32658b9d3f2,ad346256-1c5e-40d2-b87b-9d2f7f5bfb0f,702c5cb0-a610-4240-9bed-879c69cdb9e7
669824a4-9b37-47b8-915d-766d176f64af,27e59f1d-ddc8-40fb-bcbf-0f318c3f0237,702c5cb0-a610-4240-9bed-879c69cdb9e7
91f05968-c6cd-41ff-8ba3-e19be1fbc108,aa5564d3-c1c6-4acd-936a-a5d7f3893146,702c5cb0-a610-4240-9bed-879c69cdb9e7
ed6a72c0-a51c-41f0-a378-1d2a8178a5d5,f9814bab-3377-484c-8174-d7f7ab2f3e5e,702c5cb0-a610-4240-9bed-879c69cdb9e7
54492fea-80b8-4d20-aad9-eb2bb19fe2e2,ed68fd28-690e-4f35-99f8-5c745effc567,702c5cb0-a610-4240-9bed-879c69cdb9e7
834a8906-baee-423e-a6b0-9a3b48eaead9,37d2c11f-bb6f-4344-a928-998b3cdee466,821f14d9-7bc0-4e9b-94af-b8fcb6e5280a
234f07af-07eb-4268-b48c-20986f049731,077fdfc0-4d2e-4956-b5ad-fe5eeb7aa4e7,702c5cb0-a610-4240-9bed-879c69cdb9e7
9b77d2f7-5758-4bab-8c30-861267f3539e,132517b0-db92-4396-8f59-3422e26ca39f,821f14d9-7bc0-4e9b-94af-b8fcb6e5280a
ddadc998-23fb-4e78-af9f-3ff8447775df,15036adb-d089-4c11-a96f-9ac4b3037798,821f14d9-7bc0-4e9b-94af-b8fcb6e5280a
0e1e938f-0a5e-4dec-bf50-f86a168c70a0,5d64c0e0-79ef-408b-a43b-9b746f179342,702c5cb0-a610-4240-9bed-879c69cdb9e7
4874a69a-08b6-48a9-891c-dee4d7193634,1ffac3d6-8dcf-4984-9f90-31685ebd1935,821f14d9-7bc0-4e9b-94af-b8fcb6e5280a
71721c90-d87f-48ca-acf2-0a268b4586d0,b9b2f78a-52cb-4ba3-a113-ee83907fe91c,702c5cb0-a610-4240-9bed-879c69cdb9e7
68680fcb-1b47-444d-ae0c-9b7a39e30ff0,6feb969d-d619-4ad8-8e7f-32bca735d16d,702c5cb0-a610-4240-9bed-879c69cdb9e7
b6a92ab7-1838-4214-b88d-60a2e5afee07,358cbfc1-edf3-4ce1-8980-2d31cdfb1b4a,702c5cb0-a610-4240-9bed-879c69cdb9e7
45d56639-67ba-4dec-b145-54051b63e0d7,cae3e71a-4768-433f-9b76-ee84375ec4bd,702c5cb0-a610-4240-9bed-879c69cdb9e7
1fc5af64-f37d-4857-b399-0adc7bd84d75,038330fb-0b9a-4807-9276-0571625ee248,702c5cb0-a610-4240-9bed-879c69cdb9e7
26ff13a8-ef0a-41a9-87bc-75c3e3e96a6e,c7933bc9-4d90-4caa-af1d-56c39023d95e,821f14d9-7bc0-4e9b-94af-b8fcb6e5280a
00ac853c-8c73-4f09-b4e8-0101364dd814,df12fcdf-2c52-4d34-903b-b30cdf0fe768,821f14d9-7bc0-4e9b-94af-b8fcb6e5280a
2bdc7839-f3dc-45ed-9fe0-b409a4fb3ac9,855285b1-e16c-4add-a962-bb2522c03d37,702c5cb0-a610-4240-9bed-879c69cdb9e7
7643f188-4fe8-46a2-87bd-d69010deea38,588fd323-c935-4098-8cb2-1e65c5ac2d1c,821f14d9-7bc0-4e9b-94af-b8fcb6e5280a
8ed2a6b2-866b-4e0d-9a59-383d64daea3b,bf777f55-a8b0-4039-b274-a852f3e5d4dd,702c5cb0-a610-4240-9bed-879c69cdb9e7
bebe179a-3974-4c44-9baf-c8146336d5fa,3d697aaf-2855-476c-b02a-c8005bec517a,702c5cb0-a610-4240-9bed-879c69cdb9e7
f0f0d5b6-98c4-40e6-aef7-e77df7d8ca65,ddc919c2-26de-4340-bdb0-6f8b44626336,ed204181-0a5c-4ffc-aea7-05dc9d565ecc
0d234b6f-4557-4c3e-92df-6bd82c279e10,3a0c3b80-9f09-4980-88b4-3a072a5f8aa1,821f14d9-7bc0-4e9b-94af-b8fcb6e5280a
c22ecf7b-e520-4cc7-b54c-5463002c4f90,bbddb822-2c41-4d2a-976c-350781b66e62,702c5cb0-a610-4240-9bed-879c69cdb9e7
8fdc9067-1d35-40cf-83f2-ad5185ef4184,02a867ab-27e1-4b19-a1c8-1d68be4070c7,702c5cb0-a610-4240-9bed-879c69cdb9e7
5998a30a-9168-4428-94cd-64988c3f6b13,d9930d73-8518-4c55-8408-2e153429edc8,702c5cb0-a610-4240-9bed-879c69cdb9e7
2a8fd0d4-d504-4dac-8439-059a53e7d38c,9e3feb10-e480-450f-b9d6-856cbe0825d6,702c5cb0-a610-4240-9bed-879c69cdb9e7
e1dd61dd-7446-440c-acc7-576a68d0b50e,5f1ea727-2d10-4d60-8cb0-688d1b0c9611,702c5cb0-a610-4240-9bed-879c69cdb9e7
b18e032e-af42-41e4-9df8-c8776dc0d64f,96f0d23a-3d08-4eb4-97d1-04fa34b09197,702c5cb0-a610-4240-9bed-879c69cdb9e7
cf27be01-28a7-4afd-9e7e-d628d8f137c6,5d708bd8-3ed0-41d8-838a-ca354e618e57,702c5cb0-a610-4240-9bed-879c69cdb9e7
a0b50716-5f4e-4ded-8cff-4770492aeded,bd6a937a-246e-45eb-b744-75c6b20820c2,702c5cb0-a610-4240-9bed-879c69cdb9e7
85f2824f-f6a3-4511-9e1b-bc07b87c007b,202f2be7-02d9-49ed-b6de-3bf343933163,ed204181-0a5c-4ffc-aea7-05dc9d565ecc
3208d8d4-7498-4ac8-b226-6105d53fea1a,bb82c661-1c22-4e5e-9602-d1c6503c1ece,702c5cb0-a610-4240-9bed-879c69cdb9e7
1c1f459f-3a6a-4117-aca4-6fa208c34de3,1fead967-8533-46ed-a6e4-b0cc8113be9a,702c5cb0-a610-4240-9bed-879c69cdb9e7
ef4de1b9-5af8-4794-829f-7bf53d96d0f9,75e24dfc-9028-41dc-8484-b99350ec7706,702c5cb0-a610-4240-9bed-879c69cdb9e7
632db36b-3b81-4841-8be8-30c659e3a15d,ee83aa15-3d1e-44b6-a417-07d0b95cf981,702c5cb0-a610-4240-9bed-879c69cdb9e7
fb5dc4ca-055c-4093-808d-63df712f8548,c8ecabd7-ba7f-40fa-bfa0-08bdd62fb8ad,821f14d9-7bc0-4e9b-94af-b8fcb6e5280a
31c3a401-104c-4b4a-884c-52044b80e237,d84f99eb-9924-4026-aacc-c89ad3e6e4ab,702c5cb0-a610-4240-9bed-879c69cdb9e7
a72fdf8b-1ce2-4be9-9c96-0ee7e9dadb32,b9ef1467-5703-40da-9f74-2a09bdfb044c,821f14d9-7bc0-4e9b-94af-b8fcb6e5280a
6485278c-0529-4d03-b2fd-94616f02b96b,8b4ffe8f-ee0e-4612-8c61-d753d75d41d3,702c5cb0-a610-4240-9bed-879c69cdb9e7
3f978698-a41f-46d9-a6d8-e67374720ab5,690dfb18-4532-4683-9d12-ec2297b57091,702c5cb0-a610-4240-9bed-879c69cdb9e7
e97c268e-2040-4b69-9a96-ff7f5cb90eca,44931bb3-0b36-4897-92f8-5f7ddcca6371,702c5cb0-a610-4240-9bed-879c69cdb9e7
74596881-2ca0-456c-be25-fc0492e0e6a4,c3a4e9e2-7f91-4083-9c9c-8330520bb057,702c5cb0-a610-4240-9bed-879c69cdb9e7
4a93d0e6-8153-4e4e-b779-dd895b384abb,100635a1-4d3e-46b6-acb3-6f6478cd0d25,702c5cb0-a610-4240-9bed-879c69cdb9e7
5a86d738-20f9-4b1c-a616-baa4857e1972,ead23b18-f880-4ce0-8811-7bcaee098dbf,702c5cb0-a610-4240-9bed-879c69cdb9e7
c4118239-5caf-40bb-b260-f4c67f96add9,b142750e-2f0f-4924-8115-f68eae628d26,702c5cb0-a610-4240-9bed-879c69cdb9e7
f8a6e10b-6224-4de7-99e2-416636e84afc,1a9c3118-4d27-4083-ac6b-26cdd9a635c7,821f14d9-7bc0-4e9b-94af-b8fcb6e5280a
6835f469-ac36-43b4-883f-c9796760f264,f48402fb-436a-4d7c-88cc-974ed7d90f60,821f14d9-7bc0-4e9b-94af-b8fcb6e5280a
cbc082c9-decd-4fdc-b594-7e8296db4444,7acc304a-fec9-48eb-b49b-1ef1baca550f,702c5cb0-a610-4240-9bed-879c69cdb9e7
5719294c-8d19-4f8e-b202-df569ff8e7a3,bb1f89f6-ee45-4362-80e6-97a162b62b54,702c5cb0-a610-4240-9bed-879c69cdb9e7
34465e85-8b5e-4d36-9f92-22aead417efa,a16014a6-3e68-4c32-a600-e26cdb003870,702c5cb0-a610-4240-9bed-879c69cdb9e7
1b65a7f8-9d92-4b24-b513-4010fa52665a,8d789e03-990e-4dda-8a6c-a3a38d3a8803,702c5cb0-a610-4240-9bed-879c69cdb9e7
fdecea81-9eef-4f23-8f6a-8d10e156959b,dcc23bd3-48b4-4619-861a-197fa373ade8,702c5cb0-a610-4240-9bed-879c69cdb9e7
4f66ef9b-2c29-42f4-885f-619407690234,17c6bcf1-d5b0-41f1-82ac-bd4e0301ba79,821f14d9-7bc0-4e9b-94af-b8fcb6e5280a
c2d360d4-c56f-4fb0-80bd-0ac95099030c,a3e3ca31-5dd8-4fe1-acc5-e16d5b70b5a4,702c5cb0-a610-4240-9bed-879c69cdb9e7
1a2e7d7b-4060-409c-a933-b3ded66115cb,bb989349-639d-4017-b84b-0937fec9cf64,821f14d9-7bc0-4e9b-94af-b8fcb6e5280a
99c0bf6d-e60a-4294-9e22-14310b79c368,3186da95-d0cb-4544-bd07-5a348763fb7c,702c5cb0-a610-4240-9bed-879c69cdb9e7
02a3cd40-898b-4d54-94c4-052a8dded6b7,f4edc581-cab2-48ff-8155-ac717bb71e55,702c5cb0-a610-4240-9bed-879c69cdb9e7
10015f87-4ec1-4e6e-abda-dab6da32ffd5,681f6c6d-c423-4bd2-8491-fbd3abbdd105,702c5cb0-a610-4240-9bed-879c69cdb9e7
babb446b-72e8-4ff7-b880-776028987ecb,b090c238-c3d2-41c4-812d-c4a2912debe9,702c5cb0-a610-4240-9bed-879c69cdb9e7
b8ea5178-ffe8-4c78-a64f-99c93ef006cf,90aa8b41-239b-4c8f-8d73-7b523004e588,702c5cb0-a610-4240-9bed-879c69cdb9e7
c30f057c-f8e7-4262-ba51-210a8b88d910,d57dcc46-b619-4952-af16-a52567944ef7,702c5cb0-a610-4240-9bed-879c69cdb9e7
8acc2d22-d5b0-419e-ad75-3f4a37162ea9,8faeb1b2-0ac1-4b94-96e9-5d9f573063fe,702c5cb0-a610-4240-9bed-879c69cdb9e7
48e6e247-e2ba-4660-8050-9eb02f7844d6,da6b8489-041b-4526-b4f7-f36f07e59cd8,702c5cb0-a610-4240-9bed-879c69cdb9e7
2606c696-9d4a-45cd-91b4-ee9fe417e52b,875fe2e8-cd94-426c-a2c5-79440e7f609a,702c5cb0-a610-4240-9bed-879c69cdb9e7
f8fce04c-754b-4b79-809a-95a75c85750d,69ab46f5-1ab2-4a77-a465-06828dc2ece4,702c5cb0-a610-4240-9bed-879c69cdb9e7
ec76446a-a9aa-4481-8357-86b25b92dd13,4ca04b7a-0e07-4ae7-8226-ab00e9cc1ec9,702c5cb0-a610-4240-9bed-879c69cdb9e7
98288d52-70c7-4117-8135-b400bfcb6302,d21b0522-9621-4519-acc1-0e403653409e,702c5cb0-a610-4240-9bed-879c69cdb9e7
604fb6d2-af23-41d3-af3e-a1ce64265ea7,7c53763b-4518-4a37-bdb4-8ea68f66e96d,821f14d9-7bc0-4e9b-94af-b8fcb6e5280a
e7a7f431-a9e9-4452-9781-97d130e60161,9821196c-825c-4883-8842-dea21591079f,702c5cb0-a610-4240-9bed-879c69cdb9e7
0b173003-8512-4c15-8d8f-c08ce261bc97,06006ac6-bda1-4f0d-90a8-d31cbf6bfdb3,702c5cb0-a610-4240-9bed-879c69cdb9e7
ba307a5f-ad77-4aab-945c-bea70177293f,bc278d8b-aa56-4529-ae0e-7be2572cc7e3,702c5cb0-a610-4240-9bed-879c69cdb9e7
4045fa9d-b9ee-4758-a7b1-cf63c062fe04,bd4bf593-d40a-4f72-9723-b5a6b1a71f8c,702c5cb0-a610-4240-9bed-879c69cdb9e7
1997cd0e-6543-4d4f-b25a-d00299227ce9,71680873-0711-4b69-ae72-a53b5aed61b8,702c5cb0-a610-4240-9bed-879c69cdb9e7
a20db18f-81aa-4f95-b6bd-a729f967a1ef,af1db230-f99b-4968-ab05-479af56b36b3,702c5cb0-a610-4240-9bed-879c69cdb9e7
df7df169-9e53-4f0a-b0e9-d02fc45409d4,9f0a1afe-1af6-46af-8143-932bb423dd47,702c5cb0-a610-4240-9bed-879c69cdb9e7
f85ba4ec-cef4-4aef-8750-cf779dd8794b,9afebb7c-647b-4a55-9513-423f5dcdc4e0,702c5cb0-a610-4240-9bed-879c69cdb9e7
e325e56a-fcd4-4fa9-ba5a-bb820ddbaff3,46b6d5ce-a13d-4d7a-bfe0-b5abecb7f2f8,702c5cb0-a610-4240-9bed-879c69cdb9e7
d29141df-4053-464e-9449-2a40fc7d89f9,1f7701d0-c212-4704-9cee-bc8d4739543e,702c5cb0-a610-4240-9bed-879c69cdb9e7
8c24ea6c-2a77-4890-91f8-e83f43869bbd,fda915d0-7655-475b-b919-a87111d300a0,702c5cb0-a610-4240-9bed-879c69cdb9e7
ef0cb651-2026-4f0d-9faf-2abad1371e5d,f9d902c0-f233-44de-8405-8fc4a494700e,821f14d9-7bc0-4e9b-94af-b8fcb6e5280a
90571bbc-da88-41fa-adb2-e02bbfb1b191,b7c470af-31e7-4a45-8560-a8d10d2f03dc,702c5cb0-a610-4240-9bed-879c69cdb9e7
4337e18b-9aca-46c1-bd13-c8597e851bd0,837f71b5-b669-4e9e-93b8-f03e0b2e8fcf,702c5cb0-a610-4240-9bed-879c69cdb9e7
5257bc8e-dbe3-4c8c-b4dc-bd7da0be3de4,66bbf0a2-8c9b-4c7c-8dee-90faadb91220,702c5cb0-a610-4240-9bed-879c69cdb9e7
ed02acf4-a406-423a-b4bf-5ba2c6cdafa7,b98bcb82-b3fc-477a-9f7e-8a22f6281c64,821f14d9-7bc0-4e9b-94af-b8fcb6e5280a
8c4ac3de-62e6-4d7f-a478-a2bfe16fbcd5,e86d4433-2f61-440d-b5d0-cec6232bb8e6,702c5cb0-a610-4240-9bed-879c69cdb9e7
90c970be-81c5-4b43-9ed3-2102f66d0289,be8406c3-b740-43c2-9a21-00a735a21d4d,821f14d9-7bc0-4e9b-94af-b8fcb6e5280a
13e5984b-ccf5-4dc9-bd55-407ef882fb12,c903d465-f8af-44e4-9bef-c14453584107,821f14d9-7bc0-4e9b-94af-b8fcb6e5280a
7024964b-b077-4f9e-a03e-e20aebadc64f,726bc120-6864-4a34-877e-9b336022e154,702c5cb0-a610-4240-9bed-879c69cdb9e7
883e2335-ee60-4d6e-849f-7e6e1bf1edcd,ecedbbd7-b1ce-423b-a5bd-b9877816c4f5,702c5cb0-a610-4240-9bed-879c69cdb9e7
e9cab692-d3eb-411e-b6aa-cd7283e6a496,bf887834-387a-45d8-b8a1-bb656a533100,702c5cb0-a610-4240-9bed-879c69cdb9e7
66a3b495-5604-41a3-8bc7-eb4d3b19f0bd,3e367cab-a7ed-4618-b8d1-62dfdf0189f9,702c5cb0-a610-4240-9bed-879c69cdb9e7
133c5401-afe5-460b-87dc-384611043a2a,c385d0b4-97a7-4fba-8f04-11a0caa98653,702c5cb0-a610-4240-9bed-879c69cdb9e7
c33e741b-13a7-4b5d-bc17-97b2a0c2154f,f0cafd38-0d08-4823-8c27-9652338242f7,702c5cb0-a610-4240-9bed-879c69cdb9e7
1d45a2b6-76ef-4382-ade7-0aac1ff53d97,be984acb-b86d-453a-948f-f1cca9c7302e,821f14d9-7bc0-4e9b-94af-b8fcb6e5280a
b9ab2c09-3080-4107-b99b-b0bb0f07cae1,096206a3-4f04-4132-9f8b-f1a76ba2a1d2,821f14d9-7bc0-4e9b-94af-b8fcb6e5280a
cedfd0b5-05a4-4432-b8b5-dc0532b83a06,7afef94e-7b9f-46d2-bbab-4ecf915e8c8b,702c5cb0-a610-4240-9bed-879c69cdb9e7
73dac589-5759-4216-af58-b7979d2a788b,560ed5ee-e86d-46b7-880e-4549266298b6,702c5cb0-a610-4240-9bed-879c69cdb9e7
0f43bd23-2b3f-42fe-9c90-2fbfc815225e,c9150ada-8a46-426d-bd2a-8e43fff3c988,821f14d9-7bc0-4e9b-94af-b8fcb6e5280a
5c7c1524-00d7-41a2-82af-dc88fd8112e2,a09f08fb-d04f-46af-a9fd-04f23192cba4,702c5cb0-a610-4240-9bed-879c69cdb9e7
cade5610-2b8b-4fa3-abb1-d7c711b17891,fbbc5932-d891-4131-8d81-0066dcc3e38e,702c5cb0-a610-4240-9bed-879c69cdb9e7
23a8ab00-bac9-4e46-b0dc-34ff52570e89,add0e693-0d4b-4a06-918a-0d4167591d1f,702c5cb0-a610-4240-9bed-879c69cdb9e7
906754d9-6bde-4e29-98a8-39614b27581c,0ba2bd27-56dd-4241-8336-bbb657296988,821f14d9-7bc0-4e9b-94af-b8fcb6e5280a
7f2963cb-0c2a-4cdd-99e2-cd37fd0a1828,e1fcd546-1a8f-4f3e-a180-628bb992f8bf,702c5cb0-a610-4240-9bed-879c69cdb9e7
eec5bed0-c704-4e6f-9ed1-e7440c282f76,468471bb-0af7-4502-8064-4d0493520514,702c5cb0-a610-4240-9bed-879c69cdb9e7
9001f98b-32fa-4ce8-bb2c-c83496aa427a,96ecf4b7-75cf-4a12-997a-1d3da2d28b39,702c5cb0-a610-4240-9bed-879c69cdb9e7
0e5846e6-1b7e-45f1-a6fa-951dec6bce76,9073cb9c-e5e7-47e1-99f9-02d78b60f86a,702c5cb0-a610-4240-9bed-879c69cdb9e7
c47aff62-2b70-42ee-a4b3-21924566166e,79501541-d1fe-43e0-8d4a-832d1e3c93a2,702c5cb0-a610-4240-9bed-879c69cdb9e7
4e026078-b1f7-4ca0-87e5-96abbed1c129,09db53c1-0c56-42f4-80f5-294f970b6697,702c5cb0-a610-4240-9bed-879c69cdb9e7
40328d20-c3c4-4c65-9240-51e9d6d60518,0d6eb5b8-d640-4252-82ed-1e2832f322c9,821f14d9-7bc0-4e9b-94af-b8fcb6e5280a
fd76a578-2a80-4f6c-a26f-114fa798b1b0,275391d7-2e91-4ec2-a34e-f25e512aa11f,702c5cb0-a610-4240-9bed-879c69cdb9e7
fa07db1b-2a84-452b-aa3e-095b233eeaa2,98fd00d1-0fe9-426e-b62f-eaa019c0ba20,702c5cb0-a610-4240-9bed-879c69cdb9e7
c0ff815c-956b-462c-a331-04934538f148,251f3967-0092-4f7f-8205-b858c66436d7,702c5cb0-a610-4240-9bed-879c69cdb9e7
07f160c9-8e7f-4ddb-a195-31b0693ae12b,ff159514-7df3-4e78-98e9-5f093c73d5da,821f14d9-7bc0-4e9b-94af-b8fcb6e5280a
4b14fb9c-506c-4fa2-86bd-2eb393502c24,c8decd6f-89fc-4396-8acf-3cd5d07170c1,821f14d9-7bc0-4e9b-94af-b8fcb6e5280a
e4be0a38-6e6d-4c66-ae7e-c34a1b1566d3,a16400d6-ed55-4f87-9f56-e257ba926ec2,702c5cb0-a610-4240-9bed-879c69cdb9e7
900b1ffe-b9e9-42c1-b8ee-f122ca73e796,b1c87422-ad71-4fb4-bce5-01e60cfd6a62,702c5cb0-a610-4240-9bed-879c69cdb9e7
fd6ee942-a36f-4edc-95e9-6d441738ee98,bf728fe4-6f51-4681-93bf-5f43317d36a2,702c5cb0-a610-4240-9bed-879c69cdb9e7
54c053c8-74b9-4dd6-8b5f-5e67b2e2ec86,07501273-6177-4d74-a831-44339a134675,702c5cb0-a610-4240-9bed-879c69cdb9e7
58cc4012-e0dc-4f44-88ba-69466102e8f8,cc52cdc5-5eb7-4ac8-b55c-568ae66d6c15,702c5cb0-a610-4240-9bed-879c69cdb9e7
2d5193c1-1414-459d-9459-369e3d90930c,a143c297-159c-4acb-ba36-125d99b2e255,821f14d9-7bc0-4e9b-94af-b8fcb6e5280a
437ff020-9b9e-48a1-9e3e-2a8aa2bd4d30,9cbfc668-1da6-4c06-988e-b711264752fa,821f14d9-7bc0-4e9b-94af-b8fcb6e5280a
d2b93027-75a0-4002-83a8-11d2b98250c3,cd7b9b47-9aee-4224-865b-73b931a0df86,702c5cb0-a610-4240-9bed-879c69cdb9e7
1b23ce60-80b0-4b9f-884c-441cd2593c05,0567c770-fb9f-4966-a61c-8329c86dfb2f,821f14d9-7bc0-4e9b-94af-b8fcb6e5280a
cf9f15b3-e90f-442a-a1d3-0c817882900f,7b71af4b-ef84-497c-bf6e-c18b40689984,702c5cb0-a610-4240-9bed-879c69cdb9e7
2335795b-89ad-448b-be7a-343d3134dcf2,fcd218b6-a1b6-41f4-8fcf-2af5de359213,702c5cb0-a610-4240-9bed-879c69cdb9e7
d688ebcf-f62c-4cea-be3c-91c4a8e76d79,380d8994-a9c6-414a-83a3-c60f44d9470f,821f14d9-7bc0-4e9b-94af-b8fcb6e5280a
171ab1a0-df92-4a88-913c-82221b8550dd,cbabc017-75bf-4199-8639-532006998f14,702c5cb0-a610-4240-9bed-879c69cdb9e7
d02bcbea-2028-405d-8f29-b84fbb4b1199,f059fbb6-dfb7-47ce-b055-f39b4d126da1,821f14d9-7bc0-4e9b-94af-b8fcb6e5280a
33b9bb73-98df-4cdd-91f2-462db4d77988,3821d9f0-630c-477d-b0f0-85942d9e1a28,702c5cb0-a610-4240-9bed-879c69cdb9e7
d6796ae9-9b6c-4963-b22e-b118c708e7cf,4f5861b3-b6d4-4b54-a405-1d62b1afb98f,702c5cb0-a610-4240-9bed-879c69cdb9e7
4b24f49f-4b6b-4b14-b0ce-78eaee5b6f99,7433f6b3-403f-4836-81a2-0e99ae3be7a8,821f14d9-7bc0-4e9b-94af-b8fcb6e5280a
f6c802e3-52d0-455e-baf8-936cfd35c71d,55bfbc73-1b65-4c80-99c2-8440fd0484e6,702c5cb0-a610-4240-9bed-879c69cdb9e7
21d86ff9-3adb-49a7-ad97-6919fe204125,fccca36e-aec7-4eea-a284-6552708d8afc,821f14d9-7bc0-4e9b-94af-b8fcb6e5280a
a5a2636a-70cf-4fa7-a42b-f4a443d5edfa,658603f8-e0cc-4564-b5dd-c300a5621a72,821f14d9-7bc0-4e9b-94af-b8fcb6e5280a
875c15e0-b641-4cdd-9b23-e82df25e4125,41aaef03-37da-4f59-a537-002180127b26,ed204181-0a5c-4ffc-aea7-05dc9d565ecc
08cebe9b-6d4b-4eeb-8129-1f50c5e8fa8a,d8ed43d5-3dc9-48dc-9bd4-8543a6fb5f5a,821f14d9-7bc0-4e9b-94af-b8fcb6e5280a
97c49639-153a-4da5-a8ba-b0c7b4695eb9,ceb5ba95-6787-441b-afed-991b4a191e43,821f14d9-7bc0-4e9b-94af-b8fcb6e5280a
3eb3b3dd-f321-454c-aa87-b3b99c73e5ba,7e53ccf0-13f9-418d-9680-2221f253d700,702c5cb0-a610-4240-9bed-879c69cdb9e7
262bb79c-05a7-4ef7-9f1b-eb65157d7b73,a9a2c4a4-149a-4036-80ec-3c2e62c5c998,821f14d9-7bc0-4e9b-94af-b8fcb6e5280a
684e9b27-1f8e-4a11-9130-c34b9337db60,909296d7-0f5b-4190-9d0b-985c062730d8,821f14d9-7bc0-4e9b-94af-b8fcb6e5280a
e9cbbb88-8c9c-4e25-a1bb-2d96d0e1242d,324dca18-7411-4ffa-96f8-06eaae7db173,702c5cb0-a610-4240-9bed-879c69cdb9e7
44a2f2b3-c0fb-4183-9a52-142274ff1d0c,6306bc54-7f97-4697-89af-6d55497db79f,821f14d9-7bc0-4e9b-94af-b8fcb6e5280a
0afc5791-dbd9-4886-9cd5-5b596e71e966,518f05bd-b5e0-44fc-81db-a21a4769b13d,821f14d9-7bc0-4e9b-94af-b8fcb6e5280a
e79addc5-8328-40e0-ad37-2a850a6def2f,17c85e33-f74a-4ae7-817a-b71dd8fa2b21,821f14d9-7bc0-4e9b-94af-b8fcb6e5280a
e99a33ad-34b6-4af8-a74f-b6271f815228,1ce7fd36-0d7f-4310-978d-690e137c3374,702c5cb0-a610-4240-9bed-879c69cdb9e7
8f4a2dd7-7802-4e6e-907b-3233e48afff3,4d499112-a8e8-4f20-97ac-35a5d1592680,821f14d9-7bc0-4e9b-94af-b8fcb6e5280a
b609187c-71ff-4674-be87-bcae952222a6,7d86af5d-036a-4653-86a9-b0d2a6bc3c40,702c5cb0-a610-4240-9bed-879c69cdb9e7
d329257a-42d2-4966-a74a-52c31673dede,5ad4f4c9-7cb4-4207-b968-28b5a6d28809,821f14d9-7bc0-4e9b-94af-b8fcb6e5280a
86ada814-b4b7-47d2-a4f1-b6f02ebac2ce,ac63505a-e6fa-4d86-9d7a-e1fc8e46be17,702c5cb0-a610-4240-9bed-879c69cdb9e7
a85fd79d-c0d6-49c1-b448-60dea83f885a,af4c17f7-7f89-4190-9a4c-c46e5f5e0ddb,702c5cb0-a610-4240-9bed-879c69cdb9e7
df522d45-6514-40a1-a2c3-0fd468379007,6a803d13-cdd0-47a1-bafd-b676ef7322c5,4934dc25-aa95-4f0b-80f6-da9704d700d3
9e8d8747-3644-4d39-8276-13fd7190c433,26c3e667-02b9-4b37-b875-afa7b2baff89,702c5cb0-a610-4240-9bed-879c69cdb9e7
1d6c6f33-0e9c-4e3e-836a-0e1d35d70641,7965ccd7-04d9-4598-9c13-edcb5fe4e500,821f14d9-7bc0-4e9b-94af-b8fcb6e5280a
9f84a164-7cfa-43a8-8186-8a880d8e2f2c,71af32b7-9d07-472b-839e-36b3d53fd711,702c5cb0-a610-4240-9bed-879c69cdb9e7
aca90e94-c94e-40c9-b246-fa8bca8e327f,b725cf06-75e3-431c-8c43-10c1a3fb37a5,702c5cb0-a610-4240-9bed-879c69cdb9e7
16959965-b697-4bc4-a8be-bfe4aee25f26,cce9e7d0-f06e-47cb-9861-2919ac49426d,702c5cb0-a610-4240-9bed-879c69cdb9e7
30d0f41d-e01c-4408-a172-4eed03708ccd,749abcdf-39ea-4556-929b-1f5582fcaa2b,821f14d9-7bc0-4e9b-94af-b8fcb6e5280a
d4ede589-6cdc-4afa-b05c-a0c7c437084b,4ec31b63-a7a3-4b8e-bf1d-e07014c7341b,702c5cb0-a610-4240-9bed-879c69cdb9e7
dc297512-f841-4dd3-9ea4-cbdb4d6a696f,cf15818e-baa1-406b-8032-0c6bf097e284,821f14d9-7bc0-4e9b-94af-b8fcb6e5280a
12c594ea-2049-4d97-9691-d892bdedb64e,fc5858f4-52d4-4f7e-a628-f019a9fc568c,702c5cb0-a610-4240-9bed-879c69cdb9e7
73e84998-e4b3-4612-a94e-1bb0fd607786,243abeec-39d8-457c-afd4-4701f1850699,702c5cb0-a610-4240-9bed-879c69cdb9e7
05e2e44c-4bff-4350-92ae-e163bffc6324,39a848fb-89b7-4096-b524-70c2b0d37fbd,702c5cb0-a610-4240-9bed-879c69cdb9e7
20982675-2c49-4d19-a398-7733ac0bae71,6de795a2-2355-4bdc-afa4-78698597137c,821f14d9-7bc0-4e9b-94af-b8fcb6e5280a
5132b287-695c-4bc1-a448-2a7ca381ec33,5050e03f-4918-449c-898c-a5ca33d4a3b8,702c5cb0-a610-4240-9bed-879c69cdb9e7
51ca77d4-8c13-4bce-8720-6c35f9d66256,ffdd5f8b-8e62-4427-ac77-498d4ee0b283,702c5cb0-a610-4240-9bed-879c69cdb9e7
8940bbeb-e8cd-4b2d-a280-112a34fc53e4,e06a94f0-7ae9-4a8b-bac9-1a89dd186708,821f14d9-7bc0-4e9b-94af-b8fcb6e5280a
1732710f-9aa9-4dab-aff9-99b3f549233a,e4cd839f-1ddd-428e-9744-138601c644e2,821f14d9-7bc0-4e9b-94af-b8fcb6e5280a
2f796bfc-9ea3-402f-afe7-4fc5f20eb87c,13600553-2ca7-442c-ab31-52a94bca4e71,702c5cb0-a610-4240-9bed-879c69cdb9e7
6baa572c-99ab-4938-9f89-0bc257a7e103,14ac0d3f-e4f3-4902-b775-9e251982336c,702c5cb0-a610-4240-9bed-879c69cdb9e7
34d8e496-cb7c-4059-a62b-0f03e74acad5,76a2a937-0fd0-4609-b061-58851239955e,702c5cb0-a610-4240-9bed-879c69cdb9e7
58696e39-9283-4418-946f-ce3a89ac647c,8249a885-4da7-4f94-8256-c7797fda67f3,702c5cb0-a610-4240-9bed-879c69cdb9e7
3e3b6568-13a7-48b7-9774-f18eefca42f3,16ab6e8a-07bb-455c-8019-8c0951e0bbcf,702c5cb0-a610-4240-9bed-879c69cdb9e7
b24b78a0-1422-415f-a012-e2c47e86b83b,f1dc397e-8d2d-4a04-b98c-cb42821b2e50,821f14d9-7bc0-4e9b-94af-b8fcb6e5280a
f4c14287-6361-43eb-9261-06aeaca34743,e4be5ede-eb82-4788-850a-3271cff3008d,702c5cb0-a610-4240-9bed-879c69cdb9e7
6285bbd1-c907-4e01-ab85-c655ae18e9af,7a32986d-b53a-46a5-a634-d081467a288e,702c5cb0-a610-4240-9bed-879c69cdb9e7
01886230-6adb-406f-b59f-7276515fcd91,150614d8-4307-4b5f-86af-160ddd677773,702c5cb0-a610-4240-9bed-879c69cdb9e7
c1a268f8-0195-4025-b23f-883efe0546d4,4ad6d578-990c-448b-8211-af368b8a96ca,702c5cb0-a610-4240-9bed-879c69cdb9e7
b2c736d0-2a70-487d-bf70-320b64e1db51,10dd2095-df37-4bed-9167-afa0d6a4be8b,702c5cb0-a610-4240-9bed-879c69cdb9e7
c8fa760a-a4ce-4819-97df-5fd5a66555dc,472f1e93-0a94-4ff2-9d66-7b133d405281,702c5cb0-a610-4240-9bed-879c69cdb9e7
9c0c34ff-63d3-40f3-ae3d-da6aec21822b,2733d57d-acaf-48eb-902e-8cc25b866420,702c5cb0-a610-4240-9bed-879c69cdb9e7
5ede691a-4f3d-4495-8069-b222c12bb723,25be2008-fb9b-4921-b79b-72e371d80006,702c5cb0-a610-4240-9bed-879c69cdb9e7
5e4691f4-85e5-4a6c-b4b6-4b16a2f28f9c,e63a6d8c-db5d-4d4f-b8c8-a90ba6b61463,702c5cb0-a610-4240-9bed-879c69cdb9e7
72aba182-42cf-4638-94e2-9fcdb44a8e2a,cf31db89-37b3-4ae6-a533-b981c441ac14,702c5cb0-a610-4240-9bed-879c69cdb9e7
36d4cb9c-c70f-470c-b710-be6819f9ee27,ef4c4741-230c-4baa-a4a8-401a204758d9,702c5cb0-a610-4240-9bed-879c69cdb9e7
906ac6b9-a4d3-48e8-a9ac-460dbfef7d7f,30c42279-c34a-4d8e-958e-b7ec3c31bee3,702c5cb0-a610-4240-9bed-879c69cdb9e7
15a664d9-26dd-49c1-9ac1-c10051c0eb2b,b09092b6-fe79-4e4d-b363-5932a2b7067b,702c5cb0-a610-4240-9bed-879c69cdb9e7
8261ddf8-0dcd-4806-a194-e7c3b31686cd,524f0c29-9403-45c2-8d6a-4022391b124f,702c5cb0-a610-4240-9bed-879c69cdb9e7
ee64287d-22c6-44f1-ad23-217613cb570e,8b4dd157-99f1-46c1-893c-8a17dac3f20d,702c5cb0-a610-4240-9bed-879c69cdb9e7
18cefbca-9fe6-4dc1-a257-38df75ed4914,e9abd2b7-3105-4c49-bae2-d33ff61bb83f,821f14d9-7bc0-4e9b-94af-b8fcb6e5280a
30d0a76c-e04c-44b9-8e6e-81f9399b550a,5dd1ea8c-f084-4bc8-b6ea-3c30540455ae,821f14d9-7bc0-4e9b-94af-b8fcb6e5280a
6b86c831-ec5d-46d1-946f-ec36201e2992,439de2d0-1347-45e3-b8e6-8306c34fa733,821f14d9-7bc0-4e9b-94af-b8fcb6e5280a
acd66c8e-371a-415d-a468-98fe3566db33,e67550b8-1fb1-419d-99ae-309b87fa616a,702c5cb0-a610-4240-9bed-879c69cdb9e7
382b02da-239f-491b-b843-c84a674dc0e1,d1b190a8-03e5-4219-b696-352315efdd6a,702c5cb0-a610-4240-9bed-879c69cdb9e7
b82a4be8-4c2f-4f57-be3b-6e7594cc3b03,b7402a16-7e6d-417d-a461-154bd23676b6,702c5cb0-a610-4240-9bed-879c69cdb9e7
ca8219ee-7031-4321-8631-bd98e3142daa,4dd6eec4-01f5-46ef-95ba-1c87081b9f84,821f14d9-7bc0-4e9b-94af-b8fcb6e5280a
b7ff1253-734b-4b0a-a225-0cca424d4712,80bb3db7-f25e-4417-9fa3-b3ce11e4c5ef,702c5cb0-a610-4240-9bed-879c69cdb9e7
e4fe3a3b-a492-4ce9-9658-a4ef247c4569,f88f37a0-ec04-4dce-a9e8-29f99f3541cb,702c5cb0-a610-4240-9bed-879c69cdb9e7
e1899beb-c0fe-4b29-a3fe-0b676500065e,960e5427-cebc-4d24-a6ed-7fab8761351a,702c5cb0-a610-4240-9bed-879c69cdb9e7
3f915b21-7520-4789-a351-1085f8961750,f6f9f661-9c54-4f7a-9ef6-a4fe07096f42,702c5cb0-a610-4240-9bed-879c69cdb9e7
ec594e32-679d-4221-8586-e720a2a3925b,501686bc-cd1e-4be0-8a74-5cfb5cb04389,821f14d9-7bc0-4e9b-94af-b8fcb6e5280a
706ed519-0d78-4761-bef5-3e70f814f596,84d0afa4-f47d-4c29-aa25-79d88df83568,821f14d9-7bc0-4e9b-94af-b8fcb6e5280a
49b31bdf-84de-4798-b58a-45a078dcde73,53d1ab23-452d-4e17-8537-53af4b8f4d62,821f14d9-7bc0-4e9b-94af-b8fcb6e5280a
7817609a-02cd-4363-9c2c-3f1895fd6667,4544c36c-c65e-46c6-9708-70fd55f1441d,702c5cb0-a610-4240-9bed-879c69cdb9e7
fce34b2b-577f-4d06-b873-7c34dee7384f,77cf879f-086a-4a4f-86e8-0724ecb5fa26,821f14d9-7bc0-4e9b-94af-b8fcb6e5280a
bcd494f0-3667-484e-8033-30639fd9e7cf,2fd113f2-be7c-40fe-b5f4-67572e71237e,821f14d9-7bc0-4e9b-94af-b8fcb6e5280a
586d20ad-5792-4047-a381-78be79422c27,71eb1e11-73c7-4511-bc09-5f33b61839bc,702c5cb0-a610-4240-9bed-879c69cdb9e7
7e749768-c248-4fb2-a162-a60eefba872d,b40151be-9379-49cf-ac23-bad7127f0429,702c5cb0-a610-4240-9bed-879c69cdb9e7
061e421a-f9fc-4579-a3d7-0df09806a0b0,d0537716-6f9e-498c-9b2e-f1f87c8dbb61,4934dc25-aa95-4f0b-80f6-da9704d700d3
607fd5b8-6909-401c-b01d-3c78fa5d589b,aa486f1d-90a0-420b-b569-a8837d05496a,821f14d9-7bc0-4e9b-94af-b8fcb6e5280a
84f0aa79-cd67-4b82-9c82-b699b9cefe76,2b553876-d3f7-4b51-bb1e-6a63ca50a080,702c5cb0-a610-4240-9bed-879c69cdb9e7
2ca21edd-dd60-4220-8d95-33c8e44b9c0d,a9096221-7483-45e1-893e-27d6cfce292c,702c5cb0-a610-4240-9bed-879c69cdb9e7
cf0bda03-cb0b-46df-9fd1-242f2395f6f6,3dd488bc-40dd-4ce7-8d0c-3fcd3dd23f0a,702c5cb0-a610-4240-9bed-879c69cdb9e7
907940ab-ea84-49cd-a64d-e9b5c7d44018,69277a59-f48c-4072-be1c-9d05554e1336,702c5cb0-a610-4240-9bed-879c69cdb9e7
b62449ce-5543-4b06-98b2-ac89830d8726,f6a2e022-57ca-4126-8c98-3bc0ea51bf28,821f14d9-7bc0-4e9b-94af-b8fcb6e5280a
fb26dd18-ebca-469a-a265-fec2211ffe46,b28b95b1-37c2-450c-9c67-915291d87a5c,821f14d9-7bc0-4e9b-94af-b8fcb6e5280a
8caa7b0c-5af5-4777-879a-f2f34985b11b,2033f5da-4f57-490b-8511-a87a46799926,702c5cb0-a610-4240-9bed-879c69cdb9e7
5f29d953-cc39-426f-a297-198cde30f56f,e6ba6a0b-01ec-4150-901f-e70ced4f59df,702c5cb0-a610-4240-9bed-879c69cdb9e7
63cf5ecd-b538-4d2e-9050-941f8faef144,d3de8f32-040f-4326-818b-137fd6eb1a9f,702c5cb0-a610-4240-9bed-879c69cdb9e7
31c4c898-5f09-4377-b8fb-962495dd7ab2,7e74e736-e48b-4573-809c-626f9fb94414,702c5cb0-a610-4240-9bed-879c69cdb9e7
78edb5fa-ea93-465e-9f13-9c428fb15535,9d86d991-6fbf-46c6-afc1-d53f15d133ca,702c5cb0-a610-4240-9bed-879c69cdb9e7
7c46b30e-722b-4828-ba0e-0369225b3f6c,46acb10d-0b1d-4392-b90f-0cf58fc77764,702c5cb0-a610-4240-9bed-879c69cdb9e7
9d02785a-37e0-48d1-9e55-d3d42f60f577,54a60140-fa34-4ce4-bf78-8e3ff131f1ff,821f14d9-7bc0-4e9b-94af-b8fcb6e5280a
f68da1a3-0537-4716-887a-18c63562c06f,8c5c9f7e-d4a2-491a-a720-b2c516e34628,821f14d9-7bc0-4e9b-94af-b8fcb6e5280a
b62d0a1d-5b7c-42b0-839b-85265bafa782,26ca04c1-4662-4bcc-9138-d6a6f01cb52f,821f14d9-7bc0-4e9b-94af-b8fcb6e5280a
9366f83d-90ac-42c6-ad59-5f41f5788d92,25dc5d2d-deff-4ba3-bbf0-286878f06e62,702c5cb0-a610-4240-9bed-879c69cdb9e7
820c5e62-004a-418a-b0af-2d358d938ade,c8a743a5-fc6d-43b4-b689-c677e0f18034,702c5cb0-a610-4240-9bed-879c69cdb9e7
b406025a-bdd4-4211-b76f-cb69792d3c58,4c11b8ad-8415-40c5-af8c-6e0866d88167,702c5cb0-a610-4240-9bed-879c69cdb9e7
28781b32-1807-4835-be23-5a46b831ab8a,73184462-48f8-4ec7-8dce-143aaecdeb13,702c5cb0-a610-4240-9bed-879c69cdb9e7
98a0bb7d-4351-45d6-ad1d-1b57d0920f51,c099a445-6c98-4caa-894c-b7aa46721a2d,702c5cb0-a610-4240-9bed-879c69cdb9e7
e6df550e-f717-4673-8200-0ac60c68576d,384e5069-200c-4082-a851-194fa7ad2e66,702c5cb0-a610-4240-9bed-879c69cdb9e7
2cce85cf-654d-42cb-a592-a6b1d1f8ee56,997f998e-dafd-4216-9f4d-ca6b0e8b467e,702c5cb0-a610-4240-9bed-879c69cdb9e7
2af07ad7-b18d-4fb8-81d7-246a470fc44f,67e4d976-0be6-4ce4-981f-2a90d342483c,702c5cb0-a610-4240-9bed-879c69cdb9e7
9b03e769-92e8-4dcc-85a0-f29ee54901e8,45c02f87-2e97-42f3-8ce4-b6f77e309e74,702c5cb0-a610-4240-9bed-879c69cdb9e7
dc134c86-0377-4df9-82da-5ba1f9038d36,3933f1bb-8713-4bdb-a25b-b6dc9cc7fba2,821f14d9-7bc0-4e9b-94af-b8fcb6e5280a
abe9a3a6-ecc3-47b0-a386-c64c13cd43b4,f40b81a8-f4a5-42f0-90b3-f080eb187cf8,702c5cb0-a610-4240-9bed-879c69cdb9e7
18430444-b1e6-4c45-9327-448e0abc9b96,c4a57e6a-bd98-44bd-be43-dab2d3e08f3b,702c5cb0-a610-4240-9bed-879c69cdb9e7
96271ac3-b8e1-4eeb-ad35-bf1d88514ba6,d93fbbee-1b30-40c0-8696-435cf7286b8b,702c5cb0-a610-4240-9bed-879c69cdb9e7
7dcbde7e-a7b9-4926-9677-a9daa4b70fd2,86ca5727-ded9-4f41-a522-f083d218fc7c,702c5cb0-a610-4240-9bed-879c69cdb9e7
79235ea9-d34c-4861-9e4e-f6521cc67f55,600efbef-e534-484d-9359-043f5a031342,702c5cb0-a610-4240-9bed-879c69cdb9e7
faf20a9f-4041-4b80-bd9d-f93fdc4e4a9d,b3be7ec4-4dcc-4c0a-a507-6832e1bbb3da,702c5cb0-a610-4240-9bed-879c69cdb9e7
9d9941bc-54c2-457b-9f93-d7d07242f0ec,0f827a22-e2ea-46be-80b9-9d6a5da81171,702c5cb0-a610-4240-9bed-879c69cdb9e7
65868ea7-cf50-448f-93e4-6471e8b2b57b,42f72b80-04f0-40a6-a2fd-1baaf4f9dd4b,702c5cb0-a610-4240-9bed-879c69cdb9e7
